owner,xnet_balance
A5GbZKLwUM91CkKjKvan85No4VDQqMcV68yG9nLzqGXk,250079234.000000000000000000
FpwyBEgucz93BGNMoBqwFY9FEnLtu5av6qr1UxmEUR9R,133249500.000000000000000000
DDfCTd8HW29AmLHwqWfLREtG46iJsRrxceTHc77Xgw4H,133235749.390000000000000000
DagafaFnDoackVFnqWfqTYDD4PKjT5hnzRZNaQg6LdLp,59738650.000000000000000000
6k2SHJaMWy6TwLAQaAKnnGFUYp3gNgipxE33dbkCaf2Z,54490865.000000000000000000
FynganzrH1mcCCX9bxURguvvnKKX1FiMjgswtfYHz9xY,40695135.702657770000000000
8WeWN41odRZt5Qe5VB9rYGt4yeH6FjfeKSsLS5vopdXo,27964343.492800000000000000
HUQGKUWaARet6GvXm321K2dwJ1VME1MBUywuFczVvnhH,25401887.175341780000000000
6rizYmjZrSHvR7e4h7Jbbk9ZwB51tL4KyN93EDDCG7h1,24881438.888888870000000000
3oT2v3ZzZUATfkdJxjPNHDSgiZ2Z6HbnTxVtzxWzUsZU,19301384.000000000000000000
FUAExZHqG6C1HvXQABfy7vv2mR3CKcU4WPHEpQhUKFgb,18432857.000000000000000000
2BFyhDyvKEYD8z7WnyLXGqZcnbaR99hvFp4YKsX8WHa5,16799905.000000000000000000
13UGBJmRx5eC2aRS1PVvdvQbA8XtnKrKNZp6XBinuakZ,11671134.000000000000000000
5qAiY57rVKf6xUuFjKLFiMQCrh5Rmfy4VWktMkGqdYAG,10039086.245487240000000000
EQDoa1uU6assUNQQE8GZQcYGeNtZzUdXgxb4xw4VmDnx,9616949.000000000000000000
ybm7e2kZ9kNorwSp2WoaSx92bcU4xGtt3X7M4cSg3Li,9439279.453099750000000000
J3cdRYTeQAnZUhYRcVpk9abqEuRWTrtxb5fUbgh2aADn,9106193.528465350000000000
4kz11Lo2pEtSyTp3JQZd9oqpVbKFWM5yXfywzWdBC4o7,8370582.000000000000000000
Ctoaz9oWYJUAJhnL6owDxxU2hBfcuPtdv2vqbSwN1UN2,7574862.174253790000000000
2Rpt43Wez9uVjUMA4ByUrAUmqavD38jNY9iNFWAdt5qf,7260667.478117070000000000
E72wWDCKCiS32SgEFocVs3EHEJTJkJRm58RRvpnLQcLz,7173511.000000000000000000
AK1ea1nHD7UjR1fkgLWb2MRyuk4eYAsYkAAtPkgQ3gXQ,6643859.297342230000000000
E3fwXpxaCCAxzXVR5BFd6HeYgqKKppUWcjH7Pg53LGgb,6470632.055222170000000000
FAQ3EfMgYmQgKTjcLNo81qPL6AAL1RqihufAchNcsDUE,6362691.852810090000000000
6gFYzSTqmNRgPCn3a8z6Pv8s9nXVTFKyLAn8oCEk3Ho1,5837281.456840550000000000
7eMLQvC6qkvqP7izpUdB3nJHzkeTu66UWLkRyTrAuBkS,5719979.350800000000000000
8hCZGefRFLE57ZpyQisjfZ8x2ewX32TiQb5MogD38eod,5511430.081517180000000000
B7vNf8TYC5k1fmjtyjs89rwzwV3UNSkzhSnanJxZegmU,5249940.000000000000000000
2pACwttxpQEk1gs62rZLn78Bb9iAjPvKptBYqwKVk7Ge,5243314.404900000000000000
4d9ofPYMrin4bHnk2hh5ng1HDGYbhJdDiNEAnDnKtBt4,5214239.143010000000000000
AMDupZnnuoZHoS1kHbipyTqqceHuh82Rp1qEwJpHEZPh,5184094.128868820000000000
4HAjZX8JA662tY5ptVTrXHu3nfz5oPLi1mkjhbh8VjFP,5155358.000000000000000000
3W6AdCnjAKxA2GjrAJ48bt3n3wr9pG7F8jasrcciGAkf,5084426.089600000000000000
DVVWXkWLio5MRGeopBMhGayEDJkPecz8T2Q8LxzEsEos,5084426.089600000000000000
4EyVbx6MYCBk79LYQFSw1PZ74RFpvJ3TYP3ME7DgSuxB,5004982.432900000000000000
J9sdWgqzRG8mwT1WaHWHryMTh6sKXf3coAaEJQFLy1Mx,5003336.205375390000000000
9H9s7oLha5NkgDxM8vac1tpusjRh7fLWDm3wvVz2CPeL,4677157.382135540000000000
4z4ZDxw6YYQjbiNFf8t4tez1SujE2zjKcENZQzN3hLvy,4612047.561141570000000000
2D4HCZQebQLiD6Qqb2Bc1JvuFPSTh1ntPC3MnPki34Ac,4593846.398809040000000000
GivZAAPVGa2hMMB8qDvjH7Z62xd7CJjBRB7wHJSpiXT4,4549196.709984670000000000
2D641EzMcUEBqxPBwKYTGWhXqorZK9e9wz5BhHt66Rxj,4199976.000000000000000000
2zxTvEM15zaN6cBcAXLP9sndGt2cSPaL6jRwwnrQabJJ,4170052.932402180000000000
Ce4eRUYL8xtofWMwrbqxZj1tx7qs8iuprV22iynpyfSo,3972475.410000000000000000
D1iUnCHYPh6GuCHU5ib4NKvQfsHE2YK7xopCTM3L9SEg,3860277.000000000000000000
HJJVkCwRbAo2ix5UjhUXzffazUUVbuwjKWaunbi8u9tM,3318339.114562090000000000
J3AhmRk2S78QR8aZsdmoMrPReVbVoYYhY7VqNg59vLNv,3151869.100132850000000000
6ryPcKg2GveSSj7heUB2tknmJyhEj2p9LEMVPxLuXSWp,3123518.888675500000000000
TXXrRQULDrFGXMRiR65cDnfFiKE5zFUA9xD3QRWhkBo,3118854.150138980000000000
D2Q3PBugq2MF1ACodWk5hdRu6cJ99rWBh4RGtQXNE2gv,3058799.558817110000000000
9vtHatZdJYaMPUX3Em5GvFXAbkyLp6j7xNZvTx29FLcH,2883948.708858270000000000
4thbQayu3hLUZYrUHucup1MrqhEcxCj1aSKYFBEzLq9V,2849989.711500000000000000
HhQAW4wtZYfbk7WmETgDMB4GtGwRBXtfiShngdjUpq1t,2849989.711500000000000000
Zg2CKtyca14FmBk4LPkkZEVnsYE4LNeyhQQsFE3hcNN,2849989.711500000000000000
BqxTTVaQRuVtGCiHAbpXM8K4LvPRbFogEuMQNNqL4oKH,2843701.379413560000000000
HYxrHinmjuUJoRjEDUoXKNeHN1mexpeNUYbKCr4pZZ9N,2640479.136679040000000000
2f7rpCh1PdShcLZL46HkaQ11WBdZXpcArPaNxCYgmXx4,2624573.539414200000000000
DvCVE85fE7YfNfbuxDAYNEY7iu9X59wc5EcaD3xqcNs2,2615792.000000000000000000
GwzXxiNKZGZCqHQK1tzPP8ANyCS4YkYa5F6P9upPqrsb,2542213.044800000000000000
9L5BdveoGxgcCvAjo5kWv5iVDQLNGk5ea2YQM2BfdYvb,2510762.272627130000000000
EYGeuV5owjSZUQRsUJd2ryXdapSzZEqCkfCq4YNgnckq,2462258.141962580000000000
63cyWVummbRQdnT3h2t3yQEGNcGzRrXCkj37hDSmKtqD,2393753.561508850000000000
5yyPEyhGPfeRdLhTFeSox294hvXf1Gwqg5yHDuNRpBQw,2364615.923041880000000000
EfUwnSjk3P4qs3xdVxPZaVi3FVDMZ38PsMH51rw4WWa2,2295105.589403900000000000
2c4PdHHbcdXhAqdkJxBLJGqH52dPacm1sMc85KZMG2eo,2225025.000000000000000000
GpMZbSM2GgvTKHJirzeGfMFoaZ8UR2X7F4v8vHTvxFbL,2187078.084031370000000000
GaZoZ2WMoQd3wZRCfa3wAsy8pAt9apBcAAd5fmSy7c4s,2148758.438543810000000000
DF9rLSSMpJHrHeLz6twko9Ymv8fsKe2emq9dSEQp4HhZ,2000000.000000000000000000
BBPvyfKGH43rCXmGJtBt49KobXJtHVneso7UDi2eeiou,1889157.000000000000000000
A9uYqGiXA4MtARUPUjk9qLhyrtD6QHBfgx4hPzkjUyYp,1822597.282272360000000000
6Fg4MqnMoVoB32naznUzVsa81XTwBthhAQM8sK1LdHBt,1716000.000000000000000000
Eps6Y7asLKZy3gog75WipMZ9objpBDB4iRNUXtB7cSrv,1678861.844822330000000000
8wUBHCiVuhouHpoYmKJeUcjoWptb9Ttk8MNAcMAt7MLC,1633270.420019530000000000
CX897LHo2aTLJC6RcLGsvQh4nbZkGepidDJqjGM7WmFc,1568735.397038880000000000
3mVqotZhkNrfi23NnVDrgLFHgvG6qQUUQwYUJbix5Vyp,1424995.356700000000000000
ARDdEW97M2ZvpGbim4kWiZjsVLBLyroLyVNxeJTy2W7C,1402011.404494930000000000
BBrKfbmghii6aWRs76qtyrGGBuVLxvJ2RwXbX4Hy6tzV,1401151.000000000000000000
6uVVpzuxYMWm55eRWZcR9bw7fxuCYhCjce2613Ansxd2,1368881.066666670000000000
EC22U6L1zBdCnUfTRhScKRDV7HtqaZF8RyAtohedySZX,1366793.415791530000000000
3g53jsKo1AWfudRJot29HDQz4z2vbPVYTFnNfi9AxziR,1365701.032333250000000000
HYVem62h69nbyCJHdzwZsv7bKLL15D8egLeRcCkmfS2c,1361297.000000000000000000
7svSb8ovWfpqYMszDE18DspNArFt3JoQrH2w7YqaPAvw,1355710.551688280000000000
Fy2Ai5Z9FsKPLkENVuJn5bHFfP5cueSoRKMq1x8Wvsjd,1343973.000000000000000000
6ztfktAjtBg9xHpqBbNabFNSdtaA6EDzYbKhiXKeLMNP,1340782.461640580000000000
8Y8cx6UjDWNKmVhWcgwWfQdaNbYagQfKMBHiV8jcNSrg,1320563.355304430000000000
ByiAbN9MJhfQKGK5WJrfgko6XS88qqERQVRLWZTsvyTf,1312931.719256540000000000
Cjpae1yn5V4cnczdMAn45oGhGj4UDs8j71aW2YqU9xW4,1312485.000000000000000000
wqWRjx15RUNTQN2eJEB4N8DiuaxVn5S9TWw4D9zQYHb,1300000.000000000000000000
GNiDk2oCxQ56PQAykh4c44qp4a4nD3nN7LyUciBqXdfD,1219035.957168740000000000
AbarLoZnwVZbGG65XjCpgHk3o8ZDKkXeYT1qLQtBvzjA,1205124.793475640000000000
BkSuHHn8cNq7Awhjrrz2e98d3HUKZgNG8YR3AY63friZ,1196938.000000000000000000
DwdqYE7pTNYz6tPLBgxDvWW1T2nnQ1oiBBNxZH7HiNPi,1168936.769686240000000000
DxztPB9ibtSDPfj1FE463UpyjWBREkNRzoT4SVG2RWyR,1150265.700324350000000000
AAvjija1UTcVCHh1hF62YPWroHjEcY55UGnn4etbpvpo,1144757.817010470000000000
967aAXYEBWuNU45JASHpNRvS2mkRKV5EoyLrtvuGJsmS,1121391.443838330000000000
H7adQ3oGTmQjVTBDCt28zGDmoe2381Yi1sVzRy6ocuo,1118813.278287440000000000
EYNurCP6Mhp9nvdggCMHkYmhjwudUBcMfcz4qUXWgCS6,1096329.375570000000000000
HVUXo5YSxkKrwEPv3t9wsekURgpB8S4tNDbDGkGeL1YY,1095982.965172800000000000
7xf8J6BFgYywvmwpHZyZmPLDMmEMN31Yangx3yUSPy17,1041319.731692210000000000
G59d1BfmJoqqqg8TWMvUXpQr856Nb9C8RLkL8PZX8tFN,1026774.697838060000000000
FHQJpd9yJH5kNgCM2bZxcSf8QqzmALSSQxWYDYVK53Ak,1007248.729144140000000000
3DVhKfZqR3niY4jEFBs1CwM5yufd1v1LfixkQnL7wqqb,1001735.019870950000000000
HUQ1ed4TcHW4pGd39Kd6pdNTAGVTTTHee8muoKiwFdQF,965069.000000000000000000
B3ePZXj66duAn2Zhgy2MXeUNacbMfHuZ1DukM49wK4oz,953329.891800210000000000
6rxSLPkpEQXDvyXeoRDVxyYrQvQpptPbZDox9qhJ1YgF,953329.891800010000000000
ErBUr3hyNx2NAKtE1ruW1HHWqiDG1CkmsRcnxaLaNYx4,940781.000000000000000000
4KoVGR1KM5HRthWb3g4DbtChnqASScNJTDFRqMFmdaF2,933390.840156470000000000
Fxy5GtMP8w1uLgpAjBfUHunRePMP1Kz1ej46GmoEjdQf,933062.221886660000000000
FnFGpTVgfnbpo2Y14eV6XLHuMqPQt5YeqaqWCCercfn2,917376.070362180000000000
6NZYN76zEeAANpzoEBBGw2bgPMT58fARK29bJF5j3P3d,916062.000000000000000000
F5rU8rUa81199bzZGmuWqBci54j3oNXVe1NzgrNPQbAF,894613.611573570000000000
E243HN6Pw1hpoFXinEXTNBA3mZ5cR29iMtTF9CR8F4uA,855000.000000000000000000
EwBxXdSReYuGedksJR1JrKUeBn27fqDDm9qsm6MazJsG,835509.388222240000000000
GaVC93HRnMbua47mWGgKWMgxrT93otj54wPY95SEZj4c,823621.750090990000000000
Hsf7j7Z8bfcKeWGcNYZTXEdwHenUEKB7PC5TK6Us3w98,822690.000000000000000000
8HP57sNcQaKN7ptYq5iZucGJzhXBFSrzYaN7Ne7ZfXns,815321.480000000000000000
Gmen2ZX5PknCHoP351qiem3i6597j584RXjdyZw1JULo,809515.154799850000000000
CV3nbqgvQm8NbQsudmKmr84zszJegLkrJkzrJY4X8znF,808042.700000000000000000
D4HvBiNQb2Mj7gmfKWZ4wxQtGMXF931UxY24ovMS9E7J,791414.110000000000000000
ENgpXTTcsxDV5aGLRVAPVBQ8JApdJQDLNmvzw9f8zaZT,773714.557925910000000000
Ff9Tuss3bekSeBrTNVSL99sfeh5yHoUBhd1SsJJoydVb,745718.000000000000000000
5SGkBJ2jMzc4X1BcfdZkuKAyiQaECzHDrfxTBXGEKpic,734201.706099020000000000
6L9X2nFTJquKL8n9UA3WPbb27KCru4JKWKdCj1WuwSL3,728433.116200390000000000
9qfLV9ntNurmWm7SuqdawDxpsttDs5oJjxirQVb6RmyA,725002.141137870000000000
6B4muVvbxBah9TkrFWBcVAPsiR3GDWtCo5NScbcw2Bro,700000.643445570000000000
25gqUhwKnkscwXeznvtSPnpfdRZaVm3LGxoE4eotgEr3,697549.000000000000000000
4tCqNuPbiUD7APV8FYdAS4w5LgDqzKytAViiCKpCWGAQ,669637.000000000000000000
3bw4c64JkTPfZ9jcMXnAzbXXweb9by7TAQaWTKj6Yi4h,648448.000000000000000000
9aCWxmPUXjyPTYmAVunFGTL9a6iVzVoQ1axCibEkonnk,644223.382957910000000000
Hwk2gsNVxEAGj7kz5Ex7Tu9wAWsctFoTe7KEbzrxBQj1,631011.836700000000000000
85tnKSA5m74bSesJPQ8hBS6QukbcvFPmaaJgU5khMmXJ,619435.044002480000000000
7N81F53DEaxSyevWkjQjmDrE8F1mV3fKjQ998VtwPPYy,596656.105953050000000000
56d3VYVyXtVH9J2RhhxPXsqjfy3zNeTKB9YqfsSnthvF,596376.000000000000000000
4jvENd9usqcHacavQt5EaLSPpyuimChgUXsLLCwjqwnp,576481.404266190000000000
GbUtRUxE9P4smYjES4qyBfc5bTqTTtBECrJMgs9Ec2S,524951.000000000000000000
6fWNVowwRJZUbfuqaUzqsJ4pRd4jq7M2E1oAWxomdoto,513527.908111740000000000
9sjKN6maXVBPXAyqYe7fyAzr3ogAJqFihyvagjLS3dGq,502000.000000000000000000
5fnaQAvhmZpZ1ifQVcFHAgr4VvMNFxDDz6F391MizaPg,500461.688362800000000000
AekykLbSDymWQjP3ym1WAWQAmSseYQUsFLv1swWCPk8y,500000.000000000000000000
CGbYp2n48argGKq1hdj6z3iDqSV3czeTBCvMWbPYwQzi,498217.117323250000000000
Cdaw7MQHLQjkR1rUc5wAeZzcHZMkrHQwiR4WokCcPPSm,491190.555959700000000000
3duyMwKk6vpGQ9WjTfrwLacgA4KfaV6yM3YxXQQJ7ogV,476665.279866740000000000
756WJjr74bkTwRU5KUsTVQdvaiezrfSjN8V2jfqmzMs9,470775.660425550000000000
C2gk7SXQMccSP4FtHmQwJ7N6RiiELUPLAxbfJWsEMwKz,469393.891369320000000000
4R4vPhzjiunqz2zQsTsomuZ7xkCAgWqMxQhQV1huxN96,468746.000000000000000000
55AjHUQp5A1aE15KcG7uRJuszgepKM66288W6zZQgBKZ,459438.000000000000000000
7QMSBefmbmWprLFEgLvcQN5JaTvWHX6dpUrHGkYNPTpn,455503.412792530000000000
HNQkfc7eQUKGfbvvQcMFD83vRpmJbftk2NUtUja5hRWv,434941.612024260000000000
Hbt34dHqmHXmiWX6qh9dwEomx7sLCpQpyNfk5JG2Anrm,432500.237072040000000000
A3iUbmCt6gkRiHocNBuRk4ZYPT6MFajURXbTakCQmemG,400698.205349320000000000
A1HTg8BzibedUr1TsgidVCjDajDL1Q47P6ocncVrSqRg,397024.513000000000000000
CQjTk78PTebFsoZYPNjkxTm8YfKbX2HnGM8EQWtt7Zwm,393851.015170290000000000
FHfVAcVn8HtE4E4BqfyCyLX9jCYNm3EDgcr1fmkK9vzH,382217.889785850000000000
BrG1jfeshDMKFyBHXhjZUPATW1MAasFWP6CwK9rcqmAv,381334.000000000000000000
CnPBt8tUUgsxgmf2iGV4TycfSQ5u7HTJuQ4Y7LDAd6gP,381334.000000000000000000
HcdZ13ZDZosTTbABnKAjkDuaRyTwkdfDSw1keuRPANCW,381334.000000000000000000
7sXqxEHb9KURwCkq1kPExieDGr2bvjZRBjUC6LPcDbJn,380000.000000000000000000
6TSZGQQRVKTAD4wHoZCaUNiFCtxABqgrcX766mcYttnS,379607.653000000000000000
H6tCLiYthFU6dvz9D1hpRbFzhFTr4Kd6PnC65C43gGgv,375268.121522680000000000
5gifUZPoF9itvuMzacWiNjaK8PBhkXNM64s4trWKdWEp,374693.267348400000000000
6N5nif47qvo2bdLaMzwvTfXN7TkFNA6trhbEHUUawJ2f,361942.653914950000000000
HMpLVmv1vGNHZvZXG5ophWEAYFVd4K5Y7QxL8pwJt4S6,361755.170799340000000000
GUeDBB4U9MFoZytqn1wrVtoDhRQRZuYsc1NTT8HxBoqk,360661.620011230000000000
2r3YPKHT577HfTbqGyGLPQxGEsUUriYJALfHXjVGUR4X,356980.000000000000000000
DgU48oPi5Q3imMTaVCQBXBYhWyV2o1oFJ5iGL9GgaesS,348561.247828400000000000
JDZy8ftTztksc2tf5TVbJz6vRY5UJZH9MhKqWjxpfrRv,344000.000000000000000000
eGUXUpwvRb5cuAhf3VkAeHi8wzUawmNCsYYNVG1wWcD,343200.000000000000000000
CbsddEpCA2SxJc7XmJZstAPoFrbAJV1z2X39a8VYEiY5,342792.662240920000000000
Dbzu2wr5q5mx5v2ibYhyqe6m52bosDsbwybHDNDThwNW,331122.871608340000000000
DeEGuWYtYijcMvRiaVHB8azJnqWusd6eQRAsWAWDMbYv,330782.340225520000000000
Bm2ceufZooMBZhAusnPveWvn5zwuicDapjDNtinzu266,328197.99182427
7YLk3pkKdz9DdpgET17Zqei224KmzeSMhGMmP1NxxJjL,325292.986528560000000000
31F2uwaQ5F41gbVyfU7ENtdpXMVpPH6YSs4mBQWXNKcS,324643.786108860000000000
BMKy4mPjdwbjx6tpFGLAiRyrRK3HHW3XmSW5G9fgWMCq,322686.503937570000000000
EJRsjP1ibJwi5oDkyNphzk3J4Mq3mrAMnsgijSDaWQSR,317634.910826730000000000
Gsq49YTmSNdFadBVAqmRBGBKYQyZXP3KEf6A2tTgLea7,311388.782932260000000000
D9WA3osfpMvjUGDPz45GLdWV4MXEFRs2vATmekFC2x1Y,303503.421434990000000000
ERuUdi7rYNLoXiQNuNLcFmyXggcc8Z4n33nKUczNq8by,302510.513436040000000000
94AYqLMW31WvHhxuuDnuqZ9FCPYLTxviFfhwdgguyw1B,302500.104415030000000000
E9zpAwVR3p2ajBqQ9Ff44PvfJRo3Vcen7zFYCafVS9pg,300111.000000000000000000
7VLFDrdhEXrVqBLLseGgPB628V7dv2xaxbtWMZH6ZNon,300041.412613340000000000
56MjX6LWVxHQWeadtrVZaxBu1PJVu5Z3rqif8siDB2yM,298222.235016260000000000
3RrzyKPnJAFVKu19qw9Bq2WtJXUcekuZRpYh1EE1zz1L,284817.308143810000000000
JDPY3hc7saYm4jicRYnp6jPCkUrGmProB7HmqNzcLqTQ,282203.371951640000000000
28jWtvubh9xBy75ocapXXwDSUsPtuQujqFjhT75de7ER,278592.384407750000000000
7XAKM8jMn1W17yLkRhZtznRGGK6qgcwrAUAmnERcq4ti,277022.479452740000000000
BQeAvVd57DEJf6Ym933BKgsVcRyyV8Z3RYu9bNpyziEz,276146.803763160000000000
51JaGzYFHXeUncYPDV5F2oXkqsFBSNYPCPfhwb3UYj9J,270839.305410440000000000
AyCePJjP82F1DcNhRL59wQ9T8gciAxNLwNJ2yoqjN726,262572.107309270000000000
BgXSZmAZoSbW5W98VNAZp5UJZRh9f11ntNaVKGLYaRoJ,261558.000000000000000000
EQx5JtKh1gjqKoipAjyJGNtwh9L8J6P6hoZdKiZPLfKk,256664.833333320000000000
An7xCr4MavwMH5sfr1Ztm1GZPpnMxAjXuoTtBNwTe6cb,256060.922879040000000000
4F8jRxyZzLJWbDwFCBYfpwXDPGiQtmUdkt2W1pyzjrZZ,253519.887101940000000000
6CvfH6d7iGZSUk4RTNpKZAkRRZzxaAoznC2Xxp54zL5p,251994.375000000000000000
8j2VfQZw2AF86kwe7ADAj3Mx8VnUZ3PwqVKqczC1n4cb,250462.000000000000000000
CUAu21jTVZ9BjHbBB58WWbracCrrZ5Xr5r7DE6nM8121,250000.000000000000000000
Cohm7eXwnZMAHBY5rRf3rxffwnREquwzyhk6oaQrLpzr,250000.000000000000000000
Hd4UkY2qmTKmi5U1YU9Th4P4kxoJUKGPBDq8SYCb56hs,248715.501332370000000000
AUcasnZNoucGMQwFzp5ext7fepTMevn3Lps3e4ajGPRm,247386.206494190000000000
5ziBjmu8sFJB8dnT5m5xnVgRZJhUVm8S5UodctaXmywR,244695.953185050000000000
BmdXZzxFPsq1HyXg9tLRaTBmSBnm71FXFZgfg8uMKmMb,242688.457934210000000000
4azyopLHnXpL1QQPe47GBhZMYJUV9a4i3A4zuozUuQhs,239274.143045120000000000
J95TYrkuMQKy2LpU8aiHDKAx3xcHWHsxk4BCyvXAUv5X,237047.242690940000000000
9ffQfEA7odS6aWyx2Mz7Mjj7mhiknitMeRHkDekaeVrD,235195.000000000000000000
GdUEmyPGoT2JH2P5jBJ3Z5z4gUeJZxdKDBZha67bfp1y,234967.118900970000000000
FxzQEPqfQxT37pKMwgYuZoSQz3qsxpQaJMVcHvgp1jBV,229413.500000000000000000
H1t91mVFQyXzYWkw9ZpDfWzsJKBKbD7Lwo2yFiJBskEt,228916.000000000000000000
CG9KMP428fu1pdiyQmWj1rfgaS5jaKMHFhS9v4X7L4vX,225028.581062560000000000
DJu63fABd9K4hunKKQY3D4CqQorVVLvP6oh2J698qJi5,223409.936032730000000000
G3gKRrL9aRa3wZVT7XxY2wYZVMTd4xm5sSkSc6968oQE,222186.067847840000000000
DyBh5UETTtZx2874GM4AunngdNqZLg4d2kX9Awmx77e9,221322.184152030000000000
HxZi4qJDEXCk2G2c2uwqh5KRHnNpQj426gL3ELNR8G51,219512.697489010000000000
2GWLBQQptuCjhYwdHUVXVLYdH6xy8DR6WcBHFUUihh2U,215983.976183330000000000
31qrjBPnrgf4q2ieUv4Tr1FDNE21cBb3cJubWzYt5oSR,215194.157471860000000000
EHBSZhWaqi5NU3XFndpFFszSCTrsPwfay6bVQrb4ETyV,213000.000000000000000000
4W5LAWBByQ3BBFfySEzX2ypph2PjdATeuTjKdgZUGgw2,212312.088827060000000000
B7nq9uWWc6PPpsgoMwvXMzVojQS947wPd23LZjER1MiF,208218.955305940000000000
5zZGhfWaNxM7gUfa6H8iBCGTu3Mp3kaj5rPcZ5mUaXb9,203106.817692680000000000
9De4uhoVeCBRDzPXhRmYi8wrPsEkpYFeNqzUooYPntKS,201796.388976130000000000
95BvxV966vQuVzESu5G7Vec4MeDsiziXEW3kJAyze8jz,197509.327691970000000000
CVA73UrdPDP7KusocDJhfUvFbMy6rrdXyQ9hWxbcbWdQ,197430.863280320000000000
pv8Vx4XQCcEeYxDMUhS1jvp3G2u7NAz5MTGk7bRc4k1,196778.315179800000000000
GLiYSPL4gtGxRKvMNVBAhQtoGjJyE49Ge1kD2E9g6daq,194357.228891690000000000
G2bAR6W5q7RaGoJDs8wT6eLhpFEw3xTaotfTHXf6BNox,190666.000000000000000000
A6VWSUnsTtvcpYhqiZ8LZijwwDvgRJqPcdK45dbKHSAQ,190000.000000000000000000
BSNLMzzkqidhWTPp8iThskhrTh78w2dKfMbxYt423DpD,190000.000000000000000000
HYVs6us2ktkUWTTkR23hjhnb3DRD87Rf22rmPPSwJroR,190000.000000000000000000
FNVsf1ssSrM49egkwL7diFSiqAGf1CnWEtLLe4HjvxBc,187353.059546830000000000
DJQc1ZszZZ7YW3BkMg3NPKmpKVQ2ZBUWpw1yWUjdTSqw,184691.031000000000000000
GGRx8fFJzFYKAR6qRVdUqo8sZ8fVYradM8YU4Aky3AyE,184670.503063260000000000
9eSEFbKRKEVk23tDT8KCVySURuHwhXndcyMZdXsxUnLH,183613.876576990000000000
2EMzK6ubgeWuvsajSi972GRBNngGLciiLxPZNKzwGxwk,181155.773038530000000000
9f57hJ21dQuxbFy9Ka4nsfPy8KxK6ggiP7QaDe2FkCGn,178745.512739130000000000
29PpTj7ESNKyhSmSKzjjaiuktV8iHMpr5hxJzryAbQZY,177034.687254790000000000
6TWdCGRXKPMxbybxkW7rcsdJendkANZ1yh7G28Piv7RT,172061.000000000000000000
8pGrBzdPAED4jhLDq1GGQCBww4UVZmimx3Tu8hxb6MZE,170701.180267810000000000
BadrJSnaSQTbJQBbPMVTxFw2qDmZxBKXTkcUudGinKBq,170629.185732700000000000
FQs4d2Zz1nRSpae7M7DdDk1HDQGxjozEG545otbhD6kC,166145.116751870000000000
2e3MAr4mcHCYkwxm8eFDfgzwiGVe3oSC9FwgjmgjPp15,165596.875538610000000000
B3vWvoaHXeXUh7DPGMxQb4fd7oK8ovm8PVdunWFeutwN,163118.595956190000000000
3mihxjcGXi7PmGaX7B3ttU7Xq6GwgdVh7ZqjGnNxHdLX,159069.000000000000000000
DQDSWvsSygtc71wPHW6UfjjhmvDFXf7pQcVcdBQ4u9Ma,156621.370503810000000000
HC9pj4rgYDZgNVQmiTsmQRGysWeJUc7JiWCewqHwPdww,156324.877956880000000000
5hxVtM1mR2MV1DvY6sCF7MqCmbXGnVwVn5RybQZGtAKQ,152700.088620030000000000
5UBZkghW4rLsnQFhgMy3K5mRSpaT1W1oKTF4XNruJcwq,150175.393649000000000000
HLkUAKQUignFEea2FQnJjeLSHySk4SQjnEA3rLRS5y8r,145966.323695560000000000
41bmNngYcaabKPwRBeZQJbxrfQkYJcjvgdyupYDeTbSj,145905.090560280000000000
F9H59SyTjCMVTNAiHikVb3KBa6tiMFx3JAuVRTwHE8mo,144782.502804680000000000
2aVcJ8awXnVPgnrZ3MYbWDkE4UDm1KkwJDUVn4tQdvDP,143726.909000000000000000
CctvSetgkmUSTAqs17Ut3ed7cEweHz9dBRCUhzVuvtMM,142664.567562100000000000
23KBwoDbmvHVLyWzFd33XgDHsqBCCKTGBHMd5q6gEfuf,140894.684367250000000000
q8bZ2wigiNpz9EA8Vbm3wMjSgqXHYLsQNCPSPa5L2Lk,140290.742015620000000000
Cd24j9eQ727rygLjEUt1U44AWhLTaSzAV3eePbYKNWSG,140000.000000000000000000
G9swNqiZnLf3k5aaFKKZp5Q37uXanFxr1rVEwtS7vvbo,140000.000000000000000000
HTvzrGMCkqSus6xVktcy1B338ZjDqNB75nvysnUVCHMS,140000.000000000000000000
a3VbJrxiEEzs4QG3Www5Nhtr6xjzAfaLPmk9Ugj6X2n,140000.000000000000000000
y6vdGC7Cnns7iwUYEVq9Td7jGxY5Mcnd3v8fLPsUWfo,140000.000000000000000000
GNGGwJtTuhVfHoVYY7btXS71vopnD8LFfCLqrSdkeRXz,139823.000000000000000000
6KWbYSyeeSiwJ8fDnps1GxGoUQfc4bEsYkmgKRNQFTMj,139373.728000000000000000
FkyjAavczfTnsLbKjncL2qVvgmLjhZr559MYbWgauEJn,137916.852594660000000000
7Wzzhu86NVxM3jFSU53zZzEUpKW4uZw5fmpK3oom3DJU,136979.046791010000000000
GifbmByudSvvXuJsoLUryNTL9SYKnrvxGfaNdvs8A3Xt,135286.492166150000000000
ByZVEedmGRGyW2vedVSchedxyYDeKGMTbFXAuR2NSkJf,132456.617935680000000000
FAcMk1CnBZA6fpDMv9oNJxmLkrMyQHTKvgsY5J3A8Auv,132063.615979340000000000
5tnRWqNEeDED1Np8c7xPHorg1SjG2njEwPYLxFrYqn1e,131238.000000000000000000
DkTRba4oNzXe7BNna3RzndpkFHTrv5DEf6MT6BeBzEwY,128333.000000000000000000
6VCmamBo2JnJQUzSxzp13hoxDRJ1yQutPxmbZ7XLpWhd,125634.954184900000000000
7ZocZraNWHcPf3GggGua1fsgj25QDdo9b8f5KM1kwpAV,125566.489000000000000000
8i6bq2fYxDybk3foeaBXGen8s1pJFx5Vs4PDx38J6ho8,124444.100000010000000000
G1TotMDDBprgKAM3ADzoSDHpMvAwLcSEyZuXWxgqbwjw,123863.003631920000000000
7KgjkDoU9tPajVuPxDemYDUQV5n5sVr33gJm6y6uFtVM,123785.200000000000000000
8JGUvLKhreYftSZSjUgcHJrsCZfwQfWs2uYtfo7L4eq7,123668.937000000000000000
9MfRxduakwwwMTNrw78XaWKFvyJnNSYY4cLjZ7PrEbd4,122500.000000000000000000
3JVF5eopCei8PKrhF15RY5YYsknfE4BMXk6B9nRUf2Wg,121642.254000000000000000
4uPochP61eVv4RU5P7tcdsuehT3u1paU7JiMtDHUMh6j,120000.000000000000000000
Azpr2BFNNbhtTMKAps1oaKFPH8CaWFNucLs9zbKY3hWu,119813.667924700000000000
F8KercNi36n5TkVCdLQproyxG8MYqUyLaEYQCKLxTss9,117971.357192870000000000
2ZkDR1NEZKqSqU2jmHDcpGwhFF1ELHWknjioiqpWvgXE,117178.383637040000000000
GwCpAUSDKcUaGiJQSVG5f9iUQGTCi8VK7HpWJHTFtiZ4,115767.980000000000000000
DmGx7JMSvmodbpfuFNJZ8Q19DFAsqbnwfrwhKhNWQxqP,115657.686678190000000000
FtsNoYhig41xmWHCAMaKJEc9JkvWWKAkSaWdCVQupgUb,115021.934861240000000000
8f5rr6NUkqHuc9J2AJEbGcXf8C5mTsBavVjXphWyvspo,115017.246000000000000000
6QpBN4Et4miunm1wM5zds1ZjQBd1HZtp6rkeJWhsiyyN,114859.000000000000000000
5F8uDhisZdR7HQU6vBMRr1cMKgrwWpBEVdMDYiJE9TWx,114096.907841250000000000
E8iMyHfo6S5qi5byWFk5ogqwmAr1pyBWqTnRMRUGiQnb,113820.366000000000000000
C4EA57MtbrkefFyyBWbFbGXUanRuV5ffo3e5Mx1QsBG5,111668.802881520000000000
EEK9nkC6RERZV7drrPDRBdvMzszVCX6j9onCh7HQrdMu,110214.608560020000000000
7aT1YrLNgC88WTh4vrmsXqknigkxDoFYQsEr1YHS6ygU,108990.159581600000000000
GTRc6BK82U3Y4bE67X9CiSWf2R9D9n7ZMeua1XX6zLq6,108890.163024620000000000
HVcTRDjM6B3tMJr7Kr8eRUXJxXAH2Ni3FRXQZDVqB4dk,108807.484563310000000000
E4v5YdKDMAGHvk1vZaLdme58qqSvj4EnhehhNyc83rep,108282.036886890000000000
GMCYPZFsMcAy5Qpq6zPsTeCEw2o5SHeYAZBo5fpWii7E,107604.405017320000000000
8PKiynUdpkJdsZ1Aqm6bzLGFCcrde6L3p4XH2oEitiJ,107566.000000000000000000
7qq6o7F6xuetdHvaZKooBHpXfKhXKmUmt216pdB4VXWG,107424.680766540000000000
9HCSQXzsLsMhW6RPQvDP1imdTh5A5b1VuiaDBhdyRRNZ,105234.579445940000000000
HrE6y7fHx7sVbwY4CyHNbV6UJyf4yLxPgfV9n9QFkEyh,102830.452000000000000000
ADi5Gk2oEnuZvtcCdorRqBvtW7UNvsMBRi1dMSzqhPa,101940.687836810000000000
keqamuapz99ox9CDkRRgve9XQmJ7jTZyJLSX25xBEkp,100530.902785090000000000
A1PAxHGNQYvtLL3amoGZtzPkQYd6Ge6DSTSbz49FQEDk,100210.575900400000000000
FhjLwmbRNxTpDbQorbpViiZj2tPzGsfrmhq6MDHLkfQa,99098.881360000000000000
HHQ1BNiSe4c2q1RePT92vrLgvj9rKEvvGGPSvCUYt5PE,98623.350116500000000000
AhdxTw5DgWMnFE1wYGEhEW31PNp2Aotn8Qax8tDAVj4K,97574.000000000000000000
B3zLjfvuFBeNkCcKk3zp67BjJryqQvoCsLfgp27V31eU,97085.585791970000000000
AgQrWneDh7UFjNz6QQ1KBRPAnffYxnBgg1392XdBaiaG,96712.110181940000000000
Dhw6VJYsxgrvMgviD2jAZJ25k6sQbQevyCsqtuzTUEno,96570.438168260000000000
5SoqCnSEHoYrcnDJsQRSUsVFBxWbgUBL7UmVMA3uBxGK,95333.000000000000000000
6DYCEsduX9wJ5pp8s9B3PDBZvKGiudVFqJZtKukH5LFh,95333.000000000000000000
GGSSYSgJkexaYkYxNv4tWuoh4qvzEUTR2R1VikQyyd54,95333.000000000000000000
4UQFJRDdgx1EyudHW1YFGy1A83HjJsRkcVT6nTakRatK,95211.294984440000000000
F4ZXV28SHcKWvQ5cTh2QX98UeAgeUitSa1aWoVpx5BCJ,95000.000000000000000000
8Q9o4W6Bun7FS21prQupTpdqhxkhwNK1owiMXMXNjz5Q,94693.725964120000000000
5bToS5Yxkc6KxBtjY1xTrrsZhBdtHBRtc5TcqJMwyFSs,93336.765000000000000000
344AYH8c7qPTXSKQ1dCWV2viff6uwHos3B2XfEi34md2,93159.248736110000000000
G2vJa48fKiADJ1FoCtMA1ot8k6rNoeSLC77xuAttKxCZ,92567.770000000000000000
DgioudsQu5saNZ93yHsVSqHdjKDtm3DKAJeVPkuoPHEz,92353.104000000000000000
8B4nuJEh6Gk7Ap6ooCYBHuPzrqkTmZSpkrjw6voyNzJA,91555.717565570000000000
7phUmjKn1JTrxU3bMn7Bzn6QzYRdX7YJ9GQzWefc7SW1,90475.810068430000000000
3pXWH2jFzQv3c71mGqJsFEmddAKVEVNHKV7CTf73xQy7,89375.484000000000000000
4TBkSar2aadNEE9GWBcdqXyPx6msL1dz3X9rHfnJh9Rf,87308.815000000000000000
BtfqcfTTKubRnZzpdZb5WXPM5C7ta68SP69iUgQhgrSh,86752.191287950000000000
7BDAwH1hTUHQJaAR4TURiqgNHakVnL75eS37kh3LvdH2,86701.862469970000000000
Db91cTQn35bua5pqcRVjUpkCJHQnWcnMfMHQZ7akWGhV,86701.672239830000000000
6W9qqfrqvwbZ8iH86jeYv42rX1LuDF9h4evEy7tbrDqG,86593.722820850000000000
DJTHE2Ypc3v7z7wuvxYyiNB9qyiSMJk4hoDHjKDsQGBU,86396.501245550000000000
3Vcr5s9sAcTESJqdAan41TiLewb3wSEgTHmfXL1ZCBh4,86126.206000000000000000
DwqWueeeSArKeV9Fkm8pFHjLjPkJvGPu9hvEKin6LedA,85663.000000000000000000
3AbTMJVdk9dkdoxVFKxZ5uCDYfJ4Pqk7mFwakbp1UWXT,85000.000000000000000000
9BHVqaAxkAaMUamchcfvWbGNWJkeQ4VgbPoN6nHdnVKD,85000.000000000000000000
4MNU3vq7fUdcfzzcr3tzSPrhKAyJixzPwuSt8KRfxn8k,84899.883000000000000000
3rRKBLYjXcJkRZjeUUJ9Ccbo2S51dxqPiY11dD71vuHP,84058.049289820000000000
6acWntTkPSU78GApxkRWpcmZDWZRgjhAw7uYrmuXXiGL,83499.196208440000000000
AiesFKjW47NqUT1UHNZcnjL5GyC6SCmkeyUjXJLpVKYU,83220.971402490000000000
Fq79gnMzgnMTPNEmwYBzLKu55TsRFfTUN2BcRkw3ZmVU,83045.610952230000000000
9htPG6GsNfKeHJdrLsvhUvkabShz5hmJZQ738DXZjWHx,82715.860000000000000000
6vNf41HqQq97WFbf1xnsGPZ83fawqGep1NaGUa9XGkUn,80646.186749570000000000
Hs73njQiemdvcia5YVzFStSofSr3xPfKMewKbZWD1HRw,80448.185905070000000000
5wgqPc7UKwzd3i9e2LiALz4yHzWUvXb7ZFEiYRznQgAv,80134.250000000000000000
7XSitbuY3VJncSW3wUzFB8BwFuzjaewu7DDAjpAuJbg9,80000.000000000000000000
Cejzz62LBKQduiW5m5Ewzk1rARYHb3r5v6BRozdWyNDK,78306.158000000000000000
6Jzbsx48VAzQ99bkUxEQxSAcY2XcNfg2xqvteDvkXuVx,78140.604181170000000000
AfwPkfA79MrLEb6GHzzvRVXF8DVzNoawATMnzDghYWRR,77485.377000000000000000
DSLsiqahrQ1pmJvfTr1dPPshkXe9yzVxwWdqgwoXRjxE,76468.011817770000000000
6w5WcHc8XHPjfpPdcQYZziG3ndwG18GggmicmpEshqY6,74124.000000000000000000
Emsx5uZxAa1NRTY3SMaev3qkXa9jidAaVUw7Ga1JDoeb,73688.648786260000000000
2ZSg9jjWsaL84UThwXqR9ud2DQf4YEczU638iJTJ4LWD,72974.978000000000000000
2PB4kmCp216kEecthL5jNSKGhWfEyKVzRP8L7eYoqRzE,72713.703000000000000000
DXvkYxKyjbKESUN212jGvakq1PEjbKajobtA9wa4qLhK,72622.000000000000000000
6JuafkR1C3ZmkQs4uv81YxiMeg8gVytQ7AnjYamzeph1,71684.256000000000000000
3ny25Ce1WtN9zdt3dCLAESpkCLoMUXagbU4s2SHYku8k,71316.854873820000000000
8K9mRmGRQE8E6gFykLEuv2xC8JrSbbTTP1MPAejJm4GA,71284.639518130000000000
9pnMKWyXbNhxhiWcwT6NtTsXPQicS6MkXC6udSufuhAH,71205.951089520000000000
AD7gvocfYRz52fwoVCm7LzTNqMAUB6vV5LNwDMkPGKG,70000.000000000000000000
ELGassE7y4UnS7AzT7qmcPGhuxKDBRKzs6sbRAG3MWHH,68983.595524180000000000
69AmrBxxJSerrfs4f5gigcbc3NcQ4V5RpTPV9TrdojFy,68378.984000000000000000
Dj521MUQ8kPziuFnVvqQuf2FGW92xJt3bU2NYYsSitU1,68016.767698460000000000
31v4kJDxss5Yb4nnvCPP9PMgrtwz2MTK4iqy9wjnRpXJ,66441.169851330000000000
4L6cgfoLwAkYNoMBTa9Anw74ADybnmeJG4SzYbg2ma4C,65061.741422270000000000
5cLJnpSPrCpx2hqNYjq6iRtEa8ZW5FZXBn6ecRH39m9x,64658.417811760000000000
CsXUNGwxHsm6qHUbxE6yofovsBJs7tnDH7sBfz4CmPqe,63658.893843080000000000
5fyWTxrXaBWiLfRH29Ave4tx1rdCX5GvyteoDNF88aDq,62896.175594930000000000
DwqcmAg6AMk9hVmsi1fHzbYtZjawqyvkAJkj6cRguorG,62606.663000000000000000
78MhoPuHZjXNpC4St9NgMykdDvbMVMUR1g2onUpU9dyg,61892.388577370000000000
56YrBV3wKKtma77u83eiFuCVmFfMF5sskfAw787v2Ufw,61446.462000000000000000
3gZcrzmgcqgT5PbJjtCtiPGEMfS8784MMuUqP3SmyJEo,61358.026709740000000000
HX8jgiWneRrM2pHV9yovxtveC36eD5zXU4sMqiFrzQpq,61068.602444070000000000
zgL7rczUbEUY9ZjCBhmqawDTgYaxnfR3hdS6Z87N27H,61000.000000000000000000
ECQk41hhDSBnjPGq3CDFiDbMF6KaMk2bUQgCgcoGgTvP,60743.896014760000000000
FompMAE5499LFh2A4pacpNPZeALntY4U11xge47ogDu4,60441.326679890000000000
34aTWRR7kWyobM9kaG8zysbJuDB38YexSQgf7dZuEB62,60336.136799740000000000
4K5wLuKykyia5Vto9UiPjXxNPc9uubPTaF1fhAGCrGrM,59884.149742420000000000
G8feXMTfNyzvgRWG6Hwpr2BKcpN1sbEPGQhk9sGXkmCL,59146.819156230000000000
8tan6gKizKqKFwGrJ6Q8Kd1Bn3jcxVCws4NhFDQUG7N2,58815.011190190000000000
5cDnLDyQ8W8i7RZGpNdvx73nD87cZaVX6dgXQPMn1p2s,58651.8458489
5hzMk5WzAW2nbbvwkrsdhzU5Gkxf1pNDNcGVkwJrXS8K,57911.509377720000000000
B7e8h3Uudv5V5wmkwVdkyDuBuzAKjWuGinQJJk61tXsN,57758.950000000000000000
FGnZz2JmAwri5LHyFKQbUxRzVYdJh5kUVfi1WEBqxwxf,56649.132404530000000000
DuZWKj4YYiDcbTiAR1zvkG2wBtHf5P4RaUsNBGVb7P74,56335.630600630000000000
4KCkrLM4MLX8SoZxudLfNPiw9cJ4RgaeCTDDeaL9pzpq,55700.157938410000000000
DxTuYKXvLww2MYmQE2aWJSNxwz39zKc5M2yfqWeof2Xt,55458.790729510000000000
Hmpt7XwC4DqezeARHhWHia5uRT5q82oAZUwt27XWUD2u,55413.519396700000000000
2SAEbf6xPXsLsCGmR6d8vWemu6finCf9CoP6dRhL9MbP,55122.978493930000000000
8CSctJSyAn2qzGNF5UdCoiF6NW1sVYTgXe8CnbHEBLdb,54953.334155250000000000
DNnLEpbSB56mg6FctFhw373XnDsxSidsmZ8SXRBk7Zbs,54032.657370690000000000
BaxKBFaSDvv2xRsWQdbuUrwJXP1S7dgHE9BBu4HjDTc6,53757.354521740000000000
6kd4Z1rkto4y1PGQqfwNhxbEe7rcyP8TRsZ2PCiDR5r2,53438.266518240000000000
Ey5gSo9x844FPsTVzAHTwYbyPxSEDCXFcQuxJAnDhkc4,53150.000000000000000000
4XmuZdT4B152ruA7p7txvDmcbz4uNfnyBb6JgB5c8U9n,53057.000000000000000000
G3pGUDQL9S823YyogBTUiWW4KD1ZzmoRcyfPmn1sfJrU,52673.440378210000000000
CgWvDPPioUCpuxtw9axVLigvgFZ95Hkoiq8EZ9Ff1wxG,52194.015000000000000000
AwB6eToi3LUJ6Zbhft917WacTJxVP8b7arme1GMwpYWg,51271.014612380000000000
93kbDemXjTi1qCa2iuZdHgVAK8NGXmexJrPQjh7XnNbo,51035.116454790000000000
FvwTBvQbvzNn7VJB125bsCMtLbtTYqnozDfigoui2zC6,50098.012695990000000000
4he6pfTcHF8Xr75BMyrXMpgsZzyNkRfhGZ4jJbArWyiT,50067.942233170000000000
8bB2To2Yh27MnT1H3HcEtqrQG6Yfh3CVe4qfrxhNCgoS,50028.210000000000000000
425VB7Phq4EApekN5qkrZWefeZwGwThThXhXT8SPbvtU,50010.292000000000000000
642xjNjcACDmKgDLBsy3npURcfN8VDYG8NxR4Jyq8p4J,50000.000000000000000000
3PskjNYRKKFZnuLZdMKxxoHJJiLXUtJyPCvGCQZ658Z8,49568.865381700000000000
7nXPaKhHVaAekF4bdFoHPoSYeoUdXAE16zQio8QuyUZE,49164.448373740000000000
GrPPBQYcVZKtBnxru7pCaXUqHnWUPvCZadnJHNPiBjnF,48774.871350070000000000
6aDYUWUMzDcoELusU47VhfERZhjgCeEbAToryJ9eWWAJ,48752.117789180000000000
C7v9nkKqvR236ux7aJtKzRUzmGyz3Uv2Z8Rtiqc2bMDH,47986.085419420000000000
GcfZsdhzSPQDfUeLeK46Eep3XKoXLrp1QuDHnNjUee6U,47787.380000000000000000
6mJ1pxKSyDhXbPcbpaj6p6br2WiC6iqn1zP3WthJz7Af,47667.000000000000000000
J1jBS7AJWZNGqXikF5wcjrvWf5STaRowm3PERPgMeS8p,47505.818000000000000000
3TFbHTYQSsbWRpS1JyQmht3WE2CxAdzxbEZnNSQzhHXQ,47500.000000000000000000
AFXvyesUwcdNm9i9LF2gRaMvBHakpxWxsFQQhzuVkUvQ,46533.742906350000000000
CutdFBX6Pnh4ydsydMWftbNPNMCCpNwfr95EH3GihBTr,46518.997000000000000000
GqNXzNascT6BZQ3JB8xR4kfTBoAVEzsnFYgFuCrVhwxr,45877.241390820000000000
4v4FD3Rfm8vHPfVxmZ1APgNt6X5q7F8wBxfZsozoPZVU,45108.173000000000000000
2xnXbHDu9NpPewVXP6UzmmtEt8aM6kqcZqSS4qC9FEzh,45000.000000000000000000
CeQPGg6gyXMtEjABHhwNPrR2mEoWTjpz888surAXEu7f,44624.745835210000000000
DPf9nXZyXZxym8KxMbNc8YmzvLSNTF9RXqnkfEGUPq1c,44416.682489170000000000
52eR9DQoFKLo4vcB1qj3TqRb1DU1w1fRPpTnaJQmyv7v,44284.036282010000000000
6isxsbFL7rXtmJNFwksv6VPcHiMMRUrb6CEQzaWAhTeq,44213.688000000000000000
5J2UGJFJCFoStkdKSRwkryzrC3LksQjtmE78Rn1rK79W,44180.256663390000000000
79pUsCpghPoDP9npbRVqMY5sQWBkEahYXsrtJ5gJr48k,43716.990000000000000000
5rgd58dFLWWeuZLTP7Q69zkuSQSKHSeoE3f8XqzKhxyR,43358.328952440000000000
5vSFcmFq4LyEN9VMnDPhprqTiJr1PHCsTNwkNHeJs4nU,43109.121576200000000000
AyvKJmkCosMMBBEcXydqATcetaZB6RZ3D7bwFLg85f2W,42442.345096050000000000
6fKGStbJ4bLp8SdmQiCXL8SRQQ1mpME1DYnSfHppwG26,42264.799550000000000000
AXUMADqfGd95XeWL4g6Te2dfsedWF8Jtr4LzoGKnxVdQ,42204.395000000000000000
BkvFuz1PxzGq9AVTt9nz1e8QLn1SUUmBHdsBxxGrTfGm,42141.559402180000000000
4QqBXVU2iqpqNX2iiwdxajMqFo5rzLuBCzHfWBRBDNQX,41522.229132770000000000
CeqbuRcwwcNV1uKxKtxiUGvSKpZV3TMuy79GeC7jyS7f,41279.756742320000000000
GidYVLaHsofjn3VRrEXbTRL8ZNsZKFMwtqQLP6KvuhGx,41202.940527340000000000
5ekpEZfoYUFJaBA6EKfYmytTdUUfygbHBChPCfDEsXn2,41077.000000000000000000
B3DcnrL4KjEZf6AxqvFxopaLV59bkZqTxwcGFUyomAp6,41055.401502170000000000
DHWJ9QEyRGwNkaqWin3ke4WiXEBngtgQB6jcg2L733WM,40136.950434990000000000
2AXbgkws35bmuekUWsTesa7QhuLvqUM1BiesqHwzKiwA,40022.558818020000000000
5oojrfW2mjy9JycErUgaRJUwLsrZHoSXe7P71jTw5WYQ,40000.000000000000000000
ARAX2eZYFULQGY3Wn3xPetjb48Sq8bRTmJ5LXUgjayX9,40000.000000000000000000
CQugdT3f5ScqcEpa8aPFvDG5aUqdzcHkFFPqsSEcsXQP,40000.000000000000000000
ELo4THBXccLKpDp1rtZggLBt8A28c9penGktFVkhUtHc,40000.000000000000000000
H7x4irgioDChcJgS8sgzqW83FMxVWrg4MucmLFySupHP,40000.000000000000000000
HQWVzbpzvf9LyGvkWpedVHjJkbdHW5HpUThMcWE3y5UE,40000.000000000000000000
EHkfguyETRNaPmRNJm9jcbrfJ2e5d9DbHmbPgTM92iPz,39722.885055710000000000
E6wLakkB3n2WYvZCi6FZnh2fDQFbjwgRscstGFA5k824,39693.719730600000000000
Epjjs37KG1m1y9XRsUK9oZSH1EiL5ezLCF6ih4asziJm,38906.712605720000000000
7JKkTGLKxsAv5Cm84yzLBhJUEx8tyd5P8JNubRNDkZH2,38861.078543620000000000
8jaQZAAQhDxfkC3ovAzDTQmzkRi5gUbkU14KebCncgpL,38670.855449080000000000
AEMGXAcecUFBVjrRKcTrm6xYnbDtLHphq6WYhueYpL87,38214.470251330000000000
G4oW4qfwdqhZ5xnofzBNvgFw1VmtA73RqcfppqEJygJm,38211.112422200000000000
EHJ8ouckVfSckMh3arP8U6XU7RtLicFJn2pPgoG8cPq9,38131.453927320000000000
9AJCcz25iXTQawz9qqdzrrUeGb72SK9Kfu4CUwWrSUUS,38076.569734810000000000
3ypMMovbCfHJinYtHtF9TXsxsoFKgtqcbaHEr5tPdb2p,37840.805519020000000000
DGh3PivDZyWTknbzDemMGW7G5enTyywr5RhbehLRGfKS,37446.395643320000000000
F8JbHS2AyheHB9cAFABGDVYb9ViFbJfQ5ATmfnukEgJ2,37295.530701590000000000
25mYnjJ2MXHZH6NvTTdA63JvjgRVcuiaj6MRiEQNs1Dq,36595.403477560000000000
FjKoLkUrQCSCuwtGntN2Tmm1B7UXwSBFFhxQdXh3gzzJ,36550.702526480000000000
43GUMqyTGYZ276VHRcca1AaRuTp8BXaGxSP9KTVFazNE,36445.744930570000000000
6CJo63gKNAJUta5y3x4wHa8ohB5yK4zoQnrFuAycRqyG,36300.000000000000000000
EuTPKM1f1ovdV86qbNHweRusqKzP3E1f6W7rZx4i5qCr,36258.560000000000000000
8G1ACLRB2cpDmHKj2CBtRULUM3dkj4ZNxGNsNuLd4jn1,35183.605805800000000000
4EjCrYdNzybY2rda2qL3wAynz5EwKDZac6tS8aWGzM1T,34920.000000000000000000
7Nh7DjGzbtqVnV8XhpSB2ZTnm8cAdurSrH4cGGRQYoxN,34743.251127910000000000
CCyCqjBNCKiPWgc2LL2PCSGbdh6iGrpUZGSSszjqtRGt,34610.582029640000000000
7Dz5HFYRix6uh669urpd223zZWV1xdGLHU6Bm9KvUUXK,32780.989435450000000000
i9oYmT3YxEeEv1PAq1xq3MJ7gjpVH88PjZ6KBstmB4t,32648.754283190000000000
BF3ymSSRDh3w989KDoRKTWQJn9oM65nR7t8N8pbr7JDn,32075.746600000000000000
8d59DpiCgaDVLshdKgmTk2NdkhQxfPbZxjoc7kHshXzU,31615.007027000000000000
BhqYCnDZibahPzWeCVDaZSd6WG5mtaBeR86kCP9zoarR,31508.893329600000000000
CW1eMbcTSj6n819VDPBmK9xJaAYC3es2hkWudWqHNHQv,31467.094368220000000000
Codh7mNxFC5D3AQpN5fuB3Rb2afxNNjsuvsCioskGBFK,31139.579958010000000000
HvPV9A8NU6fLWsuXn9WyjWoZptqFUvREPVaWRD4poC4w,30976.000000000000000000
6L3KudEwV61B1QLGg4ZtWYaDznmPFLd2NoA8y3xSK5Jx,30720.303000000000000000
GNzYBi6KwpbKZHYuWZK1q855NpxrGaLhtmRwVeN5d3hL,30628.666546540000000000
9TW229iu2Hqt9hWzdLst8G3Cs9WJ7VjisiY8FpRHDG9y,30517.633437600000000000
5kR13DZcr4GnVJdJ7ZQX5B1wiJ4qSLupDuaYARgSscJW,30449.603550330000000000
e7EMLYZTGKv1ayTXs6YgK8x6xAk3FHNSv7WT9wk57mE,30377.215930580000000000
A5n84YU7U4T7QyC7P7wqyiVkUtJWy2f9bfdCXSUFR14L,30376.505175260000000000
CpJiDAoJ6Rkdp2nr1WSdon4cCsUwDzWUDteJtaRExeqF,30213.793879030000000000
gAXaA2o4gSgEpJxkaqENDAYWb7M5p3Bgqx6J5zeiK3F,30178.263841540000000000
7BZrWxVFDrhLmSWC1b8qm47kmSM6UzK1AcxUNfdock6a,30128.948459960000000000
CeR3uRxswqkacyvCJcshjLTCGLtGr96vLyVH8KwDruoT,29991.312292010000000000
5awwhxXoSD8zmXCddpprqVD5fmn7w4mSWvU2FeASs8xW,29803.232196620000000000
Btz5K33EZXMhZd1eiWerD3B56P2x3C3ZqgKYf4jmMww,29725.092509690000000000
27wHCfXEZwcKXiFffGsdBgk7hs4Nnuw96tGJsLLpxooJ,29497.928703330000000000
DqJmu6Lj6kCBdm2wqZBhpJto8mBVPVxzTfDXPajcGfVV,29474.900000000000000000
H8pg7iYpUPEA8NiMAYwHSHFWvAa86tJnpb6BnfLQzucz,29097.204000000000000000
BfUYVn59s7Rbgfyo5ntQZKr1hg8n9bTnysESnWMxeVxu,29072.869574540000000000
J9LFqK9Zibj9TjwVV2sbaJomTDehhrzHbTb3sfGaes39,27863.978655920000000000
EMSmocxv6u24HyYwwxS3kLt3aA46jRjE1bpej2z7F7Mh,27723.387958510000000000
GEqf2NFujanEpmc7BgwtFMcXmheuARFK2k6mFiiikWNv,27548.636326410000000000
5DP1kfAadiax3UUEvAGnX1QgFxX1YWFuPtHvBd755kKz,27075.242851780000000000
EatimJLZXHCj1b5aGq2jSaeKkLbPJjcB762PyuV3Xcad,27063.955763020000000000
CY11xiKoEKKnQdN6oocMstgSH1vR7GvSf4GMj9FaFijx,26697.437795350000000000
1LGF6XrV2VcC5qCszZxPQejd9sjKXfa5YQgFkpi52HC,26579.728379500000000000
6TwbrZr1fwSwi4VMMiPR5NnzFSKYnqdEBBgVfP63NkDb,26299.365514110000000000
EKz9EfcBULqJ9txqNzvFBPHbUTUaF3gbUNXBHWLX9qYW,26253.299000000000000000
H3QEctcbXc4CEyLoN3Fo4w3Ax562b7kgruX9kHn2tiRb,26219.584000000000000000
83bhZQcVE9TCbGxnGCh6WVUoJhXK6sEKUz4MjGjqbVg,26019.182055810000000000
BMSpJEZNQLtjdwhpaezWcwAMPnYJ2vLpKnruXiLJERjL,26000.000000000000000000
2LZ6mMgJqNexVPhfTKxtULWDPHAXazdozcs7C2CLDMEH,25996.260000000000000000
VzurNCf8yjJp1RmTuHU32wT1XbeGoJXJEqQAgYhEj32,25884.959751090000000000
HEgtuP31ScfgdJNByQ674S7P2HJjoucy15epjcXiQfRM,25826.740728820000000000
2MnKzph8hVsTX7Y2A33aKj1xrkcePq22v84EcuBtRJdX,25777.895218730000000000
BLJwd8rB9AAHrJfA6dco72AVTFkT7Mr8QjZndhZN8KBq,25676.810218890000000000
8qG2kB3obqcB1Ce4tf9KE4Z1Yig2NsPHofFgf7oHfzUS,25669.866717490000000000
BmLebibpp4DbftSonL7EZa4SfHgVQHGqMmmGLCTaLyQn,25267.561827610000000000
5UVdxRxwdaLm4Us7Kvwer1xGiFuP8MRjDZoCJVjabaZ,25186.931722860000000000
8SkSmk4yNaCzvAzLkVuxeEc9KMyk9tEvFa2qjyHqGsDM,25077.969039070000000000
A6Mr6LUyC4HLSJ1TYUbdQbRmGKC1gqSFojUAPLjFHkVs,25029.068163270000000000
2Q5u1hWbHLk6QkikXNxGkmiicZUw1BnCdkudsB2TXmjj,25007.576211550000000000
B1w8SNLsuxCZxdKh6z8jeS7Lg6NA7xeQZyN2cojY1Sbm,24672.984268530000000000
6mos3Q2C13eQs9UApJQuamTxeP8LdyJJ8kjuFpw2fxrv,24644.217561460000000000
HgSaKX4pQhG7pU2gtzzau3TVESJPkFkurVAyUDB48CYe,24459.269827920000000000
9f6twfdnKN4VstkL6MiYhFMPg5gomVNmfRiwurJi6sM5,24232.849545710000000000
9nmUMgEPQKp35frySatqZDGxePkPEWrshaLFYGk6ud4h,24149.700000000000000000
8BVBuyA7YQxR6WDtdD4UdVDFNeVARK3h85NG81Knmpsm,23634.807870300000000000
7jgBiJDUQAXpBaoPa68va8NmhKFpWgvo4L6FTaErnRTm,23605.221341820000000000
GZY3JvLMM6pHL5wXcXQ6AJuGpsypoHG6sJoUvhDgC6nT,23083.254825950000000000
JDv6Me4pTJjL5TTbTfuhjfCjjCaJvL2BYp35xHjfaFCL,22922.667046820000000000
7b6cqzXEEk32LKdnHUoVMSG5nxiKt79AUefLxbQFVCgY,22540.240129860000000000
4cbgwq9arFFfgRP2UTFMePofvB5gaQT1BMrHQYAjz3Ez,21612.710491440000000000
6d1RBsVGZYRhDeRRigPXEqUWgxV2MhdP9foSNuLGRNCA,21535.994000000000000000
E78BjizctQHyCyYYK4GGFn8PD6kiHDnPNnh5eUUGAYzs,21516.201398560000000000
C7okaYDUvFCHSAP6EuWzfjpW2zv6su64SUzABjHU6AzL,21500.000000000000000000
4PwyqvPegiSjZL81QoByhgksG8mFbAPu1cLQyz6mEnD2,21479.136911660000000000
69ENf9r3Stk2LvAjT5N8HubbtDtNf7EEESuDpg1eLzue,21432.536044760000000000
Bs2w4KD4pYUui1BqFjki5ygdFV4mh2nAdBxGBrqHsVsu,21226.858230750000000000
BPm4qxmgFP5rPamqg5Wjztdb7JLQSAH7kidw9aJ3KaXS,21200.536654240000000000
6pd1fMap2ezs5LHCyq2dQSk1fG8ruqoXzooPcSD1hMGc,21156.125716220000000000
2L32kEneBvx2nYWDaURMDiu6D1CKif5JZebryyozmnik,20845.838493970000000000
FKEHwnor1vATikpi2kACYzSLc2zF5spVZhE7iTHTqxaQ,20734.116387560000000000
3NUUbffDqKurD5dEZvQXMLuiDhJ2vNw8urEJ5ShQZfHi,20723.423233610000000000
4gpqB2gkMkTKg8TCodiyQMUbm1SeTCx7sxGwizrK3SAv,20385.181787040000000000
8D1vEyGe7t7vhw4ibhJFw11GmH5jxfvx1umbwYV7rjju,20369.207022740000000000
4EmEXNiTkGqnmanCPrck9QbQQcrugAJcj9cMj8e3QiHf,20178.056250000000000000
uvgMmnYg1jVKNBrQdr9Pb5FR3XCL6R6b6AQHZj3L77S,20119.66079827
7oMhVpYCLikKB9wGEuoF2Rk53puSpe4jzhyyE46fsA8o,20097.024568740000000000
DnTDde9XBfgsWq8bbPeL7AAoUKxTpqvVUdbdLyGue8Bj,20000.000000000000000000
q4ZXUebaCVotfnkFi3nzVqtDbdcizxee4qV1krVQMfa,20000.000000000000000000
7X5ytPLSkcTxXMK8YG4XdhaoEA2uQrpk7JgRBDRd1mZe,19968.826120000000000000
FQXMuvox3WyXciGvMnPZ3Jn5qeXWMcukp37eCxNjrHqR,19951.476000000000000000
BY9TiFy44cNj3EKdUcFk3qXNPM7qN8XqYf5NPMaoUKsQ,19929.000000000000000000
Bz8uSNPBwTTiR2ADhgiBCK2Q1qLNJjgdjjbCbEVpoXRR,19820.805835640000000000
Bp8L2coqoeQtuWt45uxkTFiq8SsY8qvsSGHiDg6niGGk,19769.781000000000000000
AH6SnayNiQh58xiG16rpHpVcGbanHLqNg91aBbyFtMT4,19693.564244100000000000
A3L1xZptp8e6hyQzugJerrAHxDH1UkGgHBretKy8Qxkn,19661.338072590000000000
C4c28q3R6EMdRnoxRgsWU4bFS4PahvXTECdnZT7NqjBc,19615.572318090000000000
6fM7BbAjWUVJ8YgyLPxhgSTu5GmLjzhP1GHr7ev8SYde,19550.000000000000000000
4zEeN4F5ExvyYhr3WwcA5Mn3j4LQTpGFwCKdY7naemZm,19499.323656150000000000
ArqtTvaLXSDtTAL2KHfFWmV7kf9KjvdfavdbZwHvjHfb,19380.763195740000000000
AcUbi1qaeWeKRp5ZpGxc7CXDqndp6yn85CgSzK1QmAHA,19374.064928760000000000
5q88RvSDpencezeNdQ8Ma4sX6L277jyywVP47evFCcVB,19306.000000000000000000
2CXzzQ1NyjN2jzzA6LPbde7AqyhB243b9zwzFa2bRYsB,19280.000000000000000000
ADrak29BU993LWxoKY76kswWYddMhtAfbMn1Evmvghv5,19246.821069570000000000
cubebepjZze3FuHkaeT9n3Gq3rzzWuTdq4GhjH38yry,19184.976578000000000000
8x1P7F7YXkBbjVv29GwjfPzrdNLQJyBTymjLTE2QTYAE,19182.647962180000000000
BB7TvNVGTTt5bGo76RXFRyww7qszDnwk4q5xTYkzwMSP,18544.318000000000000000
BESuBtsXvg89QAjh9zSj2x62mkEvzkUr3UgMVmq6YX1P,18518.655000000000000000
GYs3QPhawtBSKSPnKvkES4jWEvwkHAwFXYnaF5h2Mo7e,18347.893411080000000000
3q9EL2cD97hUfksRJR9EkhqBQhUNxTD1RVUrcfsnJizq,17945.000000000000000000
ATmkAJuCP117WTRLXZ9L5SBrMJpkcQoSGDgNf7rhGMaV,17844.666666600000000000
KKmid53ss3N6CmZ7fBDYnntNEYMGRyxEa2ntHFp5VR7,17842.889042690000000000
6cFr7bisZqMUvGHCxW8tcgPd96oQW8JMhSA5R1Y9REh,17464.369646960000000000
3jorH5NDbUfxvS7m7BhY49n3oMGMj71d57ghLwc4GyFd,17261.000000000000000000
Be7CXbPfmj2dzvhhHbUHVXwNV4Mx5tqNbgG5HTbAnhDQ,17030.498875100000000000
FwVy6M7jbNvkHC6WspxEBTU1xaFrD7YxyWgFAHcgaKnh,17012.806666830000000000
9BcnQcjQBV6VySmSZn4aowZWjEgSZVHCYoVRMx9Wx3G,16887.402000000000000000
4HwgxjV6FpU1WySZ4wLgjY8mYF1qY9mfoYPtnnDMZgWf,16495.381373990000000000
G1zueQD2CEX5MxMMEiRQTW4Kjyptg8UcL9WNLidLRpHh,16468.668094350000000000
5eMEVsH92uXT1qy24zgbTvPPCGNG8rytAkG6ALHWxaSW,16380.844000000000000000
8Euq9EbaTUrUhKAc1pfeL77JaC6n77yG9Kx579PMXRG3,16218.610887420000000000
Haoor9bkVUvw6JoSyWKeXzRXQg76GrMKBcm7K9XBhTxd,16101.126158840000000000
Gu7Dzy3cydTUimjDv1X6N3yi45N5okaXM4iwFQ5fyzeq,16085.568045560000000000
98G7bRqUWcEH66jy2PMk3t2BcC2fVc34RhH7eAqnYgvS,16042.656817690000000000
79dywhXXvQwiRb867vd2LCVufKgBiPdfbFScTPnpvDiY,15965.702530750000000000
Bkq97R2XHTWeoqdCy7kvnXVSEQwVthnsENByb8TiGxvg,15953.991277510000000000
7iaxrgXiBTfCYQ6iBTqmbUniFBkqjZ6BNf86jo8fD7aH,15923.901623340000000000
4nALeZmXnFEmHQx6cNGA5hdz2QgPGjjuJjaQY8TnHCRG,15820.000000000000000000
9eiaRwEKYWnBPx4Y6NMVHy4aykZGkavs8bLLiDbaijqG,15775.455000000000000000
9tM7aR1wxPsvnA26TzPH6zggDpqCTDDtSpbUbyXAuGtj,15549.395765430000000000
3DYGZywzJXbjUsLvvThjrw8yWFg4YbDRxg1p65DTRpRk,15459.000000000000000000
F6Zzn4vT7XRV4EZwR63fPxmXwTx5nfm6fuZ1DpMacmYr,15406.472462820000000000
Ed21DL2djC114Nyp22WSb1E2vCt7f8xzDty8MUcW5WEB,15347.983069820000000000
Ebj352AJgf99YjyurygdXSi3HhZb6m3i5VWdcwQ392WC,15160.000000000000000000
ESbuSRMRxPMMsJDSD4CGaD69E8oAaJDY8dk5cKACxDWe,15097.712111780000000000
5tiHFt7UmFwSGgV456zBUUNM7VtP7xdaqur4X4yPn7jD,15000.000000000000000000
6mTnWWvCLyY811KeQqMHBYaYixkxAe6UPoWaGyasY5VZ,15000.000000000000000000
7HaWyupFddP7CTRHV3MUQcGczEVdHBJUZ55He57MD6mx,15000.000000000000000000
A4px1pmrn1WHK9dD7bgew44acisDR6j92QeUkJ693U9D,15000.000000000000000000
AfqYB19by8YoK5k8vUHsoQu53bPh7zmZbD63uyhvwq89,15000.000000000000000000
BPZ9hLPS4DjCoa4cZyscCJZqPBuRf5S5JuJDtGgGKi3U,15000.000000000000000000
Bi9ovBnizGDBdXJWgAxwBabma2YXae6BR2ZWRL77qv5J,15000.000000000000000000
FhPDnN1CH5RgNVdmHBCWwoByo7pkyn1gQddLfqxqEtte,15000.000000000000000000
GnYrAfJQNcc6oG9ohvdUyGZy3sYfx3tThcBAw2VJVLLu,15000.000000000000000000
9ap9FdFveGtuif91Tf4Zw5R7c6M6CdBmehEKoKv33exd,14960.000000000000000000
Dy9ZLQAfwcrZGBdPRk6kJiZ2YfHUNqm7ZBGPEpUom1ee,14593.434475960000000000
E94fy6U1vcSRaU8g4Ta3EHkwU5iZTD53mjuqMcncLNDo,14593.364164120000000000
DDDBrPG1uUWsRNfgc8ZX9hC6o5iNyJpG1QADaojc554F,14562.587000000000000000
HcRJFDhAKeKHHAgNcJRiKvefA9UjTqT2VNgDmyWJavjv,14366.467233790000000000
HWbBpy6bLmtiqWSvQoHjY1XHJft2xY7tW2qq2qkbWx26,14290.000000000000000000
7jN9YNEBwf4kCf8r2xNKcz4sXFLKFw9KRYC7WFjupf4X,14184.864000000000000000
GC4BSjuqFfnhdKYTc3pQxECCZiLmzbBnrzfNUhphrs5u,13940.112281510000000000
Dcb358WRc6tdFkzthFPjnFLcY3rKv5DuvBiXipztkHnE,13908.360109050000000000
9jDwnZT7X3oXYNpLQKzSFqu8jeHWVxwJ6fJaFD5eZCq4,13783.866112930000000000
6c4nfeY9g6aVnJ5PW5bKtAEirKKq4xVpffnwCYPhG5nR,13763.909940870000000000
AiZ6VuKw5Pk3BLcfp3tYqDGkGsr1wpQdwzfbxGoa6Xim,13708.198191750000000000
Cjr3B5YTRcZPVnnT3SitfPuf84DKZbCnAQq2tDjtFXHH,12881.147000000000000000
9SnqXZ7ERMu1Aa2FHt1MNwCvg5EnA7qz9P6L3tBseSGz,12842.084965810000000000
EGhtJ25AuHARmUhGVZPK9KPrsEE4QcitxCZKSn62ssBw,12721.012050150000000000
Hb6CHJNVbxgxiSJjXDXHrdWZCxqmrcoParAnDGkYRpak,12601.169493410000000000
DDQgeFDNoj6jYQb6jeqQpy3C7CFgERwr8th9crwCMfUx,12447.558717140000000000
2b1v1wVVcqFrbFJFD6E69p35oA8Hb4Ymizi17v6BU1VH,12421.700688820000000000
EvpoTP3fRGmeMzqm2UyKSqceyqaSGvWC1oPXNsLB92LP,12405.610000000000000000
5FWwL5bfstXqnSzGiQw4Thx2ZtQ6QbDxsuy4dXmUAt6N,12375.000000000000000000
GHKW3kJ2DdiPDbUbbwzjpBuU63F1nkn9ajoUR3CwzNnP,12191.216664470000000000
3NPSskD3SRhrS2cnyTYXvNVyrdxYCHuvfiszkAgg4Pdd,12112.862446830000000000
Gseykbw1vd2qLYgLycuBaLhucekMz9WD3o1v8Fh3wace,12112.120815300000000000
5ArtVZxqbfhG6iPpcCznPf65uVMnzhBuXtdnFbGnwiDJ,12096.000000000000000000
2dDcMbuiZifFsYt65wpR65i6KLNcEJHPAkGWPfJuqNHz,12046.190114540000000000
C6eze3kpFq13wXLji7N5hVpyd3eD6ziAdryXzhqRBkiw,12021.754047120000000000
EHCQUfMtMsFDkUqJTkKESMsivMFYkZ3YwYck39yPXThn,12000.000000000000000000
GcTM4zcbnVmMgpRcsF1VnDCtZb8Xzxm8qo9YYrdYk1Lt,11756.066000000000000000
4RwK9mHw3g52LPXRGaBFX6HtAT5Tax6WVFDbFcTADE4i,11450.567279330000000000
sYERNsPmCxgh7wipTPFiud1mKE7pXW4ShmAcPwftVMM,11429.888849530000000000
6wuu1J2WUuxvpkYAJ8MDnQ87eGHYBuxWho33P8X7rkjZ,11410.386000000000000000
7VM8CZSGyhNCvqk7WvLqVEmhQYzZeNBKSPeCuHEP2ULN,11394.036997720000000000
A3egtf94LYCeuUpNANoQ8yBgc5ueFhvxvEMYkk9gKPBh,11350.247000000000000000
8LepTZokPSUTpcRN6LVpgADkSymJYyYcEDZYwtMoXerW,11303.222620330000000000
BgGqD2d6T7VxVkDWnAaT6AhgmBTRMRiCCg9hjcYoaucX,11294.257513720000000000
4iKDTszkKCeNVW5DicLDx8kquRz6dkwtbY9droZAxZwF,11285.000000000000000000
CLGpEYz92cpPbSjPQ56w7XWVAmzunZoBKp5ANq8MJaHX,11285.000000000000000000
EM1hHRTQG3twcA72iykrUAyKD3UeqsRid9AE35j71GBr,11285.000000000000000000
BgeRMYitXqCBCt2BXyo3kJZ5uuwXeTmALo9RAAzKQR28,11153.616635100000000000
51GLhqmCrEWCdN8wqzDQmSXWzhkH4QnpjJqf7N6kAWRk,11153.000000000000000000
CVc46pM13K2HkH6gVski8kiSsafyhNJgHfibu9PfL7pi,11109.903454370000000000
9zVCPFbWdXcX3FDngDtM8DCihMw6GgqHekp7WESjf2qM,10859.389582520000000000
7wQRVNw6fw9k3qwnG8uRfFC1yvaZVaYyuyzxkMVhu6ws,10754.992856670000000000
5TV74jppFcSdFD7x4HHwBzjwcgSfxAxL99PktZDxdYrL,10745.107656190000000000
42RZR1AQsTG7CqkTtLhv4Ki5KfxAiqJJA4QR8Bu23yFq,10715.518435770000000000
74qC556ZiceCt5nxvw9BaHkaAbT4YD2TAwKNMp26w8x7,10686.660392730000000000
H32ywvPkr5TiHowQpyAiav1rXzXVLQWpmsyj4G6rnsZm,10648.268000000000000000
madtRbRV8Dso6V3annY8Y5R7HAFQTbhUTRANuuP4DYB,10646.676165610000000000
7KWggoK4U2ByMskZnqPJa9wbbbrXE1UcGFbT4eLifyA4,10305.166376170000000000
13QzK7X2rsf7RNG33Ntfvjth26HcS1inkiNzjQrk6X5s,10267.010624130000000000
9smpgw8VCkZKYB1AwRJCW9j77hmckQFB981dxo2P2VLi,10202.120977600000000000
HQjqYPThda1Vpn86bvHCwmZb1NLcAinnuJqn5KuTGGqs,10156.824422020000000000
BSUe3naW7vGgYKxRW3AYfGZGTt1MdoANogCzFycW2sZb,10125.078992150000000000
A6H6TB5BTrsrL5GZkzb3SiDUNiP9LmM6LrrBWGEcBQ5X,10122.226752980000000000
23huqXtmXktww2GpJyYDcgNbnNc7p45EKTnqsZi6A7Q2,10108.000000000000000000
XU8APE9aGLLArNCULtfAAebsxST8zkL1gVSiu98H2V4,10081.120000000000000000
Bn2i4je6vLqptqZg3Q8VLxR3YTMtwUnvbJsSmmBfUaxt,10060.669179410000000000
44Dd5ULxVeLjJikBGZiRWEU2heSsftzY4yJptFEVLfjz,10057.13102573
3ADA19MFrXiVzeZysfy4jrHfNx3jyfTg3qqJ7yrnwLZ8,10045.800710450000000000
5ozKAzcFppKpVKk8vHrJeQ9z7fwzj4PM8vudBJ64HGwx,10039.950000000000000000
2weedVT1c5u2LQDo4ygQkEjwzpbJMsaiA23ZQgDHZi8W,10000.000000000000000000
3C9C1x2rWx5RZgZyFudRVpu9pkak2ygzXLPpqTFJKAoN,10000.000000000000000000
4bWTCbBgSZRuWHMQQVt5SpSmFbmCU2hy8Nndw8hCVUPX,10000.000000000000000000
4rde8EUZzPLVJdeL3kfcyqJuFBYKCCxjmBRYZ8FuLaE5,10000.000000000000000000
623StFQhcjX7V1DG9h2PUAcE67oZ9wdFc2PA6VTLrsXB,10000.000000000000000000
Chn8iovTwbP2Xjf8wj9J9oPXYZpv7gvTBqhPxzaoBkL8,10000.000000000000000000
EHcGdtNrSjyktiaHyqNwCqyTorNCa2RMAWKL2RkrM5rv,10000.000000000000000000
FLzUVx7TrA5GNH3FXvHfNXVw7aMXFqCFGsksCK2aKSEe,10000.000000000000000000
GDkYXkbUzRgoHc5HzgCEFMoW8erxPj2K6ZHnSExdHgDs,10000.000000000000000000
GQDndqhUZKkM9PT3L8fECgHNgGKAoR2y9MC1QbsLeSPz,10000.000000000000000000
H7DCjeWXXkgPHmP4m9fXC2gpaHgAeqHx7BYUSxiVw3kQ,10000.000000000000000000
QENiiFo1U4fT44BwBiyn8RioBW7cRZ9kZXmT8qDqn15,10000.000000000000000000
4u4MWNJWxBJRcrwDQXize2jv8janjhacfB21Af3Thezd,9968.914749620000000000
G1eZv7eyPbDuRcRq4dRmzCUyMZF6C32JNieAfrKy6qeq,9954.878491700000000000
8XW5X7k4bU1fZzCVGPVnyVRv6iqwXqG284DnBpszAiuM,9833.691769770000000000
3vWrEcxDMpP386GY4kQ8xZuVv8ahKBEWyMJXU2Ys9wps,9805.938052110000000000
J3wPET5hbvUZ4kcau1cV9KxobQDUQ9rVoHttobj9nXwD,9804.949743250000000000
Aa9FWSgheZxyi3uq1fMMajp5JXXi4KzCUunHJ5xrzWpq,9712.377907040000000000
7fUNefrbpQ5g9GHjMJEcbY7MeJ3JA5NGPKW4VJJaLgNy,9691.136000000000000000
9Fbb1rcohF1VNFTjqWDTMfqYctyNT2rNaBt2fH8BFWnb,9660.137157980000000000
DB5Ywvm1YaVHsjrXztvkdqw6iK3uWXFkC87htmhUiKXu,9564.675000000000000000
HtNgfX4kY4H1NQkkn1EoKHep6XWPAgL5VohtT2dE9ohW,9553.540000000000000000
AYFJjcU8fNB6DtLb5He4DPoy1RiM4veKRwYejw9ucKKw,9546.000000000000000000
CZMFTZrN1CiaXTQ45wqLiyXu2KxR1j2263umAM8tEJ3B,9500.000000000000000000
B6TcBwyMAGpGTtWzJDFAZQPB46cMCWHxZ3gDLqyVXbn1,9470.819000000000000000
EbSQaopey22DevNoJWKgPvfdv7YD31J3W9AHHmP7asco,9440.623293610000000000
tbhqmq218cYtAocuPAcqY3wys2hZt8CHz9sdMDZuUkP,9365.280785190000000000
548zCrxYMF6zGr8dCZUKYqqMcZHyjswCAMj3dbLFLApY,9303.780911000000000000
GiuQZBkECg5SHt2hc7cCMaKDVoWWCezZ8rQxHoCjdKKt,9293.546751110000000000
CRQd5wvbf6FKVmjHC7on8w4pzFPzudij2BKXRcMCu7aK,9197.73945804
HsWFLzGYsvoZCssvmEkYsX1Nsz695UVA94kwTfMEvRvM,9154.790862880000000000
HktYUQnhRbzBitTwpzChJHorYws9pFu7ykGNiBuY16md,9154.772967510000000000
5QsyByFVJcg7oN76Ma26KEDFQdHt1tsiVExK94zURzfd,9057.079965430000000000
E8eb2nm2g3Lu2foKSEpySA6icS98gPKvoqZfeJ9GTUoK,9054.781779490000000000
FxsEQvJ9HYptrqbNtcvmEpFGViZTxSQsmKsHSvZPZtts,9014.749685470000000000
FyNqZkicfFETqH4QAkGZ2fZFRmgEu6RiPCqsuND4F3kk,9011.289644810000000000
CqwjpdmLQr1B2Znd4AiK7pxMNkQjzJDSwqjqriA7uUDm,9000.000000000000000000
H4wE9qkKcDAetUcBDZoSs1KRZejb6mxVPRBz8gvmyJSE,9000.000000000000000000
HCX92oFABbVfUDYoRPBnLYajjR9q86w7r3MEFtRdpTCE,8962.455277830000000000
EfQeqWekFsqDKswQ9P98S2rHLbcdAicxQ82pKVm1pcdc,8867.778386490000000000
66fbhhNALJ2udRDF2toemdAgTb5yu9SkXMD69u2aVLZh,8760.623000000000000000
6PfPHTGeQCEhokcqa4AkXRXs2bWJo7YMQkmboX1raMXh,8747.457035540000000000
65qAmD3Tcttfp3ZJ3k4kn732ziAEmthLcdazMJMhS3Kj,8736.105000000000000000
E2ihWjcEWuUZ5Lvifuz5jq6ueWQVAHuDkqEjY4kRaLg,8720.257785120000000000
GV2dPKgZwwmeYobjgJQjfmsW5CKZJosyZTquu1FRD7Jx,8608.687884860000000000
CxWcRkskMHYcabpiVMx6FcJr5bFgWWVBu77NKTkTwKyY,8575.000000000000000000
EaobUDNZgbLyctpw6bfX2Bt97uRCntP6DoxrnvcKvAPK,8514.198005320000000000
BRJNpg8DHeJhqsK9UdogsT8jpt4rCGPoMPewqRCda5dt,8453.683705550000000000
2o6MsgauDp6RrRT9SY5VY8qCuiYyzvzr449yzDShbCtt,8434.368158870000000000
HgU3woixM1QBY4VgAvCUMS5NU7JHkDh6YZxUaD37oBXD,8394.019131480000000000
7MAEvR9uXUKbBwrrWXZ6ErL17F9M9fxkwr38ZMsRRJdc,8261.000000000000000000
EMr2ePuCW86VaSLvqGjx8Ct9nwqFhVk1SdTYVpks9S8G,8230.860479730000000000
CXmrLSuJXyZXvSZXMmyAbcLcmBSHYCevhEA9Wbt52tzj,8215.962300000000000000
DSAosZ4M741XMk26AxKJn13qQVACFit3reDovy75wJpq,8215.005613180000000000
2MkAXyEiNNVon2Nmnavd93XU6p8JfoFg3SqVYAKkCpNK,8167.000000000000000000
2bqeR4W8t4LfvRUePptJUXrWSTi2QbWz7A5PUvmKachn,8124.138000000000000000
Gc2qKeXz6y6RJDzYj5cEFmnRLJDZSCzaDbSfyfHHF6SQ,8003.446767650000000000
2ooGZWWFpqYveVGP5Mkaf5G7z4PEuHkWdgKPqeWzNzQu,7993.380000000000000000
9VaCw7HjTVZRB2RoSQkbji1PfHFWLjHRzgewLyiVQueF,7625.861700120000000000
C5Tea3P3kg6Ci9x4dwu5voJ5VhEBCHVvmnckoyrBvHoD,7539.549854230000000000
BKqtxNMvmE4ML3gdqp6GKjuxdxAZFgcKJxEeuU3AL9mR,7503.150000000000000000
Dm7Rkhqqt9jGxS2U71pNXWj5Wh5Qs3zTRxEb9MhvbSod,7477.716000000000000000
4SXurBfm5Hu7MbQbD1bmacUjvHfE2yn3NGkX8K7yhStH,7470.368000000000000000
BMNi8UxvqCQ1jv8y6g7jSLh5vfVehMy19nGbhMFaUPVV,7421.950670330000000000
66KJmAmrteCFC4z13YoPNQiKVsR5w6MqiJzL8uAFeKB6,7415.871691040000000000
DVjhjiN6ham71zma2z65XynCj9SmahiVL6LaX2VGwSve,7400.008664350000000000
5B5ASHeiwvq9LDgJgWFXGJ5ve3K23dwGc3eAN7Kq5jr7,7332.505689380000000000
FYuVQ3uJmUSZNH1cfBvRRWDuqvq9soKDb5YZWaqcXMeF,7314.787575080000000000
di1MGnU2VNhBb1G5iWPo8Wpfyg8EBNLUvnmjtqdEX6L,7287.151371250000000000
HwNd21zta1TUEFYnA3CGoafdrS8BSqnYVCyvQdeWiG3Z,7260.196000000000000000
5juFHBwNwYQKw9bEqkBpDfKm8qJx5ddnRvq8MeDvp9c2,7222.000000000000000000
2893oXSL4CD9fTwYNizkCuHH35XHQ5Syer7mzs3n6Dwq,7220.604000000000000000
7tEQJ3iFsMC8vxHwEyt4Ljsmkqy8fmnDqm3B64gne4kj,7145.557755450000000000
87HZftKzCGSHMPLtqdy6fm38yTqUHbbgWQReM1aDyq7b,7123.701817040000000000
Aq4hK4iy5kGTpCRSLqW46s64Y9Za9Cgbw6rBSWUocogm,7035.791180540000000000
YHV2YgKKwPU3zdwGnkdiYtikjDATZCiV2EhnvimWUAd,7028.316506990000000000
9coWAGuyVR1hTKJLQjDEKFjJF2Kk3qBqU6Cm46HUwJGK,7000.000000000000000000
EhcYnofDNcNeQCso1V5BgCtoUvxhYUqw9Gyze15RRoeZ,6991.889000000000000000
2pjNd8nV81B4ZX2nwYqF1828uihg37F7qL6p5SNFsQHR,6985.000000000000000000
Cvqsfm2XEWWqpV9m3MvWLx9nsu1xToPHf7aV1oidWiD4,6984.862892670000000000
4q3pSy4jiqqUg55yw5Mgukavzj7UwDDEF3JAnfKiJF79,6968.655196400000000000
Amy8pSNyx1nnkxVktsPVaFUsDFZvjd18FXLZZpTk3W89,6958.02392825
6jYYPCXfqgp5q4yNcRETZdoVhEr4y7Q6phMHcMkviR4U,6940.077458480000000000
5nFRDbmQqreiW8kUSmTmP4mTCx27wHuqE4s5wGGZmFCd,6938.831000000000000000
5BcentRMieX9nWhczCo65tyHZunMc7kuR1QXbQYetKN5,6932.641034440000000000
Boq6DQzd5fSDaYRLLoGCn3bYHhp6p7z4ci9Sb75FoY7j,6901.000000000000000000
DjAfkjAV7qD6U2qjjU5RdcuzXwdk1gF3CtiWwGZc8pxJ,6900.000000000000000000
8cTabXk5FiuCaZhG4kuh9HBwnPWUbmXJ2NhcmG3yiCpe,6894.000000000000000000
oz91mJF56gmU8JRa5Des2RqgLX4eWM5YM1Wn4vD24Eb,6860.260929130000000000
GsCZWg3mKeNxTkpodJrGGa49BQNoJf64NsvtwFu2WSaJ,6796.797985020000000000
EBxnKrLp5cpbmQZu5NRUQxyAbnwjB68tnuEEGBnASMsa,6769.02507334
CPjSD4rWGEQkRtzzowJuMkar5psVVfJaRSMzYGXuj7xy,6732.640561230000000000
9qezxEm16L29ocCDEmDJfDEWPECZS18jPrsmd46p6K8P,6709.000000000000000000
8VobQKMsu4M6eEESJxzqjqhsMYqpB9igC4fjfboAbjLy,6690.726780510000000000
9a8WqPtAJbvHHZ4Ty9RHA5m11g52TmtBdhv1XtfY59oV,6684.516010510000000000
4mTggAdnReSsZHTgEC9XSWaFey7hgRYgw11prakNkWBc,6630.613495630000000000
Ek9TANNpsTabPBNi6HGj6DSGpCmErKBcou21ey2aND8b,6585.000000000000000000
A4kNY6geURvmpHswGv6XvyEvRR8QhC3tNfxKeDZSMrfu,6559.042766310000000000
HPwoXoKftjG9wB2FC52wcuYYX1Y4J8jcRZbAzi99urSZ,6554.407167970000000000
8jctviq9drxS9Cpa2aNTmzrvxpLZdsBSuRmhqpeUTTWE,6553.259929840000000000
CaN52FSQvH3kajuYSk7UDDpWMdKWTRWdxamipxTbyuxu,6496.723751400000000000
7ZSABCNFpBMWnVmis75Xmba8BFhbjwx8qB1yW2Ro8sLP,6482.800000000000000000
EKRXSMSr5P7XJXe18zdXjadYhuYJDX9U9v1RxJWop5LM,6482.429073720000000000
B8L8nhf7zD6GqpG6e2AmCDNQtuXhTkrs9ZGLZuGnY1BZ,6455.303000000000000000
GfoBsPVeedp8xGiR4bgby9MTfz4tqzQNK9AMurv82h4B,6366.959313400000000000
BUBnhFWRKi52k3pdwYsSpYq8umuGpjdJsBVTUTQoW7m4,6345.096625280000000000
HDNxtMrWp5vuJDAirimDeNTj166Gn94bahVcpvhRYMN4,6342.305706120000000000
FAxg8qYFphiGLHjqJm3RpjnwgTGUgLK7gnbCf2Yi2EmU,6293.241877730000000000
7osxN62KBdHVbg5JaHp3FbzQMgT8xYKdwiyx9CMFbWHb,6225.000000000000000000
AgbuhgZkuYfmrpBqmLiMCnnA5d6rnNkP4pHatrLzo9aB,6200.000000000000000000
2DtTwRJWQwoxmtPwcjNcbLGBNAFbAv7vz7cUTQpcs3tN,6196.952700620000000000
AxQoWvHTPjKRwTThtqURAiBSzF2oDCgU9nnDHptSQbcU,6190.46441405
GX1AVtpZbED6zWYVYVFdfrLJ6Af6WtXg7AV1pDyDchbE,6179.246870460000000000
78ap22pk9avn43sgPEdHYNRSwhYudKvcysR2qT7AuDRQ,6046.447728300000000000
6VTkGuuguLzDmC2PAtXu1kv5uteyTY3eWvRL54J6mpkB,6019.000000000000000000
87nfcCLbnmD4rLtX6LJBbsTUYbMj6GPdSFXWnMopMPhs,6000.601477840000000000
9hYtkYDyho1yriJZGN6xmcB49BKnmSvJUznNjbiaCBXq,5955.401000000000000000
G4PzDPWUvqV2deytF75yg3UGH8mScJPfCLV5zmC9BNwH,5931.500000000000000000
HqxmBNx996AeZhHyVuwoKmmVTatxmQu7dQJEKmdAntig,5885.000000000000000000
6D4WaZ1hZUo5EkecvpnBkhYbbfu8HHUQrdi2o1Bazxcd,5774.777074810000000000
EyjRSzRTCjuUKGymH52nRdWgmQv8omyHXHDmykq24Qpt,5753.895000000000000000
Ds3SDiXsGCrUegNHkmXUV8HoDM5ipx599BMAkgefqpu8,5670.679446470000000000
GuyAnngmvoz3QdzQNzdnviydXxL8saNxkkGBfyAKPEiG,5646.000000000000000000
ABjSJQbUeQXPPCZgy2vcFJsdTJokmtz13gh1j1zyBP5T,5644.453385000000000000
AF3Nb1Gf9C98BoXq3BXaQ8q9goNRv8kYXAKxPbVjAYy4,5568.707220000000000000
25ZpboXfLzATzY3pCNtDwn7rNAM8457daLwtum5Ajvum,5413.253866330000000000
BBmTmWR59Hpnd1gju1vDrkF5a16Lh5ivsu1Fytq7CDRX,5411.087649520000000000
HUvqdRcRoRBfhKcLc652JwsuqD1Ccv7Hj2Wqp6DGsrym,5406.138342560000000000
EP16Xt1yxLsBy34qwWguJVQyvx2HBFsqg28ihihsNFJ,5400.000000000000000000
AeHYf3G1JNDp2ySrwpHKPVJX5Vh6u8yrzYHukDsHyGW9,5386.806901160000000000
85vMpnKHdkc6kWp2AQSDn8Vjro24Fz9ai66wkvFyjnxG,5370.000000000000000000
8p5DiPnQSnRozwnrnQZv9xhFjBMrDTkwoF4gC7mTTv76,5368.112635760000000000
CFGCeSWzBBgnhahqRyhXJ5PMhtrxwF7RJnu6ch8ZkXKV,5365.403565410000000000
SJRkjzjUA91F3w5vajNLwm5sd2nYa5oECnm5gxcAC4h,5356.189000000000000000
8Jk8Mr3JcyUbVZdGr5Wzf3kJYtUxY1dQRBFQN3vUxgp3,5314.353789200000000000
BGQZVSp9bL2TC4K8ehttZaRLpq9UEJL4vQXUwQAnQdBf,5300.000000000000000000
xQXaLjesu3XSZKdhx8ksAa83LHdTiwVmb4XZhMgrenA,5245.685536250000000000
2UdmsqfkifuD8JDBAKDdYBSRucQaC2biX5JMHgPteop3,5183.734000000000000000
2Ya5Z6voKMCses4eQX4UggpQ5xf4N7toTSAtt5jnAcGT,5171.093397600000000000
4Y5FS5HNCu6HV6y9Xbp8YoTkpjjvttVhLMYz6Uo7sJvT,5155.170417550000000000
Dg1oJrJvbguJSCx6DCFbHmnMoGBA3MLxpBomAmx2KduY,5126.936000000000000000
ApDCCQbHuPneeND59oktqfJjifiiMmkadT2MV2m1BkRE,5108.311800310000000000
5bsuPjdghxJrqLqLrzPvsbM65e8PsPGkoR4di59vnreU,5098.320463500000000000
B8UnWZS151pCN1eTgob6JoCF1b6TB9fWVNdxpqHU3ez2,5093.372266540000000000
6KFbAcn5Akyf7Kn814bLkLS8aFjDqueZFeVwf1tVSsqr,5079.689975230000000000
9tLcPVjdnubamF8j66LAtR5vXjgyaozHD5m9Dc9RKpz8,5058.530920730000000000
73B4J23Yc1fUxBkwVee7vMZn1fKZRHrfzu6dmsf8b1LW,5034.615750920000000000
nPtLEGKkxUtpDMUobjGhWWwaZ6A8NwzzMYYbBCn4yaZ,5001.127782730000000000
21FBncbYPBdthKEz3ABgqFugmWbxZpg24TXZtoj5gSBG,5000.000000000000000000
4mR397gNyoFb3Ww9upmSxv6jfmas6aTjWiQbgJWZN6Ja,5000.000000000000000000
FNg4nZRuxqdmekHpAnERhJ3eBihtVDL8vF7CCZxGDPsX,5000.000000000000000000
FxpA8EYLctcranJ6xnSBvqW2F2yMjroZUAfSUkD3BUby,5000.000000000000000000
5bSMccXLNPbFtThCyofjoBebX8GmUkQA6oWigkQLsLP3,4988.163231090000000000
hfUhKDczvFMcZqZhFBtAETzSwX7P5VzHATw3te3GPi1,4947.019179520000000000
46xGfQr6ueFYGN81orhWw8FZ27Fvivv1NJ54Vkiomp3r,4935.157935470000000000
BUN2RvmVwovwVZoiwiJt4b1UdNuznSgDZoZAW9kPCePj,4931.022470800000000000
5bx7vG5hJeg9tRq4VSWdgX5LUCRzjFZWSQ4q5jVKzeNv,4889.410000000000000000
A6ddGtBageA2sK4hwPbT19R5oLoDYeXcDRMj3KnZvkXj,4882.967888800000000000
DEBxTJ2pFEiG5cMucrNWsWDdvqgsC9PnFsbLLKGs4wo7,4851.777476250000000000
Hu3dKG9x9i9EGCKHmmYdV6dL4o6xeRBqjAcFYsnPsTdf,4789.261157320000000000
96Fn5br2cZe2SAKjtezAtAXw7kRYNwqSJdT8XAUz1LmY,4775.244315330000000000
2PmbNJy2qPvnr7NES5fqb5dxHikN42GgZVzyqo2noEBT,4773.226249370000000000
3snGkks5M7XQGfJtpEbXV2pN35zW4UDgeKfXmMbdyrZ7,4765.279000000000000000
A5tLkLA2PxN2CTKtxrWjoF7TweHEscisgPKJA41qvUHq,4759.996447210000000000
CodZHDkiCxvyfRBZZKSR7oHzC1LzTxjTzu6T6nwJGmdy,4744.893035950000000000
FSmnA212hGwasSqqudFBmNHDZwHRHrwAzvxvHSr6QRpM,4706.421486240000000000
534gpHmwJTmm3mFPgcPtsRE1zwZAc5MsgLQoiLeuda1Y,4686.300425320000000000
DCdV4Fx6wR4KuakfmngKBz4TEFbaZruUyUWxTzKgf7sR,4677.693190110000000000
HzoDn56ZJaDRpeLdVPjzzjPKnn3VKq1W2LfhJeYUq2gH,4665.554146860000000000
5sAKYzfXULZHC6zbrmyH1v5r1sXusQNb4KyodtSU12rL,4594.223800880000000000
4r7noEVCfA59jzcLLEvVNw2PayJWRe4vG8CZhFyKHtjP,4577.386483740000000000
E1zzu7MTqTYtWBYMu3ZEa9KceSGZo37WbwkvBLtGaSPK,4520.967846280000000000
2eVrWMM8Gt5y7ZEJpvckjqBNQGm8jwPWQPG9cdvcdGPY,4507.653381060000000000
Hd5C9du3Nqrs7iGecmLA49AQgjbzNj7JWudWA8F4akea,4504.816500000000000000
Eoc9NthwUPNAkmad2XTmqunbvEP37nMC2cWkFhdyxvmN,4486.997343570000000000
6PVeFBJKGP9Jr66FgpifUZCZUNEMGmL5XkcGHrUowBvy,4435.200000000000000000
95k6PMEnuxYFAdDhCA368JDCaaAFScjBvijfJUdDUt5r,4417.696669820000000000
5W8Uyx7ycobi3GtLxw4fxxPVKXXQ1hMhNEcrW7bpem1S,4413.275307060000000000
GMAQegtRY2TEHDj3jqvkT9Jvz5L6iDE2CbyJ2xSfSrFx,4401.286010250000000000
CjNqSLUWxNxnvEbcQutgMvfRta5wz4fDYtaZhDMwaKVo,4400.000000010000000000
8nTu6fUwrmwjzdML44tzCXzBy8duhoX9ctwbJBc8Vpvh,4395.408096550000000000
77f9mXvHEvStPKXGc4AuEiJNr17JCYaXeuHyBK7oNF7T,4363.574405820000000000
2ehXTBxXV7NbPJHLrxd1LZGzxQ78GsN7PsrRANkbpG9j,4360.860760880000000000
E3oMcQShb1yY3EfwS4ynnPCBdWBf75E9wMT1SJLAT4eW,4321.279550880000000000
Hkjtnp8W5MqwxmWrDFSW1HtFwyA5d1NjFGW8tboBbDNw,4304.413774180000000000
FM5JeDZotB8czTXn7FjDcv3oU1jJqdX1qHqXxczprWaK,4274.480000000000000000
6JmxRLvGXCwKBdvKYfNPS3Qy5io4pQrdp4XAVP1Qstoy,4261.446794920000000000
E2WFcD2TLPSe2s5QPntFreT9C4V5aMnjgc9BNVUN2dZ,4246.890516380000000000
GHebUBEqnSrgkCJN4FUQhJsVwMK8jkhQSiGMSdh4PnxQ,4201.000000000000000000
CLcoBjMH1CDWRHnuSbzd2MAuP93jRsgt62F6EMb8CJu6,4200.000000000000000000
GEVqeisv32JXAJbHqgjKKpwC2f8CMxyc5M9jqNXJLiQL,4200.000000000000000000
AgA9m3bf3HHFGQqgN19sFsN4JtbxPmYU9fGArQv23rVd,4168.208000000000000000
45ruCyfdRkWpRNGEqWzjCiXRHkZs8WXCLQ67Pnpye7Hp,4159.618015910000000000
41xgYg5YC4BHamPWtqKLxd65uH36SXeE7F4ovD7t3LQp,4149.31503548
6evohAwqefjSCypr4YqvChQpkqrwe5igVcfRAGwC29SD,4079.864616200000000000
4kkBXgjtV7vbk1iSFfpv5f7dVapimRBpRueJBycV3kga,4036.548900000000000000
GYGEThG3M3GMrD3tJM8FWbJFDRFDQMNU6vjH4KBVPY1u,4027.249647220000000000
AeBVG7daFQroY1gV8qppyBc5FUdXfUdKaqYL6GdYRur,4021.320125320000000000
5UXTbtd1AGynw2dFEbSeRHJV3FMFgoLG1TaCi5HtTrSr,4011.932000000000000000
8UXRtTwC75mEz8fjmbLr6XJEGgUwkBTpNjSGnYQWeZLY,3987.672144000000000000
2oxHQM2aaZtECdbkkaoHx4aoQe2NoY2fEYcJ3R65JrfH,3969.817977080000000000
4vB3uS5uSfNuEjaPmDo254G16rnDKq7YKaxAB1phxqTm,3917.155087720000000000
2DZDJRCbGvvirHEH4TLn7cS5DcqbXnfEeiNqsxhBwtKf,3902.380379150000000000
4osxHm7rWDTy2ziqxGprDmdxGvWT9bKnEfgFaS9NPd9q,3874.958958870000000000
6hRWqsPuwrNZPXM9GVQFNHGwagC9sReGDYrPMLTAS2M7,3857.691600000000000000
3LUaoug9qW5Mv2pMzRMqGwwuGz3evvfm5Avzi3xZDYoj,3840.297315290000000000
7H2JUnTK9h9UFqXH245Eb6LPdFY1iguontjzZRPXVkho,3819.693704770000000000
Abzqp2L9ZuhRmW2M833kqLgvWwH1ws88Cybi85uHdgJK,3788.511997660000000000
8ovc54CpFgKCZFFcuTz8AbhsL7cvY41o2GTzERcbGnLn,3765.841093630000000000
GKdtDNw6U3Q4Y4YTLWUxLpzgsurrY2PBYWQyiWVDKRNB,3715.957038130000000000
JC98MH7HNi5ZHDTp6Hi9Pu4FXXZxZJuTz5u25MgYxi1p,3701.000000000000000000
2UrUmGtppgSf1aFCb9B6XaBfejwUmvQ7M5484wdSz7Dq,3686.097859440000000000
5uN6rXQcmSPEe1beJW1oZ6rGakv3FziXfUZ1PGPq8vo6,3660.828000000000000000
DNvkNF5EyV6RrziTSbD1CsH5YtF6YZdntammPauYCMWE,3659.172895870000000000
J8Q2e6zS7kxH9hK3TBNrpuaoLTRtQM4f1Urr1ZeHH2C,3652.944918580000000000
HwzCK88b2dBj36W4sdypxbbhkBUL6ZsA3pqoGcHQtBhK,3643.262476020000000000
FGfAGQSSLmFMNaGtSVvDvzaHPk5FSNLdqqqCWZWNbbQA,3608.589240870000000000
5UodZ4EvGJeM5wVmErM8EKqGbwjZ1P3VDCoFRxc2K3Tm,3573.332000000000000000
9R5Bbigeo9etMiQnH7nTY4xtRYb9syPMw8imDTXcoQyo,3543.261428140000000000
8APpv127ajHz25trmzbypcFaZsffNk2kxN9ix7ACoic2,3536.000000000000000000
6vAQnxCEbXuxjfGFaLEU95C31jtccRUKFDUYVUomnKkD,3503.190320960000000000
GVDXSuki5aLktLdtKagVkUxFtgcZ7bVHTVzT1Y76pAZr,3500.013442510000000000
6ac7rLCG53PE8X8uKYthxeYugVoHmV5LgHSocMNRXvgq,3500.000000000000000000
67GPn9pNpCQZZFiZcLGoRhYDhq8YphubTgsoGQgpaZ74,3455.221000000000000000
4QdQXM7opjNFUPienkMtUtu9jtJqPgqxiyaDXoFpmzFh,3447.159368110000000000
CyAtBPX5maBMRVrPazLALV91w2k1r4EeNLcxjG6ZckCc,3432.672588300000000000
4auXZ9FrW14zwT1tJ9QYhWNeRozksw15UEVdJeXxja4U,3428.673902780000000000
4oWirkKw2pPwGUhP67crW12B2dDefvLm3QzY3z5vw8pR,3380.000000000000000000
EgShd5678Jh3gKXEMh9ARz8dDTmzBMWuchH37SR81ugK,3375.000000000000000000
EJQuA78fVnappuqAB384ygNbVQyc3esagiTtg7BDiv58,3305.638494450000000000
CucbgymDmS9T49rQ2tVegaKd7kbJjcEe4bRMKMB7rWSy,3302.570000000000000000
ZG98FUCjb8mJ824Gbs6RsgVmr1FhXb2oNiJHa2dwmPd,3290.364869930000000000
6Ra62U1ohwKnTTWPxFakn6LMZH4MsVQqGNztC6Rd1ze3,3285.169027350000000000
3Z9exyr8tYERdBrkrcUrDNCfkH1JvASJ8iK9gGnfyWTL,3251.971162600000000000
GiRTVvii7LchiC3UMudYbzzM3LYShC4eqk7GiB1dVYgn,3251.900002230000000000
62F7Vu1p1yqhaoCiR3utaD54iuUSkZpKkVc9kdztF7jR,3138.115212810000000000
ECcxBz9JiMDRmsjtyTfbaZNA3pv4zPK7bY1dcxaMk69J,3101.329659840000000000
7XH6NLQnQcfZ2bLhPC5JkKFLygpncq5kp7EBFFoYFd3R,3098.268948970000000000
3nvpZzC7w6mnVGWZZ3puqPM1T55e2YHKWXGPd2GKzWF7,3085.310842120000000000
9Znhf9AQdAUtwVHNEhAFuCFx8UJjniibE9vxHLiRrzLq,3083.636353100000000000
3tZYE2ybaCjWxNLx4jHVw6sRuxtc1Hnkp55vvGqxwxXk,3082.727465300000000000
83q6SjZyePdkJ1SgYcGajRkfgdKJKFHN96cYUX5UYPJ3,3079.560185640000000000
81uoQmt7RFVrPTRG1HVAgL2cLNurMq2Swqpw4eB2c21H,3074.485247990000000000
8FDv9TrqUPF7Ui9BiB2KVGywaxoUsbNS8yuHav5ZFHQq,3070.348750480000000000
2tMJWPpcQyzMUiUm1gzZkRmqAasPXFmPYkGniwJgCthU,3057.267188630000000000
35cwsguGWg8CTZA3GwQjTG1wa6KTYbTw4JfReSUfn9Ps,3000.075892030000000000
3cqvUo6E61jZRSq79x9kzuMT9ZHMJLrtXj9yKSHUoEKq,3000.000000000000000000
GawQFU4Hf6sXfXBPLwJLqXggbB3UPPtRjZg24xVRJrZN,3000.000000000000000000
Hx7YCW7ce48fnqB6CvJSEEHapCWaVWiwTPfrTxe7scSr,3000.000000000000000000
EPnGv7iVe8Aj57C1T34m9GuTrZCr6rG3tfALMKayoBDS,2958.387331470000000000
C532uFsewYpsZFZt2EXu3Xgren43pcLPGpFHZ2zGR3iG,2943.281600250000000000
DiaSN5SvRo64w8amCRZ3sAx9zrwhbzr6W3kMtXv6bmkX,2929.162702360000000000
8XMR1q5jnzvuPzvg2vanyk7sQEJrZM4UscFNThutJo8H,2919.083564240000000000
J7T5qvcYp2p999KadkGyUpKm5j22gd2iiGukQtyYFsHt,2888.272597210000000000
7zPZU3gZddxyBjJpKYYSQe1Be4UoS13ys14zUZmQGjkm,2873.670299510000000000
DJijaRy89UGZzLRhicRpZXsfUmWWkHEDcfeCqLVHDX3K,2842.843410970000000000
Bv4xr8P3PTgxxFihvh7jGek6YcY75NdhrKcXCmJCBga2,2832.825455200000000000
5yeRzhh4ahb3FrnHCihDU243dXrmxQZPUHaAYksP46D,2792.253100870000000000
7wkbZanhC5ZAxbmQQDUHmcjstnkzWZGDfMai9BpTZxzY,2721.239435980000000000
65CnHs9mQy91quTxnqmrMbYtQnB1hANa7vPJusVXxGNU,2719.704000000000000000
AgnCDo5fTtY45zTSR6HeFYxAKM4STr6So4hr2bRavqPT,2698.737380850000000000
2XV6bMtCGiYsgPBWP3QyhnkUygQTgdEvAHRZBrnriMac,2698.272780970000000000
2nosZCMEUs87X4rUtbhPExRrqhP6PCQoQvyMFKH4WFTJ,2665.624505830000000000
C6dB3WYdSSDG5nw74WFEVkqqy5vtno1vs5azZPkRvquX,2662.124234130000000000
FpvxiFUrNsfxsyYbkm3LEsKPj7fRSEXFuc9vj8uaW4CF,2659.374513600000000000
J6DyGki3kVQQjx7pbbRDJhQGBe2B7MXcta4JsXGQfmbb,2654.969089540000000000
5b9LNsvbvxwobp7DYMs9hfcsn52mxdthJF9W4uN17Sj,2642.839127960000000000
7Q6rMjm65QajYTGEjzTpSC3rv5dhd6vE6b264CiHnSfu,2640.928000000000000000
9PC67rdgaipas7JjuoWmVxFtJScAJGp2nDKkCXxMiTiM,2632.000000000000000000
EwA3o5oxFgc8qckAcMRwei6feMfq2URkHbbnLxMJo396,2630.000000000000000000
8uuj7p1iKU53TcxXED8r2BohN4XNt66dDjPCsbmZy7CJ,2610.491636390000000000
E2CPZ3Dv3gCeXgV4ZthfKAxmW8mUUop4G4fPyhXmHRtj,2600.000000000000000000
EU878PKjP9nA7swcsi8n16akjP6NYrherYqnCaPTWDLS,2594.916121350000000000
4CRzQxK6S8heWXWe3LXcoP3dAEdmuNATXBRG9pFDHBdY,2536.061529960000000000
CwhiWHJqUaqNNjt42t8nLTNDr3GJ8cH3XfqpJmWzPFH7,2500.000000000000000000
HTRrE57ChrmFk6RXY8ksJ6uVVZjyBSMWQhnUmMMPt2jh,2500.000000000000000000
CYMicQRZCNLpZfYpREcXkp8c8uMk5BvyLFzqZCfye5yJ,2498.242000000000000000
AAhcgdBZc6ZeffW6aar7ME4oFn7Y1yaR7qQReEHSiMCA,2482.442972860000000000
AEAx9EG7TC7u4sGvsDgXG4whZPTfwmDijqrY4sicLbJB,2475.724809230000000000
66Lp9QMJ7eoyBiHXcvM5t8vPPMhnFF9dT92y1NgMXYEW,2474.675048210000000000
BToCz2z7dxiZx8E5DuBaatY9w1MBGyYV1evCdFzbAGxJ,2450.759538930000000000
EQjuCDMgo1TdMarwaEbKZ9EWV7U2AnQ6icoypbU7Vcid,2439.128784670000000000
7RcATYYFQwHUwBdEazsGbhhxwmNUwQQFc8pCiNC4tenm,2435.914744920000000000
GENju48fYtqGCGLhEXRW2jqPbQzbjJmVb6eGALgyQxTP,2414.920663870000000000
76gSp9g4ooAGRYHMHZDg2qkjUucVxAxzP3MAVLhVjQRT,2407.660626190000000000
3Tvib2ArVqh3JK44Q7au2LrpWgeLEwQJ6NMnsHoNzwks,2388.494169450000000000
5iEkQUjT6rTH79vnDjYDfUjGLUgzwSC1Qx1nUCt9ZaWu,2384.628828520000000000
9UEvTtpHAXduvRkdHE5v18RjFdL59j88pZnvxGjz111r,2368.179894100000000000
B98aeWz3tW1hNni4u12pCQgpdoohNpji7nqjGGijMvfN,2359.073688060000000000
B7Eu5AkWEQ1JnxBZeQPm8aqwRzd2U2Bf5RKRxisZWifD,2327.786000000000000000
4N2X6g5im111N8caUxYD6Vnui6qytg7GXuzEJqTEWT2u,2322.799192080000000000
ENUg8tqQvxXgp4nGrCwfXreaL7DPtLTk8ZHYbd9JYGqf,2314.009115560000000000
D5RV31SSNS1sAXXycVs7i6CNq67xRfb965qfjQunH3RJ,2304.576338280000000000
9tqsJwCrdV6fK2opmR9Z5MFSrfqAqeotYDW6snepX7NB,2300.000000000000000000
EjXJY7UzqgtTmrUqZyxB61vATrksyxVhCD7Xq5poSPDz,2288.693241860000000000
GsUTgBa35ejPFFbsPFURmzs4KhbdQ2uxpSSRutahQhpV,2272.26743649
qJdefr51rYQ1YVmBxtLuaxzLE675PcdVpRjm5fgpRj3,2263.144987410000000000
9BgGtRkQhgfxWq828miSVsnUrrq5WBRpQhntLSyBsuzG,2251.524395160000000000
GrHB3J27BYkvXzjSuRbwA7mJonmF8S9426HHyiMxtZ3g,2250.156694840000000000
835MfKsXDVVfNAX4ZFh4rZdy52iAUdmp6tL3WiZG2D4A,2250.000000000000000000
8rCM37gmTVBsV1dqEMmW4yLtNiJPJKADQLFxwJxdBia4,2241.191944160000000000
EN3htAuLxaAsTYs32AnB5qrTwmu7rh7tjAJVM1HGazG7,2237.575701150000000000
B9J653mptNQ8d7zvTSnRfPhM1mixd9i9DoBspJipsHZi,2227.337986140000000000
BNajD7JmHqBFAiXvaVEfvmEx1xafpvtwpZULgAxAHrx7,2222.000000000000000000
HUbQNhFVUKkgWmT6wrDENUseWyuGLkGan91y8HUoDZhd,2208.429150240000000000
Hc67eQ8z6PYm4txqU2eAFqWgSN8R8oHW5qmacJdZc5fq,2205.007000000000000000
HAbJc2nCj3THBTFVp6BWTYvXeNKMcbqtS5YGBZ1aEKtK,2188.369254790000000000
7mdH2ztE9GJ2maKgurvQwhSXDYLHNj2BwU2HLq8Wnd6J,2178.974514300000000000
BCrAxx5x1Z4Sy2GvGa831xMpMCAcKQr7wZeHhxrt3qAp,2174.116000000000000000
HbTJmPHzjH82EzUxq71qu2oW9wjuF5sSBYmDApSvdVZ6,2170.000000000000000000
hAD8r3U1MWHGm5NSdULCh5o5xKkve5a7fNtG8eikrDe,2168.307808040000000000
81nMTUJDypMcmYv2seSDrPtMnQhtVMYm1GWVKSe7dTH,2165.184932460000000000
2vkDWehAfUEvjiTmCZ7pXRBY2uxYsFxJ2ppVY3axFKDm,2151.921031170000000000
CemgATWEBFNRdwcdLEsWRChyik372xfyUHn7FhXXoJrD,2138.676881970000000000
7yTi5AYTzJAMeTu2977VyK4M5W3KninfuyCUzMUHtfR9,2112.818949090000000000
GJFPMhdDZRDkw1L9rmWq1XXETgb9rEYJPw6Yk3cYxmwx,2110.183627600000000000
7cHiJnPYRdfJsGJZGdKC6Xd4AyQqxYpMdhTm1Q78T3eG,2103.492887350000000000
99RXPBWrPuvwPn6uWgEwWouxvYzdCnKic49AgDtsSrUv,2100.000000000000000000
9FFGn6eoe1wHRm8s6rsiPiYkrtBunch3ZN8wjfnx1zoB,2096.198751570000000000
FuEGdsutps2ta151jkEVCTEAPbXE8grFghu766ptjTvE,2079.352032840000000000
4w1ZbYegRjUGaX1Q34DZqvXtM3nq8eAUGszfxMaskJ4R,2079.215000000000000000
9kZsoursa72FTa2waEFan4t3VAktLqPPnLoRbdp1xiih,2075.871539830000000000
ADW21aMMdAyeZU664pfxhQ8kiB9JyfLovSbNNert8eDJ,2070.719667040000000000
8p8WnwHXehoAT1uAb3BNoFurAR5fR7xFjG5UB4NsxK6a,2062.500000000000000000
E74rbMcqj5xGTCvZmiUxmsLD14sz2Cs8qnk6bEq5S9RT,2044.335000620000000000
BLfxzREJYWtSyiVhpof82Jjnyine8nnBWoBKHCerUNHv,2040.973682690000000000
BciCaW9iCvjCTYhBN4ASCNNFLrJoWr4danTFraXLWVcE,2012.837821610000000000
Csj1ef7cztSJh56mmbwuvosg4yxgW2PHovVKL1V9yHna,2007.228908320000000000
D5HKkjgv12QU1kCcYJWkwjQfakH7G1T7ARJPKnLfUHUe,2005.000000000000000000
TpDx4Y4ndytayD1hSCP6YFzYizn9T4RYduSJ243nEK8,2003.245354500000000000
2MkvRAEV5s8DSuovRSVo1o3wJrFGC6VavWmPoEdYyVae,2001.000000000000000000
7Bj9sMNaBLSHqWwqAt8KMvQSLCknMWadfbMLRk91SCK2,2001.000000000000000000
BBUfiD1bF1SGSTCJWLhssjRTUaU3dsttuqXJbfxR4tbd,2000.827326560000000000
3opxnexXVtizvnLHhMpgLyiQpuwBrCFxvmDGY1PZvLPs,2000.000000000000000000
7uT47ciqBat36K549ZsKzsC6VoUDhR7siqyBKQXnSZg8,2000.000000000000000000
8oz4cgm1erj8eudfpf1qxcnjfk2kz3j9kqpox2bphue5,2000.000000000000000000
A2LeuJNJZi4G315vbRQsrfkqcEwqraYGCfrzBNYLs4th,1975.672072550000000000
7vxW6SWuUwhv9MeYbciTo5zALiT9LciAxCrgdp7y6emo,1968.500000000000000000
GumGCXJCkRuf3XDATdxpejoR57M4iT99rUsajt4ppHK5,1926.408158060000000000
qZ89RGaU4Mi3d4rpSNRMCV7dqzhW1JK6JedhEUJK8k5,1925.171122300000000000
71A3q4QnVvQwUWjyYQER6W7hbD6fGxGtShpubQpEzq2F,1918.106023400000000000
Ea3hKJcBNLwvTBDM2YLtJADzse7SbHH3tgyzLizVAwgP,1898.549744240000000000
8zQi8FdzHABte2hHqzsiQG7YQNEi1RxzrTQusHPYc5Qa,1893.075978000000000000
F6QobRbx5WW1hbnk1zCFwHiVEfPbLe9Zowj9j3eXj7KY,1871.187375160000000000
BdEJsipiqpXPAgWhRD1NTM6nind2uY2yT6PqdZEVPjCs,1863.667535170000000000
j4A4eenjTBRqxB7SvZ3PC55xZkk3ygAF2fQkQ4mFXMC,1860.000000000000000000
4S4vpTtwSEzc19s2SkfkkBbU3aC5BAboBGaN1GD8HNom,1825.000000000000000000
HtwP6csupZrFz5DA5RYYcARDvtsPAG53iXvDKTEfAzEm,1819.566629230000000000
DD8g9UJ2zesyXRSJCkrLEVwFaCKeXmR8Ct2i2sV5VZM,1790.148055200000000000
J2xQvWGxY8Lyq2c4hx3pFZAqXhzpcjs8BpaLnoUB7XyH,1783.530160950000000000
9JCV63G8xR2TVshZctv94xyaQgDiv7zoMJwHoMh893cg,1780.000000000000000000
7VhhRwUA1pHr2MRiaj1MkPz7SvJbUkfPv5Qa6nPHtjfN,1771.895313910000000000
DMuDrMbA2vszh1DL4yZpJya3W3d2LuWydFQmtYmbnjNk,1771.465213940000000000
5H32j9xuw5JfdytZ47zF1a19rrWN5qniE2oEzJtMPFcf,1770.000000000000000000
Fj2T38LbLgU84k4aEifmK6BvTcZs8fqw89hiLp4BYvZ3,1766.000000000000000000
9NF6gHFzvw19x6eVuSpfYdHqTqGqxdGWowPmMDXEWtLE,1757.317509440000000000
5Jwku8MmibSsMpTdH1P8p9ieXgJkXmntZM9WNQxyRBqq,1722.334479900000000000
6SXc6Ei1r4iKxYaze93jnTE8RsF6K5HW89fYNDgNR5B7,1720.500000000000000000
CNPCRK45CkV5hC4Kcs4PdpYMHkbFBgKKtW8kzRk229t5,1683.342593510000000000
BJiXhhbmZsKXa5PZ3oPn2CCopyZLhyQMRirsWNsJ2nR3,1662.498484240000000000
BQyXsdcx2QmUCrrAdZ9VjvuM1puym43hndgvpdzgv7t1,1651.427633540000000000
HrAA2xsXKBhBG2cGSJ65VRpmJ8hvUp9HppPa99NeKq5Q,1639.067380540000000000
977kE2u89stZfXxjT3ZVQBsza8nDsHzoVMLztfh6YBgn,1635.733000000000000000
3HDR55CWaoTvJMtEvfATDwDemfC42aGwAob7siCXEWmA,1631.088868020000000000
GyQ1UdVXPJEqeJymsC4Js1bVffo9AYfu7HEidnz6cqTn,1620.000000000000000000
FqxbovW8yb2jwaR5MvTL49egq4zoPfEGvd4fAyr2YL4U,1619.861620520000000000
H5bNH7v3DM3JM7VxnTpYvLu1Eb822c2QYxK9pHVHkvKE,1603.934000000000000000
EbgPJYadcLciVYP2DCjzVFACNWRgbWq2zDVmzHYECz19,1597.848594720000000000
A5kj7hKCPeDaAHoym5doYqXP1Ub2qa5ogo1dueBYmzep,1596.000000000000000000
GeshXfuXsxSdeiAJHWxM9GHio9LGJpDP3CLrYWHWczD9,1593.145336270000000000
524hUHXjuwdgwwEzfARzixUqreqjvyL4T1pkGX3fReBF,1584.695568840000000000
D6Qe6HKtyWYn4xXtVe313FQ4wrDHtiFMECY3yp3buyvS,1562.063058990000000000
WK2veLnSBQDRZnkvZs2GVyKn2vw7JJY7dQatDtnCHuN,1559.837132600000000000
2YTHBeRHjxuV8U5iPyJTr6LCAmg16fUjGgNtWqND98N3,1529.000000000000000000
EUrBFAbjcpNJ9nUY2pDmebXyKUpLozDQypvzZfhVk5TC,1526.938052270000000000
GqVLSYAS7Jgoiti5xNQvwQxm517vyRwAKyvrBbLJf4pp,1522.080453060000000000
A6y1DigmgRcfLDicvuZRF1G6yduS29RHrzNXMRgmcQRS,1520.000000000000000000
G8b4hPheBPfhyn9Q7Mdxh32LPVUBMsBypTwXJf5Y9EEQ,1520.000000000000000000
22K2wHHJvuHuYRV5KZjwn3UcX49nGVEEjzTXCGPrCdp1,1500.000000000000000000
81QK2gcYj1FNNeuujH8bAacDRA91uoVXo1TBE73Qy8eb,1500.000000000000000000
9un9sJ1baR65Dd8VEKUgfVaXxQs8d7sQRiYA7sJdLSGm,1500.000000000000000000
2GZPAEtb1VRvxsU1gv4V7TTkLa9ZxQDtm98FVKEDcEBT,1493.433161770000000000
BUgsEcwNJ7L2zFEbiYcaXQmPHZhYkYRLcJGSM792EuCK,1485.400830410000000000
FwaMvQDku4zVEoU7iQFsSDceBhVSmKzcagne9pJZtUPV,1481.496502940000000000
EGyTy28qxcYcm7Kui5X1yvBqGYFcV4Q9P3FUafjHxuc6,1480.558980000000000000
BTrX3SmVosqXVFopvZRtvhCdB1A7BZsWHEfSoCbATVAs,1475.324743950000000000
BuxUbBh4D7KBsNXRo283nihaQV8wZ6QDtudwrfyTAWBP,1472.951000000000000000
Zhk667xjhpYpJLCwVmfjXoDoGgEGrfNhYY9DdTV1BCe,1467.777093620000000000
3viAFGrBhi2thAXBhomFjic6inhETC9MtkbV57bN2MBb,1467.731097250000000000
H9dXLSit5NhWyefhPSUppeXwYN6NiwdLmvpsLT5ahLU6,1460.000000000000000000
FSgRU88wZSiLjDtFTbLiRBZWivGgByKScmsYohNVeyyW,1457.042567510000000000
Hx5FQ9tnbWXtR2VK84sZC5oad7AkB2wZBTXEbKPbnLfA,1450.140666480000000000
3YuTdnB5PV75FMgzAYyQ5NbkKr2xS9MaBh8TeUxPTAdt,1445.764716780000000000
HJy45FVsnYV558N1RXme3buLWzYX9uxcK1nRztqrU36S,1442.322325400000000000
6pTYKMeJpo4nw7ZbRfGoQ2V1QQKffhZYNbWVQwHgCZ9S,1441.089864570000000000
5mZ5MDUCmgR3SeCthnrXV9HperAJ2CjK5PckUwtfVH2A,1440.676000000000000000
9Xp4dTr3cHffuskK9QEqLortHbTcwdmZVx2tMZDFhYNT,1437.337432320000000000
3HmtxEQdxjQNHDs2EQ4sMSxEzhGL2kKQDErAYu3ain2C,1436.532054630000000000
CRioc9XTEgjAHZH2CpLd4gdGUjTcF58B6LJGbxb7YGyA,1435.621407980000000000
JsnBReSY1SEUXx7RYhcJ7mGDasx96cZJGJmp1ccpVEW,1431.409840760000000000
65Y9tf35ooufLakY4i48nztnRy428gw2b5wuDDFFqtwF,1431.050000000000000000
3Mi2mAiiK4iTMJJccvPRjg3NchNnBGLijXjQD68gy1Ts,1426.321513680000000000
HEYM32STcdDcji2Vz2zteWNc4QkY4pk83f8xsEJpvSNL,1422.808722310000000000
veWfvbnCX3BZoHuz7GNnMZCHGBXq7enwRrK56FP8Mhk,1397.653012310000000000
3UtA7mS4QdvcfCctTVGZzYQZNeXAWpzQgHGbvNi7HoPC,1397.275811410000000000
78SnC3AM4xf8GCZp7TJJ32yD6NmhoXXz4XW6Xe2Z7YXK,1377.540209090000000000
Ai22U6DprSCBMy3JL8eWbP4WBwkuddLdD6KfGLzm1dfc,1370.027285140000000000
8YwFhPSz8yZsr9kXSw4DPEmhr7uwTfiafgqgru3aWg1U,1368.800362420000000000
EG7nPCazSPCmtPoCYTh7ShftKvJoYk5aYxYsyxqqQJyT,1361.016758330000000000
8ESmZg3ct8it9KBcKQ9sdVxuA3bXw8d881ywzBqADcLw,1352.346001620000000000
7bXY351s8WnqSiGNNppmXW5aCe95kgQfchNUJHz7LD3e,1340.087405290000000000
2L9futG8Z82MppxoAWHVdChcwu3anF9SgTm6sYnoGqNM,1331.591633630000000000
4DmZFiKcGpbQ9SMruFncQtxsdYdESwJYYsBqXSpjRiut,1327.879134980000000000
JAy2R4WBp1CE82kT2PPgGfy3hheA5dAa86QwAir4htCU,1323.665000000000000000
9N9ZuzZpZy7XkjgyySmNC2UGQsbyhD2nYjvMZwN6vtP8,1320.000000000000000000
9QUKtM8NtmyNUR1z4XNjapumJzfrmQqiFe2K6sdtKUH6,1320.000000000000000000
DQjwZRi7dbxdVs1kbj1jLJ85RQYuzpNK2EzjwPjJLbVb,1317.879186930000000000
2pHvMxKTH39aHZ83BwFLuULgNBC6J8dPFkqHjJ9CkRfM,1300.000000000000000000
DBb72om2wQEWCmk2A7RXvkQPmPPf9GWmEPNq3Z3gfA92,1298.160323370000000000
27MGCUMnymnZPXCFp5tuQwt2RivPKrp5A2TFGbRHoKD6,1297.070594760000000000
2Q8tAc9nrQca3tE9KqhnVc9DiBsDPQyqY24rnbRVYv8E,1283.799347350000000000
BaJXAbrqECF6UnDCjgiiFP1K8mQqqUfEvioW8cGqEUFA,1266.776909100000000000
AFCy6Pgze8vNWH8epCkLTzHrkajXXo6XtBoWLGMJ1vx1,1264.203416970000000000
6pHvZsskDzRFfdJ4Ct5J1kPV6eVJ1Vapx1kVrnRpG7vc,1260.044099400000000000
4BQx2XKdwbzxKzLE2zy7eoW868eJWos2SfxWRQbwoJ65,1260.000000000000000000
13jYLymdhVWdYZaxR6v6ZTbmMiGG9CLkHWc3UTKgRVgw,1253.625000000000000000
HhHcB3QekKnYprqJxKKB4SSxPEjv1GxNp5WsyTQngKji,1250.576903180000000000
4VDj9bgQSkTPfbrqVSMjGkiinpNdXkcvNTjAxrRTCR6e,1249.248600000000000000
H2qEF1TdLpKrPJFVttismeXKawrGGDBw9vaB37R9kgea,1237.474722550000000000
6eshbh4RY2G1iuuMCzvsjgB4AxbLtxk3F7HATBLxCkqv,1233.692180020000000000
Fi9erLR4ZXZZTrRvwaQvwCw9EXP1skyyZF4c6HpWgbhH,1217.982000000000000000
HVG6GrNNGPQF46SewFQcyBggfMM6PaHtnYPo6RX7LoUS,1216.966543510000000000
A2sCj2TqmHQrLiujNkzTydSwMtqVYLHUkyWYGX9dA1fD,1207.970101010000000000
4x6eMnYR22kLbQfsPekcMySZQYTT229JRXxdxw5uLihL,1193.380729890000000000
AGRMHKHYDZCitWqtBSQ5SHFCQYZn3cFV4NU5MDXiRYQ8,1190.900132680000000000
3FT1NZzL9Kq8vDH7Z2Yqb8qQfTD75avXLbzmAxU4AYTu,1190.868747240000000000
FPYSGB3U4TkKru4LkNAwc4k9QoftpYnXaHHvaw4HMao6,1190.420845020000000000
4e8Pxhv9kBrqd3rCXUG9ySQY16dgeANAmQWvnXDXabMd,1189.738171610000000000
8DEPoVo3ayEgz3XacNwZsKMAbePchmrypTJtkTLycDSY,1189.524562470000000000
A7nxwTF5wgi6CHGsHmEqtrNmSjQTzFvuxxxnRCNT5D7i,1187.500000000000000000
7958kMYg5viAouYPH4c7s8PqDid1Gy2Sv2c1dudbd7uk,1185.786935650000000000
4oi9C1hYqELX83UjbndjcdXyUJDF5gKBu4ePxgYv2zAe,1181.536000000000000000
6nobKB6oR2YKwkHfrSDQj48xjy5sRKf3bAjDn3Mrh4hh,1175.747531900000000000
HBcEeyFneQ2KXWWM9fUTcLtHYEWPhFABABBqFZzFFxsj,1162.157128540000000000
FGopLMfJ2JKaXJRnm7k5Sb82R3ZqBtXSjXnTZQmiwgTz,1158.154506110000000000
rPo61MuMYTzSRwby4oBT4g3ErnNMFUhXhExgwAo1aCL,1156.925919040000000000
3tWc3LjkAZ7MW8zMC8MQPguRYS536xLuPPBnoE5vtz66,1154.353578980000000000
F8GqZsDt4bNuRdDPnkXHw6XSrRYPEydH8xYHn8uH9Mnt,1147.778000000000000000
EfxWq5iKnA85iMif2bbtyDGZMU2fgaYJGqePpV4kSGW7,1147.643000000000000000
5vGh1he9NpyDJKmFbXukRurB2SVDjN3AaL5wGM6GbrLP,1146.000000000000000000
7Yin44bCduxSGsztK8iz2sqDiKM347ziAfaq98QpwJKj,1143.000000000000000000
6bke53EN23Jpy3qGfqmCxfdeueguGsi23BGZ3MaB9GV5,1136.263846480000000000
52SoqukEdMAnWAudXUAKKmrs1ti4tn9Ci1jpW2qBrSSF,1136.225000000000000000
GRRYi7otPrGbBo7K1FJsffT8KJQrWDBn4G3R7xkCiHAE,1126.300688840000000000
CwHo7PPq1Y92j362Bo4G7qT263zSgbE3Vp8rhykj1Y1t,1120.063887170000000000
BsxP6yiKgLxX2fDA48Q2MtYUqSFoAtdCb3KrnnDJgEHo,1118.659731390000000000
4sVEJTf2e5JmKETQ9LXZ5CEk6ppfpteZJLg7LdRcoiMa,1118.387927770000000000
BVdcoh6itnHjxBdvs6HBvp1G8aR99xXmVpmJGk4uEwt5,1111.358910180000000000
86a9VeyHaDxNft3UrtCW64NJtA67gZ3fkjhiVUMQJxNW,1100.000000000000000000
GaLqzXRqDbdemQcHXdNYHYTcKwki8neJTrV4PmVib86n,1100.000000000000000000
9zi23NqZGbb9LFeV43GEhHhuXYY7jYztSDSzfaYN5TAJ,1095.410000000000000000
3WzRUrdmpWLSkY27VrmEHMzWHrf3KjsHmnT9SSChBxYG,1088.109325980000000000
3cNL3wyeECFFSAkzdbDnPzLPnuaU7isN9jJDXM7YShT4,1085.666436750000000000
4Zbg2CNCD1hSG2cNyoXHfU58mSS5uvyy63dJgySq3kSH,1082.366030000000000000
1fhcxoyoiP7bvDhBtdPfJFLgVjhNfyQxd4ZeiQxG3sz,1080.871524130000000000
B4VExV53XGVLMFiEBRyDcsNTpQ1hWjmTnumpa5hB9oY3,1074.848704080000000000
87HhTnBASXZas3nzY8VhpLokggjhUBJUjtJavCoAK46Z,1069.130782270000000000
7JQeyNK55fkUPUmEotupBFpiBGpgEQYLe8Ht1VdSfxcP,1063.205796430000000000
5VoRyoX37k2Gr4ErZLCeRgR4qrqHRt44BpAR5TAQFuoU,1056.401161310000000000
F7U3MrnsoZ3umLTmH9Wtae6VGhnWQPRj4Z1Vtv2QSRFs,1052.935983020000000000
BcDguBfqsWb1V4ddxbbrGd8FGhaX5pBo9HZt9mtPMvKR,1048.483172400000000000
7sr9HvKuajAigH2EYsfbckAs5txU2rFTfGthD79o1pGQ,1045.170242980000000000
7T8VNC74bTK1YMcoRWtmFRA9BrXVRKYBFrMyKvzFtuMM,1036.406640000000000000
J51uZJRb1quAWawuB1zeHNf8gCnSVnY6uBARuZg9x4Ji,1030.464075110000000000
C9oPshFVkAgDKCdT4eftSKV3SnrvNuzWhpXSfnR7LmGv,1025.332346530000000000
C247X87Z8xRhGqN3bhjtWhCnvNzcGQAfDTFtAP7QmoGv,1021.943760100000000000
5ZUgwGBJMHG1xucLhRte4GP4vA9JuGsGd1nv1bNHu7HN,1010.876000000000000000
8u7NHzxRhKrmAZAV7L7KjQpGnDhChacnXn77R6vjtMY,1010.575811060000000000
F8fS7EZMVWS1YtUvYbP3JaRfkxD6SfBEHQKkzWgof6sr,1010.309161320000000000
89GtGmCHycuBgdoHzxs5HArq8F1KZ25MkARqh96noX9P,1005.609288590000000000
8CsyGhpa2K86znmFJNNAw53KnxaUcFZQtqt9AU3AbKSx,1005.105632900000000000
He6YuKFHjPV2LfN6dbK2xYcfJNmAp9pJ33fL3hd7TbNP,1005.000000000000000000
7e7S5SCCLe8chP3b14cUz9qQxKaokMsEJ3RFmZ1UdN8y,1004.034000000000000000
7fm1jAHMgBVJDbVChzu35L99vWBepyzWd6azvaudmBmM,1001.558983330000000000
4J5rDTvRbzjuKkB4B9rvNEvDz6f1BEBzUVT5mdctKHoT,1001.000000000000000000
7sU2LZbZDeoTneaoUeamkF7Rni5i327q8KpK7Qbr4HsQ,1001.000000000000000000
9HLb8fGKGMkBQdU41tjKnpa5ZRFscS4ZMoqFxzC4i4KE,1001.000000000000000000
ADqyWpPKVYCQbCnPY74xusM6JXZ64Rbx5iPL2AGjwMyu,1001.000000000000000000
BQaNx1LdG7YsM5FNCHYszCDSeoXXEmjTgvaQzLngBuG4,1001.000000000000000000
GSocqeQvQpKLJ8juFNzaSKNXubv3zpGtLHM9zWELBxk1,1001.000000000000000000
jz1RPBQEEgroa63tqPfNWDUgEoJbDzLgz3TthDMHbB1,1001.000000000000000000
Axxayp5pq8t9LCA9K3tFDsLFB9SBTZycvrfCs2QANURN,1000.760007620000000000
FtZDGQxxBXEieCKvuKk8eNSZjMnpQg1XNWdVAG87CKcC,1000.690492330000000000
8K4LYcEUt7Wpj1uDMFzBVgBJo31zvKHQ8ynpruCtuibN,1000.382761110000000000
8J6uSuE9DFfun4oxYNRVQYKE9EurKDYW5zBmPeMXTz7s,1000.367934020000000000
52oeqrR3xhmYo6Y6j4cHbBVMsrkPtpzcQXtnD8bjHGxM,1000.225093180000000000
2mfWHbdAzfL1CfgnNhF56CYAJQXWK1v3JmSiPc94aNSV,1000.000000000000000000
37fUyWgVh8vSqZqSbYFGFKRKExnhpkRg4ik2UZhfiLDj,1000.000000000000000000
3DjiUjxbmqJp1rxmBGYqbBA6KpupD2Lo5qFe7UCLTkqJ,1000.000000000000000000
3EGUPGfyVgcinc2zBfHdhDzMZaLSFn6r6hmMcFxY29q5,1000.000000000000000000
3Mxvip5XKESP2kERRBDoNhBqe1ptCdLLdHZaKx626aKx,1000.000000000000000000
3UQstyQp3rxcWCfEMxoJhThCikodP4w2DBesfGEU1V5H,1000.000000000000000000
4pjr74N7gktjC1ELi8KSD9LbgLqMDK5HZ8ueQ2bQQRxP,1000.000000000000000000
BW2V8ps7YPmaacBjXcrHxmbHoyeJqaWoxoihfQAqP9eJ,1000.000000000000000000
D9fMcChZV1BoCutaRXrQJd2ur3EJ9QBqVGqArszZoFpw,1000.000000000000000000
ESTwE1H7jtZuCRwooXaXmZVWbRerCfP5XyCrJeMfj66n,1000.000000000000000000
FAWrviQgfp1XqMD4RhBgmitoNQjmZjHH282aZAoufF8G,1000.000000000000000000
HEZQ8FzgX2hBTspCSuTSDohqB9fvr29nTgLKF23sAkpw,1000.000000000000000000
imhBx5LXEGU6szQx5UNBwDhmW8v9emgzr7FbevH4rEZ,998.000000000000000000
52RWvpgJdeFMyGBxqboAMAs57XEJNgVzxVEkamTyj7Jv,996.000000000000000000
BmCxzLAUnpCMxqe9hwZwYUZRs3qvk2h4s78FMzwzVRnb,990.000000000000000000
4Fz9Y5oNY588dtnsGytD2kzubcyCZb8XyC4TF89Bg4mw,988.941489870000000000
GANTP8E2iBgHHgT5fRedWTGUPkh13oWZUxRysDEob5vG,988.196868850000000000
HDsumvccAaR1PjZne6hBbN8aeBBHxWUcMj229BiQQaii,988.000000000000000000
FPYhpytto1qzUTuSSUeg4M9vsUfSFVpP6HfUYTB24BWi,987.127649550000000000
9s6d7KWdNVzPot6NB4TU1Q4rJaf2yESf1mEFcGqiynNa,985.000000000000000000
CNrVCufXpRqkQdoeGSfJN8nA8JsHnZ3gowXhRSeeoBry,984.162182080000000000
8jh1qenCu6ZD5j3fYC3EVCbZoqcS4X5qSuXkKjbBrtMd,983.000000000000000000
69n87qMWy4WN97busBcyECqdoWsBbjp7oZZV3i1txf2q,981.000000000000000000
5XSsZm2XoXsnXGERWNRWRZwBkqoK3LZsANYAkf7gVpm3,976.000000000000000000
AfQ1oaudsGjvznX4JNEw671hi57JfWo4CWqhtkdgoVHU,975.778275110000000000
GvorsaQgF1Prn9FSZ8f5GaZon6BqFvzq4iSbmWXuxBCj,969.000000000000000000
BubGuxT3yaimTqxg3GFKYuFFdW45XZqzwsvQT9shu9G5,968.151074370000000000
3EJGCtskaoNi7peYWoQFXCD3MLj2SqCzvJxgBjHrxkMg,958.766546210000000000
ArMvPFgA4wx2unGc9GhmCJ2QbpEVHUGN7s4ekhs79iuc,954.264752800000000000
3XQyzxx98heBmMz3zSFXsoyrqGkY7QC2LimT23amXyMW,950.915004540000000000
AcbcPPednLF2sieyG1NufGJudQjn5o4yqRPjUX912uJ6,950.252603240000000000
EmKNSNYuQpD6CPMqRwQVsXUqE8E1oj3yFwMk2eqiDQgV,949.304179930000000000
HAUsXw8E5fbXGjcsETmvUj3psrVkrPHZhUoBx9YToHgd,945.528657100000000000
C67eR7Tkt7KutyB4TwW7mTUXrqnSuoyYE6V9WzapD55E,940.541000000000000000
6f3wpXqawxY7H96w7ZUndC3ssqoMtotc1Djeb3HYY4ei,940.194453690000000000
2mSeU55dkFmdG8hKF5LQcJ8kArrZtetc5vwbopZ6yppH,938.000000000000000000
EyMYyM9DHmBtCSbhZ2HDyTZHpmWQNrsZgm3y8MhXgUB2,932.576000000000000000
ChTvJEErxKzF8ZE4yT3364VdgKFzQBGxKCmYBXcGJxxX,927.571784490000000000
HegF1JKM5ymPbCSCZXPkTGCxCHy961bPpwUNMEQ4qAQU,922.000000000000000000
AvFJrTtr71gaiPK1A1a7ZcxVBm5L2vaS6uxSSgtyE9mK,900.000000000000000000
AWCuLHpRXHAEXqBea4QkMAs8DnahB1r8xKwVSAchnNw6,872.726679320000000000
7wLKsU3qHhSdsJYR2jYSFebBxwF4DKpXwNVsx85msV9a,871.936296390000000000
2MwSz28YhMtB2Vjuu3NmzZySGXuwckMwGcmwgfBBjbAX,870.728575180000000000
FWqYfvRCbPbA9rXUgEwhdBKLjPkrVodMDrgntVZcEvi6,868.204755630000000000
AXo2DSD95iSdbJeejv96ZKpTFdXzt56VvGCryAoWqbLH,862.264510450000000000
GXQ7YGfbWeWw2cW82WMb7sMtRtyWQgK9kzzByvjydesp,859.364000000000000000
FsJedqQjryno2VEq5QqshpQPxF8CTDchPzYdKLGFqMUg,858.271855530000000000
DfXYUr6i7HDd5uraNXo5V8cbhu1BDVmY2rc94RLQULq4,855.392392920000000000
6SxY1YJimBrCFgZYtimEWRhVebCJtH4XkJPFxtcoNLvW,843.44042934
CXG85UUfMhLZtrFEm5yhFNjQvvpvVQ2M1eJnefo3vmvf,838.229700880000000000
Hv4FDQw3boeLhy3VKjWT2wQy7ENF8M7wJm5BmZP2R62D,837.891208790000000000
Ak8KmuzGH5mnhasdPQoh2rykGoyQSF4y9t2Jo7T3AAGK,837.859501780000000000
492UD3f1TtEVsypenUP9Pgj5P8jtNrbv7vCxLmuAiSRL,837.647665970000000000
5s5r5F17RopqhD81knyqdczZgWZ7VmTrvQsExFL817i1,837.540849320000000000
ApqqCnp9hDZznHaqfZJtVQMhU8XYsgiAu2fbDbUUt8U9,831.971155720000000000
EWijWHNxPFUSW8kpRbKvgui7p1VXXdX8LM8ziwfKt5sV,826.145958830000000000
G7CVNj1ymHRN8EZbQZZ6DpqwRVWdXwpgvo6ahmgXvRYx,823.137603440000000000
EzRTwz53mem7DVv3B5peeiHNUJD2v523aDywoRKj1imE,821.923463710000000000
E8UnqJSF86F9EzCF5mtSbvNgfDS4F3ffgEMLYAvzN8Mt,821.712576530000000000
6ZVqMnLKX5ogz3cB1V3TadYinUDvQbknRyKjkK8zwQSN,821.627414920000000000
HYrML2ab7nRBwLhjeF8WKR9S4bjxQNqwRs3DZ7B5nbCg,821.377366360000000000
4YsiShQouYqjWWVRwurwmaRT2J7Joybou5EwTEVLaS3j,820.000000000000000000
5kGiVuBvKM89W71PG7NAFHnrHCZmXXGqwWXvYDwRk5Sc,814.367111830000000000
3N6UDMLcen2fdpJ1TnvsagRDtFx9MDGfsNAPeRZReMzF,811.000000000000000000
5kyVjpAwZVzjseMofkQEWqDX5saKh63SuAezUN9XKxUL,809.853361680000000000
4CbUK4cJZCpkFocnMbYQGAZvU2xjQuAF4G4FGkCnv5Sq,808.667840490000000000
82b943vNi82oieKnZusQcmEhbwq7SrY4E2S7WDucoKos,805.825441000000000000
4EV9MiDzi3bfY6FVCZdpwoMK2erinAKBFNWAAwxnJhHE,800.564409760000000000
7wfvPsyXAcefENv1fn1svLtsswbA3EsP6N9JjcwwfbhS,792.000000000000000000
9bTjX73N3LwwaaAnAgXu3eiDXx9ZBjuGBZBo6KNP6rp5,787.646831680000000000
AkTgH1uW6J6j6QHmFNGzZuZwwXaHQsPCpHUriED28tRj,786.520329920000000000
2MwztRKJ4fV1aZhFaAMGJWNQzVZqGsUsahRJ8NSnKpdW,783.591023330000000000
H4t4eenVGAtsuNLVk7n6R8G64jX9mwSv45yLV7YBETt4,779.863885210000000000
CEdKvWsMV6bN8e2dd3sSDbVcqs3VUCx2UEVQy1DZe2Xu,778.185087910000000000
E64hikThKWcjs3cBkTWq9J3voM1UTH2pvAhn8WU3VsL1,765.563250000000000000
ETmGetYWt8EPF4PN3dkBtz3FKLgLVbKtGUmmrcr6LhFt,764.246357600000000000
DDM6EQtz6ApSjYWfVMA3JHNRjRrKkSy9B3bnBXuAeBUH,758.016811490000000000
3bXebvZJ2cdNsRuky9fqbPDYPzLmo6agUzCo2RPW7Mmt,751.676221730000000000
6bPJxSjGjczhDkapyxz33nDtouk4ZLQKRENWnStpM1Rz,740.989125610000000000
CiNYTDzJoYxFVMpMGv9gp9vyLVcLC5rvuaf4c4ytEzka,740.079950230000000000
2U1tbWmLSMV4hvQa94JW3itAkXVLgVbuNQQSCQpmDs4C,733.982000000000000000
5fQVtna9UmWNHgiJMjWV2Z7CW1EVDxbUhKSbU7wjwgDe,718.476102390000000000
2fFJ5X7oQLJCDJ1b8oKE9y3enxSh7c5ASbzYgCvBjWce,717.068007270000000000
Fs69K2rthZDdE2vt9zLPXWtS18YzprRNJvMdRnU2Uswq,715.885885010000000000
CP2PxZxA2A8KsTp853Si5w1dbjB5346jc1MKXtozDkAp,706.788611090000000000
EEBVWeTqxzoonFZngrA7Y9oPSbDyXKz75fh3XXgu3CuH,706.184497860000000000
7fpChLeRWFEZsELtMDhHTB86NH2jLAmb2iBaszC8218N,704.664000000000000000
4twhoQ4d61WiNxCndsnpy4sBGZTjtiDUmi6t2BNiGS7h,698.551560260000000000
5Y4Pw18Ecw72VoVCQGj2Cio4nHEVgw1uoy18iY9E9jVB,687.863732000000000000
GyY5ms5A5xCgxqi9upYZ4Sb5NG4JkJSdktxD9tFii8hS,687.727192130000000000
JAitwh8kKmQg6GXZeCfUzzdtc7h6Pw5awYS84NQXYZez,682.760000000000000000
2LrDhGD1ZAGkbwPsdL69a5TnLX1oAr9xjxNbX1neUK7Z,682.759702540000000000
5mCvcj2949yHidcvwNe11pEaAbxqLR8156GjWqyJzHVU,678.205417410000000000
GP8StUXNYSZjPikyRsvkTbvRV1GBxMErb59cpeCJnDf1,675.585421490000000000
J2RwF1yQkutDhwUYRhz4dMArMu8D5859DzNGskQdJggG,675.275928130000000000
HSYH6xaF96STUkfWCRGDAWRrwKCTDPKiz4SQ7M9mLKWW,669.459432610000000000
C1oYEnt1ErkjHBBmoDf22TekV6MFS3iud4PsuyTiTmm2,666.192000000000000000
CuLJNPN5suQRjh95ZLTLLYu3qE4uCQ45BaRF3Drqocqh,662.011658090000000000
HDy3MNeMzWZuz9iZb8SBaDaogtXEFNfEiYtqXkNCTwMD,661.949542680000000000
AJkRDEVuaf49EyWJ4b6jXNhitEx6nD1GQ1aS2qizdR3E,661.144527340000000000
FXd6DTLLCDfTCgqKn37Pg5uQGsoMCTMckHjB7B3Y44rh,658.220000000000000000
E68Urf6q1ZtL746KHDbKfzuwLh2KZiqBNaH4NgsrUccT,656.440000000000000000
CktvA6Z6g6z2jsJom4sQw6Z32RbqKfFH9fBKU2KQP1UM,655.000000000000000000
FaGou319gXRqQr9KBhgeRtdm4aNRkmNqyjXAfysYestZ,650.801380210000000000
GPRykmbkbS7kfDWfVsQmXxbw4VihXs4ybrhYJHnZMPm4,648.132000000000000000
4v1i1hzJsK6em9KTBENs89XMSPuCZMEoCq6w5wqACzUz,646.000000000000000000
E9yJoFrdRayfF4Xddxxc1bqRnoPG14JKEYEG78Rz6gfy,639.842000000000000000
79zrbmtz7RfiRDb1Ma61z7madYQ3WNtAjZBSUdG9Vm6v,639.344167660000000000
FLxBPWv5ArQ5inSn8orAqtRTyjvxn2e6mmcPYeuJ3aF8,632.927000000000000000
3JWEHLKShwqjFhdZwvV31jD3XSZLHy696hYDXjjxc6GA,632.714407830000000000
BVekREe1jMWf1AYxABXA9TGEf4yBhs1UrVga7BNWBt1M,630.240375210000000000
AsZSz7PhsUAGCDgpjBx5YbcBJvKwF4MJ4hHosAMJrahX,627.583974540000000000
1StAVMdfqCDVGDKsxVAb9UYLC5zfXKdnxiQbXYqjPKR,627.365987800000000000
HiYAKratUg2DXNMFDzgQvYB6aiHWM4jnMQzjfVYeHXsm,626.888558270000000000
SCXyFSmKeumNbBxN561FGdq1e9in65GmmtK25VxKcZD,626.193141010000000000
HHiuDnKyRgwEG5aj5LyfgAJxKSKw3Zw2o5Lf1pSKopsJ,625.000000000000000000
7UwUod3PFaXT5HtL8KtQq3Y48W8Z4fziCJ66vswD5UvM,622.601000000000000000
GTxYR58o8EfNfzEf3JMyWuHBwML526PzHKeT3vjnWQmq,619.392069190000000000
Er2rjAuJMra8ZcKCHtBqKm8tgjY8M67NeMpAGYhTcm2R,617.593282650000000000
55CTuX6W7raaVkYkX24gKpvcCuoXEKAg7VsPNbCqXBbY,611.337436920000000000
C4kwavbu4W59gyGiE73W4Hp92ftCqw261NQXwXfxam38,610.138380570000000000
9g2awLGdqjVPDPx1NRnXYv49nHceb82oVv3W2CkD1wHo,609.102439730000000000
D7n5PZdLdqYs2fRd2i8Wgkp91mBUY5Lm1GD9yEByQWp9,603.981171050000000000
AxhnApZYDuFRpM8WsHa2QGzPnYHsoH7A5TvHdo2ZYL95,601.510564130000000000
DahwxGgwhCprTQSssZow7XvpDECf9QtXVb4hr7m1HW3i,601.217454320000000000
3753riHZcptonMRVarEPHbaJz4g9hWMjwUEV3dq8xHsq,600.000000000000000000
ALzhhqTFwwVWLMWsjBDFxydSCem7wApkHTHkq38a3JvD,600.000000000000000000
Cj3PfXmw8t6cvEaNkb6gmbZXuimXUSrXzJPLT8D5fQK9,600.000000000000000000
DorPEJRUUgZyTcrZsvpbvjXMurJcaiMYkjM9BhMRoJTb,600.000000000000000000
Epoyzrkgqrokbrz9fj1uhfufc9fzxw4k9tyx74f5yj62,600.000000000000000000
EGFCyxXfhXh2XY3ayE5YiEf1kVr9enoTaZ5Bekn2Yhnd,599.620563440000000000
4qyUVh3rGVYDhCoMV2uPXa31UYWJ7gSXyyoHgkkt8GkZ,597.652718160000000000
6ooVBXhnqAXaF91cu49YmWhoFuE6WLdZWTwNYvTuhyBd,595.298139290000000000
F8knqNvNGjVDRL7LKr9sLtUivQhyoAbKJmpuo7DJpQbf,594.616965100000000000
Ef9D3Ur4E1Hf65S8bv3a1KUKGnUs6ymHhHFjeyUpUW9i,593.915377220000000000
HtMdDNY6kJmYdWD1rWBxYsG7eM8w1HtKmJNQHXQkanEJ,592.000000000000000000
GLP3CTdgwt7Y7eABp5eng75JZX76xp28CnU3J5DYujKV,585.000000000000000000
8QYnxrShPdZSQLtPVmRUmus3Xckh7zJhZcDup36Vqm6J,584.996424790000000000
7Q1zARdX87UdwXTsFbYYqVjN8tqLchqFzDgTZzpAZw4g,582.737333480000000000
HkMfMAEyU5xqbXfQiSBZKyxa4Nvedv3RQZaDaBbraCNu,580.407695250000000000
HfM4KjPNu15MbonsvGD4FzdLNSMBcLarrTYDfPzxd2Rt,576.784244630000000000
45FNxZwNfahR3UorVn8DgXnZkoMjGVTCmo9VjY3dUu1N,569.300184600000000000
HizjbngvtEwvR3PMcGFWtFndTf2VECFUvNw8M8MwyFRA,567.769006060000000000
HXEGQbnnv23NoB4BMJS4wKDpFuhVKavj7LpuBXhYZvoQ,567.491549190000000000
ALjeziYtV5DDviMXi4uA94ehSwbcvdxMnCSibCP4bNt5,564.580005000000000000
66gGYYQTNab6NeD1kRFfe8VtFTLB4CqYjE1WzTiXrvn4,562.712102110000000000
Bdjag2J8sXWxSA7b62Dn64UsPnB3jxS4SruZZ8vZiM5x,561.265020690000000000
Hggbrq3yMqXbvATHu9LY4idXe1YgPxMJiofWLybokjeT,557.689921040000000000
HrBnGWwAeYn2hRW19uRuDmeq7NC3vxuvGsApBERy3r4d,552.000000000000000000
8vMkmbkyYccjBkk484Vdesai5s8xJPmqJiizqSebDXps,550.498039180000000000
9nrxHRCNWawUjU8ykpvZSZ87CmvKYeH4YfTc6KZ5zq1C,550.000000000000000000
EUGM66iYukLMxzVC32K5Kim2gwMieuWe84VVMJSCz5hQ,549.170000000000000000
97xCGWvY6FPLMHkVQok3m9xE7LaBvGnozXVHDW9C4Qo2,547.582705900000000000
HT8xGGJG5g8M8RFJcvoevuPxzGPnq1vyuTzAYJAnqhDv,538.806103870000000000
DSN3j1ykL3obAVNv7ZX49VsFCPe4LqzxHnmtLiPwY6xg,529.260158520000000000
4tPuzCqHkfVMTUn6vCzzkXqonjwgNNQn5MKxHtxFRtir,524.315259660000000000
GkN99pyNNdc6FWGrKXsoxitTRFY4xEpJM9RTeRVuFQQ5,521.657000000000000000
C9oWKff3U3SF9fs2HGQr6XWJNjca9CS3aPdrhr6nEznx,518.177440000000000000
xQDNeqFk22cCLcdH3Nr7HxCJqarueCpU7737f6amK8U,517.365761330000000000
69yhtoJR4JYPPABZcSNkzuqbaFbwHsCkja1sP1Q2aVT5,516.551141970000000000
8wYGZRkKFi57WV8XLbHVqCP9WP3wv9yVE6WDTNfe3njD,516.261348410000000000
76AVkiZAJx9r4p9iVsj7B7SRRYzSQ19n952oGLGnTtie,515.997000000000000000
3g1oyXWf768wW7boDjfb5PBuRfuqWM1PAb9Udnbnciqq,508.000000000000000000
8Gy95m3Su69aF5jaDEvQ8wm9kszBZCoBKsCes9ecD3wd,507.172132070000000000
BgNqT8Etr61zx2ARjU1x5EtEE9FLzteGy7fmGHf1MgSK,504.379705120000000000
5uTJ6wrx7gE9MFSZdD8Kn5h3gvpAEyM7hMSi6KhMPDdo,503.352850940000000000
BnWyoTgxmxubpBbsvn1qTCM23TSxEmEdgcb1mXWHMnPk,503.000000000000000000
J8yyr6BJChW6ftPpZznHdRD4KsuwUsziSNBsgEwv5RuR,502.257000000000000000
EdPsEg6S2bSTKMqxqq1AMtRh2fmrWDxEUFp9UGoQ4wc4,502.181691280000000000
9NmdDaKB1ekAXeAzGVo6zvM9Nq9rz77EoHRjfPccodRx,502.024266310000000000
4Mvfez9ng8kCEKMyAjUDoDXNfmDUeaq8XuNSY5kkW1kP,502.000000000000000000
5wR191qj4fWUDAo5F5z97htq83gpuuy8geD9pvhuqUr7,501.255446920000000000
58T1dgqFRbZa48dHH4BWCREfyjdiFrwZr7qY9z956d11,500.985528690000000000
2SD4i9dQmZHZW9ae2SB4Aj3Gx28g5tNcdc8GsnRyKKgC,500.648825480000000000
a9stBsYEosAKSNKYZKsjxZBAnvsDhmJgmgNFRycytzZ,500.144815220000000000
7h1Kyn3uwfeg28xaYaen9TNojMPkzcz5oioZGAgsS1A9,500.000000000000000000
8GeQq7YFkDkVm2U3DQwK9yjzVMr6sNP8YHC8h4NACgPS,500.000000000000000000
Ah1Rfb1tGjbwE5B3zByzZ2axZQbayNkrkJcdwhjyBBXU,500.000000000000000000
B5oNmZLeZG8o3X3vQi6y5huGLEfHr4KaTY95mz4Rt5Gz,500.000000000000000000
C5vsAEwbPAmjy5e2Mw8iaaAkM4Ep6xFxfxAZa7o3enWm,500.000000000000000000
EWWbpqe2JD5eEWcTzU9LRnXghqrtV5k5uAFFBpJ6gsSf,500.000000000000000000
HTdPHdZebYzUpEBXQbyM6WtdZ2CL6Vh5Vp7pxMFREuVM,500.000000000000000000
F3KDYQ9P3pSdm6fUWSFGgaAM3zeztf364CVorrhrFgcp,498.800000000000000000
CZBRHyRztjHyqp2bw243sVXVpBMSooSL9cutsvDURYrx,496.802235130000000000
7FYrntfnLHUZyp9cuCHMpKyhd5iDFv2Eo7boc4m4XTJF,493.627339030000000000
9ippoHkAXCC5MtrqY5Q1rSWGUDBuJxgEjQrKR2hGsX7C,490.416000000000000000
DfNK6QDLqL4KSmxTJCti7jnS5xJmL5iCNje1Vc8mhPoS,478.798000000000000000
149au2zVbjHSW2c2N9sq1ptBiqKo15VS9uLz5f68Y6u3,475.000000000000000000
9rKusNdg7fnyFVyxwCNh6QeXWHVYX8K5rXFtNskJVci8,471.045047340000000000
Ej1NyTVxyv1AWP98eR6xUtQn6bYqPSDoz8yLoBTaNRG7,463.915791190000000000
JBSn75WiEHJFzjaTkgA91NJ8w5SXrEwLWXbESVmKv1jq,463.499216000000000000
xNETbUB7cRb3AAu2pNG2pUwQcJ2BHcktfvSB8x1Pq6L,463.425200000000000000
12LEd5C29imcZV8jKAxvZKDqLRY7KC8TbZNuKBnigLbA,463.252600000000000000
3r4Z6hPttemzy3Eqj4K4beZP22hWfwKA2euTyGqQWY6T,462.900000000000000000
7yTMguM98dafCe4JhJ5jAT17oWBJEDvtKMn7DNDGQQjk,462.793974420000000000
FwjbCXCxcW2ksq9pJsdErusnXykC9FDP243rcQ1r3VqS,462.566000000000000000
5Na4xJYimykE5K8cGQxEMDTkydz2XaLX3YWhdzLPzdyD,461.432000000000000000
6GEzjt9DWVBAditmtSGsdcUDq6X7Kx9eKAfNsMtSSwPv,460.728000000000000000
BpUnRHqAKEue7j7PcX18yFkt1efyaBc74yCmvGgc63Bn,460.500000000000000000
8psNvWTrdNTiVRNzAgsou9kETXNJm2SXZyaKuJraVRtf,459.750185310000000000
FRoqq4vjuWzthrZcQaV8LshJC9RZNFnnpd8bsjWaBLmV,454.657493020000000000
GJbLSuXXtYYaxBTPxFbn7s4zruxarv5Vd335EwzuazYS,453.477998080000000000
AdNqogwq2XmW5QFPGf9GWVBUrC73WRWi74vJxUZWiAKc,452.045231300000000000
6Q7amdiU3RkjdRuCUFgpJpuzhWX53WmuBhJTb5k4ccTY,451.899936990000000000
7GZHoQwxGHYhBajDFyvSeEULjLYPqo91v2HBAA2GLEGq,450.481720000000000000
7cx2X3LwHUccGfy2fjujv8gYs2dq8G3A1WJUwx6Pngxz,450.112877760000000000
9FEkhA4ymw5hfuigrQ8XkNY1zzwJX4cAzxXJjrqoy6kE,446.844000000000000000
CVfZEAeBD9S13Kdx5T2396pDByBeLWLhtLtt4wbG4rrg,433.000000000000000000
BXkmF1cAJqMwXWeTh4igLjD3XQ7nMw3fbtPRY8RR1DgQ,428.614439840000000000
729MV3bnUCfXYWrt1JvwLKQtFWqRZDMSVkks4ihJ2Kz9,427.456000000000000000
HbLjWBzAMPWSAD1AyYzjg7esxsADkUS4RaUiPmHU6JCd,426.672201640000000000
CcNMiqafq45zuMVJNH1TGXWB58rRJnXYR73mHVz6LR96,426.096176960000000000
89q3zEgHzuPSYkrSq1TANDqP7HJMLAnxxXtCJGEnVqB4,425.471534340000000000
2oLruKqhzN3K896wWzbEwEZXmNwvE91JHAV1zgLiVrJ7,423.985000000000000000
AX33Yrmup2k9RnYavzP6NRbhm3YvWawdwyxFk2vSro9C,420.000000000000000000
HrNWcxpCJcUJjtBnyUfJTysv27mrUGzvvNV1Rp9m8FkW,420.000000000000000000
8A7sLYPutkTvenS4W6YaGe7pUZNeRxr5KBKACdPTX85a,419.140682170000000000
7vpaHdjzXDrsXf3RsDBLricAATyKpwjqh7kRxGQwE9B7,414.210868530000000000
3CgvbiM3op4vjrrjH2zcrQUwsqh5veNVRjFCB9N6sRoD,409.319717090000000000
LcPAzJwHJmEkr2DivH9QfPN39gUBsZQ2CqoADBjuyQV,406.790587280000000000
AJ6A6vdcEoqg4YVZR3oTcoEGKqaH6ZbEyE5CdqEA1L8m,400.000000000000000000
E8Jb48C8e6ciaVWyzZr3BqLEatpRHxKuYrwUBn2Yxrxy,400.000000000000000000
GATYazc27iZhhP5T8ijFoxBFb27m3rK1xNtG3a7tuGzx,399.226754750000000000
7iWnBRRhBCiNXXPhqiGzvvBkKrvFSWqqmxRyu9VyYBxE,397.066443310000000000
141QXYLAobnfmMNdgJTnYAyV8ACg1PEWvnjcVnBSnX3e,394.455362580000000000
3LeNgpxx45GSvvJ5k38sWYVc7XmPTxxFUw146Xj21nXq,391.000000000000000000
BCJNk1gCcAARMHsxnQzzTDid44UsMrtvWh6Q4jJePTXy,390.902602520000000000
G25rxPpieGt4HV3z8BDYwtf8x1rfzbhF3eoJz1oqarRi,390.880017350000000000
93sK4noysgwDszCgpnf7kzjUzT5Kz73s3yd9hfhe14wb,387.332714550000000000
3zQEHUMjPK3EJdMhmWQNvpfgjsNrd9XpVG2qwm2h1owz,386.611757880000000000
AbojYCebqE8PZnVyRNSn3PnHrYS5bbHJYwCYMrZHg666,381.158135280000000000
9EpqL6cizvfz8iEn9Bx5HGJEUBnDw1W2F4KemaUnk4zE,379.600038520000000000
5dsGmVW2xY68H8Nk2DmyoezAsQ6bRL4APvGeAY1PKphL,378.271165780000000000
97SJZ7kgxi4CSdVGN3tkADfNZVQgiQX5cqZLCvCeBm1B,375.000000000000000000
HikEcrGXZXit4TVCjsYuACNTerd4s8CUqhLtrHyW7V7U,372.476000000000000000
jPRHgYYaNWWrhE5JLFqfwoh62uistNxwFpk9FcYhhFP,372.476000000000000000
2Za6VLbaAJ1C4U2JDJ99kuZfVDZsaTefovm9kBwzygYF,372.264942670000000000
7uJvgqHPyg8cq7NwsoiJkEmk8mc7Eob1PSa93MHqsbLZ,371.944453110000000000
6tYtceftVWYKMTAFhpTXWju41k1sUSYPMjrM8Zw5a6XY,369.488676580000000000
9Jd4o7Tn84BAAjYLesWmkmtYbUjjCGoeqGGT5gJRK3d5,368.678304900000000000
Jv1jytcFNLcBinrzdvSKF23kk6h1kCikRSKB6o9Kg74,366.581376590000000000
F5F6o3tk518qpF1HzXJwZptxetkp9WsPCC5Z7Cj2giMk,366.309167190000000000
8CkvcgmYkufGWkinoLb3NjKqpXWPr8MDH42pmm3zbCEM,366.002203100000000000
9V3D1oayNG3oetqQsbmojEUzhHZf3w63KRKExDoqoyok,357.638250540000000000
432qVP1xCM7QHoMcAatTd4mwTdRsCMGGhADn3cb3pbut,350.000000000000000000
AJhMLDHHbPhW8hKYp1ayHfHC1AwxJ2WKxzx6mC3Bp2rb,349.760934880000000000
FTSC63PEth6WPYv2mvqLPdFV3zXhYBzBUyjqrfrnm6vR,336.447000000000000000
6E43dnF1FujeDC39rVkWvBLU6SvA4Z2w27iNd6jnCNS4,331.470392730000000000
D7XPrynPbo1LEMRumzGZ22eMzNubVerY8eqiQB6xLtvn,330.000000000000000000
FgiFaUombQXhCr6qVS7oHQ83J2JBDix3U3TL8kpNWFZu,329.604293230000000000
9dbJE9CmUe3gL6HKivQCrwyAR4ZUry9wAKXhhGzL4mRs,329.089278980000000000
5vwQiye6NZuXzpRkk4AcfvjnUFd9gGBRHsHxLKujfPqu,327.376275780000000000
9QLMxoA5RbhoTtJEHvV68Hyyp2qyzRZjRb4RiSSR5hkq,326.796958770000000000
DPgws9xPwEG6AKEPG7nanH5eoxYZkZG8QgAmFiAnQEms,324.059511670000000000
9ZbrDmTuUChqHBfvLUEpYKbyqUJqHTsp3RL1qkTsujuA,324.042823360000000000
AWr3sG4PeTtKLGp4Uy9fiA3ae3RUAVViaX1yKMsdXgfL,322.396565860000000000
5UsTDnZGzCyXBRLgpKdyN7TuXZ8ubQnv8ue42MAf3Qnj,322.273156340000000000
4jgdXJge777fBt79qFubdxkhibRuhabcVgLaW4D7CFzF,321.935001310000000000
9uenUK2aboYq2yQrzJfdSXFzvUE6jiCmfJsT4kvKoHWP,319.031172420000000000
DKVi3GhEYBfqd7EcYnL8dn9kBVwUnq8daEpm7ob1fULZ,318.818322010000000000
HFL96dsK2rTxHhqJdfGSx5wnPqKgAkhxV1sJSiPD97wK,314.443209400000000000
9t7THhTg8mBm4Uz69XUJTFREf3KkZxk7TfEefhRHAost,313.976932580000000000
98KqBjKPUE1gsDHcgXMVYxU45s6Z88UqZ7U1SeeJqx7t,313.614425140000000000
F8jECj46gCUPjWg88oD7SUkNyXaej1FBoLTu86oyY4US,310.000000000000000000
CW2MmBMYyJcYRVDXGYzrPFm97rVn4Hesrpf9yeBsb47b,309.376057980000000000
6eZvVoJNEP2gdegBFpEuh9GFQqpUZTVgVxouCbcvzsLR,309.106738250000000000
FaGFLKEf2U4F9LUJuPzLEEP8ZfGkzaHpbiNCRi6ykUG5,308.728846110000000000
3AfFEnpxmL6TouMXnyHgRWStvAkPk7sBK1izHno8RFcM,307.558622400000000000
HqnQWr9k2uw5KjfVVsTxsbYrasrFZkvFnEyas9aaPboT,306.908396990000000000
D9GYt4W7VvteKCSvTgyjzuiBJyTy94Kmr6YiC9fbxGjW,306.555743750000000000
5aQxxbpTcL4sbXxHQ2vGtvu6YwKuagL3LdR4Qgpxx4JQ,304.871931670000000000
HFqp6ErWHY6Uzhj8rFyjYuDya2mXUpYEk8VW75K9PSiY,304.820123100000000000
Ay1yKJA8uFhfQaR6ovT3nFPVTp9PbKLH9JReZzUXuRk7,304.654323210000000000
4VbKmpXiuzsejK87dJ66kZJWajRmBMHt3TTRdRtBZePG,303.740776060000000000
6jE1sMbwkgYoAgmqo2ERrCAKQCvC6M9YhhBCxLBQZJxt,300.489236250000000000
EXV4wcZzFwHbU6Rti2oLpu8riPDq1L4Rt2nhoRhoo7ad,300.000000000000000000
6ejzdXSCF3AmWeWMmQ4vEVzZxxPAZiX6AJwRaYPbj1KZ,298.783564890000000000
DjmkkR4eqnwEWVEVh8czqZ7gTV7DFAM8uB5MwCUgYDMS,296.978336350000000000
54Yii21HtqdcHhhoUbDSjCKgiq81DtFJPsW6hX7itV15,295.916266040000000000
7Ue2Res3B82PG32NxBDcXFQPNd2i6dUNieiN7Dr9s5SY,294.595644610000000000
7bc3Ys1xdFPr1wAbn1xyRuTwN1e1ke8YJuHve7n9mUHY,294.134367250000000000
3LoAYHuSd7Gh8d7RTFnhvYtiTiefdZ5ByamU42vkzd76,294.077476250000000000
4xsNkeiU5VmbcsbeNqycvw1AmnY5SJjVwe4BPjQCTE4h,292.112654750000000000
CdRNSk4TgHouwnJRXUzkExh2Bvet6H6x6Uh6Y5hVYqcf,291.199460360000000000
JDYai9CbA5SvbLdPcVKsg3Y9GCMPhizwd6ymQPpysbxg,290.613456210000000000
7KLmnHmZjA1tioa2MAnauZoTLFyBV7C4Vcz1vNheFPGQ,290.312302530000000000
4SaPcTZHn9DboSwQJeq8R3wnFML48X65GcHWWAmD4iqi,290.200000000000000000
Dzu7Q2Jf8gtP5jbbbppjBqs6cKPiZNVGRm92LVbTxZ7Z,285.817520700000000000
HafRFmUfzFbpnUnZea1Bo7X8agijTF2tNaAKjwW7Syid,284.031828350000000000
Bbtq3b5JW3QGVb5uWVXQgj66iLvNVnyjb5ggneRVH2uy,281.629642040000000000
7yym28sUpTMkPtZkkhazD5edw22nWU59dRiETbxvkUBE,279.652318780000000000
4NafEBCKrhcXWmG8LAH1uAATNSqHUsoYBiCNCkg673ki,279.547661330000000000
EQRfCqrZ55khJMNi7ZK8xQLdyTF2ZKi1gbvYEPrE5Abe,279.357000000000000000
55hjhWjAVGBQgGFfYc42h9CEVTUdK4jFkyaNHpY1wi71,278.504972670000000000
4y7asKqm26RugCHgEXxMoVr5dUcK8q13NPhf9JM23bo5,276.000000000000000000
GJ196VeTyCNBmMUG3MfZuLUBQqWjYhRvyE1oRgasp5ZN,275.000000000000000000
BxTYtHycxWtihdAJpH4krLW3JbAAtCiciJbfACuYEnDr,274.715008970000000000
E847NvpuKkKNTJxK7JgZvjdoXUoHpB6GV4oxAnHGKdtV,271.239883220000000000
4zy94hFejwRGWHz8j794VbbpypCuNqxWjLNkxwv268kD,268.899327880000000000
B9yE3WoVvs5EhQUhK1shdm1AaTZFfXoxJiZXsvJq11pS,266.250000000000000000
J5psAXmR896d6Gx2K2oL45rWEex8kk3nR9FJuLg2jfsv,265.760000000000000000
5j1i5yhZaR2ViwujTARdJi3dcuaLZjCeXWHNyiHWHZBc,265.057617370000000000
GvHHDfEdHUU7uERWXbw7Zf8FqwpcnYLiNdhc4yhNHFGZ,265.000000000000000000
E2aAUDYbfJDT2x1uULWBQ8ByMCdjmFgKeKmq3uoSuHaV,264.349246020000000000
EjZafnhxugtG43xhpTZ1iJ5ZQvk5Vcr7aprgy4o4h8j5,263.000000000000000000
6HZhqJuvLns69RsrJSbwcDfwVdoq7GsEhvwgSTehsArp,262.672394630000000000
BYwZ4xvAfmKJkPSfETERo56998W8bWfgYn1q1yRCG4Mx,262.440406060000000000
ZhmJtWmStVZkLwLri2syST6SZuLhbN6nnZhaWssrWLB,261.544764730000000000
68s9mkZkbGnSxFAn2wyVLiz1pKHb4fiUiEehSEeCs8n9,260.000000000000000000
6isEdPLCTrpTw3NKKN5Sdg49Q3hs43o1ZwGdB16Fc9Ut,260.000000000000000000
8v2cF3znY5jt333UXTtmQXjx7get2KwJrWAiJN4ikiAJ,260.000000000000000000
AmEk1iB9qv1aET2StJDpXa2QJj13DPrJMfR7cKZmdQv9,260.000000000000000000
CTWECU6Pj6x8TkgDKkYrsiWKD3437pS4KbroWFYpnY5c,260.000000000000000000
ESZJDZvCL3cCntBPdGpafzkqciecjZAZDnDhUW4jXrMt,260.000000000000000000
DaphExNSC6uobE57GxmoFLGtJ5WCFxV1idbxreNTHKWi,258.642306850000000000
83HQvVustENCQQenuXMjrdpnTfexwZbgK6hqRUa9UVud,258.485471890000000000
HhaxnXpWJXZGMALzQBbbP9V2yFitEaBPShPt2XiUFGFL,257.955047610000000000
GwSvtbte8VfjrafufFFx2BkxLWhGCK2LuGy3MdsPsAo3,256.896629050000000000
HnwQDENwTE6q9JgphmmrjA25FCwxW6H8nPBZDHvDeLhA,256.254984570000000000
EgxaxugCXQ6etkRdEYzmzNjBZ1pcfW7XgWrhcYB2L8Zq,254.114091150000000000
Fzu3CHXUkXvWYzsczrP8NbmkTAXzQR2UCPUqJHdFADin,254.094207050000000000
5h3LQqdwVLUHKizaU7FfAM7X7aYyBsEp9KFzRXFFEBbj,252.000000000000000000
5fwqpeWVvcz3zCJcjxvmf8KQCvpQnPLwSRjWBgv5h17L,250.495553110000000000
2NZ9hwrGNitbGTjt4p4py2m6iwAjJ9Bzs8vXeWs1QpHT,250.000000000000000000
3oQwKWbSgMKiDjPr9f1EUq21z8ofcRyRbUAZ3nBEDriv,250.000000000000000000
6GcJLpfWbGMuB3t8sggZqQiYnh19X6isCSXPM8v1eXjk,250.000000000000000000
8LcTGfnurPCRwFnd5jrT7vgQFruoLZyhRpgebQyMbnkS,250.000000000000000000
9yWM1dmo798KLftzoPSHG9MpXoufZHjxsJNKXJRwSfc4,250.000000000000000000
CbDzPeX2fxMCQfjKZzxybMDfTENgw3dci2MMHB1dKSwq,250.000000000000000000
Cm4HxGqasN4aRuw5aNJTdeitSsap8yCaSc1MHUYq6oG,250.000000000000000000
EVjAwUNQynmPGGckBUaBx9pX2FDtbg8QoBcywbg8aJR5,250.000000000000000000
EYgkRBPkaCo3VNEkh62PQDa8SfmRmdfVACn8z9jgv2Gj,250.000000000000000000
F5friSr8Y7Tqi4P8w1JLZB4DjHUbNUQoGHgfGuNU96f4,250.000000000000000000
FS9UXEQb5fux6SmeUFevrTfc3qkhA8vwMEcZFw1tpC7a,250.000000000000000000
GZPe1zLYWC2H9vcLQ4VBD7NHPmLMfdsSA7Ku2tazHN2j,250.000000000000000000
ghHEhCWhod56iwvhGAgnPLfHU93zv2WoKbZwRDavvbH,250.000000000000000000
kJjPdtozxh73N3XN4pN8xjrzweGYcfCfc3QpDTLnF6X,250.000000000000000000
DXGTeuP5W5FnBJSw5Gp7ZhTaN7gEoA5k6vK5VMMGq94j,248.836479440000000000
9FB9ZLGkDL1wDSHDnfLZE5zw4Pc1ir9h3E7BiVhGYdtX,248.275667370000000000
9Tc6wUKYm9wx1d5vvJ4rVmqpBMjRKoJwnFpaoTbeFwH7,247.588932440000000000
HFmGaSRmaj8CPyDUgJztqd5B9iYwDnvM1h6LJ2gZJJyn,245.727649980000000000
2TU8XRh3wsETqBAjKSkCesxxU5o9hVvDGUzBmhuLHEFq,242.096433630000000000
njQLULSWzABDQyn5Y53Wo4VUHFJfa1XFFSFzUn4hUfk,241.149530470000000000
2b7UyGrn8ncRwUnk7eivKiN2YyeCzEaMNuM8T5xQfAgx,239.560952580000000000
4TBhvbeYYxDLphcr1iKFbFAS5Xtgf5aYxcvdwU3HHtmC,238.689438700000000000
XVgk1AgPq8u3nk9TyoK4aqgqy5E7M9byV5yu8gnqyxH,236.349031930000000000
9f1UDLP5zVrrEoEfzqsnEY3kc6SCp2B41hcNEWcPWgSu,235.131747370000000000
8Q3woPpUGB2parReTfGPhUrNCjvJ5dBEkbMDQh7U8zLA,234.716804410000000000
EMGgFjxHXxNo34rzmsUCY4hgvsXEoNn4kqfBmXmLJXSm,233.990740910000000000
FMSi8AAS1LsAdmpRCdfDWtogvDxqNUKmbwGFbuxxbNso,233.711283070000000000
AmFwHQwZawc6krKvDQrtEsJaMqax1hN9ELkcsPG8oHtM,233.020651220000000000
CapuXNQoDviLvU1PxFiizLgPNQCxrsag1uMeyk6zLVps,228.006556330000000000
8Awobi9ZgHQVfZsWUbE1TAuzFYC1uRRnjeuvNdm8wkWg,225.494842100000000000
DsJ32pZv7YT3ttG6jVqEu75saA1cKqt751ZRrR5rAx5z,219.261441490000000000
565yNDPApeVLVqimTZHrCEVH9CU1QQLRJqZS9sNk7fmn,218.483724700000000000
pSwTTFE92RsRtvMCpb3mjruv5ww2KgBNVPscwdWwbxk,218.481696740000000000
BEochrdGhm5pcKVF73DURYrGo1DLzxq6bBcUBphQR64d,213.492767480000000000
DyscdAKNCqf8p4pCVjivtXJXr1z7ntthjULBLS3XMzpt,209.604361600000000000
CEXwyBCp4Kk3XYfRLmcsGxUXVWSrH3Z6x51qZ8AgXCB6,208.831910020000000000
3QHmDQ9AqqKdtxsRVd3SXXHtbY5synypyTwKQGWtqKjS,208.361839500000000000
962gc7ChdCBLVKvegQ47CLxbXmFrwZQGP9cha3kovDke,207.547045840000000000
DnyZZFdU5Sc8t6b3jBJ4rMX6a5aucSyPR9VJQxMRk8WJ,207.479766660000000000
FBVLiwaEBN4yuWCVE8MxdmKSbi3oenTqS8JcF5hJND2g,207.000000000000000000
4NnYuiz3gaZn5PWWPULTsWvtrA4ks9qMQudGwo2vZyfJ,206.287478050000000000
BZtx7WE3nTfnYsyhPhuFdfzju4wSA7tVkxf6yr89rY8Y,206.000000000000000000
2W9NLnCRkWsWWYPgeyfjxTbEunYcAaAWbT1zx8Naa2rd,205.691448920000000000
8c6yBFY82nLhDsL2oj7jnKHPbyPr5vCaftawPuBEZkEF,204.000000000000000000
HQMVVBBSRqgpP4Byrc2Wnspfv3AEdGYUoYzkj7YSa5GL,203.786807100000000000
4RY32CeTYHoa7BV9fXeUcSzyfzsyBftqeELwTdLPJ4RT,203.308000000000000000
5pmrS59GaVjbcGNg34DhhnbYToxFxVHV32WAysWVUUoh,202.488075540000000000
CdrytzfutmachLZJJ8SfuhZzQ3on1bP7dp9rEThFozih,202.187935570000000000
H9VN55JKLp71hE6eWmPhtJv1BR9kLvFzb3YbYwgSXatZ,200.493002010000000000
6S61eTcUXfDRooZ38oRyPJGNyMHUrHhBu6SLvgW32bKY,200.075003350000000000
2ayzC4GLkEUAi9owG6vcfRsL6s8JYdaWHEKbr9qz8Sfh,200.000000000000000000
3hA7FxxqU5igJSiWRUe9aRKoytkRJah9ZavHGjNo5VxZ,200.000000000000000000
3ubakdkLk862RorVE1Z7dXsRLoNCRQ8tWFFgiG7nM4BU,200.000000000000000000
4DqvRpWjqs7TBaa8LAw9cQLo3ksLpNoTwi9Z2NxWY9gx,200.000000000000000000
6E1CjxN58YZBLfZSP6vjF55bkCyEWk6ynTtdKDus4nLp,200.000000000000000000
AQygKPq8EQVdd4gTM18eF1u1Wze8Z7PM7dSixyq97kti,200.000000000000000000
Dt7J7vG4NLkFRVopopaoN5SBBi2qWz8uV6KYz8Ft9pz,200.000000000000000000
HySqMzNuuUx9BcVkpZQe9JTskgLJELGyEgoRfp2iQCRf,200.000000000000000000
92SxYzx3XNeKUzBZxm8Y79D3CJxHtojAVN1vN99ep6R6,198.801041460000000000
5Mc74u4tWidUgkcNgQ6u4UZfUADW6qKewGaRipXo9s1,197.764252740000000000
3w5bcPL1KpssvTq8F2uDJQR9K1Kax3r3YMdSViPbbFeC,196.013841850000000000
DGhikdhx1wi6ASCUXr8ifSstX1Bd1svumrN8fd5SZuGy,195.568106980000000000
FDpBkG491vqBu6w8R4swr89Ua4PpigqqW2cKEpynnefu,194.309109670000000000
891ZaATbfNZbLe5azSDnia5kUVvcKtFJHrE8WQG4KmFh,189.681646720000000000
3zyDANgZt4PHBzY8A9jmsRZ6T5fBFzk6h6MDCgrM4Uqw,189.340388250000000000
CwUBV1H99gi2GM93CLzWxN6LiqR3A3cAntDiCfmMRmae,188.975757120000000000
GChEZLMpYsTUG5Bnnd11QwXHSkfSJUMxGscLsoi4XHBS,188.291847330000000000
4xDsmeTWPNjgSVSS1VTfzFq3iHZhp77ffPkAmkZkdu71,187.011750780000000000
3eh2Y2Nmq85qvNDzagnofv1Wz9GfiTotWFq72YbHsxhr,186.814640950000000000
7TgwGNL1G7r7xdwbwirAkRyDYq6Fn65YCwN4HGZ5Bxxu,183.480532950000000000
FrKH7VcvWSGudebmP61Zj772nRRRzWkHNndCpxKyuLRp,183.213000000000000000
CeD2mDdfLmmrzwaS1ZyvTkHn7LUXA65W7cFgtwb62nC1,182.373537250000000000
iwkwPri1U3PocwvxLBGLBrKCLvwSxLHch5aHbkaNuM3,180.500000000000000000
2H4pbYThGU6ApY7RGuC4ZyKG7dmAZz5uiy21mtWkAAPZ,179.666972520000000000
2jXMMQq6wWKZovmXQ11gAkCMHZRHik6qBT3Wc6bwfmbb,171.502575070000000000
B7BQSiNffPEyt9XVNYKwkZY9HrgmKXqr9tmHzzPBMdbH,171.502575070000000000
DBGQvvc4y968sK2dau3KMk6omWsebRZuCw4isD2F74Li,169.932695450000000000
8ErLJCw5U93mpRCENjgcEGaJHxuYi8rW16pUNFGGP7sQ,168.040000000000000000
zR7kL6Wi8ZAF7y8B6JpamFCYqJisS4T3z9Ya9G8Yiyn,167.267603020000000000
FK7wbUJX9F4kBHW8mrcwcFiNPNkLuncYDBbhKVfj6x5C,167.244000000000000000
CWGQPqtYdECUH7Hip8nvwex5ps3abrQt8q1Nj6M5piY2,165.893932060000000000
8hAr4wd44ikqv3xcAx9wA8scHmn9ptv3ueHGziNZrRsF,165.782198210000000000
BwvWtH4Q43zCu3DfBEiQzxxeNN7VRUudb5xVDaoLw2hi,165.684057550000000000
CXN5NHhwL17BsnAkWF7WiYy9mi9cRnYdMKZDRG8pDTzf,164.899653140000000000
B6A3iW1BqE1nAucdx7SsUKmhZqQkFacpfq9J1Kz2WK3A,162.602569920000000000
2HBfYSsC4phLNNqxhn1o6QUutDiY3eR3rF8s551LJmqR,162.518050180000000000
2T4pvND9WahkMsH3Fwrpcoetkk8rFKtEjbQSKt37EMrC,162.000000000000000000
HRmDqZvZMYxQqEaf6RQbimUuXjVHmyZVYPNMucECXwB8,160.489609300000000000
EHGvCN2NQXzsY1UMf3cnzGAiQuR2WXdeobuQsvCQXiej,160.332907700000000000
5n8h3mZFf2nN5kqtyfsVjEGgUmHSJSTySuK1PyjSrYXY,160.227123980000000000
DwiiN4zVnMC73DVhM7GTYnbM3AiRgPVhEH1SHEmTfuR9,160.000000000000000000
J1FDGsKRHfVZdnHhkcmfauDd3eFHjkF6AJ69DQQ7QiGi,160.000000000000000000
76mgGMXcUge1oeBCHSGXzy3yA5JiDwnE5tq7AtYjc872,159.200382660000000000
F5RvAdi8nP5wWMgkDBiTmzFKGDYHuAnKiWY6m1MNpizd,158.387734170000000000
HPtKGdgdx4crcJJx2WTtLioNp4EcnRhJY66W3xa2EbCp,157.885777400000000000
9xcTD7wHbkf1RpJHUg2ktZz1ZNqgnbixRnFfKHRjtUUh,157.390994040000000000
AMo85Xw3FGskhx5QXNKmfbiTvmkgFCCNtK5ZK9X6LNSQ,157.371057200000000000
DqWCwKuEvNuVbZim1YqZ4N9FXBTSrRh6EHZmGHoaCJBK,156.993764610000000000
4gZ6Hha8VjDn9ixwP4ejvRcsEu3kr7vgxXCHwcvHfAGo,156.966992160000000000
DHSBznTPAuc56RawLEQEZqjnpmAWMJoADrC3pVg8kks9,156.489833510000000000
8zLEpTUp8v8yqLGtdEWZkpZawfxeGZYBCvqKZ5GcdyDC,155.679546440000000000
FCxz2yT4LyEnmbPtyPFsyvjoF6FtkNE1PjKHuUjBrx8K,155.489509940000000000
HHXKRtuufq4Ne8NzFD7WZUMwjxVVXTNunCPQRiJqsNn2,155.093000000000000000
BZ1sDLu4mQVwfFCk8XZVasAuAcCQNrzByzMNbSM1nBU8,155.000000000000000000
GEwgBcw5o1P8AjYNPTXFMroUQcDKkADkp6eTcVWjLQTr,154.890000000000000000
3sUcGpytiEtyeEn7U1Nizq5Rjwana2ab4w1mWvDdvqkr,153.976710990000000000
7MD75avMefs8mSW5CJB6Sj5TrkrXDPZ5pFMs519V591a,153.022072180000000000
HSy6hYsyiWk4QH6jjcuPFkXucf17rLKsBKUcwhFkbU6y,152.114896860000000000
AAXz2wCBPi8PmTGXmScqZG2vQgry84AT5PbcnjoWWmpo,151.403779740000000000
8zVsgQSfNz8rrogBhGWwMLTWW75Mzc2fx46tnDE3hA1M,150.390953230000000000
BHFghiDthXC61reuRtZKonwWAmYRiaGqWyCQApmicpJD,146.549056720000000000
CDUpSgHmmf3eP3Q6JEbFWwBdW73xfQQ91GBeSYsYrhWc,146.218676360000000000
3QYXK1UtQNeWfN9ExYNV425SzVmCU79gzz6TX9myTZPP,146.066936680000000000
E35b7cHeA1WYotJ3n12wyFjmA69mY2qrFVgffaKbvGru,145.928930420000000000
96jqkfmk7vw5HnnucjVR1FTSMRhqBWN5ix93AncP7EHw,144.279671850000000000
3ZUAonmns6DyHJFwv1wHyv8uGEFTRcALNxwMexpaCN8H,142.721503370000000000
3SpoU8VvumSpUAe3vkg6WjQLxP2bB72xSEwWUcD11yTc,141.920385670000000000
GbsAAetJrJMXNZ2S282DQ9oZGaitUFTaaN3RBAQLhtjq,141.438000000000000000
EYtj46BbKCgii4QiUkypYmna3c2XyGHG8jByWgqTK6Z4,140.185113160000000000
5J8p6m1pSRQEV8tN3k1rDQKkcWBVAS5Bzjra1cH3wpJD,140.000000000000000000
BQ72nSv9f3PRyRKCBnHLVrerrv37CYTHm5h3s9VSGQDV,139.534437370000000000
HDNHou4ZVpf5scLXMaozoUy73JG1SksUHkZKexxLWwVi,139.136141350000000000
2rcEVBFHfXGU78ZuxKa9NdKf8zu5cNUkJGn7hRKsrW47,138.000000000000000000
FF1fttcZmYcNiNJz9vKtXi6XoYN3G2Dxm1xyFc8cDuHZ,138.000000000000000000
GuPmj99wWc5XNdaVsfRcxoQYLcxRUTkP8si9icnZjdjK,138.000000000000000000
4yBzE4NdewAp3hPv3z7rH8uMpJ7VJRNUHbzVAzfBB6D6,137.213000000000000000
FSKffycZ7yDZCfnvmY2LFQVQLat6Pd2kWjUk5oZws8ci,137.208156760000000000
3dDPRK6X4boB1Ggf8CXjW7ANBgvrGPoAiczWttgC2FqG,136.150000000000000000
Q7dtmTfHRpkHWoT14TUnkExdweyZAXrg1vifTnoWvFJ,132.945723140000000000
B8bvyCAx5khMt7LR5RSweMXH7LV2Ac5Zj9Qu5y3Zxq6y,132.000000000000000000
7d8GvoEpogcV2sx5SqnzTeEYFmPXPqUrcvMdvMrcHwJ1,131.319791460000000000
AotXb7RNke8SX9X6MeYDcQtHHViS6FFSsPczWxEDQDb2,130.939137770000000000
48NZ8M8X7LzgrHVCnGnDpBETjEFS9v4R8nkg6AFqVjYL,130.332525790000000000
JBJ5t6YkR8tvNM3HWb3TpvLRQEkaCnLBVbfU7WytkgLT,130.063003210000000000
69h7goMyyKdcF6ZfpQxTjQPasW7nSf8LNR4Q9yx4eohp,129.744784970000000000
AJk7wHSFJS3TRZ8ykcgXVqAedPK9tT3kGA81eE3obpuv,125.801248430000000000
DkBvptEyJaV4JFkd645rW7euVZobKWfNC9LGWziueYiR,125.348100000000000000
GY8qPeVQrZCqZFcyofnyBF87f1hXiq6fCGpMHtJnfpg2,125.000000000000000000
8t7aUxF3dh2a3JACrtfRD8PNnEEhWoWtWRBVnDi8JaPu,124.772896670000000000
B8mcNuZh8BznpWDctcuAgqZdfdg7bE9KCP3rp1mu7uJP,124.237756420000000000
6KFVj2czLwNQeE4yBgFau6LHUS72vqgP11Sv1JUNxghz,123.849942270000000000
A1GYPiVzD2UVXxYPPNGpgFPjrJ3QLrGUgkwUHeP4eW7x,122.884268430000000000
A9oCro7uw9sVDsoYh6yHrineohm6KS8jZgxqyYfdhGzU,122.484461310000000000
DE15JgoaQvCK7WkRHzRQKooBdDeEZJxhAvcTjy1tANXb,121.651479440000000000
AbMVVDwsgV9r6MANZBLnhQe2497Qoi6q7hmmuGdaWrBp,121.201693740000000000
HVLbdFqj31s6V2E9CNkGaUbtAJ7C4UUdJQSEpQJcjsMb,121.188036890000000000
6U91aKa8pmMxkJwBCfPTmUEfZi6dHe7DcFq2ALvB2tbB,120.375742530000000000
H91uxVtuKqhJ38sDQLQjBG5xXCv237mu1Yxt4TS47SJF,118.924047010000000000
87NziY7pEzhSyQzV1By7KPcTxZPnFmZpzpRzbooaRCGP,118.001307350000000000
94zB23iAxvSn3Udb4pNprj9dPAsD4c6jDGnPRPFtXBi2,117.189000000000000000
5VmLLyifMqP9rSENmzEA5WVYJLsFnVZ8SzHtnVKoBT5V,113.805424620000000000
7fiCSc2ou4dNSFEV3zKsa2ieQUo9FHLWDiqB3oCRGibJ,113.000000000000000000
FQDr4SBuSLJgDg4AnyCFSTVUXRKajD2pXBgH5DxiEAwa,112.222626710000000000
GpWFeDwLcBDTtgiT9idzPFYbRFuCYBx5djCjKRLaJce5,112.000000000000000000
2L6ykGeGcQFb5uqhVdr6R7sdQcKVYVxs7qGDzJgdnuW4,111.979277430000000000
6REQjdLGfDvTDaKkWKdVtJs7zqBPTARTK8yScPtLeAez,110.461477010000000000
GzT2Mymqkn3qhecLaFjVJL23Rx4HWUG5ssCK7eW1AfBX,110.244858990000000000
Dayp6gtwEagzvzkJVQwjfBN4wgQQNB64gK2zXBjaJpW4,110.076193740000000000
9eWVoe8up8Jx95xNJ2xnpn9rqHoA4fMB2FCB1rWTZRXm,110.007201810000000000
5SeusbMtncovSTSrZBAmNzFqxHXKHmwCanSupjLZtSpa,109.180400430000000000
DiU5Y5Ck5HDrbdpBj2nLWK3DBv3Y3kFVUSk1bUUeUnDL,108.643565510000000000
H6osFgFVP1eQFnMHWcciPJqdXTdR7hiVKHyNGooqL8gW,108.341447150000000000
AxseRRzeDcjZoLx1C5ETQQS3kL5ywSDAU8uxwuJecfGo,108.322135560000000000
CYa8c5cEcWtSwgcfb8VXxiSHNo8sC5ZGiRvdL61KWQ1t,107.878002550000000000
5Xuv2EX1yghGpTYBC9yjwGBVdrWih5EZHyJDQeFjA5nr,107.494345960000000000
YBZocn2K4ih69kG78dtxgcFw9Q3iMykcgRPYiAG16cD,105.528773650000000000
Dk5jG3ZNRVQAoGjMDpQzzBDCs4uiu7rtw6v3nFauf8LM,104.725472280000000000
2sXNnsJnbXVhDiLa9w2Y294DCXkCxwNeRPgu2hYdnJxT,104.370000000000000000
CgFmtLrZ61yRMte6zNYYSDUUvYGigERGtfdDLTqubcV,104.088463020000000000
HgurgZjAa3fL3UG4yDhuscRz6ne7mzn5EKurav7WDEsd,103.528030010000000000
8pUPSVmhgqoeWy2xTC64arWPbkGY2iwV4nju5m3kLqfD,102.472179990000000000
DexJBN96eYFrnk5q7CGLtg7qUXNKokoTfbsW8GGeig3G,102.182575560000000000
A9dBaE7Pd76X6DBu554z1DNsXGE9GdKYzBm5cGnSnUcv,101.642307110000000000
6Vhsc8MNBbxihXv3EfYSA4NQhrvKjHMyESBvTa1GgKCs,101.585388050000000000
GoF2A2soJXgdMzu7cAm4hs1mM5pADLa1Q31iEHjQiygb,101.441787880000000000
Dz8zYKBXpAZF2ij6vooJCheEmKzTGw5W2PYr3qpdSG9W,101.032514650000000000
7AAMVW4FidHYKoSstinqvXtqD5HoiWKKWoNfBB2ULFB6,101.000000000000000000
8MhdNzcXXe93LmcxNDTk3iCHsUVKnNGhN7HstWSg1czm,101.000000000000000000
9Ve4EB6GJBYPMMaWNmB8Zs8r26dXqaycHQtPae6zS4Xn,101.000000000000000000
5zSiXzRwEibrpDqzJHb2p6Kuh9i2bYytjwEWf5hPJaQA,100.507629870000000000
s1gnrNn3b3zs1MCAGYzXsBn13v41HP9nq4JZZGpLESL,100.323302440000000000
4vj8YNj9scpf9YjHTi8U5xatY8jXt5YUWzYekPpyAMPi,100.008760550000000000
8UdLbKDpPHnVPYnWWn5mcPBbnevmJRwdQYEsmALKf6sZ,100.001640400000000000
2r6mvbhqP2JYwRMQUgMKynpMQLE9XFnQk6UsramYbjne,100.000000000000000000
4j3ywET5xEDknSSfGXnffkzg2bJnHe51baLZMCLmW3Jg,100.000000000000000000
559rq7FcgVhBAAaVbJ99ezKGeQm84kGV2iUcrSkwvi1f,100.000000000000000000
6kBZzmRN2DhxpR3FtpYLg5y6sPRcETFiy2TM77wB9jBa,100.000000000000000000
7A6PQV93jCGfscAuRu69CuKyf5HPMQa9xqRBMrBT6Dvv,100.000000000000000000
7QdN3DgVcUZApdqARUPAVRm3PWyL8r4abofZ9NTmHJsB,100.000000000000000000
8oEN15UiuBuZmsJhhyfBMNR3ETisdsWnQYy7QvZKfkBz,100.000000000000000000
ACA6SqxhSqoKdiMU69rtwswcyJx1BoJ4Hr5TT7iD3WE4,100.000000000000000000
CwvmNCf15K2xjThGLVWQAkCvrLB4E5LeuzUJtXfatyNq,100.000000000000000000
DcqQbH8oLGK9wAFQ3RQgoEsZbMudHW8G5EiWkNaFSGrP,100.000000000000000000
DwTgzwZM711zAPL1ivvraZL545LyKaaqKjDkSfQN27Yw,100.000000000000000000
FpVmn53NAJtRzJodVJdPD7iLmJqQZmiQrhrkZjaNte5o,100.000000000000000000
GbLkJjswkj2dEqyP7KF5CyQbChvKPd5LwAVDvWEgaEac,100.000000000000000000
HFaokieoXxZsuLjbJs7HxJ2j9qWykTetc5iK9Xv1VQf7,100.000000000000000000
HHxfzrDfsSNwUBZsQ1rGAmWCqJfmkqxbosqf79kjEBVT,100.000000000000000000
J24atbDe3y6zVTHf9VNYwF71CrpDb4NdPZWYxzLCEhGo,100.000000000000000000
JCodyeAVkjZZStPdLVL1zScc5PvYvbGWirFjD9BJvypK,100.000000000000000000
3NR2HHtaf1W6fhc8vdrcjdvWrMBbnzYJ5HKarzvabcTM,99.123000000000000000
34FKjAdVcTax2DHqV2XnbXa9J3zmyKcFuFKWbcmgxjgm,98.868022370000000000
CXo6yb82B6PaF411hVxhz2bXQsMP1woz1beePpFhGhed,98.327279330000000000
8UbAq8RxQmNgKTy3gj1PUcmUSXYvNR64F4ufFFh4oFaf,98.122836590000000000
H2o9Q2jgJDTmbtCfkAS2cDzpV1B2DSt7Njy2MtGm7bHi,97.610702970000000000
CHKMDY1E6NdVMM2KCmxyjerMQYGbTuVGHXBioTrrghGt,97.134927810000000000
9db8imwMJr9rPSN4Xp4KzpqmzUssZCtmKE6Gh7EeEbZZ,96.889465740000000000
DXFSgWfyHWSfDcifC35nEQHQ6KmFEtCf65RSDQBNebMN,96.428974540000000000
6XnajKx3NbGbNvA2TPPJY3VzdLUJA4SeA1VxNCat22Th,96.197249300000000000
DG1dcscbJtEJJ2Vdf2GXhcoZ6vyn8RT7nVYq12wrUEcf,94.528168960000000000
9fi2GXtnSooZRsiZDxaU7A8agTfzsin8LvSs53s7BSfK,94.508626960000000000
BBGWCtYZ6o3Mx1TY2mMTMwrsJ9Cv8VgxTUNgfzLc9feP,93.880648990000000000
4EYLrWqEvYbhyoQL4cKvPLKknfrNn1MqowQUvWsCacto,93.486544690000000000
DxqxnPGK2HtfkLWhyYVy8BnJYm7RFcBfPfAfLyjRQJ7D,93.279824980000000000
HdBmcUwSZJx2VkqAsNR8jvHUBFpV6EKpTEs6XNi7KmS7,92.426529670000000000
6cXaovxcTQe5uATk2sHvcpTd6nQB6z71thcsBAFnz6af,92.036920210000000000
48EQvSCaCgZqCa2TbPvCwTZvuDx6zvKZSrbPBQ66b2tH,90.351245490000000000
5xyF9SDBs7YdxDNqRrb2z73U7kHoHAbdj3FJXLHzY7xz,88.818142600000000000
3NXp1rfJo5WbmZ9uT9Y6q28fKfmt8CHGAAdwvUJKuR7N,88.784080670000000000
CjRJ8E7ddDoL68YtwrLnAeiENYwgYqsKAXeS3WHBzx2P,88.408560070000000000
9Wv61iMHYWcUMpT3PxkejRVLr1LNCMMUJVpuHbXYkKsE,86.771077540000000000
9orry5ZmTJWZHkGUy8qosYUDBHKbVYTXyDB6JxGG1cwe,86.195675920000000000
Gym9SDRR2GZh5cxjZCjNpY95xd5ME4qzaEoa5Hb8WEca,85.504098890000000000
94QRYGvh2pqg5c1qMxt4CghzJYp8Ap9TfaRuBUTjrMH8,85.467772310000000000
CKvGMtMBuCNWiUHpf4XCY5uaXzE5EaELJ6KwbHXtWGVd,84.889600050000000000
AhC5riFSatDTnKaLGCPBzYoyo2uAep4a3ZxP6EwoYT7c,84.874907460000000000
Fg8TjGMbFGUHJrJFX63wzvAaBmX1FWofRKBex3YNWgqD,84.553449350000000000
93WkPW1AtZuFHbaSJ6jkfabzGAn176rc1D5kHdjYQTVu,84.358680360000000000
Gzm9sVa1bKeLfa3Qz8E1GXS8TeakPRT37nL8w9pSqQvd,84.105000000000000000
7d3cmpUePGx3z3niEBYvaMXaQbakJgfEUTtaLNYXKZ43,84.072996170000000000
48BbnLpoNMm7EoETnQiDADiwJs5muGz9SkmM4n3EN4WM,83.954000000000000000
83MTvGZYxqkXAjsxAjmXV5LNQMyiKQBsqDgJkAXMPAYH,83.419684610000000000
Ga8H1ScGrsS1QnpNx7jZRQyqUdiA78vghXfeHdUrRjX,81.394569770000000000
BNJ6n5mzLGxakbdRSd9HTsz9imZokpA59PeBbTsnouDP,80.430473610000000000
7yyGi4Sbo1Ao4tfjai4jH4oAw7JZU5rAVegTHSW2W8w8,80.000000000000000000
DnRBjst9D3SfxAFJbnLU9heQNLq9P8NGR3D2K7ZvDajn,80.000000000000000000
FEA6W7m8aDRyBvGiJi7fR2TX6CpuPp9Eo25xFGHYEgU7,80.000000000000000000
catXr432tFWQT67qpwXWkTP6Cw9TuqwKutc1QrFecmE,80.000000000000000000
26x6yBJRsgQ2mosaN8DEmuxncHo2qNtbFon88PmBFXy4,79.942000000000000000
9ukSRCuYG3xMuzC25rzUKssyTJC5XaATJLztkYmYoVTA,79.894431180000000000
7yjHXevbC16Nac2Fm3WiKYfGgCyzzpzxnKUBGNoHcjGS,79.334886270000000000
4gxEZsuMRbar8KaxuKuHkCmFMgYTAeHr2p1S3N4Nt5tt,79.197434010000000000
2JuKsA8NqdfTv5XNfohHoPUCvTtQmxVm1roGkp7AGmCb,79.115932070000000000
HyRfVUWjLji7khoBVKF1k1fYwYTvwqP7BVBobKM3H4W7,79.000000000000000000
5G6mr1rNbu5y8gTf19xDx8Y8aSaPcGPLDbW7tbZ6xEXt,78.232598270000000000
F8qXXv8FzzWjyXVQ4qdZXaonGFMyF6HbM7c6pYsNK9vi,76.785555280000000000
CuQRzwJFaRhzkp8CSLBCgWgeErSoJCKFNgWwE2T1Vi21,75.707987730000000000
3GfqKD2wevTDuitdW6gKqiXBrqDhYKwdg3EzHyJof8sq,75.517794240000000000
2bVHVGisBnziF3LTaiSRpkoJi9VySE7tfBbhgj7Up89h,75.000000000000000000
HRtGFfCKMMBdN4pR8PS34Yko6N6h4SuCYrcmf9Mw4btu,74.287819200000000000
C9AN5sGui7Xek3g8SgJAuyc4jWUNMbPKVLpp6SBsXHzm,73.111745390000000000
351bTkT2bsNqXUJ85hRY4zkp6F3htKJSyJXy4stkNk9v,72.982000000000000000
BkGUMQQ3tzdpfPZUoNVhjLz6HVyUy6RxDDZgKQ6s4Gbf,72.970295730000000000
EUr26ACyzN29bq564TM3SDrq4HZkQjTWt86b86Z5zBER,72.746362850000000000
FwYxFh1xdW7EbsPtSguaQzNDDwsAYBoPJFfUYFNNTYcP,72.063789390000000000
4gX1UUb9vhQwrboMUimSHN5v5K2rXmPkayZGVDn2Prcm,71.874811460000000000
MSQpVWaQsidtAzuJBZdG1FtyrkpZw3YS8ueM5PhujeL,71.856781090000000000
m5GHTSXoRZocqkJbwYeonemLwYUo7HYfk1rDACkRQru,71.830272200000000000
GZdgQGrep2Sah6e79XdSm7uxxHFLnsNUGbyr4pynVXpc,70.960270880000000000
FuVp9VmoDntrH6cL4dAkud7ZPVCvzS4SWErtRzU55AHP,69.862714360000000000
FQTHv499G2xSKRvvpNB1t37os1xLnWaWGia6qQJWH53N,69.413513050000000000
4e759q6RUPvvPhuzMECUyGzH3Fu6BocC15bDXvzw3qgu,69.000000000000000000
6SCkjvDQmKdt3pLqa6xZKTuW9GUDjXPSreVTcEA7xFCU,69.000000000000000000
98FReMhFWGtMUrnvV1KtNtww671BcxxJHDo4grrJ6aWs,69.000000000000000000
AC5RDfQFmDS1deWZos921JfqscXdByf8BKHs5ACWjtW2,69.000000000000000000
BjmHbeBPj57DJGKFKM3MqbFAbpLHEHXGJ5shfGCZMZ6Z,69.000000000000000000
CVtuLNfHo7BEd8Nn9nAdug7BRHRVEqLdYvZPSk4o4uxq,69.000000000000000000
EqTDrXx2S9orwEcu4VtvqgTcdZcLpJ1GkGTNdrs5VepT,69.000000000000000000
FprcLdmqbDuHsw8vb8Tijr7xetJeSibi3Dga947zMgyG,69.000000000000000000
BNQE5UjqMncNMv19Zh6GxAtoAamA5gH7V4K944EevLNK,68.514419380000000000
Ce6R6x3QWsfXQjmwCD69tPtKUDuncbjtfysXxXmn2zM9,67.966390850000000000
HU23r7UoZbqTUuh3vA7emAGztFtqwTeVips789vqxxBw,67.607156420000000000
5GPtNjR2f5JVgqPXWKE55WNE3fnTojTN8etLPUy2TCEG,67.512331130000000000
7huGWuNsDdvRhmSz65KcMLMznHvfjtW2BAnEXeka8eJX,67.435623310000000000
8nc5pU81JVPtM1kZZ45nbhAp3dNUGYAxZnrGxU1qKprW,66.970021290000000000
BPW6bLd5vnnG4rNYVWrwbn2i49VneNbAdchYq4tL9G42,66.958249440000000000
7FyTjq1thfS9dmpFi7chLVcrUx1j8iSEnwHFBi856zCa,66.266800210000000000
7fyep1FRtYbnPPgYDD49aQEHWQLshjHbmBdThXN7qwXC,66.208688520000000000
HtHMXdbXLCFWeSGh5pq53zuoAs9F9cpCbZ6xcjuaKLRZ,66.208117920000000000
4MKqbHbaH8L6dgiFRRzffyhGdPFjEecxj6xirFUejXDb,66.068528730000000000
8uSQYf5EEpHdgq7VwdhnJFyN9UkjvGTp6oGfmkfeAbEd,66.031801190000000000
Bw8BMFLKQRbTTxd1HoT7n4zqiLmqM69pS5aenpvpixWq,66.006499000000000000
5rLVjRMX8Z6BNjB4du6m37vRP2N3RytezALVVrcJzETb,65.996295040000000000
HyZKemHHrccz6xDvMNyVk3Q6x8TM1G2WeAMsZQAmmJdc,65.898093890000000000
HVdxKcwWVTqesbSmZrD1Q6oWHCxUQmx3CbRRXdBMzr8C,65.317634530000000000
4NQj4EUQ9yPGqWwQNrkFY7n7geB7Nz2P32eJY7xzMhPS,64.638072400000000000
2KABWcVwfhdcoiazE1xeLLyqBfDiVKfuWdRMbKBPyqhy,64.471493860000000000
7WZWJXd1V4MAbxX47PR42tihCxdFWR1EBZiWBYzyaoEF,64.372267020000000000
9LUZbgJmgfEdQyyFfFBg4vthjFVwiosGjqMRnhbVnxJx,63.946015750000000000
FwT86W76afRXnq7yowk4wUmRaTrvCUuboihDEMLzLaQU,63.854290840000000000
E2RKDWaBecqRmzsFzMGfrehKJeAT9puo9663Z3EnXrdS,63.705134870000000000
21jQHXUftP5Dmoq4yjTUaNe9t8Mbs2W4VtaEhMFsLrVy,63.670000000000000000
2F5Jo2DKpwaUDhMHWir3t6WK7FbWSTxRxL9sCWbzs8of,63.670000000000000000
2Rhh6Scb2xenU1G8s7Xzy8z8Z9ZSCQji7gdD93wbKeng,63.670000000000000000
2RnmEuuzHcqCUs9S8XuEz3ducUMKz14gBiXeru9usB7u,63.670000000000000000
2T7FQ1ANJPpk5tvhoGxb9gTsDfh53SGkycZ4GEgH1b2f,63.670000000000000000
2UK1jBF49QRGCv6sjnFkaKJrVrjoZnSoh8mVxLLLSVbm,63.670000000000000000
2X2esa4vVJaDbkqFgRm1s3hQSu9nECgJuyuaqkitLHpc,63.670000000000000000
2cpAbNHjot6e9Pep9rCsYGRDABcPwPqppL6xXSKrpiqL,63.670000000000000000
2hcSNniSPnSPtNPHGqgM9ch2LSS8QMgmbYa9zWh7yizB,63.670000000000000000
2hyhxEnviMCAqwiwPtv5bRo6gW1ewCJqo9sn6ZL31Hfg,63.670000000000000000
2yapK126PdRU8epMm6moMPeRhd325Hu3Yc5Wa3YXA5KR,63.670000000000000000
2zCqgejnncUmVWkktnmocbS5zPtiX513b2Jc2GF5Fi8h,63.670000000000000000
2zFWxpJHN3qxi5thd4s35jokCA3qusPYP8F9TKvbqsF1,63.670000000000000000
3KHTFHBQ5YF4PhVQXtGb66KSEPYwg8PeRNB1Tqkx1Gcq,63.670000000000000000
3Pf6L5yaMaxKk9A7Ekk8qsifzsv9pdTif3AT9N1ryZBu,63.670000000000000000
3YfQkeSNP7MQr6kbW8kVhqu3PnqRdJKw8kDJchWtP7i7,63.670000000000000000
3bKz1wcQVVLF7SZHkFv9n4ws6EPcowg7sehq9AtnyaiY,63.670000000000000000
3ehcqVxMF2kj2m2u69gXZVycC8YGg1pCJ7M2wd2SPWUA,63.670000000000000000
3kKQnTR8fYL9iPYDN93kTcvTZ8L2hq9hZi7xBveHRyVL,63.670000000000000000
3sWjqgihRiP2JP1fKtxxZd64UjtY4G5ZPU6TPKreqvd2,63.670000000000000000
3wU993JnRmUH3EWoDskh6Fij8Y7Z3F7ZwfhBt1L6y4Gb,63.670000000000000000
3zKvFQxxjLJtGoUvWQj1v52LtArwvwKuuSdfPco3Xgbq,63.670000000000000000
43Jx2r4zrMkctrE8FcHnY5ZXC9aWFL83spmxJXwr4S7B,63.670000000000000000
45dj82PB5hrYYsjuWvjzhxFpXz6fQN5dmf5JN5wxPo6E,63.670000000000000000
48tVTXT348dyccJvrjX7Cn54KTm2uwPK8qVM1tkWXjaH,63.670000000000000000
4Ciu1cV7KFQu1YNfmTvTCGBguSqtaqMmsM92SnrebLBe,63.670000000000000000
4UPxpVb24wppKX3Jv4vp2JFWVkSuDQ7yxqyrF68WgFdP,63.670000000000000000
4iLaww1aY3GBStWZNq8eGVS6LetehUNEF7ScT6nfqVhX,63.670000000000000000
4nE6JahQBTt8r2vnnapWaVPc1ym5821fS2NUikhk5yo6,63.670000000000000000
4rqsozxoDHWAnbxLD2uGCVhwHbCVAMn59GjJq84bf6Jb,63.670000000000000000
4wXXPVCHWRcbZtijQMn5ofYk3nKUT2kFG1hFHLbupnmE,63.670000000000000000
4woS6krkSWrn9QcyV86LNFQSp8XZMVSfT7S1PoRQQ1m1,63.670000000000000000
4yE9EqAakgoznmTTT1CHmcw4Jzy4qrG8SNnVvJ5uHBQH,63.670000000000000000
4z6kB6wxSRDq95zV6cGkT91scrQ8yYLbDWEjezHK9jsz,63.670000000000000000
51LfCx6rJMvuRyUpgW6cppLGUneDwi9WLAa329MZQ1GY,63.670000000000000000
5B58ikKYEV3qWGr8nhB4djxDbwVJkzohdEYBdKYoXiS9,63.670000000000000000
5Bh5Hyc9aNo3BJ6ctyDDmkAcPz8r2xeXyHNr9NqRqT3C,63.670000000000000000
5Bwg13Nq9rNnhGntjjZdd4sc96Bg8gqfqbYhMnEACZys,63.670000000000000000
5E2EvXJjKeDzBMkLjVetJrrfasZuFrwfGSwpejjkLyDL,63.670000000000000000
5PaaBaqQnMTdQ2XEfQLUmTxD4F11tSfviD1aNUews4eV,63.670000000000000000
5W7aWjgSMBWATAq9mr4vmHeuyQ5Gzc5am71wwcmP6VCS,63.670000000000000000
5XyoVRfXnWH9LpLwaYKmd94agEvtVParM1EULrEXe36Q,63.670000000000000000
64ewo4DPJkia9Vjf2qqXaZGUrZV88jorwAscoBZ8adHq,63.670000000000000000
6E87j9UQh1bXwxPyvh7nUWAkEviFPUxrAKD1Fo5MhkZL,63.670000000000000000
6GHUdjhhoVGSvHfaqDqKJZj3F8ZmsQg91KxY5zmBN5zm,63.670000000000000000
6LyGjbnEPaQxBGbpS36wgAcZUgCnQsp4A2U5KZdWojMp,63.670000000000000000
6SWdbcyRDdKg1YhW4gm1xeVkU68XmP5jeTXyn1Lb89w7,63.670000000000000000
6kMBD4f95nvZKSCyF5rut3QvEwZ8JFgG6EQm7guE7NJD,63.670000000000000000
6pCrS1wB1BKv6vBSQLhFRtxQBbU859M5nYDUFjU59bTg,63.670000000000000000
6rxrGyYLG4y1YgJApVsA6SPYhHsGDWEx1DHdWp1FSrwp,63.670000000000000000
71R339JcBmazk1P6jWbSthdHeLiVsYgSRGT3LqkzPQu,63.670000000000000000
76NTxnK1a6S84QBHWGgZU1Y6U9woixRTXsWk87fwEGXV,63.670000000000000000
7BB4VXpF8wkADKTPTX8cAxYVd46xMdvrttwQk7NULLfd,63.670000000000000000
7BPAtKa5zusEX4mXVxvGrz7J8b5eTcTq4stTU2Wowryt,63.670000000000000000
7Hyv7c6RBKiSJTWxQz6uwGtjjyGWR1D6GtgqVWv4p2KG,63.670000000000000000
7LCYyebMqaeGADAwxBdCYwHrUHz4H7uakCVwJMA9jEEj,63.670000000000000000
7Sscw4wjq2nn9qQHahNqHpnfLyJKnt9pdrDVFpUADbHq,63.670000000000000000
7To4V8gZLHkHx8yS8AaxbmkYk7jU6qmpaLjzqGSGaQ4Q,63.670000000000000000
7XiBH4xULDxL3foy1rVcJvTqYFvoMd2Pffo5YHshio6A,63.670000000000000000
7czHf79xstiPjaUhG5KEWkKgR1fgXhJSNE43G6M4KJ3V,63.670000000000000000
7d5QCnkuXSduSuNy7jsBYVf7wGujrtbAdnUg7PuZ2QgN,63.670000000000000000
7j3ppGSqvQcvcp6RA8eEJs89s84vRuM9nYof1xQht6Nd,63.670000000000000000
7k2k3VirAFCWNioZC4Ru3ZCDxBrSvvEdQdcFKTqx9Ssz,63.670000000000000000
7qxcH2w392zXvm5BU2s1AD36jyyyKhF1JjZhhHo5AgcC,63.670000000000000000
7tdviCexUWn5J5HZDJqztRhkysNEZ4ZDHAXXN4ZA3ao5,63.670000000000000000
81S57QD9h8GLkGoUx5CFY9kS4dFFMHa26p88K5j3cXxp,63.670000000000000000
847XW9d9Nq3iVLAhNCgTSMvsNLFvAjQAFHZXGDaFA4Cr,63.670000000000000000
85xzgTJ4A4m5bKaceKePmuAVcJymxoQT5CeLyrmNyFPD,63.670000000000000000
8DTMJbq75MKt5A5ZZdBR9ZKxj6cQVWVqNUdAJqPfKk1S,63.670000000000000000
8E8nYr4hGS3L8GrdhykKZsyHVFuRjHoD1QZnhPRnc1iy,63.670000000000000000
8Kn4nqrqfEYamiA44W95vsTCk8cku4WMCVJYnhFhaWwH,63.670000000000000000
8RbFmcKPWizfJ6phoiRipZR4Y5iUB8h78oHjCgGZ9JTb,63.670000000000000000
8VtBtBAro73wshNyP7MVPBfvHWzGtax714uP8bjwcfZh,63.670000000000000000
8dyKWCnc58QNS8YWUT8R9v3mXQ1VXZubdcnc6rbtgSkS,63.670000000000000000
8q61T4sJ95Drra39M4Eeu1cd5qq9KtHKibAZD6sqPH73,63.670000000000000000
8rqwkkPrYuRRMsBvobchws3fnroNwtCnmM2AqBUQCdBo,63.670000000000000000
8tbqXcTa5HURV3SSGQWjeYQQ8TfYRU7D9hdB7WV7hKGX,63.670000000000000000
9BMQqMMK3bnhPBmx1n4UCka6HCMKQBgxeeQRX1xQuHac,63.670000000000000000
9EZN2npXkWYqD41F8Y3twVTktcGkmmEWux7KfToVurHd,63.670000000000000000
9EbbN3LRh1ixeG1bPWTb1y8Te1Qdu3jN6kS6bEgMznf9,63.670000000000000000
9QE36KuR3wEhVnHXWQ7EHxKXmkch2ixesGD3hGKirRpm,63.670000000000000000
9gV4cNEKHx95uV2vPijENH2pQDS8fN3GDt4hNpeFv9Xk,63.670000000000000000
9jAM7eTFxNq4s7QiChuW74yTL8riQomj6G5SuUEbfqqG,63.670000000000000000
9oorqtx3bZPk4M4QNGj1Riyp8b3rq87rZQBpzJKaarUL,63.670000000000000000
AButqCsBixgGAYNRcxkX8s6bQD7TD8PHYt6HfSE2Ehzq,63.670000000000000000
AQ4N2r1J2nRfc9Vnh3NyFuG1Nmo44oc2qZsCCrPjSC6Z,63.670000000000000000
AVp5YKSFWGARc2vyJnr38fBZmfnJai1e8Xzw85otyR33,63.670000000000000000
AYKuyjB8AsgfLd8wCcP2Rjy2nigHcLHDwbyQ4HCDQyZa,63.670000000000000000
Ae5HGgSUbojC8sEceHjnBZVBC2Bf5SHgTGjFzahVmrtf,63.670000000000000000
Af9AUq1FRcxWE22GLrWUk43smJKQw7p2kJsbkpN5tnMZ,63.670000000000000000
AkSTbojFLfx9CfGGYXX8YmoNLVZrmUUtWoF2Rbp4r6ke,63.670000000000000000
AtqkcUAwcxsM6LRZKa1D4rTmvpPJRAVpx4DT87zkn9BB,63.670000000000000000
B2ikpay4X38pfNUiyH6PAmuia6PsBMb2jZ1poS9W7dNw,63.670000000000000000
B4oJNRBkvS8vvoUFbGXxtZSqj1rBKonYJHVh6VMxEKxj,63.670000000000000000
B7yD8SuAzXuQ9N5h88tUVpEqxhtCe5Uw9VZq7wm9hpmm,63.670000000000000000
BLRKT3J7MvBsdbyBWsRse4p7QstU9WM15BCDAE28zPTz,63.670000000000000000
BPzSpGWoFo6vKMrL6CcNWkNvASDoVYv2rKzJHZU1vSK2,63.670000000000000000
BWmP5zRgiK1vG9QHGpfcGazGYbfwAMvkaLjLKdgiPNJo,63.670000000000000000
BaN9HkYXd37aSfpM1C4rXXGaZfSAnr5P721h4PUqmGoB,63.670000000000000000
Bm1gfhUXcsjh2xSRGET68W5fy4bJQbs2WeVsWAKxo3cY,63.670000000000000000
BmyUXT1UPQF1cj5rSnT2zVjn6p6JxexvmXNMQKRK34Zc,63.670000000000000000
BnfUPAMgUq4sp8dRMLj5cvVLUZXgQatwqvaTDC9CsXxr,63.670000000000000000
Bt5T7b9YvbzBvkycsPhqZv12QvsQbqZDCGUbmQiWKEGA,63.670000000000000000
BuU6uph1v3YMtVMmDxdJZkLSXS3neQ346cpz6HnQCYsj,63.670000000000000000
BwTNau2K5nb1sxWMx1J7MUdncYGDKfWnxZK4ZFEQTA4M,63.670000000000000000
Bwvqyq25tVMPFVjZwUGqtVoLxPEof98JgJFkSJHmevcF,63.670000000000000000
C6SBkytguYaJXqV2Aap6zmw5eus7iXYNsJMVWCceWark,63.670000000000000000
C8895RVdFZrUZKYYGaTnQwwHZ8gxmdi3ZJjV42Q52cK5,63.670000000000000000
CBPVA375AxWT32N8HcVLertqiCpKJnJFuzH4CcQvFzCH,63.670000000000000000
CSDKkn8wSBkeMWf3UffzcT33uJJkZGttH9MNcrkJ4Hn1,63.670000000000000000
CWqFt9MUzthbAWSdXBnyVGkfNRHeW2cVS7TG3JeURGuB,63.670000000000000000
CgRYN8xKv1SNLvvu64Arxg8g579VLzVTh5aSb8Ybn8Pa,63.670000000000000000
D1NzTBwWhujTtrK52ALYJKPNsANqVfn3rU7CUoHiz9Tg,63.670000000000000000
D6BxADwo1tNjeyHrmfo2LX4LLTbj9jPnXgrQGjha1rjf,63.670000000000000000
D7xXXnsCtRw22bAVmajfysFWtAstvRFuuHkmuFZAcyRf,63.670000000000000000
DB59iKGUhuPyFMqZ2dMab5oUtRu6WoTg2Xre1tVuyKg3,63.670000000000000000
DBTzafkbutbuE2BfYGEJqBB3H696CDUa2S5xPGTpbosG,63.670000000000000000
DJLH9zSK7pHEkSfe8m8oEbJ7j5FtuSTyvpPEmjY9YGPx,63.670000000000000000
Ds5co4Nj1poAq218Q9G3gDND46vRHd9ifWEXx2jEgY7a,63.670000000000000000
E7BwnYf4efv4xXj7dQCDpgTciuCDgfbWVZK5vxFCP9qM,63.670000000000000000
E9S3SfBg5EJy2RP539GuuiaaRWouSV1QwU95iM9zq3rk,63.670000000000000000
EEqn6q7tvQnxrDkDr75dwRb8P93Sx5HYy3Tx61szzP88,63.670000000000000000
Egwu4CdAesKAHe4f84E4zCiAQJky5ywm8pLqi4BngsgQ,63.670000000000000000
EkHyn3NkEV7DNtUd2fiwPot59CJ6gBhyKxpCJURiS8CP,63.670000000000000000
EyXMwDXGqx2cpdWav2T4xCeAoJSCQcQxxHUiSuXLxPEv,63.670000000000000000
FDxpSYK5qu99usMfFmzvDZrhiV3bWg88G2cyahERbssx,63.670000000000000000
FNXSzbgn5kL5jAuQt4j73uxsJicx19Vwsj9P5QhHtPBS,63.670000000000000000
FVr1eSpqBGbK87iahwToHwDyRA6r1TsGC41pEYSfQxCR,63.670000000000000000
FYE7B98fQC5zPpgjyenQCFLj7SWbB6cgcCJ95gqbxMWu,63.670000000000000000
FrvBeozie2BtxLwPzhnNqq5wXykuc5aoNkrW36BKrKae,63.670000000000000000
FwkcQHQf7N3ZAAahFo2x35Bb3D5sw2o94CMHpVC5bh3T,63.670000000000000000
G4KRZ56Y9EMdAb8mtRTeKcyb8MzLh8boPYCFbAELLELB,63.670000000000000000
GBG6LWqt68Jgo5z6qLVUMYUNe3EsXtpCewYuv8xAGYB,63.670000000000000000
GFHmr1xCvcX5fSsENqagWnrKLXgbngZZdkee5WDrQqzg,63.670000000000000000
GFYSzVyKRFkW95NmF6StAC3Y3PogLNyherudvrCNdVqs,63.670000000000000000
GMSpoAjYnFdVLZ9AYcWjrtjSkKnUSYyi3Gncd4dXUbxY,63.670000000000000000
GT6GQdi6pNhHizxQks7jbBao8wfnif9cna1hj63QY5eY,63.670000000000000000
GbmHie92cGXgFArepa7t2kkSwekphova8j2jfqqUJiEM,63.670000000000000000
Gi71B14s7AgqmJ8Q3m4ifrv2ZrfLxNxC28qsxMybFAt5,63.670000000000000000
GiEZQn2CM1spFiG4bda4gtheRVrNtJzBhs2eHaFfouGp,63.670000000000000000
HGCmSPyRY3pk7BHc1iqwwDzKRHr79tMfVJDGx9VruwfN,63.670000000000000000
HVotYjZeX55NTQAg8XX3TjGZVYEVeWVMVpAYZmraoD88,63.670000000000000000
HaAHis2BGJsvSpJE1s1itEvSa2knicgDFxGdFbvKwESt,63.670000000000000000
HmiBTJFtJgQTqhYTRvhH5rcExmv42kkt34su7J4o6YXu,63.670000000000000000
HnERNNdD3F8N3iRieeBzM6baqwik8pTRZa5aXUDJsw4n,63.670000000000000000
Hqedb1xBzzDqkGMEo1AstTRVr9MZEMf7C9oMMY9MvT3w,63.670000000000000000
J2tZwkpe24zBgoX1Zbagm1Kn3TX3voomZmpncsnEoXAW,63.670000000000000000
JCVEYKe19YppXrj6hEVgLpFb19iN6s71PM4JjKoGnNx6,63.670000000000000000
dNFRuuuvq7zKwpoRy1KCY48tsKr3AXPStssAPHcd4Ds,63.670000000000000000
f666KqudCRZe1vPEcWxMuFqyTEULHhaNHf6An2Yhnki,63.670000000000000000
vhpxKApRLzJ17Tv9dLkbKKe6YZzmrV7xNHBWEa4m1Cc,63.670000000000000000
64JtAmy58NeahVoSXJCaHV5B5YQCS8zrmgSAee4QZwxw,63.416277460000000000
GCZ1yPwyc2JoME1HSReLqqqvkjm5piJ1sEAZAf7vtH1r,63.209982880000000000
HmXuLg87Qh7eAYEjjFjStaYVPGqQbFKwRAcrck3fttnn,62.359245750000000000
FbaDEEWfq4twAc9QV8RcsKi4QHrHgMRi7hyUTVjYYBh5,62.010829040000000000
5yjDBZdcJTejbB2atuVT4RDnLqrbLjKscDRBnaY4AQ3N,61.540529910000000000
EMdA5Nb3iP32MKczyhf4YoJ3e9Adx7EaRDVVVhSn2tvM,61.212186320000000000
2BQK9ptnDwWtfnZtPDDUu6YzFz4Sis9MjxLWSDzkCyER,61.188089120000000000
aR3zgLCfLLofyd4m9nTj272Xh1MHNYj4QuJ95SKvMQL,60.000000000000000000
5cFknGXzf1qtazKYQ53JGzoBBNGWPVDYzDZWEvDhEMs9,59.581139220000000000
2sSDj3GPiA7MBNsf6G4VWsrdxmGgf3Q2xmbEve2EZbnk,59.568656170000000000
4HxKeQSqv7GJYSZSKwEnY9CCqqQTcT1rCv5uJSH92bTS,59.514846180000000000
DZE8LFV4zkhzLy9iq4aFkVsZRCWNfPWnh3auWE5Cq7Nf,59.418573110000000000
5AczXxJyc54nfiCSTsdwm7aSt1LE6sjyRtMoKcEyY6tT,58.661027260000000000
9ZDNDqVoJqKMHVe3wKd12CHRrzpTJt2Bgf2iHQ6C2EdH,58.363352050000000000
8MW1cCfEuTd39uNtWFVSmea6GCAQSDzEnJ7VBFa2uns8,58.228250050000000000
4DuKwo8nsmiJHufGxhGdQXC4jqxkGuSpyvAwmiqo6nE6,58.051411920000000000
HwbvugybGHy3ifAoHm3iqaCpMXcHADQWJNu9u9VVQRa4,57.871933700000000000
EXkiYcbWUaFRiDcBdgCTP2fF5AWr9gemqRAuBrqTgAeX,57.642076410000000000
JBta3p3Mbod7PYuZt576AzKDG7tMh1W8gSjJkoVXiPKR,57.595932740000000000
EfgW7UwWRQ27dYCLn91mDosrW3wqbR5S6qmeCpjBvQVq,57.356008090000000000
Awvn2qAn676ZFszDJe5JBR6B3YRwWEsfaDpVQjV22edd,56.350430150000000000
256q9aAWUPjzW4MxxZgLKgQsmSFtxrYZMMJzpxpMG4yJ,56.350000000000000000
2Ujh1yy6Y6Rc5uAzFXswq4D4VUhYprNoFF9WfyRbUAsB,56.350000000000000000
2ZE6n6nAsLkRNVkTPZ4JXECYgKjg9sb62qQBJhwFhbcZ,56.350000000000000000
2fhZeZ23Jc7Y93hpEugKoTqg1QunqMHdNuvVQ2Wmgeos,56.350000000000000000
3ETwvpmEXHRCPwLvwwnFN3e3grAfMo7MgLHpyWirwTBo,56.350000000000000000
3SsgB9dgArwBYdcNF92HB5AV8mc25H8horKYJ5yk9PfS,56.350000000000000000
3iqjpTJek8NA7y43st9g2L98Cy2Q9p4zLrozVXGEueRm,56.350000000000000000
3xfxXU6aX4eXHUrXM6xhb6ewgdCq1qzjiL4pSkfV6oH1,56.350000000000000000
4SPBo2DSZGtpAHRB1FGZNijDVHtvJi9cAckFjhFr8oS7,56.350000000000000000
4jEEKqCAYLuGUqPDqXzQM8JKcK2UD2C2hrW4ehZYt8sv,56.350000000000000000
4wtqfA91XfpG9GjkZuwebyF3CD2YVTndNLLCCrPrypJP,56.350000000000000000
5G7ZG43MED8fdVuD9M9eeRoCWsRExBvnuoXxKCwVvzZX,56.350000000000000000
5HEWQuQgEBPtJpT96ACGz7XdShDywUjg6RTA3VN5QgBC,56.350000000000000000
5Z4bFpZ49mVbm5f9snGbhKDSHPsTTaEcpbsJbDGWtP44,56.350000000000000000
5ngPiUUkCFa1qSVrSYHRt3hszo6FJvrDVNkTAguTREUQ,56.350000000000000000
5svWrR4y3QSNjnnxR2DRZEzfrWakaFkBzYEJMdYKHasj,56.350000000000000000
6EyPXoPamonjSQhZEUexQBeTjp7W879FUtBrRZJ17eAQ,56.350000000000000000
7ggg1sEQjWiUFeKyz6WKuWj9v3c8PvAEBDLcxyfs7CPQ,56.350000000000000000
8Xtp7HXnxaEUxm3YTVJkvYo2CBrJ8fjxwPgkA3r4KZYy,56.350000000000000000
8hsZbruegWAWKqg22wzdk6jswzTP1sVvK8iqgofXkDhA,56.350000000000000000
8vnnoMxzGohctTp7DCdYQhX4A6XDgADEk1nGoLHHnrR7,56.350000000000000000
9BEY3CvTRK6vNzLhKdzDRdJppDcXYtYCGCqHcqYH3T1X,56.350000000000000000
9BLWota33pmwHotxPkxw58NtVELDWPKva6mDdCKvVcak,56.350000000000000000
9a5mvXMnpWdzVHm38QVvH3jDt3US2awiY1fq6yyL3w4c,56.350000000000000000
9gse3DKWRHQFtSbVNqSC87S7EotBbbh3qm4vB7DfXBWW,56.350000000000000000
9sixzAcDSqB2Vry2SZ5mhpnVw5gTq3ixoCn7aqrCMD8q,56.350000000000000000
ADMWmg5he7wJ9CEqsSixpmt1tapjiVPZHvQnxMg2TMqz,56.350000000000000000
AVPa6eW7ShbtczMVYkMBw4ZxjuPyKsdUpKN2VH4D8Yyx,56.350000000000000000
AfMtqPFQwb7gfX7BAwhHVPY7BCFBevuAzynmZoKNaTKh,56.350000000000000000
Ay6FZvWHDgapWvBgA6atH54L6XoiePV97SvrsaiVoAig,56.350000000000000000
BGPYV2PWQ1cjz9KX3L8LxKUh6rmjFH5P11UY9LUXVdXk,56.350000000000000000
BULhvsy4zgLFAxxc4m5AVmC8iaBoRdRAsSa9aeDNkpr7,56.350000000000000000
BYUgKB7epZMxX7XwcHGAzhH6KLBzGhgTzXPod9y65DwB,56.350000000000000000
BmQg98KzTA8ohPgmzHMiLYut32jS8aigzFgLpcyUb6Tp,56.350000000000000000
BuScAqB1QyqBH5f2iPvuw3hRQ96mWc5Pis9LwGvXpZsE,56.350000000000000000
CGhc44c8b9y3KmMqCFa8ByNE9tbP2Xm7SiUWKp9DxS7n,56.350000000000000000
CewwFosWD7zwQZAuc6aApiVH4BH97dz2Mf713R71pG7H,56.350000000000000000
Czfo87t54HvKBvtzb5Cc1a8f8ZxyqFn6Lc5b2S28sPN,56.350000000000000000
DZhdfxhr8hKTWLzB3xjSCgVJzGdDxFbZgfPsiJaL8Qwu,56.350000000000000000
Dh56CTrAzuyNwHCyTJbcnib3zA6z9qTRLXRT6WsE4kkQ,56.350000000000000000
EJEjPsGj3z7QJikhTqGMzdHNrQJZ7rww6S6MgUqrypYu,56.350000000000000000
EntbsgXt1MsNPfGTWaNBVh9hbM9oajb2Kc93zkBtGdja,56.350000000000000000
EsWWiaLn261r2TXQUuAG6XKWiBgVYEDmTADcr8kgsnHV,56.350000000000000000
Ez9s3QKHLMQPfo8UujJNL1gbxE5tSBBY99ZPkzeTL6Ss,56.350000000000000000
FvE94VEvHwTw13fyi6cDR12p2KcKqrEkn1yp2CszMR2N,56.350000000000000000
G2B2ToMbfPBnRRTF2RmB4cSq8SkQZR5W2qMB7YvMxNvS,56.350000000000000000
GF8unKG4cN2PqiWgG57m2QDEtpSHgcztJXQocm5XVh3o,56.350000000000000000
GKjKZFnE3QqYNYc1HZHwntn2r8H7aEySbiMdHzeaq1tc,56.350000000000000000
GnQhu4S5ZdCyw9S5x9HUk39Susuqk9pi3BoftnL9a9h7,56.350000000000000000
GoWX4socdPHQqdnBtVTwxFRgZLjhxDtJayhbqjLse1Pd,56.350000000000000000
HNUysEpazV6VFKb2gXJt1MF4y7cPUC86iUoM561VH53M,56.350000000000000000
JBxT9T25K5GtiXeFbpwSqwmyu4Z1Yi5jZcUS3EHYsKLX,56.350000000000000000
UBwQosQ91mAqNcjAEan3aVkBKBYaN9Xvw3QFmmGti2M,56.350000000000000000
eb8ncrVvCAvGqK6Br7DwJQPjgATpKhUEygR9na5Mj9W,56.350000000000000000
53unSgGWqEWANcPYRF35B2Bgf8BkszUtcccKiXwGGLyr,56.219271230000000000
4dcjshLpmtqDNrX5bmEwhYtZe5QPX7rMfX7a8FzcwSwT,56.164795780000000000
A9BcC5koHAy7hjcS6nmYyUrGXUFzCoavRfTwwERxUU1F,56.029093410000000000
5tyzA3N3BbEJwACAChqH3E51LXrbCCEkBw5aEt6pXLdQ,56.000000000000000000
2QbrURiSjwqRyAdqfMS6xJz8RHndLuqgR9i1YWbxGwd4,55.828702390000000000
BNw8YHoJnRChXu8Gq7PVtrRDHCKgQNRucZY6YbRxMM4z,55.821453950000000000
Ghm2MaV7iHkAtFJWpn6uiU8wyi9UuLmRkCoNDBRCfZzM,55.737341870000000000
8aG1tNyzqirf2sb6MApKUro4Nd5HSk37JQb816eZ3RBb,54.883935710000000000
7GNiar1u59ddLE8SK3SeuNkhyNe3JbCso5L6pLq9YJay,54.719762830000000000
97T7UGZTPzYKQXymhivBWi7m9AakCQ56ufba3EhfSRck,54.569001140000000000
AguFAq83iv9QTF81bwTX2Sdq3GhCfbgsv5TKYEcorFXr,54.441354080000000000
9acXMGGbBzQw9bZrck5rFqsm1VjnDhGbyB5Q91RS8NbD,54.396000000000000000
Ar1AUVfZ5XzpsVuWQ5HfJEkvydZiFgJxPLxupcX48wQ8,54.306597810000000000
8PEdAVDkU47iPrc7D92WZHyw2BtsKHyCBLfeBzWPq6nn,54.267162550000000000
CZHUcGKxXvhQJ5RNhejKLYH4JbsjgoeBUfy46FivNneA,53.714227860000000000
6nPPtn69HeDCcgh9zzMu15BoLnkqRCmE5nbTHe8qA6XZ,53.663000000000000000
H54z6ufgtLPzwe5YmYQs7C3MmjsQUVJaLPwKL6PpzDQ5,53.537423000000000000
J2gWWedew1C1PdudympLSJ2n6XzhtJsZSquiRmXVssdd,53.282013920000000000
FexZ7sqgwxauyaQ66PpwrgEuo3LsLRf1g7fFhj6apy8t,53.053164710000000000
CUebiBkEenoQAb9eSUkydQwzXmzTHh14EvQuo2XMXy3D,52.693826270000000000
7yevHW2Kfr5JrDBKYAgvaWbyH866psNv3xiDTFt2WN5a,52.505718380000000000
HdHdfPnzhrjWpZb4KVuJQsYqyZsCK4ZoQXxLxrwPt7zh,52.415211930000000000
2RXSvQ5NNBbNcC2X8SwmxTHhHGA5viFsxHPCF3zydaSX,52.415211730000000000
2b6V1HFfqm8rxBuoHxYP1mVVY4F4sZoTwJgA5H3TNvF1,52.415211730000000000
3LkuNCqL8aJwf4V9r7jeKDC68Y1Jm25z639eQbjE6PXr,52.415211730000000000
3MePk84fASZ1M32byXky3UgpDsF7vVn7K41YAGKyJ2rW,52.415211730000000000
4hF1wjtbEZgrCsyx1fFBz1SDAC8duQhbtAmJoMzhwgCp,52.415211730000000000
7AB9hpzA8tSAJGJqi67NvWkNqdUWCJ1Ym6tPdGLMyGtc,52.415211730000000000
7j8FZerWhcKAJn8bJmfuF9VRN3ocSfYrf8Y32BBXQTFc,52.415211730000000000
81ibtFy9CAKEvfM9dXXQCvuR171Kn8cSPuJsLLQMucWZ,52.415211730000000000
8p8Nr1DzHvSRJaM47fsWGJUpM9SYxYnreSfxnLgyoWpV,52.415211730000000000
9RUnu5W3F5LjFjhxtdWGBNWMVNp3PDhy4JyihApwLMqT,52.415211730000000000
9m9oqXAe2HzCfpFgLTkcmUkNiRRdeJnSD6U2H29KTd6o,52.415211730000000000
A4S1jkaEgwGrb5gF4iT6tJ1RGNi9yiCPB2XT4M6HZbok,52.415211730000000000
As3JiMAm9me7MhKXbjxcNNU3THFXeYfHr2Wjr8MWxQcb,52.415211730000000000
BSm5RG17D6t8ErJ4djWJ1fiNkvgxKBJoepJbZobmvjMX,52.415211730000000000
CyjQ3qBbwqQt8TozVqFGSEyLwsGGq6UMmpc64EyyUAUe,52.415211730000000000
DV1u4LPGExvNTqAMZfAwLJTgYkARqhQEXgN1DSMxzouT,52.415211730000000000
E7Z5pL5cr37HjShhMbqSp9eUobwkmo8m9RGcwPKhef3P,52.415211730000000000
EQc5uxJph936JHg9PpTC1YnAZUtEoLp5tBdi7cuVtKjs,52.415211730000000000
FWuzca8AnZacyaxS5vvTABJvybm4KsDFB2gbHyu5SdJk,52.415211730000000000
GHkkgZgvrPsEAsZ9LA45mLoZ8oTiLvsBAD9WZ8fqPnmc,52.415211730000000000
HTy56E7Dg7D9K69ADwtSafbJtQ7DYyhPRhbCF6JhWZYs,52.415211730000000000
HrAHbkjgaYmhE7NBK5xG6Zz396DeoCUBGTuHvSFH5WWU,52.415211730000000000
Kq4RzSsuuvnSbk9JeLhGQFUP7btJ596cBVxLbsL1FzU,52.415211730000000000
878qrCz7DL5RWN7c2mXqJM1N9GEJKtuCm2oZ6qtTTBAD,52.414760110000000000
2nb5b35G8qcsBNNqaV6NmGHfF1pzgdAbG5p5pYgR657j,52.414760010000000000
3DUrwU4LvKwWWTu4EfzrVNE3HeCTsNaUeUeL1CB5qJ2X,52.414760010000000000
4WVF8etA4CSFTEG6X9LFv5nM83FMA1bLknNzGqxRdPgR,52.414760010000000000
4XY7DLNVexF8ojY9WxGqPCcB2qMTEPV2VfosJRr4jBog,52.414760010000000000
4mqfvX7vihyLtP3fX8FBqcWakwrtJky4dbSFHDQeTxD5,52.414760010000000000
6ShEFULRsPR5kjhVgx1F778UxfUF3TBfkTNCTi8bsHgR,52.414760010000000000
84bzZrZC4xg3Cq5mskKnecC4pjSggWfAtGF6qox1NWjd,52.414760010000000000
88P4mKV9yuGrbQC6BZ5Qpp8Wy7rYDVa94Hxb1VipuGFr,52.414760010000000000
8c1X3atYaiu1uSiWLUq82cpkrtxBMZ5NhBaK5npvRn6o,52.414760010000000000
99BRuyZPVtjK8yXcJcAPypcv4sHCKE6EFQrGW4u1ndab,52.414760010000000000
AGBJswEUmkrhWzsp2mAHJyrjiqo8dJACYAtfCq2Mnfgy,52.414760010000000000
AVY7UVfbUFcerFvxtkwzzDRd6vYmmSkdW11Sf3YcEC61,52.414760010000000000
BK92mqV4JsZvcaAikoxDc3QMgEtaFe5V8FzYFfdkmTfV,52.414760010000000000
BUdGggQSNWe98cy3Yhb4ikitbPEHb3N6EneJbo5g3Cfb,52.414760010000000000
Bd9oyxqWxiNHrWbdmLVsqRozRkGM5A9kPp8RoGRxdh9s,52.414760010000000000
EciCj2FdehbRRzZWx8x56d54cPsGuEfetnGfSkwn4eQN,52.414760010000000000
Fg8JwL2BS35EJfh98kfrnEc324jZhK4zviTif9a8asA2,52.414760010000000000
GBBW1Zh8W62Qk25j5oU2B3boVUunDg1SudHZsd9E5WJN,52.414760010000000000
HBt2cGEQTB2mxvDk6MgHEmsPptdEeSfKsn6rgTSyfv3t,52.414760010000000000
HLWXVDJPseE3zCnNeHMiSFHHUsMtpeotCnL86zKD7Pjk,52.414760010000000000
Hax3K8PaAZFi86PhZFeAtKqVyGq6fBRRH7pXSyMi8taV,52.414760010000000000
ZAdffYYpcDHVT6uszkTtPggS17BzyDwNwobCvudN31x,52.414760010000000000
wPbtrrzUhULehkXwk9qUWETPymbXcMPwkjQvNmang9B,52.414760010000000000
HXbcLBW1iBGC8SsqKsS2zocsZNcJqgResMNcY4rS5gNx,52.304252030000000000
28TaBEX7uEaBQKyFthMvoRJAheY4WRxS7rUycGSsGh6m,52.304251900000000000
2Fx7gBWAfEkNkC6DKou4hZLM7krTchA5VRhxoEsU1pi1,52.304251900000000000
2ZG4zzzhx8UCwcwXYamJr2nGjDnWfATFrZMb4Br2r89b,52.304251900000000000
3XiEH6CL7u86QUoevSduPFbJ7721M9v6oYgWr33ZL4T3,52.304251900000000000
4bRWc7VudGH4QfYNmmkcVhd57LY2tgx6LdmFt7pMUf61,52.304251900000000000
6FqrizQk8ya8EBwj1z4d2Xf1xErK2PGUhLgdn8Cue7dF,52.304251900000000000
7F4Kqd1EMkJqjrUpFBZhTCddUvCQLf3gJYszJnHRvess,52.304251900000000000
7T1LCMChiEPmAe1Ze3sovWczDEfavx6bLCK1VR4WKsBu,52.304251900000000000
7nhLbfMHdDenWGAzoTCG1Qm4GaV7GChdC3UcNpDNPusD,52.304251900000000000
85qh6N7BVqYLbeALQnBsRhPEgYN49tiF34A6Nr3BiUQG,52.304251900000000000
9PkzJqNcbPMvTvo2geF6wpErwXgciAFu8TLjgPV7ZrgE,52.304251900000000000
9W2FaMWhXx2eRHeAwPNKrxJYtr5Vi54FbQdQ7q25tine,52.304251900000000000
9uMtadVkXNaqsLtVp866kkihBqzpYLy18vnEahmDVxbo,52.304251900000000000
A2qriYNQKvh8YueASduQojvdiC1V4w1gmT3KCFHBaJxM,52.304251900000000000
AfkGiYoe8joKTVYWeDALMPCGwtUALsBvDD8AKnbJAdh4,52.304251900000000000
BRiyYfrUSY3rN15UoZBQXHA3Bab44ogzRVxCa6vDKhBP,52.304251900000000000
BWc4xvaw4EkdjtE81j82bE2VdW5TmP49i4kFLQwyMsxF,52.304251900000000000
BxKNsAS7tg34YCyy3pWhb1WN8sRz81EayvmiyuvV4Qhc,52.304251900000000000
CcNTYHFweKHfLGg9ToSDMKTP6p2AqdnBK1BHDigq82yh,52.304251900000000000
DoFCvJGmwC7CS9n72LzrdB38jGyxmyg6EY9oAXC9WBBJ,52.304251900000000000
EE3LCzatJwpzrDkpsyMwBf9RsRJgFeFn2LPXJBCJFxSq,52.304251900000000000
ENmirJj3kD3KRYZZHgBdxXheWXXuaYQ4STDNx5xANwDZ,52.304251900000000000
HcGMvWFrE37s2Y3cAz5byGmAVquxDfaHbmNZtj9Dg6By,52.304251900000000000
63yng7JeWjvxoqoGfJen3Drjqx1Lm58G1SPb7nb4mmbG,52.275175960000000000
2RU2aBNXuaEK4rjQyJFTnB7534vpuZX4rXD9ebsWNKNK,52.275175940000000000
2mJNQy4gDq5ZhRw1RJK7ytP1k3cVEdFo1bLb92ia7snf,52.275175940000000000
35GsScU1dMe3TdDFaBTX3BJrgt6m6BS7YrowfM6tjXJs,52.275175940000000000
3rBG99AhTqy3ys9T9vpkziZDquxUZRtqvfs1x9ndf9ym,52.275175940000000000
3uzXRG8FogBrBzZhDpaMq51zcp2RNyTZiKEQQG2jqM8y,52.275175940000000000
5AExaaP5nutdca24FitSzKeQvmftvJmuf6zF1rJNebdg,52.275175940000000000
5UBwXL4U3nruVffbB2AyFPHMvhC2hJFR83WXRTHwPBMJ,52.275175940000000000
65J2r386inHPwc53v5uDzdGNDfirhVHDGFrr4RYZ8k1m,52.275175940000000000
66rCL4UEoqkBp9mTF6FdVo3wWQkfHvJwk9yxKmRQ6G3Z,52.275175940000000000
696fLtDrQnkz7JTBjdm58F6gu4fmZAffa32vjYj7T1zC,52.275175940000000000
A8yX1fiouuJzoGdG9yRn9UZkibm1ZVYgjVT2nP7VVpYN,52.275175940000000000
Afn4tGzS5cWUjJ3wYhx6woTAZLMPdEJyxiFfudTHVMNN,52.275175940000000000
AnMUZD4Le1ZTqSiEs14H59djACSmj2kBzJaVQ8FqSdnJ,52.275175940000000000
AyhDWVmyUSQat18qX7QLaLqUKyKoZGy2Vqox2WRZwBqG,52.275175940000000000
BMv3if5yidffJrsWo6iTDjv5c8NWKQCCvE9FGEEzefJh,52.275175940000000000
BNgKrdBPLSYCxVoQQ6CbhaW4pP3VdHYx9j8LUYnWcnAM,52.275175940000000000
DJin8nbs2QR3PEMA8B9Bhu5c1JsD3L4cwGse7MWLvViM,52.275175940000000000
EBwHcUtzJoxEDbGxPhiR4zRiQUqrmCd7HdG18B7yrJTY,52.275175940000000000
EmbZecQy2JXkDq3kSKpNQgVaoyj7z4ruwBpdHqHCLpii,52.275175940000000000
EqgkC1xiCYgm3ojveRu2k9vPe29Aff9cXaT1pv8doyAv,52.275175940000000000
H6zGTwAkpHVWrdCZ1hpwvyxYLaZs7pdDRvf6iBA4XiBr,52.275175940000000000
L12BP1zWTWufT8xrT2NdrfVGAXBt6oisexjKgZ8DBQG,52.275175940000000000
SRNSBKWsZrdaJHx9XAHGYsSn93VcmC8EMTvo1XpmVXo,52.275175940000000000
CKEvuxYpyevNWNyCY6LRwsJUfxFM17pHhRv2c47pigmU,51.966719190000000000
8UfQaBJuTFQg72zpq8rqU3EydLYJ9D16VEpPZKPTTBQC,51.881774870000000000
D4S7qkiK7fjJ2BdqZUrFuVPYxWYDMHCnwrJL4anJJCbC,51.378301080000000000
8EU4RxQiwRdUyFenmKV79K9aenZQrnqWGD97DPPcqMLB,51.361631750000000000
44WJRe4JrzZH96PSviGicSKNuhjWT4zscKcZi4JL8wqf,51.350000000000000000
GwLUak5qdLs6JW19aPMfLxMpK9fGGUJvmNb3kE1PCgNg,51.265582340000000000
Aknt7B6TovrGXxBrQvRdk2f2akYxN52hCNnt6Tr6cjU4,51.262000000000000000
GEXA6seBpAJHVbP7JEHjU9rrHyfyWTXYZFnH5B2u4LSU,51.238491650000000000
5EzAp6x3NdMLLfh2Kw2bSeQez2M9JFo5zPzZ24qS2w2a,51.191714600000000000
62bZe8qrQQdM9Lv7oEKWuNabf9UcvQkBnMiQADYX7ykn,51.146176060000000000
DdHv99ciZBcGVVyZdom2cAMwNrBgi3ngXA75eMwGE5TG,51.089662360000000000
54Pz1e35z9uoFdnxtzjp7xZQoFiofqhdayQWBMN7dsuy,51.076895160000000000
9GxytwR5FgVWVRDn3hwEiu2oG1TuRvdDSa6cficZtbhR,50.924755340000000000
2u821CRkvyNozvhvm9RspGsE9bh65i62EzHQMsd4L1hW,50.849997790000000000
9YTXMZka7csPc17J45MqERMsmfpBeBDT77hPAfNYEc4q,50.678604570000000000
y7Wozx5vm4LfTWXX6F3yd29GFoizsEH2c2uWEiojUYR,50.461875260000000000
9frvzPU7zY1i5xqPqzZey88TKz9W9XAcTMXbCpEamuHp,50.457759360000000000
DrSHipdjusgvdFZSanNe18kd8EP3wxKUnCtvHdNEJYWe,50.251464480000000000
5KjoeH8SKZMEykG2nkudvmj1NJADUw47KiLYAzoLfeWR,50.150076100000000000
BztG98pE4wPrC9Rw8eA8ZjzwEiLJk6aVoSwsppxphp7j,50.000000000000000000
GASJ3MHeTTxAjJBTHHSvrGcqdkMgGa6PqhgLp1Uk5fvZ,50.000000000000000000
HCDK2Csgtq8bRm6FaEoyc7vpiAKGHzoTFWKT5v52Ch1T,50.000000000000000000
DphU5REwQ1Ck6UpjNd6JChCvcYfXtGTFaMt9ggUoAuLH,49.821491450000000000
JEJiEF5uaNkjz9QL32UiAAVaP9JNNLJDpthJ5ZWux5J1,49.606869260000000000
8SMMCoaExmvx1y7NjvZxBPwEGARCr8TF1rnHj5mrKCFG,49.576856030000000000
5gW52XDeRZb2DbqJPVjhjRqQhBK9AEPQxmde8BBj9ZtA,49.443612740000000000
3E97Nmmzg9RdYH1XWH9HbpzpqPQ1PsXGCVrsjiZbvbFM,49.322894240000000000
F1hiau3WoLzT1mUpq3dLj1Qp686hFo96CW6TBhPXkoXq,49.271349700000000000
99BVQx6FFMbBcVrGaNW5WNoHUeza7cBQ7mKE5GZBkAWs,48.948358350000000000
G9cHhYuy262HTuTKCszSRXrE3ZvjqFPUgYSta1TpivrE,48.886350210000000000
HoB5z7rRbBEHfaspEiDuB7zyUtaxSfNiWXRQdFZJLicK,48.874159650000000000
Dveo3EJhwYY8toMmV1UYsPqjN4buP9BySZnQMpyxhZQ4,48.676204310000000000
5qbzwtpKrzybpVGevnkTDM5oFNF4sJ4xh3GtsdoQ2zeC,48.674237920000000000
36fkSLXinXH7HB2BJvvv2cqGusywH24ufUGJNV9XuwU8,48.653486210000000000
6a6GiMWMHyzfhEHwU8JiS4rqUXSCr2Qq1CvfWSa6KusG,48.624030600000000000
E7qfajgKzrq1Ji7M5LC5cGgXruN8hQP21YgM8NKJt29e,48.607509590000000000
GzFwwShNJzZTWN6rvGDJvZMdYJGYuiRDfYhPQq3qMqit,48.489024090000000000
12H9GiqGpkoNxfcxoLpYneLxPSW7jsDEBnW4u2ioCb3h,48.321192290000000000
21L12SaRfBK4hT5vX6m5XTN4rHbimJUKEXCLtRFTax4N,48.024337810000000000
9FJZKLghjhnzXyxvm13v45tpuXj2VCFBxdjpffsuJ5GK,48.000000000000000000
HJoK4mL6rCTmiLXx93f1uxfETQsgBvnAZvxpQMRiTDVq,47.791448470000000000
Dvgq6yJUAcQbdGyBY2icnzMmUorUinzGk3z5wW4r2pKR,47.774611970000000000
J9m1ZFq5VpjPw3qP1Vva61HRQNYVpDrbAMaqW8ELxnNL,47.634770570000000000
CEHM1qVaiPE1qK39o9BS9wPfmUy9eJCZvWW9xi7AUmDA,47.541555000000000000
8yssJHQn12Bq1YeU3Z53WVqkuY7hqGUEYNhqva6ETugS,47.509299740000000000
GTuRZVKRDbTy5QnqqudyU2j4dt5DtSRLJKkaR9D6WqWk,47.484641680000000000
3uTvfAEHCh3dsaRgR8VFQJXR47j2RiF6WRKfVwmPvsPn,47.469803220000000000
DWhb7TZcYL9To8HcmtTqiWSP3eXGu1wxHb4qvv4FdfKu,47.446269020000000000
Eu8oXLDNCWw45FQryTGN6XFueQ42nqP3jViC6tYuY9Bq,47.340347820000000000
Cxy1vThr9qRACVBM1fy5xnMUNMCoLZdRp5y5CysnX3g4,47.183009710000000000
G78yjXay6NP2Sq9owKXCLXe3WdrMkFTjz3n7bnjoaUCN,46.899355440000000000
G4hc1W5AyQsdr9A6RsTTndzVe7jhHsZwJmFS4vcMbtB1,46.442716420000000000
AB4phcS8FcSGMrrxWpbEmhDwfXGctz5Kc57XCq7BNiWF,46.406785270000000000
CwuwRAV36G1W7tu86SjKqowCPmnFcArsPukjNfh1iC6S,45.864769370000000000
C2YrJSNnMnWUAQWXbrcm4VA48XsJg4TRqtvgfu34deic,45.512396100000000000
EfjWsjV8XxNxXc89YuRsTM2GcjZMirr7UFvycwzt2Mp7,45.496859290000000000
2hWLNPwu6GeugyRvwBPLAwzxWWG12hcsTUwVTPaiAFg3,44.891595960000000000
4kphgXNCkorw4riuxQqmyWty1HGx5axGbTEiX7AkSUio,44.537358150000000000
GrFwuG79BM72jUvvZG8zyo3yqZGZNTcKSU4DFF6ZBY3r,44.531790970000000000
4yHUg5g87dP2d7SGGJ9iTf4eKA5JR5crZ8tZUcg4E5C6,44.471453030000000000
B9aUw6JKbZGbVRG1mtTsXQa2fXZiiz9GVvAUJYVsWXaD,44.338970810000000000
6ZZBa6b4UgKej9MdfHkXQFUsY8BWUkEGpWgeeizS4CRA,44.190856980000000000
FGq81CpKM8NHzgnacQfgYKWWZUPyUaL6wBc8NXKXCo5h,43.861861360000000000
2EzKdsqWGERJNvUYZ1HLoiB2wdy56sqEKLZsqkPi6SMD,43.746179040000000000
8TWkabfpYmyHLGvjHxLouueY37HGPu3ucTuPM8B2v4f3,43.566734040000000000
7wdB8g5R7Lf4DbTqkvnqyhjSzxud3SR23ozuUnMVnHVR,43.397920810000000000
2JChdUTicBZncbg2TzTFzkcKcicuShkKMzzKzv59qvgV,43.299762110000000000
7WELqUvvTr2oYfWo8JgBnDnLuYKMynkrvAeVcWV9U64q,42.320162180000000000
ASfqn5yiciwaCPGHNpTntk7M5Le3mGbUwNgZFx4oah2g,41.666586020000000000
3Mv6b2CuP8ao4sPdGdY2KgUboZspARTumyG8uBerP2N8,41.666585970000000000
49BWxJJw2ETG8NuXAbLNh7uEiTaeBWTQX65U4huP4E1B,41.666585970000000000
63zjde996nv3X9oKELG9cDi9z7yUxZ6sQBsFjFqqhpqg,41.666585970000000000
6uw6iC58YTJYjFD1TRX4NxrzqfeKqabzpsNtsJD4nP4U,41.666585970000000000
7VMDeAyuZgUcYU9cMhTydRv1VrbuXcB4mopiKV55J6hf,41.666585970000000000
AjcDGRFahpE9xC1HZpGXBJD7uMuD6JT9CWFz1YUAk4FL,41.666585970000000000
BW1xYj2VBin19nL4TFeFePMYLQtgL1Fp9ZZYsnAiWRXL,41.666585970000000000
Bmkoisjb7rA4mu8WGHkaGHMBCFDEdV9irDdGKkJ42ncj,41.666585970000000000
CAJKFJLF7wFQTU669dAoHG5HtHmcK5Muh73sF55Qo6HU,41.666585970000000000
Cecdpt6wtvkSYgyUZ2srLdvjfeTHF6EjYWCLaM5fEeig,41.666585970000000000
CqA7AFQ3L5PT88EbFXMDqTSAvfTcFXrCKDf9WMZuKsMe,41.666585970000000000
Cvix2J97AN52oyeq9Jc7BE3DiUreg6q2oFn4GUFeeCok,41.666585970000000000
EY3nRjiJ1tqNU834A5Q4b3KNrMUGiZ1nwLh7PuotFyUD,41.666585970000000000
Eotb1TwxNP5nzUnzLBftNYdT5sozZiDX2kRZ51nWiYW5,41.666585970000000000
FXk9zyjAwbUqiYUuGh4jmBAwa9DZ8a9MUyTE7Szrv3Xy,41.666585970000000000
FdhaUMND8CugwfMLpqfGNe2vfcJn2sRB9DiKERvRgkuS,41.666585970000000000
FnsW7PMiqkNSiD6rrecwxJQP1urEiyeriKezr2WQsHFp,41.666585970000000000
GUsoLDXU7zT73XyNxm8yPkfPfQP2jnnsXxpAzT2yhbFB,41.666585970000000000
GZvZQ8Wy7wjQkAfeE1wcxTFJFbsroDCQo6aoLg44DbKC,41.666585970000000000
HyyuBHnie9DfddDRWFQGgTMn5YoFjJyWifqbT2d5w2nr,41.666585970000000000
WmE2ugy3JZrHB8Mpt93Fxj6K8v4Gj8vVTH6C4wmWjgx,41.666585970000000000
ogx4CVzjRoxDuRFbHBUeYLvGR7QxUYA3GsZJVQE73ji,41.666585970000000000
sREjbQd67XiGyyctRk7ewnJWgrkLuUKPZMP3sRj6LHr,41.666585970000000000
BUq4dmuGvURBfzKf8eqJHZBeLV9o5xEQdGwuAJTL2UtJ,41.665194820000000000
2UtbKsPYmnF6wgsBfzQdqQngw5xwN5mvm9whydX8qy7Z,41.665194680000000000
2oLeVKvfYxsQBnTAzyQr1HaF1LnETzUBQ2fVpbKQdmpo,41.665194680000000000
2t869xmZeuqcZWU8grfna3cb4cQPwjKEGBrxwbGKRnwF,41.665194680000000000
2w1BbMQBh39LpnezCQ8r8XcGkCeeHnJrG5XJorniQoKR,41.665194680000000000
383NU8X2ZCQoYop79SSCpcs1w83LZkngnsUUQ7UPYYr4,41.665194680000000000
3DjZspUUqZe9gt9Uc1vJrTaaA9Avq7t9gWfAUshPyoQd,41.665194680000000000
3YXGtNBquy7nnkHmFbfedLedXx7AatSXuXC9JmdCptzC,41.665194680000000000
52qqsaXHm53Sofqph6bTJFH3f7VAwut34sTEZnCNhGUV,41.665194680000000000
5arbMz64sqGe11MV1Q3EJP42J62SS6k17ojHJYBGyoxp,41.665194680000000000
64esyzGJuFTcT4Ki2P35HCxy1dowCEQ6rMBAzbSVGMFD,41.665194680000000000
6VDjns4TD6ASworLUE8pT4FTrbZY2jX6fiWGdKJt9YyJ,41.665194680000000000
7NwKGSqTNLqSFzYm4LGsXejtc6RPyaH1oQ8UDGfARRuB,41.665194680000000000
818J1hQy8kP3JaMkBnpnTVpqznD8GguPYaAL4paHddtD,41.665194680000000000
97zihZMpKJAUWPpwNzPu367CpzpfA9WtgrLWND6MkM38,41.665194680000000000
9EDPGXfTNuyNVbmrVoLY23ygmTngLwnEdrWzqRus31th,41.665194680000000000
9Q8XeM5ZwZkP3jreTVToPFL1mgdqDgxTQfAqpsv76Nqp,41.665194680000000000
B6KBgukB9NK3qqk2xJPXR5wVDpmR2qyyUupuRTiim85f,41.665194680000000000
D11aDugfNMYx7PCfcXo8U2UTJQbmyPfJkfzPYPHhSSz1,41.665194680000000000
EUc1k61FGHZdQAmTjCx4GxuZJ7qVR6RQ8LonvbptUyMK,41.665194680000000000
EedUoLHFQ3yjLVJ86aGz6ttTAEygkdweUbYr2KvJSaDs,41.665194680000000000
GVqnF1ipKQZtfirm8HFrA54Un4Ls24BNnZ1dsSdGFkfb,41.665194680000000000
HvdLgkBQkj1UA7wCFpVaB8KY6SE3g3qyjYqQp8nzy122,41.665194680000000000
J8bn4ymScGnxxhwZzuSQhExVD6aN5T3HHnxtvpfxbbbQ,41.665194680000000000
Fw8Y2vCsM2FcVK7gEx9N5ArXMn3AUhpWco2UvfZDgQjD,41.665052590000000000
2NAgwxGTZyAYWFfZFNcVSG9mRxxzUBf2Pd2n9F6PYgYG,41.665052360000000000
2uSUSMMhdHM7DpKxQZj8FLyCkWagPeMotZkpJuy58f6f,41.665052360000000000
4DQBbaoMfsdoh5TkSgZQ8famgFHSXUmqmTTMAjDsb7nC,41.665052360000000000
5ECwyFxmkgowzLY3azLbHMkcwwd5VhtRr4ZAeLYtSGDn,41.665052360000000000
6hM8qWyJPhrwo4MwyK2JtUfgiHzQh5rWZQRsYL53ZkTZ,41.665052360000000000
8J9QhTiB4W3gB79yj2tSxsC5NwcJA7HvCxS3TtGNRiZF,41.665052360000000000
977cZMpzJ6eqGXo4nd24oB8EWEJFHvspm3Sf39xm5RHp,41.665052360000000000
9be7FszcvGonaYzxDvBBBLcptcZ9eXj2JeAim8AypEcY,41.665052360000000000
BCrSfJ6JYDF4zdycdEPpShVSaSaz6VfnXcKHLGpk3R3B,41.665052360000000000
BXAuiv7xcV2iQ7WF9my5BxAPUTkDacwkwCd7x7zii3fg,41.665052360000000000
CQU2hqwJJJPeyNcn5rMpAaH8v8KZEYFkDLAXNNMWtwzf,41.665052360000000000
CV1MpnDNCu2dNbBTDbAmvMWPvSW2j1wwkyz1wagMLFJb,41.665052360000000000
EBpfQ2b7hj1FPWfLqxHtETb9TxYSXTzQ3gnYJvJSJDej,41.665052360000000000
FF1bNtWd8A7UMTaDpYuTnWpX5eTuwCUgszNK8NioQ7vD,41.665052360000000000
FTeWaz75i1YLBTKtvbM6rgwGRxLYCHHw2CPH1kZKKy8x,41.665052360000000000
FdtcnGGMCuBtpU6JDZ1yxYbDhfUEFKDj3jzMihWWgEyi,41.665052360000000000
GV9hnqKgzybHN14Y27BTzkWG5sGUbqhG65g9CR8WiFAa,41.665052360000000000
GYc9ps74jgXyfKA2znvQ1NXrAZtEGgKW58tAZeBnuJgf,41.665052360000000000
HJvTfRjzw226dFp61ZcHuMy3NokkA8no9QMpPK1MUfwN,41.665052360000000000
HdwWRwZLFFm9XJ9zGq2UKErvVdDR8Vog32hMbftTvJTT,41.665052360000000000
Hk9CKcNggF3JFnvTcYMy51iamVXJL2vvpfJdAArKePEi,41.665052360000000000
bWh1ARaghz9mn5JuqXKZVreD3pMdZCf1riYshfDGbVd,41.665052360000000000
uy2oFDjmmUQFtHkzHpkMifjxivuTNhBCFcHAr1LivgN,41.665052360000000000
6PgVEGEGMuD4XY5v2D5hzXUrqavdXDYDDBMgp5h86QWL,41.664701990000000000
27JTN2A7LoiqNeHGeLQ9bAR4ui1BPjNaSv1Fhxhu21it,41.664701770000000000
2NPupgYYBTVTKsTh7am9vySFbvkzajFzR1iDKBxC3AeX,41.664701770000000000
3h2f1p69XxXvmT5GPMv7Bo4Knb4dcRThCCPQDpvMZq9i,41.664701770000000000
3mMovyXwYHtVqf1Esiv4D3Cby6EECCVLRdytZENPpGGa,41.664701770000000000
5UnSk6J8XZShYXNcL3dUGGUaEkqhkN3kaYMqRMwi6RK,41.664701770000000000
5fs8XovSpd45y59RfyW7noRHKfuH4gX8xusHVowJLLDM,41.664701770000000000
6U6F9mc1djG9FeMTTpn5psQJBqypX3kZiZmZRtS97yWV,41.664701770000000000
8AKNuvk3rhKQRPCop3i1U4Pif5fj8pJeXAnYez2XHnCK,41.664701770000000000
9ZgefNZpL1ecxSTgaGBGBsgEdANHfsYrdvrYEn6kTg7d,41.664701770000000000
AgiYwqnxN6xnTeVpvMAaWnz1kz1tSK4zBP9JZ1aBUQXw,41.664701770000000000
BSe4BkHQWzqgDSkjz3PxeRDGtjppkK4XeTtEtDvYQLDf,41.664701770000000000
BdqexuaatfZWSzrRWZpwCgbow8GYuEqkYp8bnznTbfQU,41.664701770000000000
ByGUrCgom9s8731srGUR8RAPGUZM3EqS22NjepJyu9vr,41.664701770000000000
CauAszgBf66CJBUC1MPi45gP5Kcrr6qgaY5Rv51HRqpc,41.664701770000000000
D684a5Wkii8WVDc5NbA7C3GhQXTebLbuJPZsb2oYsMUb,41.664701770000000000
DxXgqKZZtfR2a5iaVKNp3ctTTVCrpbNVtv6nMGNwpNBe,41.664701770000000000
F8CFTUnqGesfsW8now8oVc4DJiNLHJM5u9yNVXQGrxYF,41.664701770000000000
FzN2dv8Bddht247Qe84AJMAcUq8nRaSzYZAhCAqKinf9,41.664701770000000000
GhiVkCHH3p5CmtbuJAQk2vkE8zgPyMbyn1AuRD1JzigK,41.664701770000000000
GnhjsCDY7ZQbKU8Jnah2qJUxYewMTshU2hSoykvMLCTX,41.664701770000000000
HQg24xysF35DZ61AVXPBemVa35Do7kTskijDcRDj6vCi,41.664701770000000000
q7M3BYfEq771StGbBHDFSN6U7poMw96ERA8GW1Z8P11,41.664701770000000000
t4DZqQ2918WBY2KYywL1BcyKirRdiKZYXs8QuUkuihR,41.664701770000000000
AW2tzzHAZZsBzdSdjtSZCfgShiDGNchT5q1cc3t19oWa,41.664542270000000000
4HfQBWRkdBw6ojqn8fpFuBQdxZXUMSJtoWCfS9jeAtb6,41.664542050000000000
4etU6jM4Ko1FBC6LixWNJAngAHzNcRWZs1vk7NHKvDgB,41.664542050000000000
52nGLYYBdUYs5QD8TfzmjXjmJMAx97G7WxjVCph7tHZr,41.664542050000000000
5asbCTpSm2n5XnJ4xXDNkUc2sp9w3vB1xg8ucC3QWDgC,41.664542050000000000
6iGErLrLCRUSFhfvS6igMtNtjbyadaYfdvjgVsfrGvph,41.664542050000000000
7YUvWhV8nZiX92p1kJmtvLYWqAVUEyc5JQyymkgmEy98,41.664542050000000000
8Mq7hhdrFeRSBbKA1mz3D3D2yUWE8cw9gGD7AoZn1Zps,41.664542050000000000
8aduoSewwys3Wai51yi2McDqgGE9CtHocLukVqSR5k62,41.664542050000000000
8qHyVKrppn1ttNhc6J734YosNu7UdM4bxwBLUKKaC3kG,41.664542050000000000
AGDon5h3wngcL3uhE9ruSZTcYWrHcn6ynVBzioTXnZTB,41.664542050000000000
Aogeh14t6a2H95Wns7piAraX95k76j5USmiCTxbctiCN,41.664542050000000000
AzDpNiwe2g4M6zrZWxbr4rfgv3iQzcnLwekBqCTf9gLy,41.664542050000000000
BkZiCW4CBYB3sr3VrJXgsKN5Adx1ygXQNMhgUQnpyknR,41.664542050000000000
C4ZrW35Gp2PE6ZBFcbWNhQaSsZx5vfttPKj7EiGUXY7Z,41.664542050000000000
CNq6m6kgpfb6ietS65knxf4Phi5XJHBC7cHSR2oXJHcL,41.664542050000000000
FggZnvtSWNi42xQvT4tvXUGtsiYYiQkof2SL4N8P5Sv7,41.664542050000000000
Fmnqxy3yUHJxym4RwpfmeTf5cfzVkW1faHyQ9cQVu648,41.664542050000000000
G4Jvo1Xpm4Xu9QxiWx6An72LUEW9tVzawtmfGdikNH6,41.664542050000000000
GC1ghzNgbUPnCCFGS3qccusBx85dH4ZKgv6Y7db2qXrQ,41.664542050000000000
Gz5PvNjEX4buJ4R73qqv4uEfHFx6GmzEdNhedMX7xbHY,41.664542050000000000
GzwV9rmx5h39QfJGLbnJMVDiSgRFxVmjSECbMBthoVc5,41.664542050000000000
HjnxSiSYD8Y8fwkqYEuyK3kt3jpuNRgXS8potqdPvMX2,41.664542050000000000
Kz7mj9bUndPbuU4wBFB4GTLxNk7E1SxaFp1cetGxkiA,41.664542050000000000
8AW9ZhwHKVPzHLPaFq1XEybt2WUUQ8dyk9rok4KsUAHG,41.664297030000000000
3D7wAer6TFEmtwwESRvjEEnNWLpHWqe7m7PrVauQMNE9,41.664296810000000000
4WNmyfadRyjkvhoobg66o78TEAcHeKp5LApN7CWiJZkU,41.664296810000000000
4cVW3SHHwGJL79wmMtquNp6jaET8bhPL6AQktZT61q5A,41.664296810000000000
4omcCx3UpfqFT7JeneisDopQ4BKKpwBWn8mhMcTkpUmM,41.664296810000000000
5auBkEQS5hyUSHfkmbix245EDHpVdGtAZaa4yPR8qqXq,41.664296810000000000
65QJXQZtA9NHPfLqpvpp1ucd36Buumd5BgxU9fSdpo5J,41.664296810000000000
7wqRRPTriddtpWLcEQzFDX8hskvhEEDoZ8WMDsZnS1LZ,41.664296810000000000
8eW4dtPuW3a4KxVVzxxxjngVSPv5qSb1Nk2uWu11SxXe,41.664296810000000000
A6Q73cgTamTpAprF583jCQGgXX3askzNTdDwuGWFFRRf,41.664296810000000000
AaauPn6GSzi2LHL5fFQx32nyrmmFijER7CTWNRypDf6a,41.664296810000000000
Ad3MkYQRoGaMcJzyuPeajNCg9T3uQjoL9tkrCYTCVmes,41.664296810000000000
AkyCSBpAyVsEvbfCXjo5d4fyc7dR4iwZHdBCkaDbWnRL,41.664296810000000000
Bbr9zb5TKesYWXdvorecmo13L9ts7uosf1cmtqHNP126,41.664296810000000000
CAnBKktBtrDz5K1xfn6mLdZNMegHGsjwnckRcpZsmvCt,41.664296810000000000
CPzWCcdUXqv2q4rKUbiJe5JT9D17BqUVkR9DD5mkVNWq,41.664296810000000000
DaqMQfqiJWFp38Uh8FPzhkfgL8qLcxQXgnS5U9yoRzRf,41.664296810000000000
EwmqMhX2Ri7qQhyTi2ziRmgir81erKtLygre6URManqj,41.664296810000000000
FN4sDDjD9bjUKs5vCfMW92hxi5AzyhWnP9bnp2HMcpF4,41.664296810000000000
GCVqypvCA3sxtyAdhot7hGRyMekhkQDFRuiep3aT468Z,41.664296810000000000
GRiYXEB7fM7caKBgY4Der8YF6iCj2uWSFywhxc9wZZsu,41.664296810000000000
HHLytKPSa9HqbzLG3SU8M7jMysMEKzHFpnn1UGt2p8qP,41.664296810000000000
HTqQhtVEgXCPP4xe3cJPpo7WsChQFuBJ1LrNSTLVX549,41.664296810000000000
r3QZLkV5MBeMYQv47GF59BrMY9kbKg3iLALR1wE7Joo,41.664296810000000000
ATpTat5u3gWPFmL9Yx8TKmgAFVJmmMqGwioavhWHj7W2,41.663864300000000000
238dfzw2ResiQ9BwMPhn4tUcSfsWPdvyfFkZn3NqpMh3,41.663864070000000000
268m24pdLLmwFtsDzRXtAifnM5SGNJP8uMzDCCXGHfB4,41.663864070000000000
3YpkpbbR9FcqW4ffNWSLbGj9JxaSztJvUgq9ZcnLePLa,41.663864070000000000
3oiGWrJFxtPFmV9457Rf5MoTUy6pfz92v7yoM5QHtw22,41.663864070000000000
5bzivaVL12rA1PkBjDe9NYbLPZVeQCnrmg9xy6KTEo9n,41.663864070000000000
5hoDJ8Qv6wamTQ8qQJ7CmNajLYEi2TpG8zW3PPakgRDu,41.663864070000000000
5sDVFtmiFCh3TJPyF6ZYYJzjJQuVAg7VWuDFD49Yo8qf,41.663864070000000000
6m8ggSVcmjbZtRTtJtMiCTXe8bTYgDuajkuqL31F5D9M,41.663864070000000000
832JPPLQwhPYjYtjiiW7abXdoDZvmT24tRv7i4kA6gEZ,41.663864070000000000
8gSnRgFHYz5eHUwpcZatRHHATA8i5cwJCx4RKnc7N7qp,41.663864070000000000
9PCN3GZ8sHRRSy3YED4WbW4g8LiUUzmyaYRGKz4EgKed,41.663864070000000000
9h5YSDyXViMUZk4UnWnc3dBcFCsaVdgQSBRk1AYY4WBs,41.663864070000000000
Au8fecCF1hocS8h4onhcdeeWPRtr8KTiriTXe17dZzBY,41.663864070000000000
BF83MKpNXLxUk9ZFjcxq1ikutegAQsjFZbyUUZqGDqzJ,41.663864070000000000
BQKgWQL5zW646teVN68woidUrTQAuMtvDevYk7xmCaFu,41.663864070000000000
CXKRp2W62MEAV87Hin4YaQ4ADuS4gDtZu1V1VgkrsZzv,41.663864070000000000
DijytfKQaNqqwefd5nEL3WbbMMcYBd7Bev5w5MyULmoT,41.663864070000000000
EC357o1nprTSTR82bep6i9pAGQZeLDEgD8bRrWNo9pmz,41.663864070000000000
EiJuxvaNArUbTQfKtit25YucPRCTnXraAGzBTmbrTGvp,41.663864070000000000
FbkxPpu7AoFxeaoQgdWqCq3DwLw7hTUpdNWaxznX4MTd,41.663864070000000000
GRcGeA6cUwj9AHg28ZiPQxSdf5T1apo9hCEdWLAotGgx,41.663864070000000000
HXpHnh4k2bhjhBJffHsS1uvmstshA1TjoAHJaVgJtLC7,41.663864070000000000
J3bgppfoQn8ryVaSiR6ePMWVDZ1NjSioALwz8L2SngqE,41.663864070000000000
2dhfDbi6xQfGWHeN1mKJZaxYJkKaYKmyPpbMZPDWTY8f,41.663762450000000000
23TqSixDHQe8B9bdjWLAyiRJjgxv4ujGnJ2HE8zawSpo,41.663762290000000000
2vgAU2vfTZAytb5Nm6NF42j4ZZJPCiAboGkopKuWwoHF,41.663762290000000000
37op8D7fd9wnd1LdgUUWT9qsYNU5CwA66G56Tvzxk7wf,41.663762290000000000
3nzt9gDW6onmEjF3MrfjohLTvBgcPvHCwmK9txqwfe9B,41.663762290000000000
4JEZM7nutLtsWTsdfLvZRtFzGJRoYc9WWtDe8i8mKvf3,41.663762290000000000
5MagfG8FMMtNubvcEmx6Hk6XVht7wrN712PazbzpB7f9,41.663762290000000000
5xesxdobxk5hSGhbq5Gog691T3TXT9erPXinujzMt2yU,41.663762290000000000
6iE8tYZuA6axCTpPmK3SidwLvvXLeaJUxrHo2Wf3G3Ua,41.663762290000000000
6uabTMUnrt2fV64KgVUHy4FeoBmvmhRBYB7KQWBkKsLe,41.663762290000000000
9P9wWqu3DaqU6RbjnEC6Gmzdvx8i5i2TpQecyDXv5EFF,41.663762290000000000
9RBgYFTthQrvK6S2QMCZtRqEq4k6EViNq6ki87NUh2TE,41.663762290000000000
9nLoqrasW2azd372najFSV8BdLgTYVixoWGq9tJSAwDq,41.663762290000000000
9pimJUAY1iJ4kTrrJvDWvvLhf7ooNvkysMDneoxEPoJo,41.663762290000000000
BaZAArf2jfJ634pWUojiL1ZZY4zTAgb2DhExkSDzjhBy,41.663762290000000000
CgvoMqiUaaYQKeZMNdshufZTfwkUN6BFEHqTsWanhqFE,41.663762290000000000
Cpdc3D3KuMRUihHXt6WHJPDDHigybPAkoC7rLbcYNWoG,41.663762290000000000
EgVeLTBtqwS1irFTMzvScjp6fy9qYst4Z3ivP7QE9veB,41.663762290000000000
Et3fs1EgP8xhoMC66NKWPqUuSn5JTTrUQgJHC1ncXWWD,41.663762290000000000
F7aWscdQMWE3HeGDZ4Z1txXDwenAgiEqdDxgCnEf87qt,41.663762290000000000
FEa3uzRMTmmDmWQcUzv47ptpuyH7spbwJgws4bMFVhVq,41.663762290000000000
GJPvHgTkBTvF76UmXvLu2JtupsNfMTFfseRPMyBA9dMH,41.663762290000000000
GYmUspdRprNKtcv14C8jGAwxwKipDV8i4fE5Vn9h4sRK,41.663762290000000000
HrsGVR8sip8xtTsjBw4oZCqXSGtTjVZpGAZF8QaBxfwu,41.663762290000000000
921rNLWveSWnD8BE6eKWkHo9y2xx2gaADaHejS2SzifC,41.663093790000000000
5WWKWhGNUwHPShW7UEZDA3rHzdfF7mp4HMSRFvFMHxqK,41.663093610000000000
5hrhd3WKnpka9s1rM7QRcZVzzJp18w4h4fiSF6X7tEAT,41.663093610000000000
5ihesq3kpt6wk3k8QkkYqoCaPg5WGL51scvHkG7UH4XA,41.663093610000000000
5yEi7wnHs1zUrfmbum3Qp2vkx8cUajoJqsYaurc9XtxT,41.663093610000000000
6SDzPcgRkEtdBNs5joY2RGWCUacvBAiULebPai8ZTkq9,41.663093610000000000
6ap2Jj7pR46TPtZSi3uw7ChuURB7cPFy24pWbADwpfoV,41.663093610000000000
7B8QPP6Jb2Jvn59uvwobAew9FPk12sxWH3CZ3A5WeHRE,41.663093610000000000
7Pr8zp4WkW9WWmeRsJca1hvGPffquCwoizstbc5pdPCQ,41.663093610000000000
8GU3xorNdEcbJZCupvutfYidb6EFQsgLQGbp6Ygvnv2v,41.663093610000000000
91DCSvx3N5xVNrP1xiLKpbvhi38ZC5Q9Yf7QoWF2WNT6,41.663093610000000000
A8aJAnghLKuhPv12UcFtb29fkk5dYiDTtGdCx4PzzPyc,41.663093610000000000
AvuQVsd8rgqtgg5NtVic6a19Nh5Q8HzVfDBuzGxo7ncV,41.663093610000000000
BSQv7ZUds8qSbpHPS3bfEUhC8gQatohhQUbtwhhU51tM,41.663093610000000000
Bhu7GVc2brghdi2oRRqpcZi3cuSUmxkncTpSscQriEUV,41.663093610000000000
Bss5iUMCvCmwEMHg85m2GwXhRrfVodKDaf13oy3xCiTg,41.663093610000000000
C96onEFDvuVUgaqH4V33u81PTcbw25gM2tuPbL31wamT,41.663093610000000000
EK5T4Kb8aUdPJGkhBFPyGrhkHRWBGVCaqmbfyBhdGCaN,41.663093610000000000
EVJwbjpCDMUZTCwsKfQLPvrpfrEm3EDbBUkxbNiCptMV,41.663093610000000000
EpgAcrW3gDrqVtXFN8wBTZ9u1pSc8RJQ345nvCcecXrW,41.663093610000000000
F68PsjC6SG5f2A3ckh1NaXKQUWwddcoVFKYqmEqvpSG7,41.663093610000000000
Hpwq5GSu9XbNY2S8sTGtsayythVhrxdhKuSdPFu7pfch,41.663093610000000000
HqSC2urpWmjUBGtdCpNDrfwjGhL4PKzUFQDGx8TAzeuk,41.663093610000000000
skbZiW54q4qYyJcxGYZN6iUrrV7DmqcTHMfPkUPEzSN,41.663093610000000000
8KSqAMGLWbztUc2cxsMu1ehRo6zncAE67v4Z9N27dNac,41.663079100000000000
2hNcENejvAc6aC4joXa7C9bzW7gzeBoWeStPeqKixkdv,41.663078880000000000
2ovpW8Xvifh5wEstginaTMKyvVQyZPkD4oCvjUGEygmX,41.663078880000000000
3tEVP1JnQZYzA9MzE54yGxyCgrKSSq7UeKjMSwohf3nx,41.663078880000000000
4kdm1WXMyCRmhXpspZhScLAdFJqNFNgtJkL3WtCp45Dn,41.663078880000000000
5ED2EzGBjd2puRH53XQzoTuY1nL8XvGtscxCfiithwfk,41.663078880000000000
5oZ3uvZN4CNhmQxcx1FkZzBFKgWaEh4a5eVKryqRRCtZ,41.663078880000000000
6q2u7doPsTHPPFrL2DDydQcuDNVQe5RdmvYuyUtsH8K3,41.663078880000000000
7NNfWB4tsZ4TUA58YWk4uZ4GxbvPCu9SKFj8y5bVfinc,41.663078880000000000
8ooAupQ5XcL3BeavpsVgb3sEU57dmjJh2vKFQ9emn96,41.663078880000000000
9xPe39rsVmrB1eVpRxcCRm4x11C9igAB8vsxdFyAHh1J,41.663078880000000000
A8PELR9B8tXRMVTnzJHosik8xkTKvLouqgQUCmufxcki,41.663078880000000000
ASboFzNBXcHzVpQMxRxboJtac3HRMUZRs7afKLisBXLv,41.663078880000000000
AwN1WibegwLceQ8NrE4ZgSznxUvviQcfqK4UiNEDihgv,41.663078880000000000
B5a9R2EVoY7tDoKKPETSV3yH1XQMTCf1NJYSxvyqJvus,41.663078880000000000
BgreDegJWwc4SZ2Ub6SVufSijwEdh1DSb2YFvj7pjQbB,41.663078880000000000
BzEiXeACMrVWzEXWzFkKYD2ykU1n9Ey4uaZnkidN1h6E,41.663078880000000000
DxLrSKCUdF7BMPzXhzNfc6s6Z5wFt6yrz7M8Uyushcph,41.663078880000000000
Edxss6zruGQyfEM2i63GYhG5QuQL4EnAW8QgAjExozAK,41.663078880000000000
Fbqc6BJ7MVZXqQ1hoJFDRNL9nUdc7ZezN3Jo2jfozpeY,41.663078880000000000
G8RD32xqJqi9gmLThdVDfnGP7DprZa7gmrCD4kTugZfb,41.663078880000000000
GHp7HbahzbXXMyNAVaHRDLdHLX8FJS6Jsy5YMSdqHihg,41.663078880000000000
H31pU1gbhzJJWfYoENi4LRZWVAGxbMZVX5qXMZh635dB,41.663078880000000000
JCz9dt8RpadVtV2xv9dh6nYj8GCrbxVJWddc3nL78nGT,41.663078880000000000
B9cWkxavQ6TLZgY51o1hcSzZT1DcbvXgmZiL3vSGGWr5,41.359154330000000000
FzDqAdtGjeMuypnvQfhn4hA7KsuGNC1Bw9kLi41HrA6B,41.334264340000000000
3ZCqUD4hS43vwHzuy4QtzSsQU8YTy9Ra1x8ppERKLNBx,40.658599250000000000
9YKkwdMoFMjqvDxcujL5ze4sXwKwmWj4bfBj2kt5htLL,40.569691240000000000
FiRRFj5nhi5pBJWs7zwoyYDcptEhtfBmDqzthfDTV48J,40.058732340000000000
BABi42NJgMvy7KBa8Ygo72k3LYvw95uVtYs5HEBE3dyK,40.040954160000000000
5dDDSix4JDnGGRYxntQKpbnWzMyedu9euxy4Jc8D44yF,40.000000000000000000
6uxX41AkuekEgizRr4LdyNcVHc2P4ZcKHVyZ7W7o4whh,40.000000000000000000
7pwVWuvbeaJ3HJPoxFL9QaQTKJEgMZiHUcZrzxq1iMj6,40.000000000000000000
BEPbawYXnS5SEDyWFnUDvojkxpUK88rTvdwCkBqSknyr,40.000000000000000000
DdYnu2f6dzSd9VsDHRjfxXNs8MdPLJg5cP2XxATqvFuZ,40.000000000000000000
FEeSRuEDk8ENZbpzXjn4uHPz3LQijbeKRzhqVr5zPSJ9,40.000000000000000000
DB39FJYZUhre8MmWvZAfPziivESC7WarWYToXk7Xgkey,39.998873860000000000
2ogqBKcEDpdJEE7LhEK8W7KzRqZiNDP4i62XFBXSsSce,39.998873630000000000
3GX77ias6NuTAhyMxD6SMC59Jr8aZU2enYCJHukJ1CCM,39.998873630000000000
5MdUrb7ALPMJG2MGvaqdayvSLuiSshC86ZimA8Qdp4BW,39.998873630000000000
5WFKD8qwdLA9FkgRYKhHNhBNHYFi7HxLgEffPay3UbY5,39.998873630000000000
5ZS2PL3mfRzFXGV2Z8kH9bsRbxPULyPuBkDiYrCQ2LLk,39.998873630000000000
5pcnPeHEgBiqgfEfWcThwmZPmDAhj7rkfScVvavVzZxv,39.998873630000000000
7RDj6R8iYQVZTaCkcvBWJb2fn8t9ayNsmkqRxQ7fRGHZ,39.998873630000000000
7f3PrwT28jJoTifSbajbB1bW7MFxXwyGGoKPmt12eQs4,39.998873630000000000
82mAdxLZfHDBvacR9cU4dxuGLJR8Ln82BudU2DrwE8iJ,39.998873630000000000
8TCgAnqo8kVGjYLJjz9FquDX3xqGt9McpfeyXsLketBY,39.998873630000000000
8fDfY3G2nQcf22iNgGeLmg7rcrvuZeQq75EtXQk12jD8,39.998873630000000000
99i2NmRyENKtRiPnW4VQsBXLP4uzvBZyAAuFAZn3YhTf,39.998873630000000000
AU2gKBSgb3Qgne2P8vhUuLErE3ugzcMee4qMGdPFiWPg,39.998873630000000000
AtAUbXbw5uNSqjsSwBLVuXJ1wHnFGxtyzrxeWATvaQQa,39.998873630000000000
BxwheeEpnu4BoBhA1cq5N5h3ActkMPRVq6tVSDY2gQnP,39.998873630000000000
CMEGe9ZDd3JBDvoyxSKFw12cgEVRi2ZndsVMX18FPuox,39.998873630000000000
DhSa2jyNSzjkBGfQbosAvqPNYwEoCQnEJgy1ds1PJ5Zc,39.998873630000000000
DjtFphVxxeuWYQpMqHYugzG1pfc9xV7AvYEyt4dQaT8T,39.998873630000000000
EN9zhDLn5rZNkEz7PY8ywy269a3vki3bmyZmWvN86oKi,39.998873630000000000
EY9hY24NhwRpPCwWb1ScF23w4K5c5ZnSnC3WqWYCfMoo,39.998873630000000000
F8Nt1XyJ4HAQ9FXQ4CAQnxjfbgH7rQCXFnjyLmKbReAU,39.998873630000000000
Gxsxuzgm1YpUfdTiLKEQcJc6qxhJH7b6MMAtW2sQVRcJ,39.998873630000000000
HGT881gDHQfE4dgXMdcgDMJJsuA3tHjio3YKWaUkP5wu,39.998873630000000000
4gAKBcEYTaTz6wu6nx2peDDEdqX3x2ojvAqcLpF9zhvM,39.849514880000000000
6ddnLK7sqHHyPCaALqLewWHjg9vkmVcQQCTzrhKL12d2,39.365296000000000000
56cvbE3FQMMCXco8JTUT3QEUmSnXVWH2yDuotknwYxLT,38.408534900000000000
F3nLCBbWPuRHoqMHhZTWv57XZVTYGNtwanN9o1rYDNoP,38.093017260000000000
DS9gU4w3Yo5bY9P6PzKhmPYiFhASpSds6wvcCWCC9rrR,37.741859160000000000
BG3a2zb1H9zW39GXo6Fym5Tnwu4AEs1TYP9STM2bh4M2,37.606669540000000000
4Jc18tHc4eJRhaF2tFJgp6ZnES8NEAbozNdSLNvx5FQs,37.145759300000000000
9Gffv4eJeTuVcFa2C2cX3HS1cmasdDLWRFv83ga8Ry9p,37.000000000000000000
GjrWJN775ZkCihtc777qRkb7VTxgkjyrYJ1wa7jGJdSy,36.500000000000000000
29PQ6yBGTdHLfmha4NRGfPPtkE4TUh7dkG9UHLduuuPr,36.268800000000000000
2Bk1sYxMqTfvFDxMhKdhAsi1XqhNzLuaML41Z2k6bLcK,36.268800000000000000
2CyXdQE1Nu3fZHbHAb7uJ1yok9PqTT34xWFffJYWmuBp,36.268800000000000000
2MvwhY9pHg3PUkb4wJ5sbECzWfWYstQS9ZhPq3aXk89g,36.268800000000000000
2T7VFf5zaYMPUzzwU9qnP3gXtYpn42JTArCEsXvSBbFy,36.268800000000000000
2huLUKz1hNFjsRDPFp9XafwYCFr8MhDZ4LpMef24gMDx,36.268800000000000000
2i1xSoyVjKADQjpMCQsTJbwQ7pmJNxkEY6hxdDBiv1tE,36.268800000000000000
2jmFkiqxLabfh8yRRm1hqNmVsaSwdbVvWFG3kouHGZXY,36.268800000000000000
2maXmVGvseannUizDWN5mGFAwmC63MLbQnSE8bsMoJHA,36.268800000000000000
2tDpeB54fRbBoWSnEP7GqTAfbG23BYDK9wzdPNAfVGiN,36.268800000000000000
2tHenTcTeuiRXkDMkPTd33RdoeFLMC1ctHcDTMvD3Hed,36.268800000000000000
2wJemiKuGfxvwQfeGuc8VfR6ujNXanPWE6N9AyujCzhz,36.268800000000000000
2zHHSfzeX2N3JSF8sjgdGaVVrgGT1T4DKn4UiLeyzUb4,36.268800000000000000
3H4mqRWY7Pfh1Tcrr344jzayHNpHLwQadXxUjwkYXnSA,36.268800000000000000
3Mut4mQZP6EZzVpM8qmGZ8M5mZw4Ly3mmUownTerGiMP,36.268800000000000000
3TMaJqdycBgdjpqbkUaVaUWNQ31jcgbfad14wTFeDgBT,36.268800000000000000
3YnjFEyU9LWJypurZebVmhJGKMzdVj62HVUYjsH5pDmB,36.268800000000000000
3ehQ8s83fBHqJ3Y5R5ifhRHEuQ3gXqYX6ycfC3X1Endj,36.268800000000000000
3qFNsyQnNM16bqZyKVayaXh6S69eAZaXrDjh6osvik7K,36.268800000000000000
3qa1TDWWBdU93amWQQgS5sAQD8zFRN2AwtAF3RAQjhcL,36.268800000000000000
3rGRUqR3JtqDiFuRW3Jp4VYFhXLB5R1ndQyih7qdpwcX,36.268800000000000000
3zLG1fx7tMXbjYasMuVS5d7wAEHu9JViknFsA62qDdJm,36.268800000000000000
467GagSGFzKbYDNRAM8diQSoJaFFjom8s124EmZqNDF3,36.268800000000000000
46kzkek6PbWmRV79Je1V7QsjhUfHpJbQW5WWeq31uQdH,36.268800000000000000
48PzEEL18T8GnNTUeHDgDvqsS2FJnrMiyf1a3XeVaaUS,36.268800000000000000
48UUpB7TviuhD3BaFzpaobTwmJbpUR7F4pBSoJCNbdFK,36.268800000000000000
4E5Jb8JVdXZyXJ2ybQx4aBfMiXjefUrRK5Yrnm7wSWcG,36.268800000000000000
4F9mCJni9MW8pznrDqCSQ4aSZ66UX7FW87uMmJXetXP4,36.268800000000000000
4FNzLUdciTk3dzEayQAyxE6YE3mGtR5hAVGLmsxejKSc,36.268800000000000000
4MhcAEHf9ta7eJ7kqqXDtEjq5gy4bXdvVLh24QzdPKJK,36.268800000000000000
4N7c8xrLbufGBgGBeh7oje4qxvXPYCg3d97xQYeb1fuz,36.268800000000000000
4YoUbTSL2xJTKXPH6DHtF6QBkj3TN61ejezAJtRfPB5h,36.268800000000000000
4hxojN6MdUhe8Hh3ZXrzz9uyPZQss6od3KKwL4hFyRkv,36.268800000000000000
4jda2Wri3KKZwmzQ9S71Sv76ia4bCdaHsqrySMm1iRKG,36.268800000000000000
4peC1UDzgW3BzHVdBNdNc3qAo7ijvxCfAg7vnkqeE9Vn,36.268800000000000000
4sqtNNEEsDLvro4bUUNCMy32Gov6xkFAw41qWkGUczkw,36.268800000000000000
4xcZN6Rx7bVwKzqdas2MGhX8fTns3VPmZkbTAyLEMUkj,36.268800000000000000
52QwMAtqY9xKij6aqM1Ynti3c4fKQhPgd4NtcJ6Q5pub,36.268800000000000000
52pAEsBA1MQy1n1NHQU5YkJGYibror9V8NWzQepN6JaL,36.268800000000000000
5CGBTMNSNotbFMJbMpfoSUHgAtPJvbG5UQWgUsfpfpHx,36.268800000000000000
5EYfBsdRDa5iAFrbmvpBEk1Y4rMfMBEDa4WSR4AJmFJU,36.268800000000000000
5H2cP3sWFCknPRtr9AwyCHrNoxATWbnCcLFKYV6Z52FZ,36.268800000000000000
5i8iyosADd9JSviRU8f26M3qxgxj6eQogAWJnEV2pTNz,36.268800000000000000
5j3AU8z3xAEVkyVoAFgEZ44WyzA54dB8uXkPTEk5fJXm,36.268800000000000000
5neiL67MSuS7sgJRUxj3He7fraGPnUF1m45aRPtYGfYn,36.268800000000000000
5r3NajUHuftJcEEZMtP5QjWZr9D2LNV6qQnstX8NmsP4,36.268800000000000000
5tiMh6KB8yR7SLp2c9rvFvtGaHoUcCsuPfRaRdzeA9z3,36.268800000000000000
5vUzLjGcSkvZ3yoFU23FnfgjgaofkDGzV7ZWJLQ8d6mV,36.268800000000000000
62tKiQRdPkW28ViyM6ZSbaa7s1k9q37mxquYEyfPFXEY,36.268800000000000000
64DrxATYTWtCzngNhf1ecfYX2aMnoQRanenjtN4KDViD,36.268800000000000000
657q2MpSvURmWuX9fGNvA79BiNsSzsSLVo5f9YmYwxNZ,36.268800000000000000
6BCydbdcMN11kbSnKByifPtRbAp8KUZG6ngTqcK2zCkQ,36.268800000000000000
6KaH9oAQYV4GwYpcPZPE7pjBucPGzHkvzsS2tGfa5miF,36.268800000000000000
6N39qNmDMqvNP8MkdZxUxVjxpty7R9iPzE2uPrLciV8U,36.268800000000000000
6Nhfm2ZY7Q5yCg4fdHnzvNJeFMNs1V7PCgGUmm3vYCp3,36.268800000000000000
6NuQABXM1fRGfKZkR7jtG541HPwTtvH1vch2f4sJXFZp,36.268800000000000000
6SvSn6zuo13GFWQpmef6NKyEF2wsWAGUSJQpJxFvo4sG,36.268800000000000000
6YmbPK7193qwLNwPZ7jRsJbaCZZosFHwneKTNjDNwccg,36.268800000000000000
6bCvtRRLZjVtSuKvmEbgJV62P2dAznrUeEFh4Ut4UYa1,36.268800000000000000
6g12E6gnnnU9dRGQBLtcv2Emn5RrEvzvDyi3bWZqT6wL,36.268800000000000000
6mDEGDSsNJ1GqqJhRJnXqPG28iTYJrMZVCqmyjrxpFxV,36.268800000000000000
6oEMycqo9AQAgCNFV1wiZ1zj8gjAcydw4C57WwvUfu1Y,36.268800000000000000
6odex6TiVDuJ8UTZ53xiXhG59sS946fPuudjC3UXUtAv,36.268800000000000000
6pJ6ugPKLufKj1jrTPeCj1JWEKrsrSEFXwHWw9pjmDMZ,36.268800000000000000
6s4L24wMqys68qPPvxBct43v886bCzq8xiyKTLhPr3gd,36.268800000000000000
6t7a4tTW3uXWwU4XVSaG8pBkooRh7M4pGtDxeRRJxMCf,36.268800000000000000
6vGf4DbofAaoQtD9hJJSQXLDysqgR5TyoT7Mmmieg2jj,36.268800000000000000
6wM7jN3MeLAvU3Dsq6t2Z8sPCm7ht7eMPt32xRuR7upw,36.268800000000000000
6ySZ3ps1g9ViAkSWAnbUYUsCqvzvSgNyEhMhEhPGPTbx,36.268800000000000000
76HcQ6sTnG88iMuzzB7wZQWnCxuNQcX9qx8x3ZuGgK7X,36.268800000000000000
7BsCrTBsua7MNSrJwLoMS3hT1LwpRwndRo7ZBVdPZjaW,36.268800000000000000
7C9D58DkmH1dWrNAUFs32AyjzW7MWjnzKjZ5xXmUdoqV,36.268800000000000000
7WcLX3ZFghxq9Xnq5MW5BPCJB5vZ76KFn9jCg4Ba3VBD,36.268800000000000000
7bY78UJm3D1XfgxJjgsZJow6GnBRq666BdcthHeX63MH,36.268800000000000000
7bzP11QmABmemMtwD5aG12Yw7KprcXYkNQTc2BtLTbtb,36.268800000000000000
7g8kg5DcjbyB7bTAsMRE62uQeU9JXERDD2V2REQvnfPG,36.268800000000000000
7hAYbi94pDWL3uRisVMczMpYo6FsRrk4cKcDWUT3R79F,36.268800000000000000
7kEcKikNw4kSB5LhprYcmqfF5mzpstvhpT7yDDycov6D,36.268800000000000000
7oiAJfG8uoha5XFQPLJXGV8V4QGJn4cfV3uUevPchg8M,36.268800000000000000
7riv4TNw534ju49kS4exRyL6NBjb22VtdQXHTBsPJ2kC,36.268800000000000000
84MNnWNSBdpTWeu9wiixhimyUaVjCJFPzEK7cuJfgVys,36.268800000000000000
85ZYiPKCk49rY8n2X9v3hXuZhLWtDnSrAZknzbZtC8k9,36.268800000000000000
85acYp4zC4FyoKpGqC38n98gAYz3snvmXyFXYARSr5hr,36.268800000000000000
86UYhVQ1wN7VqLtCN4rNm8GE2MDDEHFjTWwkvBUvaKZu,36.268800000000000000
87asyowtefoxYLnMwHaLHSATChZuPwscoziVCwem3bxe,36.268800000000000000
88WvEfMqqPcMUFtBrU7pfkhqAAvryDbRnn2ggqXZ66qA,36.268800000000000000
8JodFugRpduBwwqoT9jtNP3UXkCJ7ASjU8Cf7yfUunGs,36.268800000000000000
8LBqGaX9ZsSn9wTe4yAvG8p5pgtEFZDzWR2w3WaninKi,36.268800000000000000
8Q1ateLsqgQ4XRxH2Nd4HsqxC9aZDJaTnePrEQ18kgkp,36.268800000000000000
8RGZftTc7FTya56BfPcpfgoLReDa8nyMQhfwuxS3Y4L1,36.268800000000000000
8SfUB5XmRsmM9GsuRLnjgpCuom2h7pBCf4bR3RKQBUYe,36.268800000000000000
8WybSny64kvDY3Lfgk8jc1diyFcLQHA4XhRWQ7x5Jx2J,36.268800000000000000
8YNYsbwNgBydvPWeLR7FbWokjprdbz5W63oyWZPfofqH,36.268800000000000000
8ZH3jf5jY2C2dtMSvoGX9ccxE4FWqLgbhnNDRWUhoemm,36.268800000000000000
8bxk6RuSoebNaAZmAi7hV5xfFUC8Cn8iHiHYdAyPDcvg,36.268800000000000000
8i69aWsdcyathCkjHnBVhPvLvz4pRP1GJYtgeHzyRzZs,36.268800000000000000
8iVDCZ1vVfXDvQZvLurWYT8hm3NtUBsHLrE5njk6iKRo,36.268800000000000000
8s18rCsNow3Au3Y47gxvGsyA8KhZjkZEJWA5W2rzSH3u,36.268800000000000000
94MueHm4enLP6EXdAyytTAzninRNxgjyR6mR4B8dodB,36.268800000000000000
967zLVGMzZyoaUfj7QC5VMecWHawpUDzvQaUx2utJCXo,36.268800000000000000
9A8bMoqbZuNJjW7pwFmJ65fRt4rbqJQt3hNLsKXTxGzK,36.268800000000000000
9CD6yHkTt8CtzN9a6971udWG5fNcEBwd7sZCwGu6CNxk,36.268800000000000000
9DbV3cJyh6PRrKt8AzR4F2apgLyJJS29qAscBgk6cdnL,36.268800000000000000
9FAbX8Co5kcmfHo9YVfdFXXgRcrC5zCrFx8iUn5wSet6,36.268800000000000000
9FsdPZYQ46nThaBRvhx7KyuKPQga8ejn2wNRNxizKqX8,36.268800000000000000
9T4YJ1Xo8wmjAucbnC92dZk1TBjy15pUmyAL2mkShEi,36.268800000000000000
9VhZypbk3sf1gUkTkJRGFbvoq6csDGffuQRUGWC3oZRq,36.268800000000000000
9Yn7n3pE4NgGKdQwH5QHdrCxXC2tZui8XvLTB98op7X4,36.268800000000000000
9ba2rkgjkNUc2rUm56KRaFLYhFv2oE3ZZkhRyeWWUZTQ,36.268800000000000000
9iseRh7efFU8iAqAVR6rKD1rB9U9hnYEnknw6m7AwJGK,36.268800000000000000
9rMyH7oKUuu2F3jPc7GAPY6UdyZxkbhefaAn2pTye4XZ,36.268800000000000000
9rRfZ2GiKAiS5ypyytPhxNbDs77XvriyE6k3LCbUtAkW,36.268800000000000000
9vDvDi6Jj5THwNCeQy5mBv5BQi6cuRokRtyNAtub4JUj,36.268800000000000000
9xBo8JXTP5SUecd8GsNXML97s8vYmyT39deExtWA1uAx,36.268800000000000000
A51auYysXYDgDUtatdtpq9YoGYvuEgU2jtw6kVMMWVyb,36.268800000000000000
A5EeQgoGFcL2imSoovQxPAVAAn6RHUJ2LABAVPNJ5in6,36.268800000000000000
A6Y9VU5uMfRdRcTxvDq6N7GJSpnmmCT2MvQJs8Wz1QLy,36.268800000000000000
ABS8RuGVNU5Yp7TnsHqS6w1DAUUnk1pcRM47rTQaf7KK,36.268800000000000000
ABgtsstsytRuumqxHMC6uFeZMVT6vczKPiLnHsneU1yM,36.268800000000000000
AC3r8dD5eA1Uo7poFWhTWcHdf3BAHa6tSN9aHiqWhcuq,36.268800000000000000
AJeiEVmUFhr7KsJXqBMckSqJiYGbBDBtRbaRAEbdi4JW,36.268800000000000000
AVKMYBj74PFfroytq4uzPAEkCPhhXWxuksZmHQGYKvL5,36.268800000000000000
AYeitKjq6NHGyURnye1m9mG31r2TAv38eM4Gxw3cosfS,36.268800000000000000
Agx65rJJZ4kXxR4g4KPsg9vNGC82rXW35Qt54KqknkGE,36.268800000000000000
AnuZPygKg4c2uRAV1D6b51BdNUSMyogAWjuavx1yy8jB,36.268800000000000000
AoLioroka5NKXeqGf26DZFd8LePB7gQyypo3auyspRqi,36.268800000000000000
Aq9u2uULv8u1jVJe4jkHWSNenGUSebHPvsnU8gETpxn6,36.268800000000000000
AqTRMPHYvezj1ByfRmoPE7csp8BGWWk9kbeh3wgBHBSo,36.268800000000000000
Aqs1u3EG97ABm3dmr3ceXuW6f7Ei7qSLwAF3gbbr8PAZ,36.268800000000000000
AxGu4coXWd7wg9tuPgucLkbQPgZSDMq86WDDX3MsxPwq,36.268800000000000000
BDaiaP1ZWi2DbKQf8CXJTb5wruDSVbcz3UfA8b8t4hN6,36.268800000000000000
BFkziMuFr2vLXJ16heD5E7JwcQbmshYgsR92jvrsFK6d,36.268800000000000000
BH43eCm8r5GysqHARtpSLRJrQPq7FSQV1p6upmkmfvXE,36.268800000000000000
BRftvRpsd7ZiGH745VFqMpURe8xjQoaMdV2P5QPffE95,36.268800000000000000
BTsKpoeVHMuQiNibtdaAEyvCzJCksHSgfNxVmrxHKGYa,36.268800000000000000
BVBuiCUoUhCLRRUc5KjfXPoxFew5Na77GrJ8bmbFuHLF,36.268800000000000000
BYSSJDcwAomhpaTq9Y14bMcKEyAo7vr3yB3B7nR9Qttj,36.268800000000000000
BaptsLXF6XCZbDq8MdHNB2R6a7UJXTcF9uoBqeL8o175,36.268800000000000000
BcEueSamv8s327so6R3PvecCW95RC8bdvdKKGDHqxN4p,36.268800000000000000
BfK5BQ83z5PxdfpPt4aJxsXWuRMg5FDZXbPZB6sWqdrz,36.268800000000000000
BoVLDmA4Nbs7dEgWaUQwCeSQtPjoPdNsmMyqW2VdvWGP,36.268800000000000000
Bt7gFbXupj9jcLcQryNihSv7nUoj4q9p9K7ojjgonqZS,36.268800000000000000
C21gJjbwqriyddQUQ2Tiu3JkVoQJFykcoNgAQJexpMhr,36.268800000000000000
CASETonGyqptSkvxuYrpcJfxFYDwE4XGCs9noWX3ZaDc,36.268800000000000000
CFWQbnaA1SfRafYnk2vyvPydUrxFqatM8SDsy9LRN5Zm,36.268800000000000000
CKdYoLyhc4sg4LQLjt2vPvrF6vFxgrNXt3XKbxnc1GTc,36.268800000000000000
CVLFrz8z6uY3B2z4y1JXZ2kCzM31zQew3CoA5w7WWgRH,36.268800000000000000
Ca93Dq9tf1UUzLDe3G8LEqFac15hQoqE5AE9nNHs2b5L,36.268800000000000000
CatnfmKjYGmaas2WDwifWQqjuBS4twH5wzCxnH3wZjKA,36.268800000000000000
CbzP2N5fgStSXYaZ9c286jFNjbnKU75hHPT51AxZZBYP,36.268800000000000000
CdGUcwVRKYo6oiLRQEgmpDVaG8MH1Cf59LRWcmmjKrqB,36.268800000000000000
Cdi2Qn9yMBk6tqm2K4yUSMz3FzGmRQYpBVLdVYBehHvm,36.268800000000000000
Cf7n4zCYmoHJppQkxQZina8AnWBiL9XPcD63j8ePLN13,36.268800000000000000
ChUcvRzY72ey2fUptT6YDTKgnyFo81Guxk9xsooFHfER,36.268800000000000000
CntDfizgJ43mDXDpP4AM9EXHXQuHTyffzw8jFu1H7b8M,36.268800000000000000
CoBdbHwMx2BTtZvDfDjvp2jv9hqDtPzN7VU1EryMsgae,36.268800000000000000
Cte6rnH4Seq7NcD7XDZwwNobWzChHSSQEgPDVezQvgXz,36.268800000000000000
Cwqrf7ENSwnhwWDr64DCWvji4ve82esUXEKLQ4GDUi97,36.268800000000000000
CzYFftKHKGqPfM99FbtSppkqtxa5Y11A26RZE2oC2MMY,36.268800000000000000
CzkteGXwD77TAMkgFy382RmHAk8vdJpV1dHVHoGtwxag,36.268800000000000000
D1mWbktErQZiJgY6XD9L2c6mzJcxKSGsuvRgMx9DAHoF,36.268800000000000000
DB9nzLYqfYa5k6kGHr9AMSJvSmSw7Ms5B2g6wHVHFSWz,36.268800000000000000
DBGrot7o4uyvok5zjfBjdod1bEW9WCwPm8Z5k3PtFhjM,36.268800000000000000
DBxWowDipAYiXusRqmHpJU9DdTWE97bjkXsMxycPf4Bh,36.268800000000000000
DF5xjantduEdobV5CfufaRQeid4P5fLYhwg7CLBXZdMq,36.268800000000000000
DJog9oAYoA7Z4RgxF1ohk5rR7AsRRaHZPQWaHUVJnh69,36.268800000000000000
DMBkpLtVNgiKQUADf2Bo1ty3nt5QxfFehSsBgX2DKiPe,36.268800000000000000
DVu4FyhjtTTRH8JL7WpRyQTXT5XpAsUpXWaB8Sq2DCYZ,36.268800000000000000
DaQDHTHPDeq8TeF8juF6qeyrvCF4iAK4gYk5JRkSKof4,36.268800000000000000
DbtnT3TeHVkFojdwG4d86YEei3L7NZ84HWBXV4rsKQPG,36.268800000000000000
DeKDHDdSrKeEAquoSqejcqXmy2KqzNWJFyKQBzAPSbCo,36.268800000000000000
DoY3bWqQPRSqDNK8tjYTsFyYGgTNVkip6RCvHdtzQgri,36.268800000000000000
Dtnu8bWjCv5CW5YjUBHAQdJDHCZsDjA76KMDuy7UvENE,36.268800000000000000
E9JMPRNL1sdsPJJqi7rPynNNe7ewe9RmEDpVvrCTRShA,36.268800000000000000
E9YSexrUvMsHEcoHA9bMvEbmwAEHH2NGFKKXhhcm7EXr,36.268800000000000000
EEPkJNjY3HcEDgNNAtRh4vwNE2rtRUSGvoCGX2S1ciPX,36.268800000000000000
EQVvYu5f5DPQw3RynhCnUN6tyvkx1FQA79GxD5PQAGaP,36.268800000000000000
ERJZTSCnDJ8dSWHdF4pwXUXAVdCTtUjdoEWib6eALQ1L,36.268800000000000000
ETQqjJFeWXYSsT53Jg3RirXm7SXP6LyxiDVCQujnDq3n,36.268800000000000000
EWsSzeEnw3KkwxXU7xwT7et4Rjt8nEGpaMPZuKTw2SGX,36.268800000000000000
EXH8q6f2EkQzF7cQ3hQ3faSVeZe6VS4Zo6MSAWjLCnP,36.268800000000000000
EaE776CJv7BJLH6iNYn4FmRxFYGChqSGoXUjpPBSsr1q,36.268800000000000000
EqkcLHqFbQ2e67KWTTwquF2qfibe4C8C5awv9Nwh4kYS,36.268800000000000000
EuWHo2t1vF4Ed3A9jaEhmVJtbdVyFs212zELFcLV5RYv,36.268800000000000000
EvoGXT7egT55Q8TpBDPCYSTscWtnKisswr9Vugxp1WJ6,36.268800000000000000
EzNcwuezrrMPQbaPWKRjGSSDKUvtQnX4Hsgwxw2pNBsK,36.268800000000000000
Ezz5k3J1hra3w8WKJLFiimu9abDzQQbM1ZRDx2paLvJq,36.268800000000000000
F1JzZ74PPRX7Nguy45SK8djf78PZ7L2nHcg1gm5YyhKn,36.268800000000000000
F1m6avfyEwBb81qVJbQzbsoU3EAMtkcgMTffYrPHSfzT,36.268800000000000000
F6APv7StdRXwDtonYF8zMwWH6RuzRoNoaKfsM8eftMye,36.268800000000000000
FCsyYnBCaY7FJpn2DgkQ1jLR5m8ni7a1vfUu4GgbbhKW,36.268800000000000000
FELe7cueQui3fPYnA4vsfFGE4u4ZeqpNQC5E1QRhZTw2,36.268800000000000000
FKPVMKtrHzLf4eJpNBfdzYMp6YLWZEeDmgWQ1kaHpwLY,36.268800000000000000
FMbGXMvBtkj3Eh95i9JJrDPrPguYAW96k3s7xR9XdisY,36.268800000000000000
FbXBuwACtmJNPztNdm4r6U885gMsGENTuEi8hNJhn4TR,36.268800000000000000
FfBZng4jZrcsLNmAS3ggyXT4CQDAXDCNe7BpkMGqw1LK,36.268800000000000000
FhNXBxxLMvLMog7DyUUNJ8ZN3Kv7WVe5Qfat2iaGqTPr,36.268800000000000000
FmLy5FpAUvb4ySQddSVL45Kz2U7TM3CvftWkFvkJQsWZ,36.268800000000000000
FrXsa9rtwhTXfXvmt627LJ1hh5q1uij13CPHrCjcUJqc,36.268800000000000000
FuY5i4iUiJ3dVmymW5ZZDoXqcSB1Nar8HbAsw4G4FD5p,36.268800000000000000
FxDWXo4wwcAjLBc1Ug6zCXXw4YEQgji6EfLaswgxybkH,36.268800000000000000
FxMVJMXXzEnpPPCfyLnug9Hq8hgVrEPo9pzxroAbz7ZK,36.268800000000000000
FysE5g9y93Gbr5Ag7v492HRwdQtwJvjAsDUKuYuyyEBY,36.268800000000000000
G1oDtKCS2uDzwURnVrivrapLGvAhuSR5bXpKJPDjsKzD,36.268800000000000000
G51s46YFArR4vVBWKabhBg7t34wGA8qFBY9iHCQ4YmHE,36.268800000000000000
G9GMQrdzKnvr7hVA9H9AzP3MVNJ7TY17yRzygECLGwou,36.268800000000000000
GBwRYJMzQLRvbcwf4Cbh6H8bHiN3BzzFhFJnAGHkyCtM,36.268800000000000000
GCEZybzTQ6WcQS5JvuQqAbEd9YmVLiyiJKJSaovCEoM9,36.268800000000000000
GEbLPR948eHRyru9h7bnhJqMVnvwBvHNg8SprPN2tDJi,36.268800000000000000
GHf3dT1VJ3pdAFyHTENwWsvzHZ2dapBgGYYFkKz4gmkm,36.268800000000000000
GKDFjtmQZq7rWDP2zezXjo1GCrto2EbVAqi7hnpYpnor,36.268800000000000000
GMc496AXcZqFbUbmSKfm3C8ByUeW8W93CUBj2y4S7bZH,36.268800000000000000
GQH8xcFEsU7kKCprAbn1kZfAJAJJaP6voz8L2KhCKCBL,36.268800000000000000
GT4i8dC11RAsYFBcRmwe5EVBM2NGkibFwjmNj3dtGvqs,36.268800000000000000
GXVT5cpGZefhTTE5LW9ex4E1qAcQow17pNL7PuCBWxGN,36.268800000000000000
H5XngbcpEuKx5K1ocYQbUFJumPDoEd6wwudx9yTn7w6G,36.268800000000000000
H5eDr5mGgg5du6F6LFwN6RarHtuWYjKaqmnerPpyWgRs,36.268800000000000000
HUYQuNBxEmKEmgGmJGhhYq1MMfpWTR94PRsA5j7dt1bB,36.268800000000000000
HWduKuQE1G54M5fwUQiauGZtVYtoLFxNtCgGmfwwvGPN,36.268800000000000000
HY82WYq4wsnSmtpysWLC9JpcTvjPGM3dFpdc7yFQZyZ3,36.268800000000000000
HcBEgf75dAvebyajhwFvuuoZoD38jkFpfpDrNPjJLD9x,36.268800000000000000
HdU4kgcQiCFuk3FfZKw94LFHGw7McV9dt2WMST3hEqEe,36.268800000000000000
HjCVYVNnuibL4UL1Rz89Pfe3y8RQSG75zSSjYiYXEHHz,36.268800000000000000
Hxps7oHBDcg7SFcnJL79337dr3SFHVS2duF3wi4Uge2c,36.268800000000000000
J1Ymv6K5z79JzbtbsEZb99bsawz8L89MvJZZsniNPPrx,36.268800000000000000
J6AtHM9pdk2KRPVpPb9KgVdsYLT7RR9dq7isCM8Cbkf2,36.268800000000000000
JBKcGYuLQYPphh1SL1ec6SS4eXNL67Fs4nzbafzBDXDV,36.268800000000000000
JDVU3cjyDx8JUUS9J9naEgrzagYcgQYBirkWNXeozcT7,36.268800000000000000
LCZWQC3DHu2c14rmSGtjyL4TDXWrd8wpvp4WTUfrARc,36.268800000000000000
LR7F91tNfm34ck3VJ5CsWQ4aHyUpb1XtURNywPBKjqU,36.268800000000000000
hJWkZS7FkB4ott44siUJ9HWtNHaEfWKj9QW9a2QJa3h,36.268800000000000000
kz3eatotDbbUQA3mqcmvY3PchcQi2piU8u1HmmSbS3H,36.268800000000000000
njAgEL1mwfAPUsmuaYgb4Rgw9GtySnySU8B3eeWBhBJ,36.268800000000000000
yZgZTLmvTPRknW9PL128GKh6tonBhJDB8JQv1d4reBh,36.268800000000000000
EgUJL13AD9zkq8BeJ4f6t1BxLmeFdZEEb2Kvwz4K2odf,36.254900000000000000
J6kFKeEt824SHy6JTfquCfmbcZKmgq3UNM3zDwRDXu75,36.243397050000000000
3SZVRPms7iBdiHrSTkKsmuSKLLfmfCEjvsiT6CXu2wJR,36.100000000000000000
9CkUYinXiHv1Juwgt4gzQjttvrxRzUeXEw4gurrs19Yu,36.100000000000000000
2wu5cPox9x2EwcHgBdhSu6cBDDa7Yb6wuQrERaiWfgq5,36.095279810000000000
E79E1QAp9j8hqBP2tvVFzfQAVqqNAs4tAQXgsEyKRY8R,35.911943910000000000
F9PYhAGkVE2CwZ9n9m6ckWJNwrBePzHsGdhNQnCJNgsp,35.748497180000000000
2TbzyHFS4iZ1sfuGFu6BFX6xhVmSrVSXZYzCF8TYEE7f,35.685688940000000000
ALXzAgWoLk42ALUdv4zq4poCxAsGfAm3BP3DJ8XU58DZ,35.429935680000000000
4WyhNDagdcSysFWQeujh1tcKaJoYy4SkycuJpNxJUgWx,35.275875800000000000
E8PEDz77N5NuJLsqdRZga2zXhKYYhcGseQk1Rg72dWrg,35.252455260000000000
WGUpvsM3FYdatxQXrcg1v7KyYRQeEgXYPc8Yowk4Qfb,35.132852190000000000
HRiYNoFmDo6Egs32Sj42CSnbaGqwo5dqowsw5bzoc4gt,35.000000000000000000
3AbtJiep3yiqBsscQYcR5eNsERC4yFgRjSYyEe2X2XVu,34.836917930000000000
2gMm1Mwsm8DFrMXRfV8ZarJx8jdqitYFgRKYKuzufGLf,34.684383750000000000
9L55PKxTzv9tc9dHZcrNf1amzhzaJveLHGk1wdYUUWVM,34.599679520000000000
2TKGbPY3cwmAqYefLcE2SgAvBzKBzghXY5tLMJWyT12F,34.533150330000000000
2FRcFbTwgD2sQGECZexB5W7LqWZEg3ghT8f5k2HDM44E,34.000000000000000000
2KPu7qZFmLr11ZinZ4rsfnkfLNC7GTnS4X2dXLKm6xvw,34.000000000000000000
2WAby4h345h5thvPmw35bGBkbMdPQv3Dq8MUeR9LCGRj,34.000000000000000000
2kLCXwNfX4JExR6N8rHZZGfpmxui1RGR7VqrZtAVzXGZ,34.000000000000000000
3NSpqisnEdnB7N14PEcXXCnwGyevfXdakKhTyEzHGYQK,34.000000000000000000
4nMHpPj9dR8unRsYguK31DXUCNgkiw1w7iF8TL9VQuN1,34.000000000000000000
4zsat3xPv1Wv8ijX6FhyVMqmZRZhhSmsY6vki3WoezEC,34.000000000000000000
5QTKudCoaidAism9Sk9G2HBRa749fZBWb6wS9kdWhDB9,34.000000000000000000
65C2iKbb5BynvScmTp7DpW4QJXZMoCS9Kth4cnYw8msJ,34.000000000000000000
6Ec3CWSxmsVC7f2tueukkxsp7ihtwcAQqXGFyuEFuKxN,34.000000000000000000
6SW1fum25zuYijHXKoWe6FZYei5cRtd9RqZcnv5xGrJy,34.000000000000000000
7GFR4C14s9bAgLvzJRbHMjvZmExGLq8vzB8LHQyvjuKo,34.000000000000000000
7HCzcpT4H45jks6TCwnKT1or6hP3Cu1LTUxYoDEEJNUP,34.000000000000000000
7KUY5muA2pbrC8ow6rPcEnFeayuMb1Zb41HrciBcRN7B,34.000000000000000000
7LNnsLQsjpRBahzkHkAr2UcVaP2v8kojC25rjcmH7dNh,34.000000000000000000
7wVhUU6HaUTUveQFpTUt45BMsYcjewP5GfAn1MHTgoji,34.000000000000000000
84PeotiQEMhKZMFXiTChGCQXUXCjH2aYEiTZt5zMnzoJ,34.000000000000000000
85evP5oVFimWPq5mGKTTZxMYMEyJige45LcnZtSdj4ML,34.000000000000000000
8VMdKHZq1t3QQ5YjCRKuYFJY8373VFm4ExMqss2ocvPb,34.000000000000000000
8rjBZep7iTKBec3fHXh3KaK47gmujbvGQzVqZ18TeS5W,34.000000000000000000
94QA9cXGRe6zzha11V4fYrF2jBb7Ady533EPburDDp2Q,34.000000000000000000
9P2j6deMh1jBsz7epbT4B94Y4FZrvJ3unVGtHjGGq1kr,34.000000000000000000
AHZyswkXngV4UvBZ1EtUpYhW89Xa9rhTBkuf8N9FmkNm,34.000000000000000000
AS8AxMY5huAWWPGGcGTyUEAckPrhUGU5hnYsdzC4Ddhj,34.000000000000000000
AWBYPsD5ebujPwJCGcHfvWWrot1Lh845hTtiKr4Dshdy,34.000000000000000000
Arr2b8RLZ8Q89vaY3FHeSFLbzygSfqQ4FiqHLhcSqXBv,34.000000000000000000
B6PjppxD5Gh4J9r21m8ufJ5xQJZSn4584KdQdpQXfSgD,34.000000000000000000
BFCxi9Aw5wV4v5gK5TpeSJo7bWmkvbKDr5RUcY9RFfn7,34.000000000000000000
BFgX1iFBfAfemd2CpUFKNx2bT9AA4KLSASxzYDq3gawK,34.000000000000000000
BKuD5KfGDBVAXKGqUTq1uZGGR5dgYQhYNZNJf8tv44mS,34.000000000000000000
C8PT7zwtzqEsXuTiqvWLZKdfTm5dZrJCrLdBdg83REKX,34.000000000000000000
CBSMNuTYPmk4Xa51WSk34KSZH3RKNFChXputvL3bq3z,34.000000000000000000
CowL7uRbe9EsCT4u7egYdgsHpmARUmdH69ehwHGtYBDH,34.000000000000000000
D9bfCMhk8Fd4UDRVc72vC9ytfbLHzssu7icKKJegbugS,34.000000000000000000
DQ3QcCmpg7JkMkfsE5jwDoDQUo9ag5K5zezEsxMwf8gK,34.000000000000000000
EQVyC94uthgQqKUEG9ASYmhmzVvE7hE8KMPrUfKosRHs,34.000000000000000000
Eh7LCUQx7dufQrCnxfHnmWP8DvQFL2Mxbmo9vtq5vfa2,34.000000000000000000
ErAeCNKYbjYSCGMKZ2m7RiUTfyM4trecqFRymev5A65p,34.000000000000000000
EyYcPWmgSW7hMhUCpQAHrA4zDNLczhTAKPuVRnakyhh3,34.000000000000000000
FCCG2jWAEGzfzpVa6HDiZ82bbYA3iAjZ93tFZy3gUh6,34.000000000000000000
FETS7ZJYLhPh4Pyv3rYLE97tSzapnRBXpsBuwjUP6u9H,34.000000000000000000
FqPU55SwoH8ybhZtyxFQQMQbuab8nTP8LAC3w9guH3ZZ,34.000000000000000000
G9idNExsk5vmnhaZ99vK2sUEzPFfMjnbbMAxAEHSpHEn,34.000000000000000000
GdkHg1XEpoW8G2b4YdKNyPaL23UHUojA5EZ2ctNafxVo,34.000000000000000000
HBqJXi1ND8Ssz3hxAgt3NVaEUcNh16dLzQhtQ27fwjLP,34.000000000000000000
Z7zG2TveE1XDvHLSj9DHz2qBSvJmHWHqqXNuoqiFPnj,34.000000000000000000
e92AJtPGpvB7KMnnQNtsWMrt41pxFQdaTfpFRaq14i4,34.000000000000000000
qXABhvrFw4LoSvWe2bYJ8ciCwTL8G15FmaQ9G8ryTnB,34.000000000000000000
BDbksKYryFU4qf6DyHRTQwB9S8R2uYQbWJ2WRY1yAVYZ,33.612648650000000000
BpkBAdmg9K1CHNs9qBnrramCJHfWjLbNGCFtRHwjS7zx,33.522148820000000000
ECVQ6dTGTJsFkDm1D8BxsiMEYLoNPhNWqXET8Cc7msXP,33.461764600000000000
81fpzsrMiadUaDgzqR8SjrkYH9fQccktj46hWi1ktsAx,32.742020110000000000
6sAWtt5uqeAiU27jd9cu5xVKGnh8WDaRwLFh9s8fQU9d,32.502500000000000000
BHMg5kgjLC5SrbAL43fuBJjDVaE6FdaKSXncAcQhTjvm,32.429773930000000000
4dd1u9gQMoZqpLpVUUfyoHD8ViRG4uGSjPvJq9CQpErS,32.242491860000000000
FrMVSYmX4RdmENnz8rwpsVYVyqEu98mtT2fATRxjtV3R,32.128908700000000000
2iMBvYsRjMZkborfH5zyeu9fXPrQWVf8AWbenmPZxYpV,32.000000000000000000
4dh28iaqQrT3v9rNuNP6SsNeqCVbudjLpRVcmZdGWUfY,31.999078980000000000
9K97yt7WZ2wTVGaRYhbAfJ4DokDVKZxZKyLf5oTeVR8k,31.961245320000000000
53FrQG3iQv1NqeGEqfJUzwzhYgxkuK241D27gUXinre4,31.480746340000000000
HNPm2ZH445mCp5Y5NJCAQz5gAEXsTb7kj9JwctCugLtH,31.480746340000000000
EotSwwCxibEomLhNDsZGz7TfuEKbY2ZhoWGNtkCox2in,31.373752730000000000
2iY3kYYsT6tqonyruD2hGkQJ9WyQH7DfF5HUSGNw839e,31.358537060000000000
9yyGHp1gso9HXApLwdAxD7gPHGmhN4ziYRrR6AkMTydF,31.256267740000000000
37s6f6vb36kbukB7m5k5T1L9vyrS9LY2KyYYvFDppy34,31.157695310000000000
CKpDTUmuZ8w6J1V57AehTmdAmRwxumFCpQHZSkEFXF5w,30.848428700000000000
8gLKiGgCA5UuqgFqMBjTYignJVetAcjGFASLLwnXxcU4,30.769438310000000000
5Hq4FM7pNe9wBAD9riC8bSoKX7VLLKT6AsJBG8yNfrbb,30.449131880000000000
4JG4j1ziKxDb5MM1SU9rT461rks7YNFiNNv9oeH2YvYh,30.379756380000000000
8P6s6uDJ7DTjWS3AAD9Q8vXHGeyfGpk1uqi774Eiz9r9,30.365111510000000000
5XUXNMTMwHWoPk6UPLWYapm1JSrAcQQuidkN5DjFsF9h,30.199402950000000000
98Gpa66XLkaYwH27VXgJQGZ73M5QeRGRHDH2dkppd63Z,30.000000000000000000
CXobs69bhD4s2ouRtgxz3EFGLFe9ghPgBN4AwLDVfiNd,30.000000000000000000
Eie43vgW71VetpuT4swDQ5v3UZG8qJf8mQNNntqABaNu,30.000000000000000000
CHJM1Yb98ACXTaR1aneBeWy6ydv1WrrvUuAZ1TyM479G,29.982000000000000000
5s9Np8Y8SKDx1jZ1gSBbVQTK6iPTdBHgzLcozCDmzKZ6,29.833475130000000000
4QGwB22ftRC9Seh51J745czMeAa48M76WdR3WoLYcSrQ,29.695399590000000000
Gf5epsM6bArnvdrcMxEiS3RVYKDNYuEgnFdKbb9MT2y3,29.676872310000000000
HBH9hgKnfCZt1ZS6o41MxMB2VuM5ER9CDrdjgbg9pMdx,29.592093830000000000
9yNKyed4bfbnbiZpGzbz8iwHtNBaN9PDkit8C9QntaKm,29.471574240000000000
ESVRuMUfmt4QkG1YS1RRsCBPN2eJUoBEeUuPXKogW8tx,29.400499030000000000
Ezkur9RbLWncdTdCvMwJE8A8MCSNK8TDtsrG9eMmMmYn,29.180012920000000000
Kb17SG1hAVwWeM3wC3ecvuNULziRDK5V3yoiVmiw4nN,29.010765430000000000
84vTG9gLRJraFkHBr1oEy8AQcvFW7Cd5FZoiagh5C3h,28.770138080000000000
BJU9LFARgEsr9X7ohwmZRzYJ5X97UB5Gxw11se37oAPG,28.690322980000000000
HWmLSSiBBjsixEtd2n17dtpLyqnsj5QdMsjaHhX87kEt,28.642413840000000000
9nnLbotNTcUhvbrsA6Mdkx45Sm82G35zo28AqUvjExn8,28.349414370000000000
9a6LGsMg8nMde8DE7K9pGCuUVidV2pPLXww29ri5Wqm9,28.306466310000000000
33m7bz519aFnsGgyeahnxpTXnihAagkQYo7ZsZSiYpPD,28.092126320000000000
6q86wqtYfLuGZ4cv8eTqCqwVYK9zTDVQZzJQZbcMBMRA,27.194636460000000000
Axs5sPeHPhk6Vb91ZoC9sdp3HNFvgQ4tUNBQWDztTKdw,27.090328550000000000
DQxc5tBbhsVX2iJUutm8wNT1tueFbmTAfpDgcFRsUu1X,27.009454480000000000
H7ajt6dJyF4Mv5fDConmRGXBbEdsSTaGWSPDdFdAcamL,27.002424960000000000
3ZDLfyTpmwfPKc1kXPiUJqeHcjzxFJZjHFPGBF1W98sa,27.000000000000000000
4jfeyre14N6b3vLDmup5FoUDPR1Tqs5GFb12XFWDezJV,27.000000000000000000
6V2nofwjwMTPMjtje5Q7R1VnrNtUnZ4P9kg99YiiKqnD,27.000000000000000000
EJ1TnHFNaSFrXfE7eiwaVcajhneekeGRBYATrKyLrfY5,27.000000000000000000
FwZev3xQmQaEeuLpbg148To43G7RMLAmXisHFGqU5A41,27.000000000000000000
HDsCv8UP1QHP95biCcFhKBJoWQ5W3FQQcJLCbacJSSmg,27.000000000000000000
8Ti33qV71WXAXokqhMSxCtLTULAShLYTfg68EBerhFEU,26.716540410000000000
9js81wN1ohMErfbswtvo7yxzSy5UYZ78DqTQa4CuZy15,26.584840480000000000
FecJ7n3EvJHVfrDitkxCHrFSUWMvLLoyx7zeEE8cSVYY,26.468924690000000000
HzzUgHMviLGiDM83SLPrpCu3YkjjZ7zkudQHGKWo2WV2,26.295253220000000000
5kVHyB9L1ByBftEy6ViFGDywng872eCsnBCrUTwCASgu,26.167470620000000000
J1fGp3Tc1AZvrBCSzQRecz6Awej9eaHQaiQEf2VGiRxc,26.136784840000000000
3rU4tYt6ovhGNQauyYyhy3UD6Xewj8V4XcXEMnTQwWFW,26.066400770000000000
HxjwdF326ZunmUwC1iXhfgL3ku78YsksN6n7Rfxzwr6b,26.055182750000000000
DZWNX7RzE7Kcbyd99mPKwxF5P1vxjbcbz1xs59UNeMBM,26.019324610000000000
9eTF8LynpuzY9odAhAXVRRvpeH94dahMqzQwUW4Rj4QK,26.002317530000000000
GbkUK7crtd8j7jjNhikVCCGjQoBUfWzywYCjohnncosE,25.981761140000000000
9rAcJwrfsHjx1fDQS5qhZ3uAbswdLkiDUZujSFSM6BrT,25.600861010000000000
6341hhbD5TMBKa87LhCTRo953jQY8WAuYV8XawLgBudg,25.489054770000000000
9QscFdzbayZhju3P2UYg9gnVSY8JDkvP2PSQee3JC4sn,25.379645650000000000
3SAm1dFP2bKhSGqmvJue8pAUXyRX1aA1W3tmn26JEph6,25.332604950000000000
Fcn2FPgD8ZGth65vY1ajBpeJEfjz4RGRj8yYaqAncLTf,25.211746250000000000
3BBHu6QqjZc3jSkbAGc9LEweYED8hAkbtUGeZ9Trn7ch,25.151589710000000000
95ah5QGFLkbT6T229qbdCXcVUfnzfVdYCtZpqSdgqfiz,25.150000000000000000
38GwZJ38VZeQP6YLV3Ykc82bCR8sFsLQS5r2P4BnB6SM,25.000000000000000000
3iByqjgddxzr8jr8hTjxkXRuLhcHXPhDsi7FMdrZPbfB,25.000000000000000000
4trtkEUDTsTEuc67eg68PpdeCey45jCNY6kcBVrRTnee,25.000000000000000000
5qbtnm5z6mhDKMuD7rNFAz8HbhhEQnsPsEmfDCqESUzB,25.000000000000000000
6FUi5kMb3JHLUbSLVWKucfRzsggKF7sNpc3e8w85ybUH,25.000000000000000000
9mhknuPaxKJf1YeFDS6TL4b9EDTPUWVAFPPhkPXUt4ak,25.000000000000000000
B5oQMSH2swgQZNebAwc4vqYWRHNhPhpY24yij9wUWqr7,25.000000000000000000
CWDhPxvUWbC5SJxf2PFrYYebUAWeDvYFttALb13T3osR,25.000000000000000000
F8eZ9gXZwZwZdQBdyUvAHRcDcKTPhXVDvLF5GDjxL8mF,25.000000000000000000
bSWtmnYHxt9GRWv4HS4hqyxuRh5szZfTQjEP5KrR6XD,25.000000000000000000
wJpc4tNKSeT9JkArZ9amd3ugeNcFHsK3UnXRYvzPVWk,25.000000000000000000
6C387PBNGckRKstMMfuDi6EbYqryBEgWLzksZBs73cdU,24.808692490000000000
BBNcxkmf3sUktzAaVWke17PJ3wir7NFzrXWDCHMwNgvP,24.600696650000000000
EcyGSdYzDvEh9uMaKpZHVpfFQ2rz1uvyJQjnNGWH6zwt,24.577929650000000000
FdMeYqZLtnHc9cJsRyf8JWthY98R33DLv952dZ1tckNF,24.545119360000000000
6C5sdrPNY6nXKzfSijpBLFzkaosgRcqGELvpyaS6HTzC,24.539915770000000000
76weyw3o1yWSsSXQRoAA7qXa2Z2xbhBDTyTCH9pMUhKh,24.500081250000000000
BaCQFYCXACgXuEVww8vuPZmkVSh9MC8iRYryDxa4xDmz,24.478764410000000000
CKeEehGQQf5SBCX8pxJ9iupzcd5eRvDwYKu8BacDxmAi,24.405503280000000000
GGztQqQ6pCPaJQnNpXBgELr5cs3WwDakRbh1iEMzjgSJ,24.364706710000000000
AhAkV5ZV1mFS81QoAHiTrJwRSuXNWtbckPcngign4UEX,24.160770680000000000
6SLCeqWpBQaqCZfH4WDKeFX6yjQq63E7D8DY4waa9BkF,23.932030910000000000
DJWzuFVGGCg454pchqUeY9qqWeyStgvzdiHb7bNz6VtG,23.916817520000000000
2MXvnv9iTDNhfY7w1RpNkU4Deq4SEae37bLZbrigc7yM,23.885440950000000000
GiN9BbcMrD1Q3PNZ6M6jfmYA6MLJuHRfESKMhwAoBjiD,23.812866920000000000
7jbSjfBZXmWckwV4EpQgKhoV9oENGw85QyoJtkw2YvJY,23.510273090000000000
3HNnSZS9rCCZkCj99LKGjt8KZDCRD1qSnRbH8RyLn8h9,23.386714740000000000
H8YjYxkjX79tfwcMkrXwaxj6N9gYmHEghPYgudi4rjkC,23.336677060000000000
DRTXwRWBBmDHoq2oviUhWVp2zCZ6bp6fU9VP1sjRHD96,23.313978590000000000
EJG2fessB9a4mrMx1ViiegfVHvAwdwgRYg7jjsByfYB5,23.284600530000000000
ESnXRvsNCgxz5kbTTtCE2UDZcdGQy7PqSpoA7yD5yqgF,23.187121050000000000
HvFdDWS3RqymRAVx1ZdoL2RjiC38r5dtt19Z8op5jqDK,23.105297100000000000
3mVRzq64ZFtR8J3Ft6YEpSwaMeuZU5KDqU3j5kS5ADqW,23.075219710000000000
C3nnqFe8UgCpKZ9CH7PSmf9A1HkSUF4KQhfTBHu5a4Bw,22.990057690000000000
FbYvii7qERdv32XyE3Byj9mkPfGhATuuG37p9vGH5djN,22.684145840000000000
GEttqD4tAHNdfUYNnqjNja2ney1ML51ZwnNP5ASpqmmf,22.605705400000000000
2D9ew6XFNRsvBTiKk7Xa2LzYdhwzn6PTfdUxY9SVM9s4,22.326193680000000000
AJKDsQySm5mvM2eSrcZFBguaonfiuJavbyzeU3NTEPdL,22.000000000000000000
BuSVb5DTEuvwsK8qras2civVQUetQJExcnuYUqDSs4Mk,21.888718380000000000
EpT8xVAyGewX4wD8xMzXnHaPmS586V5GQbvQXej8fsqm,21.782694370000000000
87Bhdke8qGbLJnkgDft3GTLJTUhJ4umHYgXH5uunk9UF,21.703716080000000000
HymRXwWKuhJM8R8WshxXjatxXX2YZfRz9T1jCNGg35VS,21.670622760000000000
DNg1e8H91LKA6a1A9xZG9afTf5StR1M5yJiBkvL38HRZ,21.645961190000000000
AGjDy89oVkBAi6UjpdLYCyYJbCmik32Ue3dpke3tbBhH,21.390550060000000000
C2n9iEKWntCSVwcpEdjR2VkXYvfdwuXfVk4N9DNRF47c,21.360059090000000000
EoxkN3MWMfxHUp3tQtAwoqFvqvAZa2cxYtttZ8Rkde3m,21.310841270000000000
9ZFC3XBxFE3kLvXedaJ67G3LKbo5LoEayNP7t9vp9iG7,21.091223010000000000
HdTnprEcsyecAhzTTRu4RdskN63RnAwDxzWzbocifP9S,21.046332110000000000
1xSgdtBcY9CyoNX5ZnG2HTFAa6YDgF6P3d24a5rVrwF,21.046332040000000000
2KKUYdK5CPRrvbT4nNvsgGNBPLMVUshENqNJafqFzQzx,21.046332040000000000
4XKZRTH1mk6tKCYWacSNQM1pgH1KkvqcetGVexR4gbfX,21.046332040000000000
5vhfVFormKjNECmvDEAXqC3azYnW5Y8vPSEWZPFGMSgC,21.046332040000000000
67NkGHQgC22URdLqYiKtX1MfNvwqjrUsTgrrKvn9kg8q,21.046332040000000000
6drC6hiwp8zcTdrtt7UuxUqNcsEqTzZuS3s9MpECDUed,21.046332040000000000
6vX9FV2SKaD3bP9nWnSkHPfn5hZGvy5b69S9RVdUwHbg,21.046332040000000000
7373YxsvBPjFXYVg4Nm5eMzE4Dk6DmGSMovivXykeZAq,21.046332040000000000
7wBHR1orzruVfJD1wdwU9qEYwpFSfLsdzzFJeEUU1bMH,21.046332040000000000
93FUzwXziRjyoigA8qopAGjSCzjnyiBGMCwjYLk2LdSW,21.046332040000000000
ApqFgrMbMZjEsHo1iWokg3gCWypsbAifKvmiaioSeY3V,21.046332040000000000
B2aGy3tdoV8P21HBvxMMXJesk2QWuMLkxVbMyj4sLTjt,21.046332040000000000
BHDpKjf35nyHi4YPC3SQG6pLFhhiTGM7nhUk1UeoEDVk,21.046332040000000000
C8w6rT2SiDMpa5rmKRBKvJeRUPi7pdCrBeHqxn7RDZuq,21.046332040000000000
DeNaxsNZasjzm8gfc87rDVgJhcqPc4u23Wx9zE1zzwjm,21.046332040000000000
E2HB5ZAoo1cDxkRu2Am1bG7KvMCLGv98VsepWSjMRouV,21.046332040000000000
EdWrCG4FjNKrco29Szho4bJWw555nRaN3gEk3D6y5Tzd,21.046332040000000000
FmUjyPAFZzFtsTW3BCHhZKJqFdBgGusgevYSG6x9GZ9f,21.046332040000000000
GucgsYHQhj1bKK5enRn1G7aJk7UcV2o1wf8sytfHqdW2,21.046332040000000000
GwAmuVaYXnQDJsxoznkF2EQYXyqu2M8i3TegUmyJKV9b,21.046332040000000000
H57cU34pkxiPFwd6w2QM5hcjM1XiZYYh9McowiYVAPFB,21.046332040000000000
JDxnJxoMGU5ejWSkDL8L13U794UwdJQDwbNDXsdpyW2y,21.046332040000000000
sBrmmo8xLjKzUUzq717C688QDKuEygjhQd8MZPaeq7R,21.046332040000000000
Bpd6LL5RTXJhSqRkmU3msWwPq6jSt9KdZmup5gv6Zn8Y,21.034406390000000000
5tm6PHLiokNfxic2LnUWZk3srxjQSJuEZtWeTeE9VXRg,21.000000000000000000
EmAsb68m4d7uSvvrHyF58est1ysUuLZgeeD7GVvSXQvb,21.000000000000000000
Cji4u4VsgqrMRmSV6huXVwj6oCaNsV7JC16Jmcox4ia,20.968765700000000000
HmQHvfejLzd9d9DghFqLaviwkHuTBxB7E1Ga1NJSpBaX,20.920930070000000000
9g9Tzn2h1jLqA3nRRvo2YvCRF7sJzb327dEeKbSx5AK2,20.863533830000000000
2z5szcb2mpWP6aQLbwmC4LwepqhGd3pXXKrNhvdneTir,20.839367320000000000
2MepgsnpR5pCqcWtDiidkS93iMy2U3pFRVo6hdB2cMCS,20.839367300000000000
4CKhstoTVhzNXXvqWNQgCXkakYJb9bXgX1mpRgWJwq1B,20.839367300000000000
4M9acvMEC3G8TrtWtmUhx66Xf2D3m2HNAGSeXgfeyaCc,20.839367300000000000
4eXLMUTyuApiPX8d9BvY5vuJ4yjPFxQP44y1LgBvXp4k,20.839367300000000000
72NuAbfA4Be4ysdVCsgw62hw7NqRBBuFQN6N11cQ5gz,20.839367300000000000
7ojv4w8CUr1c4ZcL9ayqV2tajHq7Emy4qNzQheXTJNEZ,20.839367300000000000
8kFoM14vbLrVjUZVNb8fSNxCJn9EtmmAbYMD7zqYpfjJ,20.839367300000000000
9AG3aWcohebeXc8qFHsujbBXqhyZmWzk3JHsp1xdZTeM,20.839367300000000000
AahaXSbAtnk57Sw7N8CXje5eAgAvT1meS2x9ekAQS5BD,20.839367300000000000
AbcvB9eyZzyrn9jHsjzTWonqVhM9JNVrYnaT6m6zTCPq,20.839367300000000000
AnQbiC8s96Cbj7mJx4QBBnzjuY33a15VwB9Cra9mE1E5,20.839367300000000000
Ax9813vJpkcWPLmE8uJSi4rMSbzn6dgW2ELLkxfb1QoW,20.839367300000000000
BCySgF1zGehVHNzMGaVEmhpTdXcNxbaxbLaEyeo6GP3L,20.839367300000000000
BNG9iSWmiBKTCx959JtsDYAUHWFAxLfG1yRsAsR945FL,20.839367300000000000
Dhrc6UULrZhUJshxQM2VapDruSU4M3vDn5wxYYuQLZ1a,20.839367300000000000
G3nPeQpyyBRRZdyVV3hmsaMT3xqDvrtEo5GM8wpNmHYF,20.839367300000000000
G71ojxhjd7LMs4qA2QFonjzpHe6Dn8hPxsbTyFzm52a3,20.839367300000000000
GHCmxJfbvkdFesPtWN2Gto5sfS2889VMfV186xrkbBd3,20.839367300000000000
GZgygP8dFSSjVqye89S6RVQJDK29FykhVX691tB4njcK,20.839367300000000000
HAPgc27wahaHyoVDmqPXA1aYtyQFbSan9Sa49dG6p7JF,20.839367300000000000
JDmKmgGiSvPqM1HgTp6Z9LHBBk2Q4fdkK45fg1fwZ5pw,20.839367300000000000
55rqkC5MGcKsW4n1wcc4uKF1aoM3DNai4MQi7a2DTnbE,20.760000010000000000
6yH8JnJ6WRfLukv67yHbkfS846nKFxTtCtA5yF2X2o7B,20.615302250000000000
BgqRo7vYDQSuYWAmorf65YB8SYGgcfSsBrk3AqUFAt18,20.513740320000000000
BgsGAJ37VqpuEZmwhTZ3TwqkCyJngSBmz4dUTkAKFTfQ,20.337993700000000000
AFWhV9X2E6RdUxdDKivzB4twznCgDPPCod5Dnkqq8Pm1,20.043593460000000000
2VbRyE9C5QN1Raxnj4bLD7xods9sJ6Rxp5jbRr25n9Eu,20.000000000000000000
3ADzk5YDP9sgorvPSs9YPxigJiSqhgddpwHwwPwmEFib,20.000000000000000000
64rT8pqggBhinm4pEhmuBLtMf7JDwbBbScW7TCRB9ZEE,20.000000000000000000
7wWpvLygaJVwbTEozu5GYLNaN56xcugFqZAzjQNaKqcC,20.000000000000000000
8eMmP4U3zzThTaxRfatgwcLqz5ic4rZhBYAtxjQ8FPhv,20.000000000000000000
8eSbsPVis685nrTPuyoXrFWnwK5dGKCNCTdMbkMopJ7R,20.000000000000000000
ASxMiMb1AJGTU4AduPNB2CGqT1TiDqWkLvy7oCUnzw5x,20.000000000000000000
FUuaUqqvgpCt1NNgCPBTtWWiW4MvBSZT7LVpEdLEBdRT,20.000000000000000000
Hk2xajvNqfyZMymirQWSUQps1xQ4WP45Yhrx7nhpWf1G,20.000000000000000000
J2KK5ZVVK9pyc2gkvLF68Mk543ysNrREcY4XM1LsH185,20.000000000000000000
EF4E4UQZuwvPDLnaEaKY4WfAjX7tnQZWWRNXg4Q983D6,19.947306830000000000
4M4rGquYVGEPby4yMtbp6xb8KtRpXupMcZcwXxXWJK33,19.436148950000000000
Fc24jQXKTGDHUUYBamCaVdFFihr9bSEpg7MMkexGdVWC,19.000000000000000000
3a4fFRZ8ZgjdFnBjgWYBZsp3vixTKcL5MFeVjTGDh8Rw,18.987726980000000000
tPWFvnYyLzq3dWugWmbs3ogWtRjdKsC2kfqeHBSzXUt,18.934147240000000000
3AJHHYUoSKC9WN4wwvQV4SgYouThC4cMkBdkiqpL5aCv,18.934147200000000000
3uxw7wV3oNPsCR86MLBnoXcyMCEt3tLaVDjPgGgqcUh9,18.934147200000000000
4PpywY3vM4LAvyp94KnayYRYUDteZK3W8ZVDb9tihhxQ,18.934147200000000000
4eszyMPEtNExLtYiu2tDLVvLZ4JnB14LmdY6Rc7cM6EX,18.934147200000000000
59K68u726LmfxaprY5mLx2ZfjG48pXtH7xpjEBNntF5n,18.934147200000000000
5QEsv8QnX1dLrnfGNMTfEXqSJoSYaE67F3GFZZVtV5ig,18.934147200000000000
5c37YBJsyg3CHyVvJjomJdoT2x1MTHzXtQ4ie7DXa5kV,18.934147200000000000
84L3MRerXPx7dgcA4DaEWn6eVmozHstDYFkcnEo76Vcb,18.934147200000000000
95aieyod47Kxn5XBdHfwpvjWuqXzyr2MNoUpENiXpT7w,18.934147200000000000
99BZY69ZCfp9oVtEgcReViRbexog9RUQCQVshePEqpDh,18.934147200000000000
9gC27cuzWRA1MGUGjgZvkvpGDq33YP2GGVP7AkSbp7Dh,18.934147200000000000
9u2tct7bRyesPBma2TDvefH98C6wzXEHCDhrB1JaDYWp,18.934147200000000000
BPCCGd5Sw3QE42Hu9pmwwQNL7YwtS1JHRdWiwtLzWrQg,18.934147200000000000
BXTfkn7bjq1Z4CyS4WGWy9JY6pz8J2J1xMxyKgZooY87,18.934147200000000000
CNYWnXNSuu6KehKKk3Jr5EQWstYpuv5dxDkRnrwDahy8,18.934147200000000000
DAPL9s8PQY1sR5KuNAVtuUymnUwNAkoW3U4LH4bkM2Lb,18.934147200000000000
DbbiMA5ioaPG29kgXwUNAT2mnVwQFfG5MdrzWC8qtyAR,18.934147200000000000
Fc9w9ToDTmXiKFYW96jhT2FK1TcPWbZK6QmAupKf4P7R,18.934147200000000000
FhbEHhiBYMdNXEzvjD8VXq3gxjiFnkdT27WjWLLGH5Ea,18.934147200000000000
GF4tmN6aJuU2WYqcerKTnAeBW6Tq62PU9FuHGRdp1AKv,18.934147200000000000
H5g9fTJHki8ruH4bC47f7o2DNAwxWrg3yENQ2nYmfbc,18.934147200000000000
HtArxKhKg9MchjysHA2U9CceLqs6WkDjagEpBtf9S6kE,18.934147200000000000
VdauAznfU4bvko9Kf3Q9D6BAAGj5zNmZ8ZhsMNT4voi,18.934147200000000000
66rkrDhJcMbei3BFy2UfodqqRxMLgH7ArJhgGkWghBvj,18.735121160000000000
CbxcY7EZDjLP48drNgVGnp2SYLENfLgGWpenrXTnvtN9,18.709849580000000000
BUxK8xAAfnkcc8C6TWtyGyNuRtEiZYK1TT9MuUCpVhe9,18.518639600000000000
5tvtsAXBAFosGZGDkgSuheresLTAbkPcsf8zpYB1Hi9K,18.440103960000000000
ABcLyuh9ufZaDy5REzpsZK7bQFbX5kjAmaV8uHgrM22x,18.367965970000000000
AhtqgLcrDUMWeLbsJhivqtwFgVqD5Ska5BRfWLUkbfCv,18.349488920000000000
G684aXuXUNbu7pVWmhwzZCDQTfg91JcZXBLa93GD8ZBJ,18.250920280000000000
FFefJwa4cLoJMzf4z9cyD5TeWCPTwpBoK7yNQvas4ZrC,18.237830580000000000
8LQqefKebZTvSNd3q3HH9emBxgXymNnxjyVftZNESfw2,18.233192100000000000
GjvjdwD3A1PBsstsNHXb6ya3VzPVm1NxSL5YjMV1Q15n,18.175331430000000000
GV7GNqxM2YGRmmEp9pjXzc65vGkJhkndbjXj6HVG4mLw,18.160388080000000000
9HTTukjBnZQVy5GTTukFxjXjDCURRXQZ8ZcDvhFqC21S,18.138271000000000000
FhXhKX6tEPkm4Y1VktGFjtyp4tJTJQr49eDUCeLffXSW,17.823395080000000000
H6NDVerCHAaLFR7RoPm9u1ZrnSDWQ4ax27wZt2SSjBNg,17.450185870000000000
8RSyNtnhTod4ZUxRq57asTJWLnAbhdmpKPgT1FVXFCHS,17.407528350000000000
5DNgfKSc4PJ9JmMneM6AdctVPkdi8cc3xgry8ksRtt95,17.048100000000000000
HcgAezmGCdBQdTPKjChd4S3QMfV4THfECnceEyNn7s7Z,17.042619560000000000
21vwjUpK52jXakXW3xLg6o97E1nQ3XW2f21avweNHhig,17.000000000000000000
2WtNwCsDfEAYmYVoDGLH5rpPPXdQDN5QesoCxdGKZnYA,17.000000000000000000
2oEQAST68E9UefLJV3xu1fN214yUnysEJJD1W1BeGBvw,17.000000000000000000
2q62bVBQTCzy4maAs8yrVk6LZCugRGEGzYz6SA7chfkb,17.000000000000000000
2z7cCLovimBCChEEr2VErb38FAgmei7SXMmptWHoHvt7,17.000000000000000000
3G8CFv4Met6hvdSSEGq9dCpo5zxaxe1bmvJ8Fo2tn2fe,17.000000000000000000
3X26GNoCBkNcfTuoWWhAHFsNHKAF2QaoTd6vmjdkgazm,17.000000000000000000
3XaGSB5cL4Hn6Ld8qxagBaH1Yy5j9y2WHBdaS4ZFm8CW,17.000000000000000000
3vfFcTJZFFg3gJkyZqa4hWZbSDDp2XHyjiqKVAKa2Rco,17.000000000000000000
43QvoTmG8K18GYaZoTcht1knChAPZurBA5ipMQD95kXy,17.000000000000000000
493UFBRT2gZvqohKLCxYErKhmu7838MZ5fCaH6WGY2FA,17.000000000000000000
4HMDsiNMsHzMiaExzzXbpN71eNd9kUjr2eKcvS8zkNRY,17.000000000000000000
4Ji1Cx8sMjjwpsaw6qg7meCciQjEpw3XTsLKTj3Nc4Pe,17.000000000000000000
4Ky17teR3UKxGHNUHvZtYEAsSUfuTDZyPcfpMMmEt6YV,17.000000000000000000
4PvYpgZLarj2dbMEYPuCwaPd7aZ6fvmsZqvDswq4EjUn,17.000000000000000000
4ZYE8dZb21Qfm3vbqT48bJ11eN34VYGomeT5BML87YyN,17.000000000000000000
4gzzDos8qKvJQk4krsCVuZtpeLBDQBwgFMpnD7K4cjYJ,17.000000000000000000
4kqsVQLtirmdoudGSt3NHThnraRf89yaXREXi7AGLs4d,17.000000000000000000
4u9F8YJ1vdJc4ifXvQfQ3mNasTihsbCxktsVheyYhCWK,17.000000000000000000
521E9HfKY7Qir7fpq4h9kCvsUmbavkxwJjLZFjTZrzSi,17.000000000000000000
5WEpF7kYxq9iHssi2YdsfaA8tWHBZNDunHUobMA3zqsN,17.000000000000000000
5tZhN6tHW9kk31P7MrczKHLPob4MjFASVLU45VTMYhEi,17.000000000000000000
69ScABRmBeYsoL9E8ZFiRLGeETkM5bYSrwitFGimhKk5,17.000000000000000000
6BtuQWMkq9VP18xLrokpoxG65PLKBKcfChexZ4BPvqGD,17.000000000000000000
6FkAxxHHhWSKtrKWmjnhGERYoJvQ8sJtyWgDvpd4HQ9G,17.000000000000000000
6MupHwVuaZnxeXbw2DEvH96ouaWdg5TygPaSruB4H7YG,17.000000000000000000
6UUctFU59Ecnua53F75ev8baczJj1w6W2sQgnzmAH7Lr,17.000000000000000000
6houX1Y4CSBAivmKWGqJMfjuZDjZqZFBuy48BesLiohG,17.000000000000000000
6jEmQcBSRcMEzB9QMdx64ttKmTiKjVtCKPtuqfY6LyPk,17.000000000000000000
6jmSmrHHG8vNSKtctDZwr1Lv6eyUe6YZuT65bHifY4QB,17.000000000000000000
6socHzK7NE1TgMNAnNaeRxbzfqcWUUgVFooo5NUTE3KV,17.000000000000000000
7ED9q53qwGZWB5fS6qrxndE62nUGMYy5UVcUBwT48Fcy,17.000000000000000000
7Ef8YJPJkCxcuZxSXx7k8C9KTviiComnGSznHkfsW8EX,17.000000000000000000
7SHns71XrZGhBHduY26Hrj5GWe1DBKCJkpKKkqBBiPcF,17.000000000000000000
7TzumWp38eKi4edHbhGLjHWuc5E68T1oQoJywdKYwm6y,17.000000000000000000
7n8iq9A6QTAKDw2D3qnrekf9vCCpdHWHCGoJUAKtHqGd,17.000000000000000000
7vZaBrSWeRfb6fisCFaeWuepp3DPiZ37Qqo57iM7Mz5A,17.000000000000000000
7vxzBbTY6HwtS8BtuyyVAEA4td6FCdiuRcf8LyZF7hjY,17.000000000000000000
82nZre3CX74jhE7BrdfUqVyBTPXyw8wpDsjCR6eEPzhe,17.000000000000000000
8WGtbjbZxXcBRRvF8f2kT6EXZnmKschcgScXjA6hvNN5,17.000000000000000000
8ZPVmezhZ888mQapdYwXcadJHU4xLEB7DMUwURNvcvzq,17.000000000000000000
8dzzrTatYi5LbpvwiCFK9MXcJoQxWLfbqdXFtx1zaSmK,17.000000000000000000
8gGqc8b6ak7toQSpA83NfGgjsGPr8xZt4uDDTjp1nVRh,17.000000000000000000
8p7ojK4hDXtaVTy2VP3MMau6nPrtkzEMkqTucWWxf3Xt,17.000000000000000000
919PNRNiTiz9Gtm1r18sLzhdh2dBhRoFKa38DTKXZv7i,17.000000000000000000
9KiwrKemRrjjcZpfzk2czUBrbHwytP5hbeQmiAKYPnUD,17.000000000000000000
9X4KtZzXmZ8XsK8nLhHSEoccsVeGzwjzKrvLDoQuM3yd,17.000000000000000000
9g5tovmmBNZrRZqHK4i5PjxELp1xRWpZWJB9h3j4aUnB,17.000000000000000000
9mXGEfm2Uum6bdMkEyah4TewbJon2LWH88QPrWbpe8oF,17.000000000000000000
9uAHVHmbPffE6uLUkueUX5u5Nujn6iMaigPz5qMxMo87,17.000000000000000000
9ztzv8XRoooSDeBjJotZmYAusmcnojsUCvK19Xc7o8AU,17.000000000000000000
A2Cd6pgYujRJTs5auYNWkecfLxNJcfgGxt96foTCbu9B,17.000000000000000000
A5xFo6xAomzmwYecdeFKZunAYbcC7ehCBQgzp2e2iJYY,17.000000000000000000
A7etXYy8nsGz1TunqWZz9P7uoKhKQJ66kGWFQj8Zaxd,17.000000000000000000
AHcG5FEZLUCgKyg1kEUKX9sHFFJk1nwr6NLB9Pxcpv4f,17.000000000000000000
ATnDGV1FmDerGmt2ZdhETYVL5xPs5itEGviiyxLEBCdx,17.000000000000000000
Au4W7rk9FABbJbS8u769AAF6RGCqLKhkdg9F8t92EtQp,17.000000000000000000
B6PVf3xxF6qKoXJ11LHLzByX58jYXb8dD4jaJUvCcCRs,17.000000000000000000
B7TjZmzWTZgCypnG7rMKUjCcEc8f8PMVFP3BFUUQZr6D,17.000000000000000000
BB5avpDpgFB79Sc7QeReUvTKQuw9ga5yd5fLCBx1HDNa,17.000000000000000000
BDkybekfdv1AQfXpTFUEhHzXhZFghorBkSEwnH4jHtZ3,17.000000000000000000
BRamgNgAokrjRtGbxBic6o1P4QDs8KdjrXDex5HBJks7,17.000000000000000000
BU8LFn5Cw3gFkoHh6KsQdvBPjPmqpNLsoSBLg1hj3ucG,17.000000000000000000
BiFceKpGs5RaVGURapCpswWdgKCz5gHzzLqDu7gNaz5h,17.000000000000000000
Bj6jALLiJmHMWMvsi9WxPQC4cpqzC3xSCzfJMDA28AXT,17.000000000000000000
C2bsQ4ossMnTucd3HCEkahDm1UtFr3Kf9Wocb1rwLDck,17.000000000000000000
CJUrX7dH7XBykyaerinHkm1Qa42nCk1KiX9uTCdwaEPJ,17.000000000000000000
CWY5ii7CURLMbXfhGygBLhzFKJUZfLBRgvoZaFtRZ8dG,17.000000000000000000
ChcAZidio6cs6oGGVsdZLXReUC1UczTeahom1wRHSe86,17.000000000000000000
CsssFMn656SCk4SYFSAZcT8yTi4pg6R7MyG128F68NX3,17.000000000000000000
CzYorBxzujaK2d6RYzxHxTWjns2BrtNj4Ve7uEA943ci,17.000000000000000000
D3sN57fUBefsdnvEM4STAQ9hsbfsoMWEmsXChkmd2Ez3,17.000000000000000000
DSVGq5XLJT2Ztyjcfm4ZSGR9R1zYkS7G5D1XpMAF4DsM,17.000000000000000000
DSoYQQjRXC2Zorse5fkPc8Vk5WweYXV7GAiVsUV68n9b,17.000000000000000000
DndomgeJsPSHkD9kuhDLxfvTfHpFGJgspEaQzGuWNVbr,17.000000000000000000
DrtkxZ9K4vNdxTufkLgufnx16wJKKE4coasXJHP2zmm,17.000000000000000000
DzYZ149DZ33ihhQA8YzcmKo1jaf7cmSZ29kDwZen2s27,17.000000000000000000
E313HCVoDGbncLXaZE3QKX1Z5skA7LA7i6BZYUHdvDz6,17.000000000000000000
EEKKNUkPFKzMUHENTV5Yxn8ooFiidiEsqyheHWDnK2Zo,17.000000000000000000
EHWS7kVDhbTD4PZWwG8adoi9nrw7A7LujNHdLHY771Yd,17.000000000000000000
EWuBKZsYXpA93BrzmNx9fQNER2TrPvWY1ZEtPYshiGJK,17.000000000000000000
EZDfiuouksFt3tzr7PJW2bCt3d3qCkrXEupPKxrQzH3S,17.000000000000000000
Eu25q7qRDEV85SMEi6ZqM1guPsaCG9JsS4C5WN411tei,17.000000000000000000
F2NXJAj7r4RxAYrkxdpaKMDDzyr1FJ2s9ruDdAqGN3Wm,17.000000000000000000
F3A8LQuZecL3iKZzbMd62rwbkKg63SEDz8FeY622V2iC,17.000000000000000000
F7atUiTAWiZpEJbzuZAN4xdGJWcexRETBuVf27jCo4xY,17.000000000000000000
FDaTz3QyDhywkeYfGKyVZm5YJpogtHbZSrHhBiRGPCxE,17.000000000000000000
FUgvRffgM3FBNL64nYyLTv31FddsRD4p5DpdL2jE2Q88,17.000000000000000000
FXN5qLC6txWaRGjravQ66oJV2nstVMup33xo7ZjGvsDP,17.000000000000000000
FXyju6dZCvF6WN1xPyvCfbLSCneAeRE39daBYtMqxDGE,17.000000000000000000
FcAiwSK6JLGBBgREpgJBdRjwvvCRqbFKDGrWXK3VqQuj,17.000000000000000000
Fg4wPnY9fz9yhqzk2pPseqMHZtNnqW6HPns2CLUGCXQV,17.000000000000000000
FgCppduuddUEYav3SWjHHQTUQDqb9UNgTL7kVr9giPrK,17.000000000000000000
Fp7tiMaTQvZm8L5meSmhNeB12hZicTjzx4jbQkhUvePy,17.000000000000000000
FphrXhzAvTfhJnazQ9xW5VkpAUjZL35g5Rs2h5xoRHJ3,17.000000000000000000
GEwPRxCfn1cMZW4AUBTefj1zhsyMoKSb1nJ56A5R1Q8r,17.000000000000000000
GHAzzBHB744TLpQNBwuiyceSgWrnsuNgCVwNiBt96rVS,17.000000000000000000
GJVcuhbqqEn16XEjrxEL9KWT7dzcJQv1nswCPjensbtx,17.000000000000000000
GZfDCv4PMxnqjiWfW57k9GQyhQvRW2EfsXKZ1BtC7PeF,17.000000000000000000
GiPZTGqaVFUBFBUiyi4xkBVehZB3YHuPyYPDvPCB6UJH,17.000000000000000000
GiWjLPQyvsPRTXjB4XvkrsipWLATJfWgk5QfAi28BavY,17.000000000000000000
H6tZ9Gm8r6Rxwb6682VqoVRViGVv7j4XHeeQGhu9Aaeb,17.000000000000000000
H9FfaqkCi5qfDds2gYwDs6PLsd3vrUtE3fDzMK82RK6T,17.000000000000000000
HanrHyrBDRfLjSs9xfg8z73kkcWwzAV3G4dPw3fVGW5C,17.000000000000000000
HfiheaiE22f2Eq5kZCrKZXirYaqdmiMnhDhHQtH9Dg82,17.000000000000000000
HgxaoGkuaNksMTfVBaqHu2WN62ZZf3APnhYNkmhMp3Px,17.000000000000000000
HhSoUQr8FWwaZt5RDgbRJPNA2R2JaRJ2YjZUVujhumQ,17.000000000000000000
HiGMKn9vvuh4vMPTKepgP5CBbo4zoptac8n3XaR5QtSy,17.000000000000000000
HpScvN8U4siPJZWUibGpZDguNEWiygHB7A5UBx2SDYrN,17.000000000000000000
HsTd8siuSy2XE8q3JBT3LZESA4rCLsEpP4ZNYayC4Rf9,17.000000000000000000
J5sYZz8mhkbvWjrtPqJD7bxNxuZTz5mTs7SSgFJciJfw,17.000000000000000000
JB4ft4QbgBVkpBqmAAzXU1cD6L7hgF5SDR1KEewCsWGx,17.000000000000000000
KFDRQXihhWMjeUcmQVFg6hCAupZsTgoGUeCnKFjBgjq,17.000000000000000000
RPt2HBdnBorkdzd6bhk8JVFKqs3VabXzjLatSUUkJEa,17.000000000000000000
Rhg6ah1b7t7gsMmB5pRCSqQTq7dfL9tsJ51QvxpxnhT,17.000000000000000000
XH3E4NbGW4JaFKJAuSRGZCj2VJ8KiZUDJvkHfUu357T,17.000000000000000000
f5sgJZYkTN2AX9Sgr9Jj3Yt2Gmwh9dgEFz8uRkDjyqh,17.000000000000000000
fvq4RoefnBpLr8PfcVUtnKzZETpxnjNVk89vys8Z8T4,17.000000000000000000
soYP5ySC9XePASfn3MtbYNZyzzhSrMin9L4oCpq9dnu,17.000000000000000000
uqa25uXxt2pJcBr9dSV2xQm4ubh3aZoRsCjhtqAjcGf,17.000000000000000000
CXSu79K2aE57xDpg68NLPcqbZcQkYuJ4m96XCcZPi6kn,16.945188240000000000
HC7q2dpzQDREaFXDwoJko775861VQgyjBRipAXfXHgse,16.943577940000000000
BpvWhNV4LesYDjSntfTkzi5YGJ5SMCRDZTDQaG3sNAT5,16.673895290000000000
F8fgBJ6oJ1N9V6pgTEup4CjHjkqc2eWW3RwVAR6p7iKZ,16.667061500000000000
2TL2Xau6kaTKWQkEWkMhWhSbJ62M4iinKoC9tJ3LUb9f,16.645708710000000000
FKM4jN2MfQugmFmTM5ceZKTjh5kgDbTaoXuvB4p36Spb,16.628571570000000000
GZjpNyTYrJ2SiUeHJbC2yarB6KV5NFtBNKWM126Ty85s,16.433825340000000000
5ZwnCQSgMMj2suoZNEiapETKgW9QXGaY9ymtpiKkg8KJ,16.254508460000000000
DtVk7o8d7ABBqJ44iaT77HwqE6xPzKWv97BG9CJRENXd,16.245429550000000000
p4tipmE77Wg8GrpU3FW8co2GCW72DEocHZNDjRcZvNh,16.244193700000000000
Ay143SWCUdVSrWpAspD33bGZ6az6GYUavfgThz6pB4hw,16.005446880000000000
HBTPT5W2vr8u8JRtFT2BC3xogipcDaxgY2sWbxRzvmar,16.000000010000000000
5oGsDNGcTacYei6EuxupuzRDKzZeWqfk8hap1whNhVQ8,15.885695880000000000
HHKh1ofRF6sLdJp7Jpxu9bs8FVK1gbyFAiRJEoMtBBcb,15.799689070000000000
3cuARngdNfkhyMRaGvCy8aA5TeV7eJpMnATD9QSfB5gB,15.743033280000000000
AbQJAzVD5Bz52dX1ZqKU8Ayz5i4ZGSUiu4BqEzDJSErt,15.522797500000000000
5juTLG6AqaaeE6yX99VPC3SMVmyFHUmhY9Dq7XgPuKyt,15.483081320000000000
EQAr6vBeGukdyLUirEPk6PcNGT9EUo7MQYQntkbV7Z6J,15.356764650000000000
78GvMhmVRsR2rkkuh2qe4EwU637WnY7GdbPRKg5Vnzsj,15.325861970000000000
Zgsr1oGR1bYKk1BqyP68EYuTKccDMRXRomXAGzVc1Bb,15.299628490000000000
4nvARLJFmP3K3GssTsupbvtQ8GbgyvkyXwKWof9CWV1Q,15.165265950000000000
FizMrFm1NVhFgJcB3uisJWXoqca1N1dpxvHGACrcboYB,15.158546760000000000
9pGDcK3tn3aXxQ9Mtw9ZuyVt1HPr2H9Ly9awRs17DZba,15.041080530000000000
BmMmrRi8589e6y99MBActNBvh8nx7Fy92fHc6W2pi9Bx,15.039491160000000000
2LU8Ns31Tug86YL1w7uAoZJxdUFwWtvVkGKCvdiBucGT,15.000000000000000000
2xuSPj6AAYo2ubehCKU1xhpqHVxfanZKcXzKtuNycbqz,15.000000000000000000
3H2LBJ7ELEYQp7GMZGobKPqddJJaAMamoTPoadkm5Zuk,15.000000000000000000
4R5s5STg2KSjNRpYNW7AcismaTFE5CoaUxn8dbQt5rdW,15.000000000000000000
4b8CBBjx2BtU6iuG7QwRjCZ3VTAN9SQKkauS8wSojFLB,15.000000000000000000
4bqXEYv8A828At5A8BmnYs6XFJnXEtwZ5tV1ePugwroZ,15.000000000000000000
57baqFEJSxhiWfvYJh4XNkPMWHFRpEDRkYA7mvkvX22s,15.000000000000000000
5HNXadzF1kd5VQcPtv7RQFWQHRSJqy6p38X9BCpFkP1M,15.000000000000000000
5L7NQ61MKx323SXcQM4Jt4BV41srVuK9Ry1VU7fA48nM,15.000000000000000000
5n7GWDEBEqcLUAvsmwp87KBcbusBNMiJFBpFKRhwi7wR,15.000000000000000000
7UXdXxisHxKroQ6m2TP7xW4DpUcddwkj8GR9GGhefYkW,15.000000000000000000
7ruWFFq55h7tqKq6PwdEdxs4vZ7nCaGGfmA29saeJDLu,15.000000000000000000
8CA94viqcsh4e1Tu2fNXQbdXWmhA63JA3hR4ZGH9aBY1,15.000000000000000000
8fGCocqjmmVojCwgFAzvmJhTnoQeRvfempguZK1WDxHw,15.000000000000000000
8gKyR7Ctgxi1zYNYP6DqrcqHSnQKSSdYjEaZXpeR4Qoo,15.000000000000000000
9DqBAAEsDz2B6XKzuVfaAbdK7mj3HTpBFsDcsZupuLom,15.000000000000000000
A7QEhKyS2fpmafFC5gvhfogPJTRZsEQk9JDMfdHiZqnn,15.000000000000000000
ACRoyCHEvuCZ12oXYPn1nrMAaTLQPnvBj2mwnwEDwmPT,15.000000000000000000
Ah88z61disWC4PK7twuqHpYbwffvddUhWqNiPxhuZBHG,15.000000000000000000
BVEptyJ2JoUrqeYd8VWakfDziq1aTwYCjw5S8crBLHtP,15.000000000000000000
DZGigibdvErQwSNxxCrP1TMmZ5vhF72iSwDNvGEEnqYz,15.000000000000000000
Dc6MFVhiMSigeNU3F93e2SDtEJfUFKbW6oQNhsNjK4Hy,15.000000000000000000
FDiLqtqvQcAJ3vdVDCrqFQLxxYmvRYjjYfVV1X1FXd6v,15.000000000000000000
GF2wQjPEg4GsWuyZaTmrqrjn1cEdQS3NVFWiA38x9sKZ,15.000000000000000000
GKD1bZwDghLeaX3mzeugpCaPSrXB5BihyPq7N2dH6tN4,15.000000000000000000
HHpZagWYDSo2Et3gPA6ydPDbSydCVdQo6s8ZWPVnwHNU,15.000000000000000000
AbJQsUQpEdumfWwKTo7mZAC95jyonw7n41GDk8Lv5pWm,14.954128010000000000
BEyg8cCJoWCQvsBmXHPdb9oAJFmzSVQBkuGyznzpAYs5,14.948508210000000000
5MoE4Dz4VDp6ungbmXoD3FyM6tUJjB2j4As9iQhrtQMv,14.872132000000000000
7PFX9vh4gfAa69YygZEM2DFNhM93nn4PjK7MhikTFXd5,14.785945180000000000
4MLjXdQ1jYpaB21vEbkirrq29uGGuaNszJqifmCRmm6s,14.782679400000000000
76R2SrdvMThbLZwqwktHtGAMhdseb3ekorQrBtpZ6PVT,14.760673970000000000
B79LanDjmTgT2V3weHkerfN7Qr9DhZQT3JpdcPxzXbQK,14.756901120000000000
BEcyKfaRqVL6M762SYUaCdgoYXM3SJ7QhYjsgXNofZ9,14.754489100000000000
CQyGtsG2u1uUpk3z7GbYQ8mQtHLBVQpEnXQaYdv6WkVo,14.747696720000000000
CMYfygUrcC8pr9vSKLdZzCAAXoXy1KyuY65rYqyHoP6y,14.726988290000000000
6hXwayGHDbKMmicoJtwGb6wA9isLQ5Mp6bUThz1JAPJB,14.723000000000000000
4vjQMj4GvYBKh11MGdLZwae1eW5BsjbAx2ennK74QASA,14.661846210000000000
C3aG1bUmrE3ypWpLZ2weC3wKiS7zzEgo1KbLdwyXSxa5,14.640606220000000000
GyrYs4rUSVzJQbMFCYKJqndaT6KKKBo4u3fqzLYAn5Rw,14.631131940000000000
HS9oK3dczf5THbuYjWuVocZZsWTMx9nLXuymK3y5Z2zy,14.619273050000000000
5vtzy1eZQhL92v74PDBt1aasz7YkRmjqZJmknwp86JSv,14.573623780000000000
EJM7NPZ3Q13Bhgwvnhgj9tJzojyR1YYmfpnnX3AY8xGV,14.529150570000000000
354bQ9a8Zz7Jn1rQ4cR8wN1jy3QtStLwFid6Re66srZm,14.518695340000000000
FvkJb2D9srJFQ9GzuSVBc7uR4eqUVuh5WzsyKGCwKfoY,14.404234740000000000
6d83PvMfxQbFrrXrHpxArMcmjuA3fN64bDqTYzRE4TyW,14.311214500000000000
3t8DTKnpA4z8rA8H2wWix95ST8myuPiGXXgCaDHJDuk3,14.255866640000000000
GM3JgjmUzvc3PvpNkawxGUttdkN47YA6g3BGZTHJEChf,14.223980870000000000
BhnhcJGKjrgqxD3yzg7GDTpfKeVgzoTMv1P28XHxYTkP,14.207584050000000000
2aW4X9kwp6k9DowvRN4nphgRMq5gwnRtdQ8fyfG4U7R5,14.013723410000000000
33wfxXrYj79XDcEB8NAkxTMHRz4VNR1UWPsek4UvzUp7,13.974040020000000000
563bnmmj2Few686NvXtMKhenki52HooUpVs7h1tb6A7q,13.916612670000000000
Gy2kWkidddCTSSRFyEA19zYQDSFFhC83udyiwpn72g2R,13.906569490000000000
FJrEBErFrNvs9kaU5wAmoTL8X3FCidQv8LqyExb5e8Yc,13.782195330000000000
2N1QDV7UBYFzm1nHRzjmeBELt9Q3PW4Re1e1vcf5Jdcp,13.766375020000000000
zpqSjVMkrF5NtNuSBtao87KbjmsLzKwBSNHtLyEJZzb,13.725204610000000000
7iq1L4dDGagPpWMQBEddhH9Z3fesJahhUc68TWVSTsG8,13.641071020000000000
GzsGeFP77LscNAdFSzHikMaHBU5ymkDMbeRP2UcRE6Y7,13.600000000000000000
HFiaxAaHMWSvtH3x8f3v8ieZLw4TsAhzgZGSfNRqm5ni,13.498493220000000000
3NcWa6YbyvhRNAfmghwp9ww8YxcXHEiQUwfpBztxM7Ne,13.498259590000000000
LKT6ZuBNAbTa7mPBXNBkmQCyQ9Tsyn7UcvQGGnhPR6a,13.456699550000000000
2jJZv2pJvqvgM44ivXuef9MGo7FahRhCGetLGwcj98Hc,13.434243470000000000
83wpftmx6Vn5J9qpHvgBJRSzQYiMnojosSjW34cYYzpV,13.414629960000000000
GQuw3q7BCALKg1mNVkRR6QS2wY4xuCjx5kqC6mjuL6qW,13.360883940000000000
95EdqL83uKnNmwLoMZi1iXCZEbon8hAUghyNiJjGQaVh,13.328805930000000000
HguXJKNots1L4MmAsGZXNYPHx7bPR7xLiBJ1VHufu5NX,13.309734210000000000
4FTNkos8CR9ZnuHwSNRUAZXTq6aJd3N23f3SF9dGbUL2,13.306752140000000000
DSSA9sJokUQhC6mSjgA8SMPnm9LS6SYiZ692GQ3H87Mu,13.269999990000000000
5BKpEw2sTTN3DKtBTkEqfGcKSdhMZKAGpPb9gWvvEzc1,13.216498080000000000
8dUxVLEJjEniJPRTpd8cooiLJTpTSsydwFoXr9XV63A1,13.142587680000000000
8KfFB5QUzKnrDqYjopFnAL9CNMnucyr65bvqjd6SAcPb,13.122761970000000000
5S98Fxg2sA8UMugASSLYyT5ZKBjPYMJ22nfxSzHngZj6,12.997101400000000000
6eUThBbqRsWVYbNp96XpzWSTUShPc2hJzhAW33XXk5in,12.966311190000000000
HqZUG7gt3SikUkVoBEqdV36ucvjoFVWMNR5o4M38m25e,12.965303210000000000
8DfUXroyRvzks17B6ds9Yc6rhxn6ePA2784dMhiMBgvZ,12.908655770000000000
2TM6TzsP4vtR4PRCZ1EtYkM8btFGi7NKfenPcfKHX5tW,12.879370540000000000
fmZmR8ee91NxudqvDvt5r4FXGkkvXsSdZjwcuk5QNE9,12.834110530000000000
6YwNasboRVXAcYWATx8RtTU1wgMHAoEd44qtsWSwxwjq,12.735243970000000000
F9TQJ6rSMwHNxyc2qmbvruvZQpU8Q4EyTcA98yRLaDhJ,12.662588740000000000
ArXzWKmKXCETiTzjb2zcScq3LytKb71mJdHtbRqM4LH5,12.657137900000000000
Dc8ien16RAXfWWHH4cFrGAXfYLXHsZtGX3jjqzGTkpC7,12.604129300000000000
7f6skkoGFiCSJyxUrACPmXVtmkCyM1Bao7LvcrqaKJir,12.573358750000000000
2oGAW6FsdqNswNyyR6gTtqYZSM6g9tYFVjenThqkmY9b,12.553233450000000000
2kQEjAriYeAhHdRkTGTnyPacjbsyKmwtNe7w5nt9HQ8D,12.535682270000000000
Ccua8k5pnerpMfAXn9ptHNDVrjP1eGUxFqYZsbwzLh8Y,12.471853880000000000
GMcecGzk3yKm5mFfBVRUdNeA4rQMjxWPYYASm9xACME6,12.471024280000000000
8VdADbKeHimhPfmPxuBiyChCZdRKnPtBRTi8xAGpoqsR,12.393341370000000000
H7D2MycAQwqUrNWKtZkqSkKShQDaHuRGnQpSKPdoYHn3,12.385743140000000000
5tBazXiW1JeLMCC4wjfdpwm8qhg5xKoSmnp3QEUc7ggr,12.378417990000000000
B4N4VPLRUrgDss72QYRjwMVJ83XmwZQsJWMMAAqFSCVq,12.371518050000000000
CNiTKgjk7jDkYNVcEuVsfvw6eJa6zncHXiZ1Wm89ksvn,12.341048840000000000
8d333AWdyiVhvkAdiKCTwhgzaPBMbn8mtucwUC1SAbZZ,12.178575500000000000
E8T9atT7CBGufT7K5YAjLE42MModCjuFgaJaQ87C5Q5X,12.176914940000000000
73Xdxr38MNy4U4Je1JyAcqW8nWaiATJB8Tvkp2JSog5q,12.15256554
2dq8bWAVgMaZEYFViz3xGhB3JVW8p6KLEn59SD2NPjVu,12.143059280000000000
3Y8hNP3dyV8qhdXJBF74odLw7QGf66gnTQ7oC1fStmes,12.141027850000000000
6QY6tfVjXCrH6bschWzUdTeFbSRs7faZcq9UBhLo9sk,12.099845840000000000
2ycGvSGoBRkvRHex4mciqddwGR5Ly8n6bEKSTnXhzS8T,12.058947760000000000
62rEJaZM932ABsPWBQ1m2G1CHT6zwLJCPxjooN8DYjNE,12.058183140000000000
4juQgZXJfGitwNvjoVmsUXCorn7etYrzchcbNL6aDEyS,12.048064420000000000
6X3EgX54LWbsPYJUaywA34YpJmo8nzHRyWtNNDwpuFZN,12.043263270000000000
Dk276NVqwf1H3XpwDQE73uwWbdRq2GHLaf4Pv2SLjVJb,12.007349410000000000
46s8A9yKB4ZEVTBP1bwHXhEByQnP1T7xHgYvrDx2u4nV,12.001558310000000000
Auf4Dh1SYdFYucvttwSeYxbfWeTTCEpt2SW9aX6CaZut,12.000000000000000000
DW3fErT6uXKX4GeuhzPnH7AKn7B68vbQhAEhNd92VULp,11.942328090000000000
2PCESQxEV7eECcZ7AGqkgApUZ8NnnMZgtwdtnGzfq1bc,11.927986780000000000
7miZJKLVyfBDAC8bb1MTNNoayjjaZ6E9owG9wW1WfMKs,11.909658260000000000
DbKT3Y1LJqizYj44zo7Gowe3ziTKLY9Tk2Sf2CCuFRgK,11.898258190000000000
5juW3HSvTRb6kw6hNkFF1VvRuFeVtj2LPAke9TJzsw1U,11.871684000000000000
Vzqc9zTUAKSgBGxdDKQzb764jLNEHLV7512RpjMBzh1,11.866195580000000000
5ipXay5XAb2RSmD67Afj41WaFQBCYP97yVM2vj5JpHDT,11.860795540000000000
ErHdjxa2r23tDCrZ4ScRiRv4qBECShsMjKZHB5CTc6qP,11.858721180000000000
H4ZGzmebgEyiGB1xfjLVdw6U2aZw5TxuhxX3Aj3K8uAY,11.830923060000000000
9Uj8Uxwr1rXF3YQyUvV9mBc6yXZMKmLoschzij9gmcmh,11.803229220000000000
8djRKa28h5eQW2HDRyzj9Q5FXyUwHMmAR2UXpsfWQCFi,11.783246760000000000
EoZWQg38DxJJvniiDddZrkeJjjc5Pn9N9U4xaKUZFy79,11.781894500000000000
Bg1v9WrmNJ13Pw6gdZvQ54A1MtY6UknFVE93Xo4Do7W8,11.774077450000000000
9c3pJTmqoNFKyAHZrCs9s8EYr38246YVqKgM4LmXQX9a,11.723841860000000000
B3yFF9PT3rC95uvZmdGjgaZifYXgpkzuaSQkzTjjN9Cw,11.717422830000000000
8NsQ6h6CrB9gmTdQCz5gwEqA686xmRABDoKS2N5h6jY7,11.707295040000000000
DPZJ8GQFxrkVaZYpontX3urXVRywFsjN1f4wKKghCMzX,11.697648250000000000
DSz6pM5WdTkrsJVomLepAdptRhCu2YS6NrZSXbT7KrYb,11.693931700000000000
Pxigtoz1K4RbFAccfdNhyQMZEHL7EhcoEtWqPKPnmN9,11.635135150000000000
743QjwzJdZwRibbPAc4ie73JeM7aWyCZtFT3ZVJXuVN8,11.621101620000000000
45a2cHpF1XpJXRr6E7VrqsLEJkYXiZurDWaSeVrwmdML,11.606081950000000000
HgueuQ2L1vVC3M7Y42CWeSNjhWWMm9fEadM3mzivr3au,11.604190650000000000
DtxgG9Sy4Pp8bZLBS5F9zxkQxiLRwpYjJpkMgVVMBUaJ,11.602321810000000000
H9jf1YdxieJyNdFErQHUS2kTi1s49HXzMp7yRvCcRB2Z,11.579992830000000000
X7NhMppDzZ2UPnpJy4SX1u8g84pzuw2ZkUKNdX4Rrqr,11.563446870000000000
4F1D7tEzskcd1LFiddGycZCHv4MSeUUG2B979jCF6yGq,11.558734430000000000
4JE73rWeQGPQLfnP1u1FFU2ksCB4jCUu1bj5ThBFcwoZ,11.545046610000000000
CaDCtWZv5Nu4WUJ2YMJ33fZkfWCgWK8juX6afdH3toYL,11.513795800000000000
2gGkYDrwcKJ5YVkRun593GiPpf4qTGB858ProDci7Cw4,11.513316460000000000
EAdq2eELRmJiu51Pe4NuXaAbsSxbqhTu44ffynz2r2zv,11.508181790000000000
DCC4QsKYpegwkD47tdBBN5rymXSKyf634DDydGGfJg5f,11.492278510000000000
ApHVJaPyqtdVjnKKFUaUY1KKw1q2Bag1GTFPgNsfE9er,11.490750770000000000
AyHmfog5wJ57NZ5KDTMXHeBNBEy3dar5J7f71SJmRYPg,11.476323400000000000
EXoqbTGooGryG8rpYuf28Xq3Ys2rQ9STQ9EHUquA9a4S,11.471088490000000000
BpdU2sJNM8bhQEY1fAbUCxzFd7gZKAwJPC9Y3qT9HQvD,11.443239480000000000
2AminK9FGP45FqJPV6vWePK8xmnQhrAZZKK2S1SHXa5F,11.416367350000000000
BHryfjASSBv8RL8rSCQem9Xm15gLJV4qyTvNWDfw293h,11.411567570000000000
G3FreqiKKW8c1LwQy9jSMUyo9ZYMMT9Vtfud1fAfvWLc,11.400730580000000000
GVouFH9Bk1bcHKXhXaHApNQ1ZZ9MLRrhRGY76DCMeRim,11.360208340000000000
B8v2DQhUsAYDWE3wpjZNtN7fhnXYZUZsvTtXTaQMVice,11.359161790000000000
5pUURrTJGkPBUzqe44RzoWYCCPWtBcqBkQn6Xjwc2Ke6,11.325252650000000000
8frNZMNP1W6W79VfRFWxVHh8fFgFMxjdgmTRLdUQRfYa,11.312655610000000000
hdWJxT4csvUAbdkQmHeJSd1viEyF1rn5N7BDUDD8XBC,11.290998710000000000
7WMj1VD2xdhj45a5FgBCQE7RBzYq7Q53Q19VeWK8irkN,11.274812580000000000
8cTBfNm5xF54VsZBFBpuBcPyPiedpfj2dgGeVrDntiHg,11.227898310000000000
5rs4quEpyaqXgjfXm5v1xqkSxnhw83jUFW9MwghhgGCs,11.214857460000000000
9dBuJRAbCaR9HgcHNJJmoTqCkejFkfW8pGARBddt4DUJ,11.212344130000000000
Gk5bmqWUNFu3kCbp7qiDFtcufJ7FELR9iBK2E2H3xUJh,11.175479240000000000
HHBGHM3qQVuDbuXe1kTgozzhfvPkg4Xsq8FE6QD8KAvW,11.162728670000000000
HDkXdkCRzByBzyVTBnZKit9fNPUbYGtgX3WJ239P2Lsb,11.137491930000000000
HScf21wV8pwQ27yvJod8ZKNYQDZhQTvrBXe4jqkFrSKQ,11.122433460000000000
Adaa9M9yRS6w9qCt1WLuDVKy5SFPuqKaAPFDF8mTwgH9,11.106441550000000000
ZH2swknJPz8SwSo9C9ENcnocG3wEJNTmZ9mZX6GG3hC,11.096559240000000000
5pzMcLqDZScQc8mK6ifedRGLaDHXb6PpMaTDBdZLZcZu,11.096524150000000000
8uhB7HLa3qbfX6rc5H8xEQevFaXxeQ798X9kfzc3Rrk7,11.096134950000000000
53Rprh5XuFYm5JiVdmmcoDM7dWzbazHufQBxrCviXV6Q,11.060063750000000000
2KuCn2FJoU9dZx44HCZ9BCVfCWpMY4LXxeEBymsoDVJR,11.031310840000000000
GuQ47jCeEgULhiVWLh7TxuYPu9VqUjXSmwTaEMExmJXv,11.023673160000000000
CWb6FdagkyDHnmELQpFiHLnqiUNxm54iu49gVPUhLYLG,11.021738120000000000
8zGhzXagvJz4NHjA59KsvmRrsFvRBK7YnhTp9mqRRsAP,11.020460970000000000
GmGAPgFhExi9EVKKQ9EqC1Zd1jeKUVCLNVz59KsBb11N,11.019351150000000000
F1ENSXWRe7u5WeShQSK6zafK1WtziFSFgtkuA8o6rSHn,11.016163670000000000
HDhetao22b64TJP493ym6aiQNnmZVBgbQwEYjYNu7skF,11.011160970000000000
FqGYUhjYgsodhM4csfGyHXknb1mHEz8v4Fk7qgfZY4pM,10.995875250000000000
4KHKAPdh99FbF4ApPXhVNQfXH9K4vt1KKZkEjaLFmB9a,10.993071830000000000
Donqh1ssA3XY9HPfT9ZncRN7ghVfieNU8yTb3fwYEWVo,10.989787220000000000
EvzQfNtWpaBznEUszzujqKhnZTHhKEXHTLEJRSweAF6o,10.972319800000000000
8TMLXtKk4jpqMAc7U8q9j5qtxvDETHB3udApR7wD6zPY,10.949747310000000000
Hqe7a7QKDkALvqQ4BRaYd4HM2S1zCqmnCki2edfhMx8e,10.939410690000000000
3mJDGe3Eipb2AKykT9JJkLCGNh3dxz8o7KT8Uw5eyRhF,10.914647460000000000
CKxXyk8Jzh7W98yvniM52EeHzSDG4LCAycSsShUdXZv7,10.913493440000000000
GCBFK2WbGDuoCAVvWNcw9mLJkYREsoqsQuuKXVa9ebVo,10.913199020000000000
6PSJ3DpEhYWsShVxjVNK3c4FGj2o7tgC58zaxH7y9uRA,10.902548440000000000
A9JpxM3gx9ve2Sfh9JSofURPNK5Gu73vYGLCpjf8AjTm,10.901670040000000000
9jUW5ht899jdp56bqkQK3pcbipXFLsQZSVMw9LCDFKUF,10.886150710000000000
5ZRjpUNX7X3kfuTwV5mUdesrwvMeqAy5rcH2j5j38U2d,10.883588950000000000
ED2SPM6ouGr1X4r3DYbvYDqxnevRjXZE9ERiNfeUiRDB,10.877485170000000000
CNTCVN4tnAUAhUKnmZnAnibExf59CNNFKL1X7gMNRZFE,10.877197050000000000
6fXprmMMcvgXPRkffdVXmnzy9PmhS74c9UiMQjw42SBS,10.872800800000000000
CXefFaJjsj4nKcnxqGy2XiTPz9Kaapq6knJuKU1RhRLv,10.846128870000000000
46jT1zgsQcMXJpdoMauNwH75Mnc8Et1Bnytzo6FUAcXF,10.843388770000000000
8K6XGtepzRQkHiBZ8hcLM2G7tNLjcPj4TVSUHZh4k6PK,10.806700380000000000
6CuG33JiwF8aRaSrT76mMGrCamLC5xqRMwkaP9LHhZkq,10.801692620000000000
AfU2RK4MNTdm27aGuwAAEsjRxMD3m1TR6ixpPKDst763,10.784468730000000000
Ab7mkWoxXPgYguzBmPgXWtYq32oHDbpykyVS2coS37Kz,10.779250930000000000
EWgsrscmbKCPK3sewX9aEb2W4mPZvamnanvRftFL2qMy,10.778848590000000000
FfgFc8ABYro2u2qqxRk9jyJ48F75XTVexZu4YtNpLPXy,10.756936790000000000
7DYRewViq7L3GrG8CCWryEL21YwsHnvY72idyGdgSRhT,10.732722990000000000
31TeYBNBzEiKZ1w3GvLq3rJ4CqnM9eHK2SEiEiqNCKax,10.727167940000000000
7htXQSnhm5kTdVXEJW4Rh7E3XgFNsqLBn8pWZBgqYeoe,10.717144400000000000
6E28eHz73TYiVQiKnb9uVY5UpWJq5ziM6J7TF1PruakS,10.704562340000000000
FPRoHCrY1mgmR9m2CMkJLsrM6TFL9p3rJLLRoHc7uDJC,10.669629930000000000
BRZVay1BRhHxsZFmpf59AQNc8bnt9xYagURYaT9sqwA,10.620706280000000000
MADgWaS8H4fEZRnsdMF7P1xgGCXFwBhZVzidr8Ant1A,10.599541900000000000
FRNVvimFWM5EK9dhtK1Ne8PGbvhrQMTtjxLKE6iHByzs,10.589015730000000000
7gDfKPKwQXfd7cAxymjw1RrFYetw7yF2LoJQXXo9eJMx,10.578059580000000000
F5cEnPvnKENxEKRsseYsWHvv3icigpY42fCoxgGKbD5L,10.552712380000000000
2UuLxPm1Hgi6QGEq6aqANqU4bPHgWLYM7ci8m6ZoYXbd,10.509973960000000000
G2r6QKwAc4mXNASEkqKqJLeZz4pMEuvgycnoPF7PEkqq,10.501198440000000000
7pfNDahk1j9TN3jpedDRbrQ4M7UsAXRK83oN1MeB3ZgF,10.500878340000000000
2RUUDbzZ8R3xMp1xxRo5rmwcF653vykCHqiT8eHurcyt,10.500000000000000000
HqrnpF7YrwWbUNWriTbQwwBFdiTzCF2enNQYwR6gvDWJ,10.461823400000000000
AiCDEoUXDatqBvThiyjnjDFJM2yfRUacThsTyEchr7Y1,10.455884430000000000
9PFRCwzV2pobtxyH9hUQjhDbZ9YR9apifcvtHxniCz2x,10.436554550000000000
81SKSB53HBvCwy5mq54DNNnnX3bo2cGutHwpj29yFmmv,10.430941770000000000
2DsrvXroF9262yuA9z376iLcPMVzd4qNPyPHXBXifraW,10.395643000000000000
ALDVXopNTgxbyCsUJGgq9cQPpSjiyimqv5NFdhyC4PxS,10.394286400000000000
EQaaaifVfAVr6G2E2tBhPkUuU3tx3616EtfYu2y3kst4,10.372960950000000000
3GctJdyU2PUMBNdLhQwMtW9gvBCot9iUKv5Hooh7UWuV,10.362104550000000000
CuZfJXubCK1kwNKdAwiE6kzEdG9ymWTZtKnp6syiVGY,10.359952800000000000
EHD4G5rf12z19uvTgpCD64ygPATSSWdzKCR11QT6GeAt,10.341299590000000000
fxLxMyXPxKnnvei16o8K4X3B1vMEnEjLzFoLs4tU4yK,10.316726160000000000
392LJD6EzVktSDucfzTJoNJ87beUfQDuPX4foRkfRwHc,10.307283470000000000
DXu2vRN12x4xTUam2KFymTwtij4Qc1FiL7pPy7AnvpE4,10.305080330000000000
BGDhuov2JwZAKETBaNTjWien4m3Mas5R3r2y1Pv99VNd,10.298863060000000000
4wp8pu8njbhdRQaVKkUdqryPSZhXbsRjP7mQT4xZMYkj,10.278160420000000000
7KyDTA9PfSDWFU1aEf6uy83xfTTTpE6RVjZCQiafdGkW,10.232271270000000000
4SomeKeEtXijLqr4MHHUBoL93j5y3Yp89YTwqMiWJm5s,10.209288270000000000
6Ytd2VvvrPbhxWL6m1ZTzpgDrbeqsfKVSnDXbSARWPEs,10.185172660000000000
9LgAvgrj41nNMBancDQGuA9vJszWDe8N415oPYBdRsun,10.133984150000000000
HUmEAgJ85KTZXsUxsrTSM4qTLrZFrARXFxSAbCH7LGxP,10.106377270000000000
CXVXCqDqm1i2h3UVnhNRyfhcFdYhUJfecgKPY3baMJMY,10.066227700000000000
DLd93vhMjZ8wKGPHMNbW9HGdcuZ8XqNqu5dik6FxKCuz,10.019786540000000000
36EePtGkJnRQWzqaXvHjoFmCFsrm2P5EXR9gYVAk2XBU,10.019000000000000000
13TqueYMYmZ5MyPL4NScNtCUEPXQP2y1ejdJTLHo9L3b,10.000000000000000000
25rp7UHUn8sK6GnqNDEegprseF7bwqWnL38EjFwtYEpY,10.000000000000000000
27W8kzBysJJMXvsweViPh2EgUfdvaVHgLrQUCEXSdNw7,10.000000000000000000
28fqoN8Qvik968it4EL2egf9guZh5ANFi87VjnSLkRL8,10.000000000000000000
2KVetdS7Amr2f626REK1NsT1emKj4bTFGcjameskTj3e,10.000000000000000000
2kJktAszsgH2YgcpaRBHBqtG6FryFeuFVw4eG3bM7AbR,10.000000000000000000
2prE6f7PfmXB4cKxJ484LettdVvFeRBm934uuc374AKm,10.000000000000000000
2t7SGMBvefo6xNLd9JqN19tAeVGewpTmtSBbMYXADvEs,10.000000000000000000
32UP54ykD6afc8zUpDi7PPJ4tTdkQnNou9z15gcSbp6X,10.000000000000000000
3B76x53vAD2r2HedvnmaPSz3n4wSj3czSiJ7K9PivDuQ,10.000000000000000000
3DeBf6qqKjLGBbRq7XtcefrSpYZGRTyYALA79z1QFmPj,10.000000000000000000
3KbvNJnimke8UQ6VzPhTaHwurYg34sY8aXtKsjLyvT1D,10.000000000000000000
3YCQVvmNsc7cXFt8pEvbfWiX5F3Pz1sghxJ8bGSs1exP,10.000000000000000000
3jfhYafLCvP44DD1epYo4FJjeLQNPSWGQjsEqUeAonKK,10.000000000000000000
48HaaGxxsZk2vG3t9g7h8LbkvHrKrwLifFixisztA3Z1,10.000000000000000000
4FBku7iJ4AoNbMd5Exkf3PDDLpevtVQgZZCMYMcdQDnW,10.000000000000000000
4GV2wsJwtFgw9B8juofoey5Ei7Nw2GV1zEbnAbhJD4n7,10.000000000000000000
4Hvry9WBHygWhkqYAsQP6bpeXeeDpc8Ryy8wrxwh9jay,10.000000000000000000
4ZEj42Njj8kaHtSJXzPhcF6rP5dFLi9xL4TPCVR9UB4C,10.000000000000000000
4dvg7vU7KKVnY3bp25s9VW6mchh6JZsLqQ3hEMLdbQuz,10.000000000000000000
4mo8gHTxMshsGoodqYkBEFUGfwrGNLzK4yckmFhf4TbL,10.000000000000000000
4tPDc1siMHBGZBrqL93msffHBagEwWwLA5QEN2rqrna3,10.000000000000000000
53G1kUJf9r27rqfDovwF2wt9XYZ7nLkSWP3dLmfemnqf,10.000000000000000000
545awirxj1Gv9FgkTg7bQfnt8hgQmE2HR2aa3SaTD3SU,10.000000000000000000
54r7rqzCqCJtdveUcZ1NQoDGiYYLdb6T4ViNqATcVFov,10.000000000000000000
5QY6ZAj9GXbyD1XT2J45p8uZkFyD1ToSeWCqLJWTq6bS,10.000000000000000000
5fAPCEyPGFtUZJUW4icWxYzDrVE5wZA8MW9e8dZ7JA9o,10.000000000000000000
5koZQihd99kGVrbZT9XMJLaqzED4txNmyizLdjCqUvMn,10.000000000000000000
5tShhe3CqTcaQQshBgjH4rVsRXFdeKbeRHvPYqEHdz3u,10.000000000000000000
6pXs7f9PEMbEVQzHKHhHyCtagydD19WXsqnJcZsZAZcy,10.000000000000000000
6sV8cVpXQcScgrQHbnyYsJ6481bWM6Seer7V8ScCkhtR,10.000000000000000000
6sZ94BSX2bh1zruZ5Tk5uFYTyRrpnUoV5PxqvHqB2pm9,10.000000000000000000
74as5e5Btov7EJBaL5W8nHiPyafdJiteY85YcGjnC8Sf,10.000000000000000000
76rh5zgffAExHuPiDepecfeLDvfpM3neCReg4WWki2s8,10.000000000000000000
79W3gHg49zHZ9RCAXnpaYA2MUfY1cNr296SaqFcuAYDd,10.000000000000000000
7CkQpekbGSNfirxcezLuj97nyUWtbpRWSjZo9Gt22nvJ,10.000000000000000000
7LAoBazAJBS62MFP5qmahZKpegTMuKZKaXdAPyQLPDm6,10.000000000000000000
7X9K7TvSuLxCes8v5mg2XbALcFhpBFfh2ih3sonHDtm5,10.000000000000000000
7fTgS8ycavHMymy7dHDRddnzEQc5WL8kxabb2C5iPU3P,10.000000000000000000
7qLimTsQpeRsD7p9RuoE4oNcZRiUm5MC6uaYR1mNQXan,10.000000000000000000
7tAKLH2qm82ULGu9t9kR988PSKLSgPDfw3gdLCMyoB5Q,10.000000000000000000
834XqJMmMeVBaqgBwZp9oPDhUe9ne46s7wmMeYcmAZgt,10.000000000000000000
83TeU64gvMpZtevEj1x77tiF8wtAJgfLJ4FhWBTRuJTo,10.000000000000000000
8SQfppKRMdmHW2yHBeP3sdYaueufWgrhnSD1cfTZYMPn,10.000000000000000000
8UzXJeCFnEhNH741gjLeN2d7vRuWPguapNWNAsroA6o6,10.000000000000000000
8jt8JwLpJCZpTN5eJU541MqhT3MmtwEvWntV8ee3zkit,10.000000000000000000
8v9zRCtLd8wuoYQQ2HV4LymaCsNo39hFEtfiYpnLh8mJ,10.000000000000000000
8wbXSpvN9bViEARqdrpahiQGYUK3uEu4CKybDaUGQQZ7,10.000000000000000000
8yY6TA9ZFR7jwfPq2MW1rvjPpxWSmwVg41ktNimvDhnk,10.000000000000000000
9CdSTSf2MDTmBdoAHXnUBvcqN8XckLyweUahKgsAszVt,10.000000000000000000
9EERC1vzKahJtVsQrwZMctwvrcnU11ap9ERtMSkY52qG,10.000000000000000000
9WiTKAn6j2HhfyNfonDfpUv8VngGrS8QtW8xDqMdViCA,10.000000000000000000
9Wp1jyxap9pUmESYL4GB2xshEMuR6cXRS4f4n9pSuWma,10.000000000000000000
9X9sRPsGp8WWsnqjrCJXFSWbmPx6t9zVazjYnQWGu3bF,10.000000000000000000
9dKubcTmRyJiYPtxxy7nkaYJYvZbN6TqaLBobvtR7WLq,10.000000000000000000
9p3BK1MACv5UjaALEecxwA9EJ8gfwABHkLuPnXcAUxRX,10.000000000000000000
9tjdeuBbAxAyRtXMxu5X5YpRsFqtAP1L5ofkDeoGRyJa,10.000000000000000000
A22NPSY8JnxaFGgGTTwadBRbuq7RpHarDhfwSD9rJNc7,10.000000000000000000
A7Zakzm6cSmTkKJVM6MqHLNJaYGwkSbm7LKHx6nE63yY,10.000000000000000000
AJMNjiRNCR3vaTaMEJbu2QBRxc2NpRSdSExXbodABigd,10.000000000000000000
ASYHaWXMMLSnAXjaeVYq3aRBpW59ChPAmwWE6pEgLfKQ,10.000000000000000000
AZkNKDZAzGSREjAYS8KNdG4MHUBXGNo3pwwxzyF8WBYF,10.000000000000000000
AcUgCbD5UUtdz8ufEZ5qNruzHu3LUW7GWnauX4bhrvrM,10.000000000000000000
AcyLeDgJQJfNa6Te7BDRjuTdhmo3TNoiyBfhLcW2U8Wk,10.000000000000000000
AdyH2h4rmLbsHKrkWKgwW8DkJxkaVbUBnw9H69vEDW9Z,10.000000000000000000
AiPJd3mZr2F3w6e5JW3fmwcSbRGJBhjdF6J1Zw1w6TuZ,10.000000000000000000
AzVJYsAJQpbrG19xbnET7DB3qENVgNVRNwzMSxJvaLZM,10.000000000000000000
B87tBvpqeuDzd5iG15igu3VYri3GaUfd1VhTMWZ28qk,10.000000000000000000
BADj7YrfPdL34mMsTcjQUD6sX1iRe2bLLQK4nngHuPDT,10.000000000000000000
BBEQ3wbQME3rpp4nz8ZQPLzdWQxhgL7btpUHsrx8mHY,10.000000000000000000
BCwPiUzYYLs6svSyXqbo4xfs2xbpVoS6XXCEj8LmFX8M,10.000000000000000000
BEnMKtaPUXdLn1CF4weGQcDAky25iK5Rniko6WXXG8ny,10.000000000000000000
BS2z4YWUqkhJpQqsSRQSGbm8WJdnmpjjWXFdL3hS3tT7,10.000000000000000000
BTGreaFi4PnGygrzBSGCqiHDpKRNeD6WDmiGqHimzGs5,10.000000000000000000
BWJ73GA4V8BYYmGUirQsu5sfv7SrwzeucKadi1A7vyfB,10.000000000000000000
BndFNF8ocJ8CuP1eSvJMaoPxqoKbwaZ52FD9HtZ3nSEA,10.000000000000000000
BrT5KYeZPN65VZ5PVZAD7D1MEqvEzg7EiQ2ebMS4viT,10.000000000000000000
BsBnxurme86wNv74BBybfNmwPNnCJLxTDCD9tKyA3XD,10.000000000000000000
BxsxaLE4Z9wAvvNuzbYuJNducPJgaBXMVnXaDYTnihXH,10.000000000000000000
C7Q8RmsXgUtWF2hmy7FnK5H7qCpaMAkSDCnZeQZCBkd4,10.000000000000000000
CHnbGXo2WZdRdAWLpFU8AMKHNhPwhFWLWxx86kt7Gen2,10.000000000000000000
CK57Bo3JEiEA1QFwxjkWdDVvHp3p9uCgPhLD2DrUcKau,10.000000000000000000
CTXzRsgkygCgoDN4UXE7pRxPQpktxDnXR1WG7nzCYbm8,10.000000000000000000
CTkJx4pAEvA89AEVBuRA15qVaBBpMi6WJ8p1FmfPd3fA,10.000000000000000000
CqLdQRBnewPx9Y1oen1qkmzKTzvVXMX1HzCLohWAKgQg,10.000000000000000000
CsxpwPaZwPeeZmZ4fSFw1ex9U5H4te6UNsvd2AmNDfox,10.000000000000000000
CvndxTC7cBUvHqw2cbhHS7bSQUCPrPdnCdJNMemYwEe9,10.000000000000000000
D6iPfDbw5YfEd6pxhtbz6gEcb2wE4K9qurF2pHz8fN3h,10.000000000000000000
D9pm43mdaXQW9j5fWRieW6hq7HfG1VvZszf9Kkv2KS2A,10.000000000000000000
DC3DsvBBmzcHTWgP7FE3htGv3BuqLVVPyJxT7uNMQp3Q,10.000000000000000000
DJRHVs9LjZ8MqsogfqrKthLw6YfuCWL6QusnsJS9MbXQ,10.000000000000000000
DTUAXWdyYbc7Lag72y17xF9roZw9kfdPPuDGNDB58fCr,10.000000000000000000
DTerLaHyqGib8CAap83LxasDd9M3SJxvRtW3U7X8FWFU,10.000000000000000000
Dasq7Ma5VBPNBCaE7aDF6U9pNbPzeqsbEnSyY9iSkdwc,10.000000000000000000
Ds23iwBePQ2VbBfKsau2khVrqjqFnKNsVBLMKBedpKDo,10.000000000000000000
E2YbQCaMrxh3arNpHnhTpQmFYZdYABs92BYtaF8BcAvg,10.000000000000000000
EBfMCfCvwos5SoGSME2HtixrdcvLrb2JeUHjrt8TkBh9,10.000000000000000000
EBhu7pvEtXs8femyKFtpnxwcfmGxnEzfRNwovUvPYFQ5,10.000000000000000000
EFLaMYjzkqzjg6KRSX2EnjR7j4NEQEREh1ZcEh5Utewx,10.000000000000000000
EGVwN4sLGfnxzURRX2aCKkDW3eYxwBxtpYkPj1uoWctN,10.000000000000000000
EHNTVgKuiZzzkQMQayHT67mcv2BFk7Z9ZyDEoiegvPoE,10.000000000000000000
EU7pQrHCrmeEeEqxNzucBeNbsdcLq68Nz6xRKG1v6hXx,10.000000000000000000
EYeSxVN9Dj2BPck4YjJ8TRdZEvBnt1DysRAb96z4UeRx,10.000000000000000000
EaeKSai5gFyZztfbk6H5HnjRaRQkty9pHXv1KemRE1Zn,10.000000000000000000
EbqLMyDg51Vs5ydBDnQ4qNuvH5hJzKphqJg9gxKwkaoi,10.000000000000000000
EfiA98pgxRVGyrdQFa1FUAvBepzBpvfaK9YomBXkCw5L,10.000000000000000000
Ek99YEMJTKYqWduFDNhbM4jpE5AGHRBmQbf6yQQzgfDW,10.000000000000000000
ErDgnUGJz49te6Y7xrr2wd5yJvjEN5KtNYtC1do3QMSq,10.000000000000000000
EwrojgmqZZHM7FYmck9mstM4oM97bVcgsZ7bTU7HfT9p,10.000000000000000000
ExoFvBVM5JgDN4AGdEUizxDPodxCCWGkG4ZAN7eGnK8M,10.000000000000000000
FFfmaoa5VjeAZpS7Xf7fJisgDCYhb5tr4AvMoYzzZFT7,10.000000000000000000
FWd3ZJqLfxcodzLG35Nm9FLKDGzrCT6Th68pQxEZSGcQ,10.000000000000000000
FYegJXEPBidWiJKzayAFHWPuMevu4e1tGanmgBQYd6kN,10.000000000000000000
FnPxCH8QJxXU7MCUqVGv89c8tnBaoB7wcAHvx3PvEmAf,10.000000000000000000
FoVWf5SLPE8VzKygT7kSL6PuHhDXyQEnmpZywi64mtwr,10.000000000000000000
FwtiBK1M2q5HYMpRfvnH3cjHZxTJgCjycuxbdSpCg9Yt,10.000000000000000000
GEhZYB34FJRqQgV3XdABofchRRbw3HDdvsqp2bPnz5An,10.000000000000000000
GMdg285vqA4soBwYK9gsLJHLnXj92BMytbkTEGB94VF4,10.000000000000000000
GNCEneaPJiLZwtATj2TRDCvXjbiGhuYtNWWn6bQy8j83,10.000000000000000000
GhiWAuvTDiTy4SQh7ZKsc58PDeYeztnwZMLzNv841cNo,10.000000000000000000
GiShcESz85c85fgcjMqjz1hYiznvddpLiGKiU4HQTtFD,10.000000000000000000
Gqo41rWqEC8n9eMHTFXq7snV8zrTX4RcpS3RPK7oeHFL,10.000000000000000000
H2kSUPUaMgr1haViQjkiCUoQENNrqhnCmrvBkjuRx4k9,10.000000000000000000
HHEGEJr5yKfFGqrTk933fXd6i35J1PzL6wgxybZgD3Lv,10.000000000000000000
HP2JtMx1ACzG2z4mb4Gg7mwySzH7Tbty7949mr8MBWv5,10.000000000000000000
HbF2KzNV75avwfDZV5VcHHsJWSkKYcrHXTp2rSCiHTsA,10.000000000000000000
Hncn7CeZ4ZzMfd6GdnGNrv2WWbqaAXmcqz7eLtAe7RMv,10.000000000000000000
Hqs49a4psN8FaEwfi7JeJBrc4nGeEwJqsQAS71CXWLQz,10.000000000000000000
Hx26da4gZotnuqkKBSi9yTnvtP76HY7ScEUqUU7m8uxy,10.000000000000000000
JAkgdNx2ZdKfWMYRohptNdvw9aioYCZzjE8BifLXHfqu,10.000000000000000000
NQ2vHkabW8caPGwsopEWyY79zdCkYexfkpRdgcCBrCL,10.000000000000000000
TRTxT5JfALY3C7x8w7EbzxeUVpewJsjenP4c3Mce3FB,10.000000000000000000
mffiftTDXp9c8Ho7Pa1HaZqv61wrVJHgs5rUdkGeQJq,10.000000000000000000
orpfZExqCkdNnpwKzMDZXhKhwFqAaoymDDH7JKNBrAF,10.000000000000000000
pKmeZsVSdtQVVzczJiTzv138a8ZwnQva2nthae87nGW,10.000000000000000000
tWkMumainGvPFVXet83f2gb7e6RYACuT4pjWe3GLhQQ,10.000000000000000000
5aDyMeMHpsTYfpVyMQBgDY4if7RoZnDDuf7La14UdytX,9.993386180000000000
9PyNYrV38AXcVTUwBs8KoNtVaA8ndJqfA7EEP4EbAXp5,9.981529350000000000
5FFCbrBAycsGyZiLF91v8XgdLoSCx21pLjqvcTyYtXya,9.969969120000000000
34ReAQJrBu2bmXgCjiixX4ZMPxLJuqZtmqex4HCggwNQ,9.950294740000000000
APp2rxxmKBg6YoQoZTBSZrdFBVX8brcgJRHrsHeadX5X,9.950186090000000000
86eHs1NynwtY7vL9Dn519jKvGy6oN15B3nVzKzh8Rf1j,9.928362390000000000
3dsVjDP2dc9c2YPadfQQNMWyDVCRdXyucunwpsRiei93,9.912446590000000000
7N1TVKYVGUhwFu5QbWvo2Ah8d6T6Y988wqGpKjTgmEvy,9.911095020000000000
7hUR2Res3smdiCXp8cokfeV2ZkQWa8UPyaBX9U3W7ShR,9.902660420000000000
6B8QHfXYrpBhZWvLZXcsnJ8dRjuiYH5tVgw2UHnZULJ9,9.845034550000000000
3NvaXVTYCZeJvoS4rRPF3x4nEGEsrZ8GbMKu4PYpTWSH,9.839297280000000000
cVxMAYAKKsJJib8DDmt4Kik6sk8M21uCWxzDyBNM9hH,9.817071230000000000
ogsD3SWh8HM6RbRzMsk9j1vUdQFRu8mEz5Yp7VNQxWo,9.812265170000000000
9kPbpaA8MRDHEK1jiqvNXo6HqKZtpPhh1zXqf6hNdAuF,9.808917650000000000
BxtJeuKogxXhdzCzZh1ecyUWLGJtqstPrziug4NvhXJU,9.804699930000000000
79yvChtgE4u72AcQkqahV9iPjk2qHz7Zqkgug7WADSa9,9.803357180000000000
3xpyvhf56XwLMyWDQB5k5FeaD1Q4EopQHN1jPdgfPFcC,9.730973140000000000
Lf7Ai3mKLjbFN5ZhDigp5k6ysynYX5Luw8T55WyroFi,9.728303520000000000
HDrpaCzsApzcZDSd1jkJUrX6dU6dtWRwkCQTw8zAPuv4,9.718955790000000000
3HZeGYySRZFp3sRHLSwHJZ5YgPHgA3ES2WZi1UM5F5mC,9.678610430000000000
AMEJyoBkFYvPvqaUFdn4DhcVgs3Zzj9TMtvTofw8GsKU,9.675446960000000000
4QhtLHWPogoGELnz1j3yut7SMgSxfaGFfePBsRpmy4jb,9.669006030000000000
2FH5jmDTGBAm9DX8aUcLpcYzRFp7nfUX7RZ6eyKzCdvE,9.628288830000000000
AZMcPXQPRcxZj2fEYU55cfmtfC5WuTJGx2SYu5RB2XwH,9.602487680000000000
DowYEy5qYxNUcxJBNgrL4bNq25q3u9mAHsujPkvVAz4U,9.563672770000000000
4yKAKjGPSWDexjNxWELwAd4bhsPnoE5r71cn3DQLMMks,9.478731560000000000
B4krAW6FrPQCbkM74LmGkRqUSVZoashPQZt1yhJctEcu,9.469663220000000000
EK3qdyDHXjUXyoTCgkCt7jQxETuGywznaYNBLLzkbZsW,9.429159970000000000
4JuefhaRhLZgByx2WKJA1XJoRUUQWggpVSFSfQ1SKyuq,9.378982010000000000
nNJEV8WGsgNhpgzMbGrabTtzuJRJec4fgKsGpBup8Jc,9.330768840000000000
Dt9tnzRzbrMk5dMzCTGtdZSogZ7mqqYyUPiCUBbdDs6D,9.317960110000000000
55X1bXazZYM5vfdZRQJ9sKF24pUrf6Yxqmyjvewyx1Gy,9.299426350000000000
A4fBLw3PzXBdzCNpLDpURvUzUPsE4eeYsxxxGvjQMwFR,9.235247070000000000
3jTLnD61D4hoyjwUWjo6KkWECubLBojyFAUW68hAhPro,9.227857110000000000
8xyJ53dXYPkMy6BSqyz34t6wLB2pcmYrR3JT9wtfbSjw,9.209552590000000000
C8dZgSV9y4bcqY7vsAXqBinyimiRzBf4zcSKMTh3Fthg,9.197809910000000000
F3xznUPgsEYXRhUUoFZsJ5bXg2AFTaoocjdMYM3T6nzX,9.188306310000000000
3Wf8Qu8qXJcQu85zE3ZireSndZWcScQRWuJAaMmh6y5J,9.178558990000000000
5qBLHtsNeMcnQCbmhrskYugDYZPSLv1gXYVbPfSJ1Lmo,9.138860010000000000
3aKQWv8toPNPuJAjnkG24Kks2gSovLbPbP4aXdZWAggv,9.125966460000000000
5yFdRhwhyhxwcKSHo7wWpY58MZggEPuvsuKhNiUbA5EG,9.114895340000000000
8heA6pyURX4wnpRuExjPiM5KbZAXzGbzEQw1j5qHdQvS,9.108934410000000000
J6smjf1XayU29hshHjYNJM9vR1dgXnSUgjEFJFuqY5fP,9.064357050000000000
3VH4Ppj53em2XeaP4rxQdYisY2oQktnLSrLmpZJW58Hq,9.022099070000000000
EGAqkNgwoqG2xkyHKWDJHfZrAoGNm8NmqrDifuTDgi6T,9.000000000000000000
3sAbrEG1gLx974S5Pme5c8twFDwRPvy2gN2AjeCiktp2,8.942087390000000000
6WyjRWec4ZNW17hGpSeG1i1utzyBkfBA8mS5ghT4PJAt,8.918671580000000000
4xiWh4139GsSqMzgjXVUGguUFo1J1tNhmszomYW65tv,8.905920400000000000
D4Lf9ZGopqAzxZxLgpNpacMqzGX5R7zCiax2kq7UbRP5,8.897580520000000000
Gn2DBMadQe89bPDTTn2ZF54QxQt7KAPXHAT7uTLWJSya,8.889468850000000000
GYg7Ys3W6zyrM4zFRaznvj7TUTT1Nndr1DCQiFQmxJj3,8.886162380000000000
HHekkxE3PJJSjvnez18cnkxgGrxNWZ4EVkue1duKevBx,8.880974820000000000
EsDtK2tdFRSfqN8kbm4htkHc7eLtYbBJeCFh1ixMhseh,8.833866060000000000
7wdsabgkgiSESWKDvCx89duyTbuKsBjhGhBxYtviyiBz,8.776357560000000000
EtmXJF4j74QVJ5XrEwi2DKWh5BGe5byNmgmurWGDibMv,8.775477130000000000
HfBaE16bwLPBgK6TReFojJfLT3xwPp3aR3fuuD9avfg2,8.775407810000000000
FhREdk8qwiR9SdymZXwuw3ijefZNpkJyQPr2YnJunqDP,8.771976340000000000
F8RnifZCdqtgiTwXdhLXYpb7MPDGrHbfgaRXA6PdNAiM,8.758875130000000000
AqjEMkJSTwMQxNoZtcWkQn8wrUPRUfrF7m7NSHWeYugW,8.747571420000000000
6e2GWd2HLx1xznC1tbEo9YWA2nSSmC9KomdoG5nMbquu,8.724040770000000000
AAXnZEdGC6uFGi2dDXUf8NG48ghp42fs1MFmCEGe9cew,8.702595930000000000
5hFRAWL5v4UdioKtRVRAVGFt3B7yU3B8zQpv3rYvr7LT,8.697676640000000000
2oaQcPo99kwC62Z55FTRan6uc6xLMCVU5HiwBh3PrRgc,8.679931450000000000
CjBHoKkiHu5cGiwMMS5KWojDwJBMNzfEnEAzq2spJk5H,8.665799400000000000
CSGN1YybZkWumwbcLgpCLJ42keyfHTLdwwencjrMXeaT,8.665597080000000000
E7BK8zbvkVWQqbWxznhaAt2Mx3zbiacCWssmuRFPnsqW,8.616233850000000000
g9kaXegtxiTkPokcJbf4rM7eCzUoAZmJP7rcR6zwq7X,8.613241740000000000
Czvwfd1WQRfR45SrQFnUzmLy7Y8sKfMpMXXqYyuyuSt3,8.606286150000000000
Cw3gf8YJYXyw7NcYogvDYf9bwQAxUSrcs3YDddkkRUny,8.564285410000000000
CRXQpMBTRyGH5rUJi8Qpn5mEp8tC2WzEceXnL6Nv7qot,8.539530990000000000
E6LaKqrkPccfswT41HqbTrga234W8iMTUnzKwAE7LMao,8.515035920000000000
CyAW4MJ1Frz24mFRDmLxZLgav2Eb2BHSYuBCKoMUAUfm,8.486545870000000000
HGzceNs4qJpaY1NU5XvK95JRGgNee3MJAGEujtprFYuU,8.482267210000000000
YDvYugzQyWfpzVuP5okQxK8XTSKGECDZbcUcCSaKpeV,8.470674880000000000
6GweV7Pzpp7EHeicahZNBvJv64bih3ahx1csdph1xsS3,8.466850620000000000
HXzBi8eY3Ak9jGzQyEPPj2rHMU6rcupU3fRraV1GTKjF,8.466383200000000000
DgDUMfzfmsENbswSv6eMvWTpvqu7K1Hm9VMp2naqiLxo,8.446557870000000000
3X8BcxomXDrR67KAN5CrD81LM4MwzJYMPry1wzbom7Rj,8.418496840000000000
CWUwiQRUZ9ZtGqxbajzhWoHDwmTm8xsFUoTBs1R7hTpU,8.416130260000000000
8ZDMMvW2KTwPjQjL4F4QveUzKbRUofgwT77CMfRLA7Fm,8.411702350000000000
4kw2YpAB3EJuPBNjuMYVcgDZEu87gcj3FprdCiTQERgT,8.406321910000000000
5pghzPVc3xPDetiAxbS73zjznh7mYjmDYk5PN3wGGoV6,8.375926120000000000
4bQ2FsTE1SpHeJQV4ooSMTzBCLntGtpV7dsLDRnqNvCm,8.361907910000000000
3cCQEYKb5Zvt5BqgdR6CFFYxuBt9pczuPHi8Mi9SEKnX,8.358396050000000000
5nBVLChRexKVvMvD35Q9Dbvnoqfd2SqurzvkBpD4xnWy,8.356211460000000000
5anPuvyXeybHhyHGKX127ETGJ2neTUu1aDghjGghWUa,8.351805320000000000
7WwXGW5mYiQ4yEHo3EP5BvdBBjzj8iGFFSK3DN7U6TYV,8.343560960000000000
323gGUsH3vB8o9GdVV2WjPeJSYFNdVBEcVf3hkFcWRhv,8.332825310000000000
J1JQt9sTKqKftd9pCjsBkVSGVH7HsQnio1jXt34bSGcW,8.331635140000000000
D3S6GDnnzivcPHzmNcuBpFdZnaK1jAr9fEjawMPFYzfU,8.313994240000000000
8TJSrGrwR57QHpnmUezLnPuCK8GjA7tte2cQGdcGudEv,8.309974970000000000
D7mxSBpaGaRQJpSWRyk6HTB9M1ZLTt2Uhww2jp2TX1RH,8.292342980000000000
DPx65rSGjtGkLTnXmcynq1KTvr7Gob3A4kbDR1CnPo8f,8.290340570000000000
FToR1X5Vih3eG9E93PZe8ZYivFJv1Wssro8DPEAMS1tK,8.270030650000000000
7HpZAjuwGRf5FngUgG87YAkNzqnkQhqC9uZ4J3QQQnp6,8.268696140000000000
59oPsBv5trGZZZH9SzWfP79J1jNp5vxbiAQioSAQ3LyM,8.249710190000000000
8YqamRjr9WEb1BSipCdXoPdcaH36ML4hTgMfqehNvmmf,8.240502600000000000
5iEExUjhSAudSSvypwdkQXiZzbgYMm6XjM6ukoCLEiZs,8.215487000000000000
9dzUmS6rV2cfcqiDtDYdbaGP5fEnxptiTgqUA4Fed2n5,8.197446960000000000
Hx3LLhLQ83aa4fy59F2j58qs7ZFpewcnjqjo6WgsyeUe,8.187172470000000000
H66XAa6KN2YRRDBFDSNMy6TJVHZUyuNzk65bmjAT8j1Y,8.187031560000000000
67GTovhvXqh32b1HB5KghZtAq2X89DdwGogLQNsDZXCN,8.167144980000000000
4QtKBY9XQq2EPdFQ2yngpm5ZtnxCjEXypJNMG18ndjqh,8.158600630000000000
EqnGsE9crbK7U9inbQHQQf51PcWniYwqqvsE3MGJqc84,8.136264570000000000
9i3caZJLZ3GYgezBahqbPz13ygfcazTCnd9WeEfUeCWp,8.124267120000000000
9gB7bMXhY6fcBGv2PNLdDxvojp1AzpWHvTeRAU5u4fgd,8.111369520000000000
A8s2vDpts8L1vmFdyAv4S2pmWjBRERe6ocg5dLFEe9Pu,8.102004470000000000
6R92QgLJRtRQTmPzPHVAzA3msLoTEnzVL6ebwB9LhFRi,8.085312020000000000
Bjq2Wzg4oYqSoNZxmXUZ5SkK9m72cjvebj6Z8Wb9pYkR,8.055721510000000000
GLyftZNjF9fdh8uByfT73B6XbdYD6fSrbkBvfzz6RxFp,8.053729460000000000
CEcjdMhCgM5vps9QmMDbMFmdJhKbPjgu9xq4fsnNHhe4,8.028154950000000000
7AGQtJvTPBaP6JgQSL7VqMRud4Vboty5kw9MLDtZXJkf,8.023018560000000000
C5b1yenEqheFzMNHLCFnSyYq5EbYT7cwHh211fu2RQ1b,8.022046810000000000
DNiNUopSKMk9vYBfjVYK3Mneecixk9fceXv8y2y2gBEX,8.001206420000000000
EirEwBNLhFKZZTvoUZkvg8CVcZrF2BN7qNLRcSLb8oqN,7.992345470000000000
ESuvjvsQtjuxC4XGsDeMhx8Wp5yjQcCFGncGhupcJbg8,7.981293560000000000
FhTo9vnMtxUoEU8vVGMtk6jWnDia1mahFYGYE8zSC7ns,7.921541520000000000
7zYnJBWEzMwYRaXA5Eb2QkSEWEVN3H7tcpEZtzgWa1dh,7.918346700000000000
AHKLKDnoLMGhQXAXHH1s3grB5LbhK5v95nsCkKciwxbw,7.912609010000000000
9GoNLXjq38t9kdtSPnLU4Tzo73M1TDSdMw8TAjxHYGLX,7.906256300000000000
8nTb9iCAWa5RXezvMB5rW7EAdrdVZM7TJ6dkPakAxgfT,7.900273340000000000
GuckkuRCQz8z88QKLMzvZmV24c98iP6mNiAjTnRRQTeV,7.876606990000000000
9Y6F9kq8rFu8P7yQmqxhEPAJNUofoHcAPrA4mFTzRjrU,7.866117690000000000
7LZTtg2Z2x8Er5MDShkY9jTD4Qt8LKzQZUpdxqPcrezj,7.862485610000000000
2d9KxEriovgPDG4noW45MHog24KdVXgxcyokhwjgMZon,7.792946780000000000
CVd65Mc1kAE3h4vSd74VMhsdyzTYSA1oy35FoUJEpkhC,7.792066010000000000
F2DCVPTHa5wCWVcYQNsktjyrWBvCPpvikT3R4WurEXxW,7.779669380000000000
Gb4HXJCYyKSJRmLR9iwsNJBM8XgehKpb3KbLJh2G6jnf,7.775499420000000000
DA5uFrf52znh9L1ixd17gsYAavQqsoyDwk2mhN5J5wdg,7.774213580000000000
34kn4jLmwqYnv2jkvxtkbTNmCsPxuuJJ6ACQ2HeiNT8n,7.764156380000000000
3FZTY4bmDjXSUx8zTyuYSP2AaLwUrHhNhjSR39CknGZR,7.762261030000000000
AU4grCpvtBa1j853oi9mQGPmDNAykBsdr5ZXnnDLMgve,7.756613320000000000
Eyp8ieSmgyAezPD27Mus7E6ppKNfwrMJva4QaXCY2Eft,7.736612580000000000
Fn5CyAN2FAdF5aGYdZHaBt7qzpB9qrJfJSNLSBv8LRNd,7.724062710000000000
DtwdRxXZAMH2tmYw9DxMRQ8g6V5Nco3VzQPhLkyryX9P,7.720795100000000000
Bjnunb1khXydEFk4eyfv2haeW4MtSitZQ94nfYtZc1BP,7.662438430000000000
8SJbpkT8UtYrcp8XwrseCexST6JHhqePAUamWhFCd3dL,7.658119410000000000
Duk55NTenRSdoE6CGZTJXTwQe3uxSZDEdESs9CjUppg1,7.656693920000000000
6b2hEMqUp4zGSmqh4QoAAHquwNtRuRdpPqQSoGnmzKsc,7.641151000000000000
Tmz2sv4Wvwkr2D6DgxTiGZoYgQn5dp58uSwrJuL6c8p,7.641104100000000000
AtDLoNVLYNm6YYQqeSAu1NdHU3NwH2Z2X7CKZhS59MaW,7.618169910000000000
qtLoc3GFBa9qoXFGz7kQyf2kh25e39NWxJ3Uy5V5rJN,7.606913170000000000
GyhbStNAEcbdUvMUCmFQGkinPsgaUzwZC4fTAaJKJW4j,7.584162480000000000
HwszPEC9Q2JT1xFthYpLWDiFk22mfLqw1woZGVrqDE3N,7.577277310000000000
8A5ZEir3osxhPxGcay3fw2b5DT1f9TiGuGPP5JKoJMPj,7.576259910000000000
GcAYyUvuBw3wAexfqJtDwSrErndTY2aRsHG5kw2JUf68,7.574679880000000000
HYDA2DS8dF9E9yLeLL4RPmySEQ2iMtbK7wJ7PvhMwTqG,7.563711690000000000
EeyabbxVVE18xEdv1hKf2bx7NYw2ywFhYRaoU15NY9TD,7.545781850000000000
6A68xyjwNcDyFLK7m8F4Pzqr9cRbzuZdb9RSnaC4MJRN,7.535999720000000000
HJR5B553qrfaTHfT9jUBrghNmkJejvNKzzrVqedaPaoC,7.533076760000000000
GUiUTo7JMSFGxXGJjoLVxbazmNKQ6uBRCwTG9SpYzRcj,7.504005090000000000
FxEi3ZUrYxiTGMc4fLh7oDu3GyXb5F2ssVvoLozvFeag,7.488567820000000000
Ds6NjuLea8JEDZRh2EuR9p3FjH46zvzmynwCgoJT41Xo,7.462383420000000000
9WLNFNScZnGSJaMCUh64Ctcu1AMzw7ByR9Hz8KCQzYq6,7.436602050000000000
4rBdHiYsMYBZ3uaNddjNgHePNuk8GhG64R4EsydNNjrB,7.431942050000000000
9JdvU4Px6QAQZ7LRjtYQ31BvN9J7SUzwqPMNPfq2A2nA,7.419730620000000000
4XUGjgbEosLHCETLMBun2jyjCfYRCkqh8RnuX7LMZBGG,7.414232940000000000
GWk8CAL47d3p3pD5x33ZZtbPriAFdo7c3ctwmbYMru9c,7.406292780000000000
2uvoYwBL5viCr39vEUNCpQg5JSxViWkTDgSVCLohTEx5,7.391954220000000000
MADVnaXAar2EBsKpdCn3UUc9HkCNxWZNkxqXqiGbxi9,7.387700000000000000
Cj1NkrsjsMwYbcfTLP9NiGMmFxqSj5mJbLxeFeskTgiy,7.383696860000000000
6bv3eJCzKo7seN18cfQL97uBvMwFAuVGrNfCPTWYk4NC,7.373713450000000000
FKrS71TGmsro7gq2Hb1aKszTte4TXSTCSTrCxxgkTUCm,7.368470480000000000
5MZQrxEMC7bMwqTyePEU2KFjDACrzAD5Ui3Rj6K31vC,7.366278150000000000
7cjNoA4KLzuf3s83Wh3GcpzYF8CFSHeLN2iGY5tvFmTv,7.366191540000000000
GezPRJUuVhU7YMMQB9enY6JWBejW4E9acNi8UvS8LpBx,7.365677470000000000
259BFoWYHgKv2hvKpQv74cztajxKud8oHpwQruYiLYwS,7.365590530000000000
BT1PVmiNNb45J9dioSDQe8ciQzjEwkjD7Vcg8jyEuCmP,7.356354470000000000
Bjm8grPcpo5DAHCvvh9bNcohkw2Xzzjmmg94bW2GUhN,7.323217800000000000
8vP8L2Hgu1htrMa1QRLECeSiHWhhMotBCyfreTpuNm37,7.322609170000000000
Hup3UDYPLMFfzqaxTDQGm4v8CVWNTfuFDYaDYN7S6opf,7.309782170000000000
DmTmG4wgG9pXBzvEq3PrVtPFNpNdrYqGZxomuoJKTLSk,7.309180920000000000
EMTNoxRELrA5hyjUYtaKgCKquN8XMZcuKqTt2ABc5jJa,7.300660440000000000
DwQ7hafreno3d6qmV2FNB6ASovGb137BDNUCx2VFWtiv,7.292442630000000000
EN93J9yHkUV1R5emdDgzQs4zNDh5mDFDT7GUVZB7YoEe,7.287151790000000000
Brqq4nzow2BvRSLwur6yiQXsqMQobaDRRsTyaMTEVbFA,7.284447570000000000
AGjRvteHmfvtTatVXnqGiEAWMbCpMAqpVfoj8ksnPkj8,7.264477750000000000
274cmDjkNmTcnkq6xi4eCk4PgmxTvTztBYPBRwZnDBrC,7.258917300000000000
A9b7Jt1kAXXyF4B2EAZJwui7kqw9o4dHa566EMgRL7CE,7.258878730000000000
DCtenRn7reYNNEtHYHFfXkiJNNUxUsVF5dsEasWngA4c,7.258728820000000000
AHSV9rHzXXuumpmBj2znRKN8VmmvTmdSi2Jqev9GMczy,7.258635630000000000
2o6nz1cCNPM3axZZPHcHSQ54y7jgrU93bvkHwFMVFKWR,7.257059680000000000
6hRdJpwGhroduHANKUU3FDYAJovAFEeZBKTToYguCHEa,7.251454590000000000
GNvMFKUGYxqAAfL1EMfAVDtaz1Lo3zQNLccq3Zhia1ps,7.251028460000000000
2kEUy4S5uGzbujQi2fNL9tszok18MEBAUbjWVjxV7qpV,7.228597570000000000
CbrvocNFkgsUEujvGuQYdp4ykgu2dG3piswovuJTu6KA,7.199945860000000000
3kqu5o3zpzXUSHobTYJkvPYm3mr8tHSRKDfffgqx8TFx,7.196234090000000000
HmbFL327fFLviPvZCWw2Uk4AVTZmSCbHxrDJsu5s1UyU,7.196195150000000000
67ta16PhyLVxcDNM9XpJMbpougPCPm1tQvZvkT75GfiP,7.193019280000000000
2hreywnyx7SnQwk24aJxPnuZEy4wVWnUsZ5uXcMugn8v,7.179541590000000000
6uCVgdRHGnBhTFEj5AQXGN2BsvSB9fRM9TH17KEbQLis,7.156022310000000000
GMHvyAufuPX1XdjqCD8nhh98Ki6CS7PpVZmEBDQQBozi,7.155549910000000000
2Px5YhTQ3LrKxvQYHtYUKReEdMpQ82YV5n44AmBYXBg2,7.139036490000000000
6QeopTG5JtiCzrkVJ4x8h8kR82qan8qHNfxvaANEd7kq,7.125568400000000000
G2ABkUb41GnPLRr5ZZXvczZz1VpqeTaqKQzV7RHF45HQ,7.118805200000000000
5KXA5B2GbWtuNDMrJimkcXTPWVfEupx6fyomSASq5pp2,7.075807040000000000
6t71xS7pf56czU9HzA7MhyHkJgcwNzPBSGyt8PF3miJj,7.060497310000000000
5fzff95SfcsbNcGNq5xCzYrLPZ8rYbj12pYwQrbs5Kom,7.058096820000000000
2JeXq6jqQqh5bL6Ku2ZEM8dxGhT2WWAfr3gixdUSu2aH,7.029326300000000000
GMfhEuFD7ok58zuMUVNiNRiK1izGxNNCTNrwGYgjA6ee,7.018149040000000000
D8VJLcVs8datGsfh5eWEMF3XJYTY7E3PL3XTy3UQBci9,7.012718760000000000
AepuKd4ATAU33foiWBfxykPMnTZ1FBTiGQuvLufrKbZ6,7.010047320000000000
9HuWEF3MXaMmvk4V5fb1Yxu1TyUBwXUwXiKvGEWLjgmn,7.010010360000000000
ENF23Sguzkgn3xhSuoqn2BSsEh2Skgxeef8oVy7CYUhQ,7.000826040000000000
4ves4gNVqAe6tdxCGjhXNxyf1qNfwAza6mCH1HYvuLQ9,7.000000000000000000
Chn7zaWKpAxYgtcZtAupb6M6SWdyWS5QB29bQBKZygK9,6.992257690000000000
8PLm51NoiFWN4UTJCqLtDVQaY7REuyvtnye452F2g6nT,6.972302210000000000
9MSFYFgXryR8kHakQ9STKpPrrfGP6ki44G53u1ZGyL27,6.931145080000000000
4ZxHygLzhxumCDqdKi6yRDYiZEBNEhDkCfFF4mkhT54W,6.929051410000000000
3yUCXjQMTsx4bKyyNHFHeE1r2MFMp5kDSotSjpp4AmUS,6.909173050000000000
Cry4GdTj3t9VEAKQ8JbWNxXZXpmWm3Wo5ZMmDYBZ27rT,6.897272220000000000
AcAcSgPkRuvCEhHusvFkhnPkYfsxnfrvDx6dHbCDY47x,6.894624510000000000
HJPKtd8Q25U7w9W9r9yn7ZBLjCp6z2bQa98QQFNSZg7e,6.886907020000000000
5tbe91U3K9ZxsBwNnrrr4CfpivKEQUPMqgyCTP9efxDQ,6.859463560000000000
7vcnjDY5VEfcdeMSDaDrkTDAHLdZdYmF1mj668qpwrnm,6.850106080000000000
Ff91LdzuusCGELVHqxMHE97cvtMVUURpBH1nPJsYxZyT,6.835653650000000000
31g2aHoyxp3MMcCUsdFhbuDiGv2BnkzyMNj3oGupp5Je,6.825397830000000000
8gXrTy4M3db4CWoRytLKoodxcGS5TqnpSpzmZZMLYMhz,6.824261700000000000
sLURFkZ3XrSG8Bnix8kJ7YcwvxZmw46EJmksuzc1mjJ,6.812577430000000000
BdWYRNKkXbxvfmYPGw8BePCiSwGxtEfxLF7LfEviYM1h,6.808405850000000000
3b3zfYBQ61sEicY4bhQMKUvRo9bAxPYAz32uyAP9Cj9u,6.801942120000000000
2MFoS3MPtvyQ4Wh4M9pdfPjz6UhVoNbFbGJAskCPCj3h,6.796687080000000000
6QBfUUqnY7JCQZrW8b3m4nNvb9pT4fccJvgMjuSCjQTY,6.795275210000000000
3hiKEmFEiGjEAV6HSpExyvYytyXFYwYzTqbdiMvUvUST,6.794782560000000000
73zfP6r2JvGH7E1qvmWSAiWBnF11GXW5jvJfwzf6X5oW,6.757060690000000000
8e7c51uXCLCpwetyPfdQjgSSwTNMTwboNriwgMpJpNpt,6.713201380000000000
5xJrAx1PokkRwSLJGPJgXGSWdSHMym6vK8WQGwTUQNqN,6.647972080000000000
9FWB9c9ok7FALRmEKm5D87PKbrLkriJXjipnq9A5qzWm,6.627378100000000000
GDsucP9ez2qF7xKe1YmnkLPnXvUMtemE6DFzvv2wcGFr,6.613930220000000000
8sxhsBekMXrFhsKZGQJnhqN7e64Qu2WV9245Acikda9x,6.606392170000000000
DNmpq6EQMqU6wS6fNWBNZXCuVGVufkLv1g3DgxpeXPRy,6.574458820000000000
Hpcb2bXi3c4egeUcm23HhXZ787C4Qddbyfj24crcerzP,6.551479250000000000
2X9Gc7twSy62FXttwx7SfP4fHCFYvoX3jy6dYchkGS23,6.544708270000000000
8AjZBtt1Zzax52MYe1ev1SJX92kAQYF7nvPJoPLzzeXc,6.529086670000000000
3RSRvvh1r9aLQBW4PDxmQGtR9qEwyNUBLDkjPpmbcB1d,6.516371160000000000
Cmyuijy3iwpw1JJ4LUDr42oeLsPJcvy5hUx8Sigz2RT5,6.503373210000000000
2JQU7qo1U1fzyeBYopUN5fXi5b1WzLcw9ff6fXrCF6gA,6.500876280000000000
BXiUihymP2HFAQZk69UVuAFVuywvLu1XShjT5jrTLne1,6.491004110000000000
FDVe1G7x5UHoN3PzdxfG4gu45Hot8RB7EUpWsyntncEw,6.484710120000000000
6Bcei9MBcEkpAxeXoNwXWJgUZvRZ9qTgu54LRSoxeLrK,6.482235310000000000
6aAXeMfucYjFHRHKr16gTuxBWGcXThFbBGNZNHimKTQ8,6.461007520000000000
DzqXDy28N58TJ4Hf8aViiY3ysBBwcJaYGFDgtoJ3NwND,6.454181730000000000
CjxaD6sEYabapureegxc4aPMhhfPnfe9gLNvfCgJMCA1,6.448108530000000000
BosDafmVdhF8RcKR9nnxtFGcphZTEKhJW68kfFsZGVPe,6.446304460000000000
6mrr1sSod87iLPPik9TS5QTm1uzimrLqjob34LGdaCLe,6.445179990000000000
EiQv2pLf3Uyj52dWdqaXPGpXsjoxfvKfNVXu4m42CrRm,6.444580080000000000
482mZa4bhAiTJoaMwU5ZLTr58Zgir1CAFxUk4ZdAEDu2,6.441794140000000000
2bxYH2aQrjzAAe6A7Xakuy9uQoqLFYFqihsm3WRmCWpA,6.440467530000000000
FPYWE2Lqury3MNGnXkgnLu4Xu5mNHMG8KY69fSeFG7fz,6.435456400000000000
GaK7gLTevzAUHMpXkBupRTCeeFxWCq5wVkeHnnNDtivv,6.386580980000000000
2jxqSJ1kM1pfK1PXQ7DeVFXShcfk5dBJnJZe8otaaW94,6.385798860000000000
G9zfLtQrTvxgwwcc6UtrTbJVhp5sMLqB2RekQtt9v3EN,6.376431180000000000
CAr5PKd7T5XcG9Aku6G6sJix5dP6BUGWEERrMsRBL6C6,6.370025520000000000
DDryrhPJKLkDc9HCrM39Qbrgh88zn4ec8mTjHFzbEn9X,6.349804720000000000
DcahtbNv3LkXKgBRmQap8K7toZCUA2SKPB5hYPidkDGm,6.348924600000000000
8AUAVYojaTcuo292qhshvpaU38gEJcQQThi9NoanWfNo,6.330138060000000000
47dbSXGFsypMpGkfndGwoJg22EWDerxu9qcuVP8qd8aG,6.314116160000000000
AgJ3LnvZTrWhtarBfgNdv5gzDxCJUB1euJVhisUZtb43,6.304284890000000000
3BKnum8UxSferLCHUphnnbjtV771Z6V4utHRHBTiKQmf,6.149386270000000000
9rMmAjUAkfMZRN2rc9qP1RYg4sYorXk6PL61gtoma597,6.139446440000000000
C6NZBv562oJTBsr9iyy7JYJVRSZHHWqbvdXLugcNQbQs,6.126699490000000000
AJ5Q7goLqwht2R7WoMZn8eGdiKr7FMvHHKpbiQNWVwY9,6.122100160000000000
stAxvjFx5sE1h4Q4PHBgGkvF8MRZbRUk1PN4cZBANtr,6.113697190000000000
3GMVrHMAGexzDiapCqTV8UcGzQMdApukymgbhC5fscue,6.112845610000000000
FiDbGMvggtckntuQ5ADhhoi2TrYWfnah9her6MVg9iNG,6.110976490000000000
BUveMNMH3xzDpie6DjJLmx1oSYnG1MshwTnLbkMPbTvG,6.109363050000000000
D1GA9LgWG2wbWhjZGt6squa4f9Kp93AW7wFNc3Fv137L,6.105235600000000000
GvfYuzFrrMNNqjGSdHVJDjV4WHrCZkMRRb8z3U5Sfzc5,6.085330810000000000
2QfBNK2WDwSLoUQRb1zAnp3KM12N9hQ8q6ApwUMnWW2T,6.005920420000000000
876VYKK5FrkcJnE6QVGh89deDGJqx3RgGzg1XGmf4RfM,6.001921470000000000
9DBTvhauEX6t4af2ARmKUm4NWYBs2Qn65aBQeBdG9gWs,6.000000000000000000
9HXNxxJZdq3d267XLHYyMC8j4s725Zm9GTDJcEJiMt4m,5.949965900000000000
Bp28D3QydMbgK93TVo8ynb5z5Etn8wwRgTVkpaHJFL4V,5.924435990000000000
7t17VfoosqfCpU8hbYbmfXipJggVmfMzQSkxYXeHHU8n,5.910276820000000000
E2wRb7WeZmosWc9kxhN5Zub9XPqmKYemkrioWtPGWBp4,5.863173060000000000
7eDRL88kNrg1bqzimHM4Yz57Y68k9H7eufmWeADtftZQ,5.853554190000000000
7u395LnhowdrRUGgfRU6ByxeAVsWrGyKK53ZTKSSn7pp,5.846930930000000000
AHd7y3f7zxTxkYFXF4EDvNvaTsjQNaXFXXUJkhr8s8Ts,5.844968560000000000
DFFNFFb4DKd3SYZKpehq6426WNiZmBB4qk1g6tXuShB2,5.844045610000000000
4Rgv1PtSpf5NiS7WtuJD5Eob5jqEo1EzfjDHfRQbJAoF,5.835860320000000000
9u5TG47DQqbHyzVydsvCYWHGWWNzcrBSbPs7dwWHD32U,5.829870050000000000
BFXAqmdVXDuzYJX64abs2WD1t6B3XzHNQruM1Kch3VyQ,5.814454680000000000
HhZ8dxcLrQCo9ZAMxgNeCcYsTWSnnnV4pTFY9dqx971k,5.812123220000000000
CyDHq2T7F6VmqWZ8SKru2V2Tk9RN82e4GTLgNidsEYKE,5.806202250000000000
AutbchN7ifR2BGrgM4Jvs3MnDqCpnFCwmJdKZtXHUKtd,5.797527570000000000
88x4CYaawtyuKTHXduS2FdAs8A7exjAP2RJxeTKPwKKR,5.796198840000000000
G1hbchnEf8Krvqh55Wh5y27MtV1oLCb3S1yh3qwaYPeA,5.776764520000000000
GMUZunWxAdeEx8zz58fpSXL8YC6uC12G6a5UYWToYNZf,5.765899270000000000
AkQFAjyt8Dfp4tCSWYehehmfQoHJmCSkiZ9f43i5BJaH,5.765241590000000000
7kTgSkfd23U12CSHUe79Hbmb4BEdqPqueMEN4PcUqRHE,5.754492280000000000
5R3CeQGnDUXD9zNpBsRDKkKVDjFPa9KVrrftm62T6fEM,5.746803290000000000
D5BLZrJFLWkGszz8qK7WLgyrP1XmfQN2CYnCVmRX7Nde,5.744119880000000000
BUeKN6WfzghRCFgYkpP49Agzb6CoNeT7rpc27ve5Ws7A,5.715069080000000000
HmZZ7VhU8Yjn9zQTiXk7pPxf29tmBjPae2zMfWP165rS,5.674036630000000000
H7YPRp1cT7h4iN14jEetvMRKantJfs4uz2x9aBC1BvPK,5.665570920000000000
AfkEcFEunJPFWq5wWzr7u78t2CSokyRipQaZ9fGjHWg1,5.654831930000000000
6Z8NF3mHfc4dsjRWBfZUP8WbU4XyBL74KxQy9QdwsuDK,5.649741000000000000
2tFutc17dRiD6coPcRTXzBnfyfwEcNyoxLVtnouuKqSV,5.631953400000000000
9N7LdUS1H9Ux3fcwJ8uUtJUczXGB5SHJEFG41Nu2XZyk,5.623241690000000000
2FbG991d88cKhaAoyFGtwnVQJgSr83ojtG629ZkUbpzm,5.600526240000000000
BzKviGjhMfNVpb5h6czo2jDaRMpFPJsJjbyrxoJsE9r9,5.600513890000000000
6Bz8WztFoMkgZnsAAwXkRDBcupqKbXwd1YHwjf3V4Gtp,5.562844620000000000
FcdFGdnF6jVimk23zZUeoaqxW4JvM1TPkzV7zbCtmDfo,5.547687480000000000
HxwDyDBEzZkGJRU4Qqh5pCF36Y2bP5tHMwAtmQAFjmKW,5.547434180000000000
8M45JpFoGNMYa8rmmCHAfNdkdao15wbdZS3XQVaaZ6xc,5.537652780000000000
6UXGdiqzziksdgKJ2rsgWf6DnkKJEo1RJ6o65HgCvLjZ,5.534959560000000000
6GMX5HkhMg4vCFGQfQ2LneXFVzJmM8PRrZB7tvmQpcuR,5.502212860000000000
Bmo2aCJtpNodgcQjqzQypMERCJFw6guEhhcoZ5ThtowV,5.461197140000000000
HKpMpyQ1jjaTsJfG2WbqBY4fmeWKXnzByx8ewiMYvn5n,5.437343320000000000
DvCL8bKc3VmJHDFKxdhyWGXuoM8BG6q8q2GwtMVFbM64,5.435393110000000000
HZLj9bkMSMvoNCgfhHYCg7JgkyaWgZZHuXtjjRwH7N7r,5.432138290000000000
Bs2uVS2hCnTfNGisVoFbvzMyg6R4RSgnwQeuL9APDQjK,5.425158130000000000
FMss341gJrh2ccktvhjGrZ4JeS5PVJfiSUQGTxK8uqem,5.424288320000000000
7CwTWPEKJ8FcUVA1dfavyrvRbpoPbm6MRYT4pP1cH81t,5.420956860000000000
GCG5GYA2noHppZeehdWhAdpKMve6pTTx4wmYBPrDz7Tx,5.409566470000000000
81xQTYfjgdE1be9S2kGa1Tyej7PjUpmDkDYwZUzvKq4h,5.405464130000000000
8Wn8KE5fsX65q9e6GhPdmiVRS3g3k9JhrTBpew2WsMcq,5.397089830000000000
AigzbhaLWfwQit45qjoqkVYtTrdSsdfQDB2fo3hGFrwS,5.396397090000000000
FkEVfq9FT6ZPiWs1ek52pgpBjM2FumYtjTrY2WV67etf,5.395704490000000000
FRV2jCaV5HbTyQuEeNhm719KMPqfZWRtNeJVRYd1uLKY,5.395012020000000000
tYRdFoMV4NsftodKnk5J1xA3Kz7ZHHdxBbz3oUSczPv,5.385069710000000000
DG1BEc7sZDm471uHWJLXg1yiQkUeqQWWaX5NuSH8Vcgm,5.332712010000000000
6Fyy96cWzyzHPxDTyweAKArUthUC4TdxKPsN5T6bqSsk,5.293157330000000000
CNRYMFMKx8FuabdhPLMB4FtuAtsCY1ueQ5s8XT15YiPE,5.288357790000000000
5JpEABDaF26EcExWktvDZrBrKnRbuFaavw5yZ3N2p1Pv,5.286911390000000000
CssWCrXsj9eyaLgGkaWWtVeKiPBeCEUrKgBLCCUMfqKp,5.275580730000000000
FZCcitG9ScL5DJnX7gJ7794Ht97LKiMfBa3uCSoJfR6F,5.252204740000000000
FsdqmrFuXGrhBHv37mbunBfoZVqbojfVkyQ1P3iCdW9f,5.240006080000000000
C6JepPikcjTpe8dK8dWucmc4XMaLPz7MEJLARd6Abf8q,5.238914930000000000
38dv5sETjNmr8enCqz1SRa9W3cDVaNdTivZ88vLYd9KP,5.227042100000000000
4cGx55k7UGMzAEWxJUAaTkrrBhCHYTv87J2Adk22VsnB,5.217248020000000000
EqqZokXEXUsxt7GoeX6LzhAjqKDBGyjXHprG5XhCwwYh,5.191703470000000000
EBeUJdBGPgArZ5DdXczbWiD9myswbgoBQyLhGs4dHy3h,5.179551100000000000
DzH52g6P3EFZ1xon7oB2asS779bXjqqNPZn7pLrJV38s,5.178472500000000000
WvNVGbQU9TQC4vkxYEhNQKjVJNctKGrbsYUbS53fV1J,5.177220510000000000
4c34YKAgtF9VoCqTyWP3nd68Wd3PD8qYR5DsEtp1LkRi,5.170169720000000000
8FxD5JDFp2haJAJ9sYDa8QXrBYqPdqXinrueKRaBAKbv,5.169814590000000000
BqWadhf8g51jKTSV156wJ9wz2HWN7sRUzUmtAyLuefGL,5.154369910000000000
8WawZjVnCRvGDtX3K8dhMfx4b7eqarUgSR72GefQUj72,5.121487760000000000
3dbcM9pB7qYvD1LJBn5z4Q6y4oEpLjxFsEFsRWuhvRvj,5.116166900000000000
DXJGy9iuHSh7LiwNaGEJrgCf1iXnSFEUj8efqeK6q6em,5.087843120000000000
FKvuhf3tAAf6yZfrNXYzzAbdHybGYKrHRvzLoznnJKp5,5.071718170000000000
122Lovn4K1qGzxYmXQkvBCMna11SwBG9GqEJoXApTWkt,5.045200450000000000
4iK24g7HLtjzyw9WJH7RVLNDSqSSoKoAcWjFRMzSywxy,5.038941600000000000
89GH67fDB1G5sVBfvsumwRFUhKcoX8sw54K2ksJpUA4E,5.027425250000000000
9xiyzdQcr5BXxB2wZmxb32A4v8ngC4zRDevS7Mr6Ub9a,5.024608670000000000
DXfwQMb9StaQn3HrbLcnEDHGAbWdvU4ScwyHbXnyirdZ,5.017971590000000000
3L7Gv4dWwHLSiKz7UDkUPw41F14asWNMEMdRT5yk4ZKg,5.014914870000000000
Dpb5MdRp8JURL82vgEiznBaNfdJeVYDAMJwxkfRZp2JA,5.008419870000000000
3PFpy1CVsuvU39jiBjUUgvKREBtsUm7pAdSbUMhqGwGf,5.007026580000000000
2AAj2P6956EzpZ7xmp22mPow2474fzGDiCmCB4GASyq6,5.000000000000000000
4mnkmcBay1UrEQojZB5jUDGfoAtzAfXZmxL78tZvD8C8,5.000000000000000000
6hu9bGCXEPST3nhKKWtadnRDFu3C1JAbpQunLH87sQFs,5.000000000000000000
7eiKEa6sh8CYAJyaATJQfYfHSuEB4yFFZ2sYN9bXwTah,5.000000000000000000
8Xb24pxrFeuj7CgU5BkCkydJdhZUHyXvau746D1CAFsj,5.000000000000000000
9URqZzFSbrD3fPcxrVCPByYjVJ2WTB9Uq5YF5VxEB1ey,5.000000000000000000
A1ECE86o3tz6UWmwMWicrqZmwRZ7RCRzmYYa9okNQRBw,5.000000000000000000
A8NG9w85BhnDoRK7c6xDDcaxLUtmJBKVF9vyi9XrxMta,5.000000000000000000
AM84n1iLdxgVTAyENBcLdjXoyvjentTbu5Q6EpKV1PeG,5.000000000000000000
AVAZvHLR2PcWpDf8BXY4rVxNHYRBytycHkcB5z5QNXYm,5.000000000000000000
BYxtkQwZK9zFZCQQvAYszZMm556nDEPZ2ynDCd7Y7gjD,5.000000000000000000
CBYYe5DubTWhT8NCj9HquZ4YscagyiaafXyxZ2bTPPz3,5.000000000000000000
CXy517Yz7JrqoH2AeYb4NWWfkWLSayjNQf4p5vMA7Foz,5.000000000000000000
Erd9vJCzNuo5tQ6WwdPxxZy38xK7yLmAFBpkCcUx21EG,5.000000000000000000
FzeY6yLy82WLzm7898WmPJ3f1RpzkRgdJsfhdPywmsRY,5.000000000000000000
GEPuJyd3QqokkqabdjwtnEjatXRWEgM8S4bMH9bJ8XEL,5.000000000000000000
HsZJ3GsHe2czqw1umpznh6nnteJ7KU7VYYqp83R6mCEZ,5.000000000000000000
J3ABW43nGVrY9jv3imVn79axjUyLErjRZUKCqwjAdXQr,5.000000000000000000
ZNax1hscmBmUcB3KkFywSLNFprmqXxzt2JLd1XVZmBe,5.000000000000000000
CZevBdhrD44g4zJFRBBA7o8mUz3x8oUoEUJvcBKdfTY,4.996819840000000000
BS7r6xjT28M2S5N9nPgJ3ZYBQQmwGyBsq5VzeXGj7tCv,4.983779550000000000
5FvjqtzF7aMEJiUEBKyKAGMUT7Aw9eDZ6G1H9WRj1m6V,4.983523020000000000
6GADwESodCmqS7q1JmqBFS6inZCom85Whgt9Coyk5Pmw,4.966941940000000000
BuezcKuXaVq9UMXHBrW6GEHZJhbhfxrG2BAVTd9zHctt,4.955521410000000000
5BX1JwV4tht3BSgvFCEwZJoCtYpSvSs1hawdjMyecndR,4.955506370000000000
8FU7Faus318nzn4PXEbZeRxpAGaBseDncJBFPSN7MU9j,4.951326980000000000
7rr27w7AySVLBuK8YVzNfK5cRmAYVAKqDbBfEGDXrj2p,4.945531600000000000
EAE95Cv5YQEQ2ysR1jqmNBSDWHsqJkuT6bH61XnYj8Ws,4.939124560000000000
8rGmoBjmmrJ6UkzBtunoBXWRgzEhKTSLuagm2LKQj1WC,4.937761990000000000
B7xz4CJYEpkuquSrBZeHUhm1X6PoD2K5esp2PV1EnwGS,4.925814740000000000
FsoWieejJQLCYv9Xzhqb4FoTgDFejXRqy6yYqjwofU88,4.924320930000000000
DdNvBzsZhUeshiich6rTjgpiDvPQjT3FS6QKH9jJaKio,4.920490110000000000
BUeu7GHb6oF5tUFLjqk2mFdq7zCtyJCc1AWvqwWqcjds,4.890207930000000000
32Sor3MyG69vjt99pzazLtfduFeyzDjMf5QxG37y7npX,4.871901410000000000
9JV8u8dNcbhFsYasMQSgEzeSoiSMSQN35unxP2JHw1sH,4.846034900000000000
425mfNNDVRkFyHjZijYc8uYp6dywt1u1BexhEZg9ahQU,4.827815720000000000
ZwnTLE7qEaUDcihuEamXQRJKAiFJz1m3LdtTF81oSmj,4.812130470000000000
7KAj3PTU9AS5EEQQtswR1st7RGZgSnei9jzmt4P65vHG,4.811780380000000000
AjT852NsaAhxdba68fgMYd4SLTtaZEKwnVTTQeNVkwYT,4.803994250000000000
8nLrntfytCrKU1KBYdfeQY8rufPgRsdwJHwpvNXzjX2M,4.796393690000000000
47XZo192ukNhGNmDnQvFuJq7ABjXsKXFE1f8a5TKVRRy,4.790175500000000000
GjNg6hsmbKTTJMiSHHA7EqbGks9gd3tyxXhxVGJUhJE3,4.788606300000000000
6C2dffVoEQahv8ygBDx1nUFQcbCpLDQcwBDgR5eY89AQ,4.778084410000000000
3mu3t52yYjLr8oE1kTDB5ckcVwjxGDiYETQmK4vpALKG,4.727064160000000000
HET8oqZTEbDyXX8jj7JKFcZNqv7pSjACS7exBpFioXFi,4.713416340000000000
BxaNMFhNtaBx7opJLV9aXxq4Xw2CkPBeXZ96gXkvPSmf,4.681886430000000000
5rgX1dPCKCsrgSP6tmRHRuwmwG82T4W2ko1jfq8FGaXi,4.674162280000000000
42SkAVWApwA9zEW4KUnp1nntMZtwqxZGVrcewQ42B2Va,4.647732120000000000
DNegJ89pHds2jWXKYr69MdNRrmUyiacUaLseXXxwoz7t,4.639149120000000000
G6JfAT6mY1Ubq1htyT4jWUFyySytPCTT1ficPH5Nqcgq,4.629413020000000000
Gic7fXzdaEmBJRZQ6ywA756vnxGkGD1F9wDhqMiWjR3j,4.617984430000000000
6MBAxCftxdyeKTfDmv5RXuE3QgQ1mSyjfTa2ggVicS2f,4.595684550000000000
5LmFTgCdvbykBewQ8AHjd1THjyUrQXiPfSfsErUjJ3S8,4.555616840000000000
Gu3Lx5MYYqYRZWnQikJ9WLT4WjGYAviptiNYgFi8Vu6R,4.515607410000000000
25KVG5mgV4cj5hvVYQAcVdweakmvW1kPgFxyqiAvpADg,4.504109750000000000
2bHQiUSQzzbiJ28ZnuTVxAsajsscMc5QwagurqsjVCb8,4.502699680000000000
AdH8BjH27KoFBWW5GhM6d5Sr2gb2uaCXkswAMENmmqHm,4.490733050000000000
BZocyrhMFdfFBLwewdTRoszY4wA4u7RmnVAxnJ1ckKmk,4.475695550000000000
3bmu4wtEr9b2QRUwann2xnVf9VTagN6Un8L8qSFnFUT7,4.473130180000000000
F4yuAxM5DYVjqyofVzjJ73jBSFsF9GPwXpG1pTc4qkbW,4.463939810000000000
GYNiTwDS9Vje3J11H8AXrv8Vp27srTfLJHv72Q4JaV67,4.448807290000000000
65XRgr96L8Gbk53WYc2ebzAnPJtVBnZWqc8twLqqTL58,4.442976140000000000
1249SeVjeWLKYr6szH9uDtmYDcmDuvT1eXtAEewwHUfL,4.438618800000000000
S8SgkAJ3QXRGa2VdVs2vMv3QSdgFWXqMvpCjBAFhrp7,4.352371730000000000
Ecoo43s8ntwdaDkzaFfRpPkaBb2gYXBD6woU8FxVB6gY,4.333159580000000000
ricEmGn6WZ9kN2ASm1MAt7LoE1hBgu1VcQrjRwkAPfc,4.289115470000000000
FwHTEBvVoxvdSVdD3KaxmGjbZMqvitFtmHakwZs7HuMR,4.270000000000000000
E31acSDabejFmtE7dXnizkh9DFxuW19UjJ5vpk1rYu3e,4.244978880000000000
9LP339v4dAKYee5ecWebcNzazWw92f3MjAz81WNDphB7,4.214330790000000000
cP2X6BY4AnWyDQoR59euhS1CV6m4HB9hW1A5qLDqxfE,4.199716630000000000
6JdUWVmsw6F1MGWP1xc8h61HsLmRZbfEyvS19qb5fYCy,4.180700000000000000
FCoMnyJUiKrxjxwPxNkTPQB5czwwVR6o92norArDGJxW,4.177899830000000000
AwsE5jxaxy8tyEHuA4zNF2c83mFZPd3JHkMJrHGQLUyj,4.136368780000000000
E9Mp84KMBSuSeV2j2Zk3xZJ9ydEgnqwnCU5XBv9e4Aig,4.120720790000000000
5ztgvWUoi4X9LKGJZzNAakWEZVxoGBwjFoztVDe9rcP9,4.074537750000000000
GNEFYvTiuxhPhGUF4v6wwXYjocXdr3ryLx4BpHfsGyPp,4.003691860000000000
2kS1c3EPYzjkcd5JSAWitrQqgiZN3b9RH29PU4BC2afZ,4.000000000000000000
5qrf47rRL8tE4K7rXRopnDETyMXgTGAZwji8LzWTRbbs,4.000000000000000000
AJm2EZR2AtqJh4r3AZ9ehVKv5KZesu1hteKFnvESwhtw,3.958393790000000000
86zqJTyPL5BR1SN3b4cfYqHKvHVGxsUq34SYtgNcnCFW,3.932208510000000000
HzsZtz6Wwor4gPTBYdQaLX72wyq8HKDzoFomJxuiTHHC,3.929986230000000000
4uoa9y7f742BYNpemL4VaZ6pyaiNyw5RQYDixGGtxhb1,3.911119790000000000
4WTwdEPfEwFy4sYJQQuccuUi4ARZ6mDLJwgti77tBcRn,3.816581080000000000
GyxmrZnHhkxJEgXomacnrrBUKQWHeQ7CaHLrfRSAdKJg,3.796884450000000000
G26GmzDDutR5byEDk7u2yNkWYfKC662ZW3dNt53y34Pb,3.781161240000000000
99MArpyXXXE8oN8pHbzrQ2qb6iuc2jp5M7MCRS5P48Vs,3.686725150000000000
7KLosq53fySrr3xDbae9d6FkSj942ucMqZFjPtHQo5Vt,3.680594290000000000
Do6AiisSnwwPWMaSdQEMbBZHC692gKdG8TNct7NTXmpT,3.670000000000000000
4akbApBDchNz6dxFtE2m1R93pC9HjMqSHAUWgLHW3uCm,3.633349670000000000
A7nT3KaHu3xUDZETk1X3fyEKD2DXZqWPXza4E1FCCy5G,3.627299840000000000
2LfoCAMbpX7ZwUpwgGNH8StvJH8449Qu9KsvEeTTb5G4,3.593137200000000000
A6nstE3a4jHAHDuFcYagLrw6AfZxGAaj1BNcMidToMhQ,3.580859730000000000
BTC8zbw27mdsW3bK6VAC5qqC5SjAb1z9fy3pRYP9zLQ6,3.520262060000000000
3wYCrhqWd76X4PnRpmxRePLNqg24sEmYgqU2iEw8dj8e,3.495801820000000000
A7PqmmG4vUwiGJmRwnWn7QdXXGzdu2m7bMTDopDEJCjF,3.493615850000000000
Gia6Y4PsbgbxbsRSrxqZbaTvL4MiBRVNCvxRHM2PRT1H,3.414775290000000000
CBRVdQGpiYCFzwSsenGPXpxHBz9RZZo9BwBJHx3Cuona,3.393425990000000000
DgADC6r8kZgvhUmMfnvXSFobiW1jbXT1ywt5pprKa88U,3.369089290000000000
AHmvWAyyiWocwQhZ5Sp5R2GnEqT71opPHuq1NhYgsnUa,3.346896920000000000
HCMCU55pYLz6biZeB7VQPip5Br9MKkUr1H4awPRpDXte,3.316482950000000000
2Dgwm76d5KbbgbLfaXdoE1bUqF2KNNgQtVQWF1FRKMBx,3.268079210000000000
F31zgKsm4XKiizR9uP9atj9tUwNvNqJAHPXW63CEqMzf,3.255174930000000000
avjoyXixhqXQebuYiWd2D8D5NFAh2HvTkrWfQ57oBdM,3.138800840000000000
23Tt6qotgxwC9noWKuQZavB3PazhNorGZMcPwuXPb2Vi,3.135860910000000000
FQ6xsWwTbpfZeJUBUyvdQQa3QchF7mWntoAwRcS12Ncg,3.126366810000000000
GQJCCeFJWF9Q2m9JC4VuGNCExNpTRm7NPXJikbKufne6,3.111459920000000000
HLWBa7c3Er6RY1HRGpR7nPdyMSvcNLQrTiNG3bvtTJbx,3.104024170000000000
ABDCMCvM28oeDfzXkjeGK6kCxqTP8NLcW2LdAskuxeND,3.099723920000000000
89jEfU7vS8hiLazPo5HLM3x523swfLzdj5yMvM3XRFGm,3.072219290000000000
6qvwGHzVr3CgGvEKEPb9WLkinMpxaRuKSpr6vEoBzviU,3.057738590000000000
Exx3qmwZYfiTEKtvxsEU371WvX6Qt82st68PcSRiFtuz,3.008994090000000000
5P8r5AMHc2DrNzVtu4o78Tgv7Mnz5ALTXoKeg6Z9m6u9,3.000000000000000000
8Wzd8s97jkH64ywJ6MvPhQgEzMm8qr2tMKoAyD1qtj3q,3.000000000000000000
HmUPrQhDNqABRqm3ycximc95coZoByZmJqdGerFiQ6o4,3.000000000000000000
9UHtWcR5R68Tbo78gn9QhjFdSwaFw71UH2aYS5CBNZYv,2.992392210000000000
GAxM451mPTWdg94bckvtFaQJYfy5qeVnVK139yXXkJrZ,2.921344810000000000
5M8YtY3qb4NHcYgXLM6MXJxjAg8iNTpJoJdvjAdHV9Sm,2.899884180000000000
B1FLhS4WaFduBWBrEGqGMis7nEorMtVdfHs9SdMW99Bi,2.894680930000000000
8FVtnUZTK9R3XKaBXL9qR4PFPGdcZZBfPBJoEa7NrxmQ,2.881296580000000000
Fg2rCTKEbdkLLqAzruWnpq3TspcfFdYEp5nph59kKmbm,2.817123660000000000
kcedcb7ugNMeLJTKXvgt9o8ZjHvZ4LfHJoYTT1gQ76C,2.777335610000000000
7rR6GXZN2jic6r9WrNbwXFWtoNAP7TGmva1dY9T7SKcK,2.771712980000000000
8ziZNPm87g5yVm3sRrNHXDGRzeFV3Scqf93EKPRTfqNh,2.762940200000000000
3a1Dqgn2QNuFfm5d5FhDpYBZFDGfX7Nw5mPgaApUYgXW,2.727704200000000000
Hwyt1o6Z25ndo2wiocrzopFNYezEDvZ2hBrmzNjn2SW7,2.717160060000000000
Ev3kWfqCJfScY24HD2SEvFsBn1oUQWGY8yRWohkNqgDU,2.649235500000000000
ArViY1d5tm2aHedr7nMt7i5znJXcFLpucYXXU7YSQRcH,2.642334830000000000
FizkHkE1wYeDcqb8cmHdjXg4HM5sNifxygK24qAMbTXq,2.615481980000000000
GzBxHQHZyZcezLR6aATDSABverPzMyAjCApSp8gd2nVH,2.612811420000000000
FvscZj5yuUi4iokiuDHtEnwhSS2Kw5rnP6L6gC9x6eG2,2.601013850000000000
BC6hFMJTZbsocy5hj7wiPmVetYiEnpF5BR3UmUnB1bjz,2.590032770000000000
2pakHVRg5duBegUtdnSYnfFskTYCL6pF9Sih7o7hJyWc,2.574560760000000000
Gshbr2Z3w4jDK57iUHKFX5hb6VsavvYvcJj6gg4enwh3,2.564168840000000000
34syZYRTEKv3mmgef5vqDd2dAGa88YnHWT1H5DL81JL8,2.562411930000000000
5NrXcntisbmzhVMrdA7xJUJ3R6eCGxdMgSnfGavJRQWF,2.504957490000000000
5P7zKugU8szYzDFjkvKCL1Fs2BBhj7azoN6ryqRvAEL5,2.494414950000000000
DwmWFWSUcyhMDRkDLS9SpTgTrwj9tccBaLk8Y6eBtHt,2.458053710000000000
3RMWd1B7AEwijYDxet3ZTAoSMeL7r5TYinu8cVK4KbEF,2.457083950000000000
67eFJ52dgyNWxZ23jC4SeCJTR7m1hSjEzmBJXWckQE3L,2.453777740000000000
BURNNeQ2zERsVhL6GgJR45CvGtwdxHeWBs4B5V4zRFgL,2.448033170000000000
8R3BFWgypjYreQ451VAc4k6Dfoj2Mv3zPpVfBocDGGVy,2.437993320000000000
AxvFqEcEd66NJRzbNzVD2PAXb6jn1No2py6iesn7PmN3,2.401932000000000000
4saMdhL57Gxp9sytzFzVrswvECPS1R1QTbA87gzsuGrh,2.399999990000000000
2B6K4F25GVz2xouvvbkAWxH1f8Zj9bmERnCtircDKbTT,2.397261140000000000
EbeSXtDmU2BSrGYgQw2sgTUGyWT17muE1dgc22jNbSB5,2.392404800000000000
9XGupzs1znjyT1mgMWgoRp1qkqzFgnB9MiTzvj5b9zHG,2.384494450000000000
CXmjj7R8XTcAgHFf4y5YaaAoMATXqWN1h5pvYoon6Caq,2.354369600000000000
12ZrPtBdzj4cDUBBvypxtQgVbuiyB7P3Xojh84eGmZ1W,2.351620930000000000
3eSLyPD3D3j3MZFP3qkhrvyEUCF7PEnKNWcC4ksowXrC,2.350833280000000000
AHCLa9TG8R1AX7L9NAgbqfuPqv1NJqLjxHxjU1DL8KxT,2.350388580000000000
BCDesGbNZCNsHLUQdqdA1G9bGLxG5g3n3diDXp52sPwK,2.349678200000000000
4URA4uEfzCaoP86RUBnqoEvB8TMEeBFq2ticHyEQf1jd,2.349534700000000000
EvUM92xoFg1JeZzEwReXyAMwJDzNkN5xax7sXQCxPFTr,2.345751580000000000
4pcQzNiVix1pzQYbBJUjXj7njtQfk75X6aJ2yKT2iBUQ,2.318924400000000000
AZRib4xcNPyX4HMXNfBFe937ru8GzuZ1f5m3JuToT4tk,2.303083640000000000
FbcR8o5RjRNw1VxszT5nUGAyVPmYtnGi8dZRj12eG6nH,2.295262330000000000
DFjL4VCns3unVYYXRU66ZUwEReA5G4yp9xZiyUDXUwzH,2.295002240000000000
9ysdtk3qQchY7jgSXZHSGS7vAZ2q4pKAemTUfPniSPz2,2.282083110000000000
4J9F1DAgrWcyNpUrukYCNe2deHRk9hih3mKHmyyNdZUq,2.261142420000000000
5TLZ2ax2VjthXi7n6T3wvnEH2hrjpfcpLug5HUwJYZ8X,2.253904890000000000
7VKvLPMeYrTpwzp1iTCaiA7eis186ZgVUsfCLrFpSzkq,2.246349420000000000
4dkK82sFx38i1vuXD4N821QqMLQSPR9ixvVjJ8npHaYN,2.239186850000000000
gZFWrBkF8Gt5k5T3ddAovQe8rRHT6rTKTZAyqfy3eh2,2.230600260000000000
DtQ7m7VHMdudUfNGMuspr7MoJhkBRUJFwJPeaTKBWEUn,2.226616540000000000
7VBrh8PzPHMbBkwkGKL2SNB6PH6Tu5ziKkhmwrdQ8sCu,2.148755760000000000
HnMzzGsc4PJdiGdPAve4UgJku8wn19bMuWWYXcbM8M57,2.109188460000000000
8WqhXeN3453ezoGMp7xjvZiPWkRWX3g3qz4RkYVgZjDr,2.100193720000000000
CnzzCAUgN2o27qTrj5Z5FWYFHqFKYJgEPAY1x5zNSqhp,2.098115520000000000
FHT9tjTvobCVG75taDeGETuELLeys8XwbSPHT7UDArZr,2.037467580000000000
5tRWRd5M4NBoG3ixwmFVxiJ2Jdu4tsLD9nGyRyKyLe74,2.000000000000000000
673aHGfpatcfe5L2Y5qRNE6pDCQTJBdLgQpxxTwWhvUA,2.000000000000000000
6zGGkXABVt52pEvsLSvMokwJW9xwkoFX4Nw5UoFHFKmH,2.000000000000000000
7pgMPBjcvxDg5mNrV1rmPcPSgZLWtvWUtnQXBaR5J6BW,2.000000000000000000
8ifJcv4DVS7oGFFqxfPekYB6f5SS1NRzX6xEy5h5ZJn7,2.000000000000000000
BCrfxFUnn5DZhgKYFjZwXzNB3Qot7gNWnxom3UnL334k,2.000000000000000000
DhGw7V7FHn1WjMT6RhzFVCXG3zpbj7fB7ZPP8QJpkYEp,2.000000000000000000
EzJGcC4Unj4Q4Lc5qetu7HhJim4qyj6HahQor4LnTj2z,2.000000000000000000
FARGo9gwhwb8noi7M7dxbkm2BKzG2co4J3gh4Y97uWDK,2.000000000000000000
G1BJY8jpkNFY5YscsTbQEtGDKmCkH2JQfZ5hyWpCaDVp,2.000000000000000000
z3AW4D9bEXGcfh42i9cFKTDsdJcgeZ3amsYLZY64T2h,1.996945950000000000
6ViGkDfnQ5RDPAep9xpKariT6jaZC8LdUdd66NpmHaNf,1.996161260000000000
H2UyvzvoWcSkerrzHo7kbrqhha74vYCDhHzWRTPfcTYQ,1.976648810000000000
2eYbG1NPKwcuRKMWhthvjCwU5Szxv6qCnRq3Tpaj2Q63,1.975003610000000000
BBgfETxzMTdzTSMD2gQ5zbmGAHvZSktK4ZJXmAESUGJ,1.972536780000000000
Fb7XeFLg5zqwNjpsAcDSShdVW6adRiWrzHRSzZaU1T7r,1.925252820000000000
FzGwBSWpiEfYEXttprQGb6AdJHhvH9wtP5bMPUW4smSp,1.922955930000000000
3RJkngMPC6mxvh3odeDPJvz3vZmW3Rxb6iKJmKDJ3y8z,1.863443060000000000
2e7Gy6ud29c9GjovZt7Ro67nYj2ApgVFzQjGxiWdqzEv,1.859936770000000000
F1M7P1rP6FfWDk8Cw7K3crLsjQErEFcTRKPEPcGNw4HA,1.857705750000000000
5E6dtE1FjJrAYiLZgFsoR9FNqSGXfMTLTBk4AXPEwrbw,1.845631560000000000
RRkJaGzkqF5z6m4VZCg6Lq6UpSRAitE6fETi59mi3CS,1.844187970000000000
DAB44bgVqrKBkiSi3QAHyw6o4evo2V4rFqWYEmgVeJFU,1.844157740000000000
6sevhgbexMaDfaJsiZDM8wvRpgSS8pA9DiDXR939jx8m,1.843016170000000000
AoWT2ivLT2VEYN4usF8vUDTUUUVjuGyiYgQNbtwwRKkM,1.824055830000000000
6KvnXESkPtLS7BD4ehCHKjgDLtDTdqzNGNifMDoxrmK,1.812863620000000000
BShMJQqUWotVBrCiDv4pfYuHvFQdYZ8uwKiR5VhqAGds,1.807997950000000000
HYUto6CEzLr97SsqDNkAjXDuVj31fWNWpBMJYLw5xxv,1.788916670000000000
FVHe2ZUWwwtx8HE2MtLqr8Fxc1voGH3yUQcDyMZwE98k,1.784636300000000000
4xSbBcnxD2tArkReMJAkyKp5VJ4Lin8QmQtAeiUiQeiv,1.776066450000000000
33zdNtc9NcA2GZtuRTvGSc8XxaABedRDrny31fGkDpWF,1.767792430000000000
H2GNVeYtXmASEbrP3TgXgJUkDdNbcrDi2ibV2ejdwR2k,1.758292000000000000
BKWYQgUtuNVxKefp6BC2mrSsbHPepVuQPZRAEWd6aDQa,1.755215150000000000
Hm7MXJLoQCFaJfEb69tGL5GfyHyXCynYg2upMyp52sfa,1.744466970000000000
Hqf8dMguHq7B22ybwHEgnoQGegqWmXCazTgkVthYfrgb,1.732242030000000000
6nqtT5ULJUeVMmKqrD6SNhEJdS5UMDCiosAtmYaqCvVE,1.703432910000000000
LvjCuiYEvNiHiXNAMUPUDbuCrmaMTUyubLypXwn22Fm,1.689908460000000000
B3g9yPKmDzASxch7kK82BSURYFd7MnPci3S9WyFaah5C,1.677554550000000000
BgDPAQXm5SUAVwjua2hYPaTYJG9frd23gwuxHC3r7RGM,1.674406970000000000
2zoagMexz8bWc81pZJhQVQYMmjGuZCLoggYKdiwEYAxU,1.594033390000000000
G1N7agkSbSEuNtW9YRwrySUMmtR5JFUUmQu31G4j4nTj,1.588398750000000000
554Q6mLya1ShFVukU2yr2NZ22P9f7bLsMDKE6RpMc2A6,1.555297410000000000
efP3KFH7ZjUFzkcvTatnWPDBW9BgAYiMJFQbzere78m,1.554909930000000000
3WksTvQM19p1W6owMm6EJFqPk4mXE2WxygHUXTX5RZaL,1.543662700000000000
2GWJTX6FEwzWhwtkg2kDdUDCJ3jWZV8ib72dwTqXqBTC,1.540570360000000000
3rq8gWLCqAN9bv9huDyihDdphZKHcnR5o3fu5PHD1UU9,1.529078860000000000
GJRs4FwHtemZ5ZE9x3FNvJ8TMwitKTh21yxdRPqn7npE,1.528412880000000000
5iYfoBeow1atZA6GqKgYjdTnxPqycHvoRMEVGgqkt3ey,1.521347190000000000
55pvsndDrA3v3RYGnmHBuKJPhLAwTEyY3NFZXCzfRWg9,1.503844600000000000
9nAc9WHCTAH2Qtj8eonKPyekz3fpLKiskVnpSkPiXJDg,1.500581430000000000
BR5LuAtXG1UZkipFaDVuyMu6eFtPvu7kyi5bPcpViuqn,1.500360670000000000
H9LoYkv9tAJrpr2gpxA5js12Cqak9sU9YJqpaC1W7wHk,1.493720220000000000
2B7ixxu7skzMMQczATRL4ofTzhjYhtMTMJYSXZzqXB3s,1.492887210000000000
J4cmiJss5mjN1B6ZGbEXRYvttzwxAgACbN7G7HjHnWb9,1.491444830000000000
A4aWm1df1pht8H5ZSCMV7on4EPQSizGnaiTHwYCXPA6j,1.488684900000000000
DF2hxjmF5HFS4LF4F7kcwcS9H9q9q2zuwBv6K3VbZ9Nq,1.484265100000000000
9erzBeW2q5f3isaH2CUYSwGnfhgtSmRebBh8frt24cve,1.483636490000000000
E5d4yETUjCC7RCGPKzNTKDEKdV2gaiSzPhkQUoAAxyPu,1.480785910000000000
FK4Ljm8ubbk2mUcMk2R8oeCsUifu3r6c23Q1X1G68fFj,1.473786700000000000
F8DY5YXRhqgE7dQk6TUZaTqzDgW8LSpLobAouxgffghx,1.467654110000000000
CCRcRYrUJ87dVNqdoNETL8nf2KLazPrHanp8jwbPRHiz,1.461934040000000000
BvU2tvMCAXpC2nwZFnG8DNNpXsj1dPtkXemN2pfuL84P,1.435559400000000000
2wFykTZdP1mp5Y7HGhZDtQ6vUbKNydAXbtiZavnrNsVh,1.391023610000000000
Hzos64kf9GddVWZyfQKPnFE6G21T3JvJHn2W8n3uL5oG,1.389639260000000000
DwbZTpherg57j6wuHDSk3BdPsV3kenceaUPNGQbpT7c5,1.371734770000000000
Fv6RGJHxP17FbKGWbhXDZBAuXMV1kTWLM2MRPT7fFgDP,1.370536110000000000
6bgp1EgQdjULL8wfMK1GG5rPYVvekHnx2CqxDHUGnjXT,1.369394180000000000
AYuZQfr3Q2Fyw986AytiSxBWz4aA4KbsvaogyEjH3fuU,1.342286070000000000
68CrCm1Jt9n8zGCmbV52thiP1PidPj1HraUTrqzhGQ7L,1.341863040000000000
79uQMhs2zLsLPwaQ7SxvAMKLT8DcvodnVimVL5FvzYqg,1.328673210000000000
7Amsu4VwDPpVgj1RGAhjysGxucuxLjobk73btVga2waF,1.320941110000000000
6JjUMz8grh9oJ6QNcYpCKUirAxMSjwaTjhmTYVqWUMeS,1.300000000000000000
GEf8QwrAPXubPDkmb5UKYYMWsK7uck35UWyAXuxUEPX8,1.298353130000000000
8QQtDYaMEKCvXMUkwsN6mDbnYbqsFvctXGHTJ5TrxRkb,1.296590220000000000
EoGF4Zm1BGAFshNcq3TKn3UGhxp6MgiBH4zEBrotG2Us,1.289516010000000000
EBYzjqCCVtdmCwNSzWGyjBePZkm76x6cY9JNgpU46UA4,1.285952890000000000
2kyCh3JMP784kPngpJEtUvhkTrcTQ6meDLqWvVfVsS4u,1.285750290000000000
E4f6CGQ7VTGacSU452N57HNRnCqoUh86rEeZcJY7MUGA,1.284022300000000000
HzFB4fbj5RkHCpcc3SzwtKKt7ZqK4Vj5BkonhUEzh3SV,1.276718410000000000
Bgb85SaXYxbioq1LruTkq5tDTGfFexVtgX1Z5TvuyQkM,1.271864160000000000
DymehA9h4NDGVvm51T4jU7uZbJeBoaAFy4Gcy3k8P6Xw,1.271217040000000000
HAPdsaZFfQDG4bD8vzBbPCUawUWKSJxvhQ7TGg1BeAxZ,1.268798500000000000
DFj2jN63pFw2LS14SQK5t3Ezi7Rdh4Njq1knBo9GfnpC,1.262844950000000000
EKzasKtAuh34VRgVXAN36tfLivoKqusojtjm9NMk6s6M,1.261951950000000000
3PKteNb6KLx3Th2LYzmiPVwri55uhJcMgQvqqBN5EsiU,1.235955970000000000
8L2y55D11k63CAftvW7uMM2mBhtMxLoLnivG9uY2bt8j,1.215435040000000000
Fvf6xhzG53ShKMEc2hkcYSu25dj9UvqTjhQ3kBxZfdwg,1.210986070000000000
D847AJchdXc1JV1CX5H74kiRWbV6c5himw9ceYM9FyyG,1.209657390000000000
FcnnaW7Xe4325DhQJFRzuZUU3FxfWgbrz5cBz4obnvyC,1.208166870000000000
6DPBkBENsehDC3raLpR8WcUuBGxSQYgnXM9MC3hkATQL,1.206710440000000000
FpPcPftPfbHrs76pNrcCEihkMCbq817hLVXHiHCZHukF,1.204073780000000000
AhrGiy7Ncmf1pmB67M6UJUwCjf9n3E2vgB67dw89xreS,1.201232880000000000
4kD6k7cqTxmfPCGzprmhmoqw7cKe9oETvdGQPZkXFWLw,1.200448030000000000
A7D7FP5Y9x74fstWgPz17y6c24pLfXJzZMZCKU8EZrp2,1.198131770000000000
CJ75QNFXL6Te3NYXpYhFDWPLdLGtsCwtZeK8xByDF3eZ,1.194286800000000000
7bAWegw4q6qpfZWajz9EymzNMGmHfJa6LcTbqr7LAGv2,1.193956070000000000
HaLkemh5X8n8TfNBWEoTKBUYUnL2pKAr7h9HG8v5P9jr,1.190147600000000000
7vc3CmDkNkY2v1vfLyfu9YgNVdKUh7AkRB2ck9fC2FCJ,1.184895040000000000
AkTeCENMjYw81ponhakQE83EoiJKzHmdije46HwSEEDG,1.178198250000000000
GERbefPzkWxY8eWUWMryfJoCPsmGa1fnsRSQd5DtHDcr,1.166833930000000000
6SbxQAZUhrasLoBkcmVqpLbDuh3TsxGqfgWhwiCaHBai,1.166689740000000000
Hu1eASwcd8khe2cDrjcz7NbMcBmAg6Xvn6tUta837tm9,1.165938100000000000
E7xX4jBzvNNotXsx9r6jCNQEhB3seGxMY1cgMrBYxcdE,1.162516460000000000
78nayx1vGqsp2U61msuGB13ESuZZdudQ4jQcvt8hBwUC,1.153329640000000000
J78rB6f12PHampJK159pTFbS2A9GBToCtPfFxwbfehZz,1.152109190000000000
9tk2eb7qLcL9R6dSGiuoHsasPScCxCDVb85wR4KEs2cG,1.145233460000000000
6ueom8ekUnCxrcHKgqh3YuqM4h9vmhPk8GRE6qc3Nwnv,1.119677470000000000
GtpYRHNiwRjCNjDkFqHkFd1KxZndQpFmgdw439Fir8M6,1.118323410000000000
EiWdi8AM4Gs3J7ZCXArBUFp4WbTu8rooKyNKdmPyKDr8,1.108375400000000000
6ES8GPHi6xmzjfatc9T51Rsp7sbboSBnd9McBDUDhgu6,1.099680540000000000
Cp7TYYcFHjH1AWgR16kezdQsEX3YzMAYr53QbEjHrryD,1.096189760000000000
GoqqEwmuz2j1yskCgiEA3x7oG1Fepk3d1JpAvq36NsdJ,1.094301880000000000
8hRgXWqwfcQkycwxbvv8oYziFL3Kwd3sRfEYRPwt7tME,1.081527840000000000
HShWYRhxebexJHn8GHs5Hp2tRN7YQJjqtxZdbixpwEXE,1.078507920000000000
D5XxoN2viEqakL5aUd5L8qJx4LzF9bgGm9PT43jRSUx5,1.077740360000000000
FqHxHrqs4XNf6juVUapd4CY6VhEn8tBQ7sPBQmrpz565,1.074775680000000000
BoKQD14gq8cEfUK9kDeRWb52XoPfFnuhUcFw4bKbrK4g,1.060058700000000000
9pHk1K6DPimJB8WqKYQF6jW35i2fj4nskBBsi4TuSqAF,1.058243300000000000
AorUjwVPUy7Rst9wk2jp1h6n3LzPRZQPYkUTUv7sCcQN,1.049339900000000000
Acpz8QQ4nD25j5LX1APCHQP5xznUBr7ThvkN1cBiLEfM,1.048592480000000000
APTRv7XoKunHx2q1QULnfXvWu4VBBnxfUdDMTDZrAtvR,1.044729260000000000
FjF5vMd4FYRvcjpXFzGySw9TSptEuHyZKx4fn5vVnbTB,1.041807170000000000
5B79a5B8jbmfGLnNeFcGz6SM27v2YFo82fhKDFJcC8zb,1.039759620000000000
EdsdsfTxpN64YcDBFf3HDwGwoVDfKyMZux38GhXnqTUA,1.034309900000000000
61yV1Lm5v3rk59sMYZ87WNUt27B7iBsVKZnN93o4mMTy,1.030375200000000000
29VBK9njQSHgn5sdRY1Ze6Gn1d27aMeWy67QDB97Q7yb,1.019766240000000000
ED99AXXuEAVJuZh4v3mAiZgTq16PeWohJFiHr7qdumnX,1.016459970000000000
FMzA2oSFPrwafZ2nbptvdsxqYgEFuKntvbgbr9ZCWb54,1.012463390000000000
2Y9Qs2PwCBR6vMc5bobyNHThhEseG3Y6ZfaVseG2RtNe,1.007616650000000000
CBfsz61gQLEYM7SafzBnj9q5EC9xKjWHZjuBWUdt9An,1.007616370000000000
FDX9V4GY3wxSrBBVXKexJ6FCAZyyxz1FMmGk8fzLdnn1,1.007616100000000000
HMYDrXakhkCYE1QDJbbrTLu6VBR1xZ3Qb46sfg6dyzvv,1.007263010000000000
AYa5d6PBNEqLqeSJkNNuiUnU24BTzSfG4M5fX6HKDyHU,1.006346800000000000
BABoQaAnLaKNQAK6U95a6q3t2uPuCitR2wqBxkYyGGXz,1.006266320000000000
DFDuFwgwodPdSpquHDTRC2qJK7ZAdrY9XfwinxJcbSa8,1.006058920000000000
JADGBDEem1yzTBFPM5gjRu8hBoYA3iiVros4Sc6qyffx,1.006058650000000000
4LHHTrcnuephPXcbNBEPzvajrQQ3SkZFXz1PVyfovY9n,1.003791610000000000
6qrH3EiheWmkzgj4Ys3esGuP1WFPg6k2THUcMhnxSnzc,1.003716990000000000
5BVg8fYdu9YSFFnW63AJqorkaDsTcDKtWbmiDWDyhpxN,1.000002790000000000
4cstxMrYvRheBriaMLiD2ajer6whbPriXWM4JFdCmrar,1.000000010000000000
2AQdpHJ2JpcEgPiATUXjQxA8QmafFegfQwSLWSprPicm,1.000000000000000000
2qYRuHPMv5WUHyhp8DX5nL8kQNbEMqcZRiSeaRn6tG7b,1.000000000000000000
2tJTF381Z57ATiD1kxENmxN2eJiccwkPumtxDAxcTRSk,1.000000000000000000
3vxheE5C46XzK4XftziRhwAf8QAfipD7HXXWj25mgkom,1.000000000000000000
43DbAvKxhXh1oSxkJSqGosNw3HpBnmsWiak6tB5wpecN,1.000000000000000000
4HEq5KyBMVkN9y7yjXgEsBhKxDwGMPiXNcocZmp1pk2h,1.000000000000000000
4Kkn2XBKRtDJZWGB9VftKwvgpJYMDw9AXdguYpZrLHrw,1.000000000000000000
4qAagu1kXqXgCBeyBHJEEGpMTUMhhcB8yq3p2PDtK7Gs,1.000000000000000000
5iYTBgDrjBoWQEuqpyF5fR66qvwBRNJwSAnqvxfqegXP,1.000000000000000000
6FEVkH17P9y8Q9aCkDdPcMDjvj7SVxrTETaYEm8f51Jy,1.000000000000000000
6Sq9XoqMxpqvAsGdJAmfMqwZpijWWJntEFFeF4zhrtw4,1.000000000000000000
7am4EyLKMpVYmPtmjQ9ExDCNk1ZdZ3PJWP7fENqzoHjE,1.000000000000000000
87msG4FYqaUhPdVmYPWvnawd79YusVMx673TDtdbTLGv,1.000000000000000000
8KA4sak9846fC9CurMm5KcbDBvsaghB4eh5vU3jre4yp,1.000000000000000000
8dfidQfJeUXU5GhoYDhSofDB4scfvVBC2AvkWcmTewC,1.000000000000000000
8gDUxGG5DB2ikcTAhn8eN7PR9oBUGu4HZ5maYVBqUPo9,1.000000000000000000
8gWHjiPGCAFuZak1y9FDfiQF947humX9cxVWKUfzdout,1.000000000000000000
8uQrt15zHqXhLcTzLfcTUvntwwmPHan5vGSoWB9h2XrV,1.000000000000000000
99QVorPPdZpjLcd5begbxSXAS7eTpk9etuoX5wXM1fTC,1.000000000000000000
9Nazkg5SsEXiJMVPboFDuo4YF9VGqapjbaYv4BFX8ZoB,1.000000000000000000
9Su1HC6LNg8FVZH346xipVbEYUVvXr62nJX8Kbmk45CW,1.000000000000000000
9y3mhnmf4VZcjKZqdrBDfF4FvVLXKCNFo3RWqBvYw97A,1.000000000000000000
9yohjNqtTMQ6d9MzEhUAgh6z3jbFdj2RhJZUWAbUQpy4,1.000000000000000000
ANqLtVaw7NSCPZMgfcD5sVREeWhmp4ZtcL6W5qdM5zDS,1.000000000000000000
Aayiz2NvyNUnR7VT1ndNUMUQUpPktWAab8d362Z2eaMD,1.000000000000000000
AczuL5UZ7XwdCikm6QnsJh6GpYhG62xPYRBDuh4emd3P,1.000000000000000000
AhBSShvAbCrs82txoL2GHPoJz18bJis1keK6isAmSbLS,1.000000000000000000
AobVSwdW9BbpMdJvTqeCN4hPAmh4rHm7vwLnQ5ATSyrS,1.000000000000000000
B2NiB14cQEThA8UG84B9sKb6LoFdRrTzLUt7NxmLjYzV,1.000000000000000000
B3yhxx9U9oHtm4fCHHK8rRvUXEQbVrCAnbYQRxBtNCsX,1.000000000000000000
BHiPaSFdimeKq5WAKou2N9fufrK2KptjbXN359YYuumt,1.000000000000000000
BQDSbcB69bQeevCzU3fYiLwvbnD4FMHksndPYzKyu2mD,1.000000000000000000
BoC37MEifYBiGdBzfRwNVbBERFj4k7PpCtu9B8GziTxw,1.000000000000000000
BvvF5C8h5orXoUrsfn86LkQU5kitkRGD66YKPZNhT2jd,1.000000000000000000
C9Vhrud186pAHS9eCUPe79JQfW9XQLa5R9U2fFSJCapR,1.000000000000000000
CfJKfFehy3JjrQoksgMRZahKX5tSP5mYuRQJxUi6SH6B,1.000000000000000000
EjGVer9zKE8FA6ePEkPHEL9J9NY6ximCA9ddQAKdcPdL,1.000000000000000000
F1bWBePpyeWsZrqdb5VWw7Hdgg28G7VCeHi3wK4qeth7,1.000000000000000000
FA5HviFuXcEzSRaNr7dbCsCr3Um1PrjX1MK2ghj5EQt7,1.000000000000000000
G3vyZ1K9k1ewELAxHgmXK5aggYdtUHqNvu27W6HYNyrG,1.000000000000000000
H8sMJSCQxfKiFTCfDR3DUMLPwcRbM61LGFJ8N4dK3WjS,1.000000000000000000
HAHF9K5MicLHSiKkFgLmbo8aTmu69GkoLgdPPXMEuN3d,1.000000000000000000
HSGsyD41zGR7JPE8G4p9aR3gz449HBhE97AZasM5RqAp,1.000000000000000000
HeDy2yktAP1CAEBkRvtdMtQDPXnBLRptJTA3yaH4r14z,1.000000000000000000
Hj1jQSkb21qkE9DxsUnoA6NGAyYK7dBhMZ7mKMc7TW2j,1.000000000000000000
J8Q5bL18T8mEHcEjg8kudcFdR7mEwCRn4hTpUokrbKnM,1.000000000000000000
ZaGnYxoZnLKyVyUop7unEj8BeeLfCbkdtzbsodvXNNq,1.000000000000000000
a9WgP6feHD9osLEboEYY4VA57mmvp36Ym84tpSmCH5d,1.000000000000000000
m2pVN4c7Sc3LWbbonf3ek7p5fq8xJPnFWp337ZMco9K,1.000000000000000000
xVHrUCQp57xZBmbYpxNWUJa5PJnP1RuAijsM996EMRt,1.000000000000000000
5ZUv9w4fkpazH2WQsFgr4GCPkmWY3FSx34WWfXMYLKnT,0.998099510000000000
EmwqKNfSqc24oZcDSRitLQnYse6dm6rYHv2wAEX6ytu,0.996754020000000000
6tmKFJuerWm4PgroCzj7R5eRUYjL5hsnjX15FSjrC2a7,0.995889630000000000
BKvXviLFAJCyP6QHeEphSUuo5CXZyevsEyvQYkfS43c4,0.995800000000000000
B6K5XYPjkLbGid7zu26dGtMnJ9bTLdhyF9Effw2b4BRj,0.995200000000000000
F8qf5pGk14vDk4YnLcv8528NA71PoH6pfroxRGX1TCKz,0.994143670000000000
FGfP6v3sJEaM8RXszLSGw9ywqFKs8v5WBubwfK7qJ4hN,0.992800000000000000
9sG91yiXbVb8mk6gZx3zQcrWB9LMgtZr6bjvcLa4K2Z3,0.992539710000000000
AFgpkUffi8vz5g2kbytrgxDUSrwvvnDwCpiAtdR8LJFG,0.991674570000000000
Go3LPZ5ZeKGJRxE1bGydeqvK3wMPrNEfs1MX7NJkTNbT,0.991186700000000000
CagF2vBMeagXWJ1o4ExRNnuAvevrTkwUdWkbf7pwszVv,0.990800000000000000
bgAMZj9fM1LaEFGee4ThZdGHTLPd4392spmy7pguiLL,0.988121620000000000
8PhMQ5Y94xvF2ZfmpadPoauCUuzy72XZKRnQX4pNokj5,0.988119570000000000
3tXPZBL7WdwEd44US96vyNtwK4DZrJWn2b4PA5MLiez4,0.987770530000000000
A3W87ZdTrCXJCDcsEB8nD3Bz4sMxpcmLq1Pxft9TYHkT,0.987755940000000000
J2Qd27d6SVhYQzuyJ2pobj8Y4YYoHvJFprVCaBk2hBmF,0.972800000000000000
8a4b8YxX7Dad9zutZ5mSPKkXbV9BSTUZvApn9YKAnh65,0.970000000000000000
BejW63VpQeo5M6i2JTMNCCRAQpLa7b74wJDwbAydpmf9,0.967772820000000000
AgcfVv1romHU4oNuTdURvULjMuc9p69jepJzhbtsxvVo,0.964691140000000000
5Pii1x5kWCZ6Scyze6m9feP7v7nc9rA4RHvNFTia46hG,0.962347230000000000
8yb7X58RdW9KARbAZqBGt5EC6PF5DgQ9YbEqMRoGzvFE,0.962132760000000000
BGf6RJ6cX7sbSPA6KWpPxoDN9AnbLscJGaBztWRD5sb3,0.961944510000000000
AbWVhR9ZEnBJdT3iNB8MKxGb5vrwVQV5JsUVwpUCmMti,0.960982790000000000
FALA7utqtZhEgYh3ric6Xs5oaAAfNmFMkZNreaBdcgwQ,0.957600000000000000
9FUU7v4EBsBMMBeXJL1n3TvY4HxFNBTAwDfxPDkZ4Ytp,0.956237100000000000
3BxTvoeq6y94W1dnNSgKfPjYdkkhfGQ7QX8585aFeKZr,0.953600000000000000
D9Npe1FuhEFZzC3CiQSGQx47gRXF8LJ34UEc5TjbGs9y,0.953064610000000000
DVmEWzChjmhmmHFTLqAWfEkq1re24dEAJtLPCYAyd5JV,0.948441880000000000
GdFQWToADqbrKB7yXiWbdiKz8D8FGT8UZsGY6g5TiDh2,0.948000000000000000
38DMEyKWaXYpvgJeiTpJ4P7kbpYWGK2VHdZCqaDsqCEF,0.944800000000000000
A2jkUvvc8TK1h4ufJqgjySyx9tdCVN7BsZLqW86db51w,0.940800000000000000
5yZcwHULrQSLdRzgGDSjpWkEZCDst2hV5Bt9Y2gHqkdv,0.938208280000000000
g8Wwhi27QZJRxU1zL4WsN7CsjRiPzqX5yB1jfM3tK8T,0.933600000000000000
Gfr2oSJT8cXk6vnMY5VuYMgQNgqrn7NWfrkAmyaezSfY,0.933000000000000000
8vJkqYaRcrhKWmcfL6kX89Ugir6XQKVzhqzRvDv26q7n,0.932999450000000000
4ps4vEgxLvkcCHViHUfGS1UBKQVy16gryufvMSJEGn78,0.930192680000000000
BdQ1ZZCMXCrN4v7SP1XR7gvtUPWHdAo7rWSvsV8HhnR8,0.929000000000000000
BGCqCoUu2ZFTY18nWHWqHdwWyWy1fkFKCJ4zkd5UcF4x,0.924162290000000000
DxV8DDYcBKQ8eUr6FWk1qsNZnJ8XXhvJ4UosfVAKRtrS,0.924000000000000000
2dXUNvobSHvyjTqN1JUx469rajDvhxZfyeqWxfxnn1sg,0.923701070000000000
9zbqs5r3hjWUdxZbRHc2b8mcLD8jT4RbrYYfbi25Q9ib,0.923200000000000000
S7WGgpU7sruijsZbxUpa53aFQAFZmmz2MjwqPT8ooXM,0.923200000000000000
7soVmCcnpbYRi87N95ytjWUNjHT54jzYLagG5ZTJJsob,0.920896230000000000
9VwrTbfm2uvE7ckSh2C3KYe8ZpEuxuTi9hVuj5CoD35p,0.919683310000000000
2Fast4uUABWcrab6LevwhTx5xx84mwahhV2bLJFTYgN4,0.913636180000000000
6C3fXs8uVqSVpmP5TgRcA6EmUuDVg4EK741Ac3XU44ax,0.913000000000000000
kRFk28718kTHbNtv7rBtWYr9enbKG856ugLj4gE2Fhs,0.910694000000000000
9TtjpbWEuDj6t1YumQ9zejgsa3z8ndyAiREjY1PyHPaP,0.910143940000000000
cryptoZp67zJBKTeRdMHRg2svJ1Aw5qVdogHDxiZE9b,0.903070400000000000
2pZSTNWhhvyWAxnFaYUUcaGygHzTpMZ1v7igABgqBw4p,0.900000000000000000
4dnUxqYPdaxePRVxU5FSsYKGRRU6TV9Z86NCPLDJu3z5,0.900000000000000000
AbnLbAsM8NyoGgEMDqZU2W9jhTAE7XkTKBsvnnWdzqdq,0.897166860000000000
EasRZm7dqFYcP9kJ5sEF1ZX1kQ3tMDGVZEGjzzPxuY5W,0.895466020000000000
C6G1HyN6AM5FJnqDY6dttiGGJoPh3QgdLq8t1NpzfbYK,0.889759750000000000
FQygdwAJNWqoqK8W6Laxt1dSs1EBvN7ka6XJJq5ypoUV,0.889600000000000000
DtPa47PkJ4whNKcHUaF85gaYZnVVeW7vuvDbPwMcri6L,0.889200000000000000
813JaLYvZNM2WombtnRn2CXE9kBUthmqXDnZho5v2ZEn,0.888197040000000000
6ahrU76iRcvrDngDfcW3YR5GDsi7jVULgCiXRotNTupq,0.886136460000000000
5UdaFGGj1MW3r9SaAqqvuGmX9SmtDoJhZMcnwo1MzDqF,0.885924080000000000
2sAobJZk8ywERiDFcXmvy9ySndmnEW6bzvoTrJtPPU46,0.885200000000000000
6cg7y49bvrVodCEgqPazMaPRmVdY7J8Pqi9raouksK8o,0.883000000000000000
5rPbsnpkP2oNhGRxjoHDUCGiVzZj94QtZ72sjAgHFhf4,0.881713510000000000
2U8DeKLSiwCnFaFpFbzpxzQjjxoJH54skLwvbx29CJe7,0.881038530000000000
5XSikhMXmoNQSUyEBX4aE2PFLJN2t5E28G68EYoD3Euo,0.880000000000000000
9xTF7Mxbm99PKZYPr9s8nsbkKSu7tyCXHWDtmvi6Fd1Q,0.877539110000000000
HX4xKc93nANNk2ANqMBCJRheLfTEf4a9L5mTwHSN3mA3,0.874832600000000000
7WsTXPmnvbCom7CH2LmvPEhzKZZ5ppcWcP1XjAMVYn3a,0.874400000000000000
AaqKK2kgvNgvomYL8bi41skUpWRNtNa6qu7NquuCArze,0.872533520000000000
ERpj1uwyAeYTNJZuVgBYzEueRyEPMxussNzUELgLFW8S,0.870800000000000000
47vSe7MymJoUkTijCoqZi1bYe7qZYMq3Cx9jQRFUvQ5g,0.870669730000000000
Gx5jGek1yd2foPoKeBNvMKMBj2RqJ2HeGin89xaaJunf,0.870147460000000000
4HZE28d2nFDMQrvpu6YrYPtJncDcP2GyDYupHhL4C3HY,0.866400000000000000
2dRguFf6N6TZYTRsaBAfcvJwAGoLnLF651yn6n5LNgnR,0.865200000000000000
7p7SRReGyYpxdNbuHhWJShdVkcL38628ZswvN3mvqXLZ,0.864800000000000000
HvpDFwALT5VbiT2jKAdRqNuqPzJ7mLE4Avz7PxutHUq1,0.864000000000000000
G8HWHNCys2Q6yhX9ikySPFBAmDYP1cEoax2ghrLFsVku,0.863200000000000000
EGX6gbpuw9pSn3LCx5oukJABtWQxsh5GAZDwBksm7gKH,0.859622100000000000
8yNhRSKwhq6rF3xwPRQFCRRXSiw2qcbsgGbzG7fMeRvM,0.857843740000000000
mp1heetBdeGXk7HDQawDThS2P5oXiGN64aaXJrw6gTK,0.853170130000000000
CKBLJ8CG68x58EnEkLcc9RuNZFzuWUh2CNGtoCpDCRHU,0.847804200000000000
VYAv6q8TpQWDxgwJKNbj9fAYKRNd6QMWsa1TAj3Boj7,0.843791180000000000
4cw5Rb9cTx14sruLHtEwL8dV7gLTTUmXSEytpNwWkYjM,0.843791170000000000
7R1bixrcns2yUfu1MpARBGWUXvBkHhgw1MqbsGrkXDCJ,0.842688460000000000
3qy9XFdG781g4etYXEfjV5or5ZGAZZq87WW2ndBwSNhp,0.840200000000000000
6Cx6pY9TKHJ7efwAMPQqfmdN9DVSozxCzToGG5m2g4T4,0.839200000000000000
Bo5KfhBYLpZiSdrHPACTrtpn6TVpttnDQmzBKtwtNh5m,0.836800000000000000
2hAEM8ZmjCHxTWkjFTqVrX5puTs4xEqFJRy27gCvrn2c,0.835200000000000000
5BuqsH3wKAfPC4pKUAKH1t8KnixX7gCYfY2T2yueH2iK,0.834220960000000000
43GZE9kbDTcRMQQAy4PmMyfAXhhHFYTdzA5R2h1QpYRt,0.832646050000000000
7QK8awumQdLe4EY9eSH8kkk9mN9cf5TvrgaxPaYnzvpF,0.831224240000000000
8iHt5zkfsCvK5ZZieUFdRGhJpTdZMMEFcvVcaiBZQBSX,0.829600000000000000
89ggK5ZS2RWrYJQp1zc9pgp1zzLYTh2SEoSapNHDxndJ,0.829294910000000000
4owSsNW9yLjqpryW1dWiq2dKGuLcguZoTcUwVDMskV5s,0.829090150000000000
FvcQvYP3wobADWzkji1ynowxtMWTZRytrpUjD9wKmGDT,0.826800000000000000
GTMLqMFoN5AHqpyohBN4CQKphwXJFo1HTtUT8gCuC2G9,0.824916990000000000
C8XBtfRoNBJ6TzsfpbX1HXCdo2GaZKFL2HchgLWFvhr2,0.824271280000000000
7GuVkJcJx6d9EAHcKwwsKAuK59dStoPirPYXd9d2MsYs,0.823393260000000000
2YnAXx8DmNw1N6BaXx2xCjM1ZKseYn2tVAgXNy98Tga2,0.818000000000000000
qhqjfpNkCdVLroyxx1Bs41ufYmYaVoHaoFz2JR7xTW3,0.814866040000000000
3PUf4NRdpwDM5e7LuXer8QCmbtmHKKPeFcWnEoxMCkVj,0.805600000000000000
C2pTZfk8vr2jLtNpT8UYtMoPt8N1JVVSd8xS6Y3DvucF,0.804000000000000000
7G9xQjHH6v3dX3NT131UjLRvKMThXzBbKtLWipJHYyee,0.803200000000000000
CKfimMVuGV1CHkBGUfaBkpB6H8mgZJPcnyMr4fsedGNX,0.800800000000000000
3cbnQbW64aeDRbqaQZyxQC26ky5BfU6b8bXwmnTjVr2Z,0.798877020000000000
5YSk4jE3M3Ymz7r6oyUUoEeFgFnLVAPqtdNf22wx67Sb,0.795938460000000000
54VoXHT5jSF2Ymry5zc2WCLHHxqQmH4Z3EiDyfDoHqzF,0.788161330000000000
2tz7dZ6PAEhJ9Wm2BK5LRUQ8SdBoFCXj4YcmfQVagVXq,0.786789070000000000
aizPJqheQFXwfJmFmZMWn5os5SyJDxwJUm1j91UT1hB,0.784800000000000000
DrnGvYUnESjojTznngcYLxZuU4R8xXMSUcjZ43e8WEQX,0.782628120000000000
3CFHGcCuZ4w1L7rC3p1xc4gQNBs2G4g3FQihVhvbgzNU,0.777600000000000000
59rxehnxJhMoWnuwfKep4bq9jjKwwSa56k6YVwg264kg,0.776248540000000000
9L9GBaQLaPqFxdSQsT4MWuZpCQdxuUCsV1eD8Z7wUP1i,0.776181590000000000
7Rmc2RT5U6S7GHF4K9EjGfMXBT8PTL89gfMwmwLnNqPF,0.773424150000000000
ARPWvcr6Sv4EUV83cdp176tSKJWAkqMkKsznNMjCJUgS,0.772295050000000000
AhsLKiVaK4oWMgbpngxRgvmdQJHB16sZczTe73jeXNG6,0.770669870000000000
3xC24eKUbXY1WzWH5eVKavpzQPNLYoV1v7vSiuECsqGp,0.770078880000000000
EwzsBetkAjQdqMf3nJR6PpYnQKgCCJ9Lc8EamuVDf7Q4,0.769600000000000000
AXA2k9FKgTyUaaQSAvB7qVHUsnRJJST2rsmF6EFDZBHZ,0.766994530000000000
BM37srPKUh3QTpTAQVsRX71wYKc4Mz18QtWJnSAuAwoR,0.763810910000000000
8UpdCj5qv8W5cCazNRjFEQUNNZbrPm4pyTqsWQvBYEja,0.750400000000000000
FV6VcKSaPWtDfprK56Rb2zDTFVb7xi4bFAtZbHHCVquS,0.746351000000000000
3HoY2R2RUT3xZLNTaccWoBkq5uAzekeGoW3gLswCFAPz,0.744857910000000000
D1Mbk6UDtHyAS1KdvdmskW5EUnF8EMbpqNU8zB8Z9vBj,0.739200000000000000
8PfkRrj7pM9UTCWWLcyPg7dKV54qCZjGi1rgqYmvBWD6,0.737600000000000000
HESa6nh37hbpAPyCDTWN6v3X8ip8bibhHSArrX7Yrea4,0.735013740000000000
GbnrTbKrKpR67oBuYs6esgw63efjM7HfB5JbY2vUDy9f,0.732184000000000000
728vJcJ4aaHhYA5X8fjusq3yuFAE7ub2nBgBkJBqYcJP,0.732000000000000000
FBUFHSzyJsRMLxeDkGYzRPxFdFuytPWAPuwYTMvndUe9,0.731455380000000000
9ihdSTqW6UuhvbTbepnZ1rAtCVwNQbxwUK6JtHF4PwC1,0.730522550000000000
3NMAaA9D4TYACinSSVaruYPJqdr5tfXdGZ8HXKVRxFvc,0.729736000000000000
2RXuzNR2KFcp7FuQ7rFU7XdzfsUoDPQZAjJARm6rigMG,0.725550670000000000
4bsLjTQYv5az4tMpeXuPbHkmToJZ6mz8Xdt5zJ2Jc7KJ,0.724736550000000000
AeoCARYrCJkJid5ZjSSRswrrx1QHC1iy2L8iDrTgbCRM,0.722833060000000000
FC61oKzSDy8spB9M2qCu7gneDNMv5L4FRbL3zHcstnLQ,0.716800000000000000
ChxVbGkvnwi6DiAM5paADfkZnEj54QGm7SoMgb49YHpT,0.716418700000000000
9UW6Y9QSNUP8Yhg8io7pmeZc5SaeBmaW59PGx69YtfGJ,0.716403500000000000
4gPVQFQJmsKp7zhC5NHRkcH8MmjoFnWarNL6bxpJo76o,0.715200000000000000
A4X1LmHgPuQZF7ABXqyyifSQkqfojv4wqwtfw5hXT1rX,0.713600000000000000
DQfAu3G6uqoWicSC3ZUw62XMZpaMVujmMJweX59hZYQp,0.710517450000000000
HrQTteS8zZ6UQQf5mpH85JHfboqx4dudpRvwopExyggg,0.708369360000000000
9xtmLoqrNWRDrF11mvMQfrpmUviU2mMnvAx861yB2ZuR,0.708164000000000000
8awB6ZfrKuAzzZuUXc95fbGqyueF3yGU7JDVaNhSVuKm,0.708073530000000000
6zoUxmfMBXkWwUqBvJKtFtkB9xcmThS1i1wiQV51YZG3,0.706334020000000000
FxxEA6YvbhyaK95gNMyxM26sHjfZh3LzPydX7jedw5ai,0.703782440000000000
FS2iicb7Qz7jr916zaULLdqMAim7nyBN6JoW3h59UJGQ,0.700315540000000000
6Jw7BfohMieSom8xZQDs2gL6qffxb2ppbCQQDw3XiK4t,0.700000000000000000
8hePaqYWsqgrA9S8iJJEJ8No7Qu9QM71WySHas4pcYGd,0.700000000000000000
85Fo18QnVijr1tJsCswvfGLZS4gqUvRbbtBQizTY2KEu,0.697226170000000000
GMEN3mQ5n966ij2JtiXShXNJjJ1Y1EFhFZgcxoVX1Yuw,0.693325020000000000
DRCU5n2uKtP8HXHshb3a2WN5SVnbRmuYnDqeEJYUNttu,0.692800000000000000
3F6skibErM3W9KKgS5Sdeg83NLxFAnqMVEVn2SvmJQUw,0.689347670000000000
8N7YLiizrd4W9eexb5f8jDpSBV3hewkvEeE4qh57f414,0.688800000000000000
ArScojK9FM1g1PaVmDqcuCXWweaHuTzFYpGSnpjCFvXE,0.686868880000000000
EwNFyVdkAGWtLVHcfc9XRKKhPB6GLtphu5tUN9BrqtmD,0.673084880000000000
Hz3qSutuyGtR1ehwB71LE11fUAupB5EghQXVXkMyNdBW,0.671598290000000000
6Yt3bSAQRhEKLFMVpr2nDjjAhrxP5mtwURefqwmyP6Pq,0.670000000000000000
8Wu9K8r42mJ6h8vba4cDv21YdtfFgd2appThQpsvaPxt,0.670000000000000000
BjKJ8z2ZHV9RMrfkt6i5TGZxqt8C3CHPrdp1vu99JMq4,0.670000000000000000
9hXiaGa2y1jaHFgMXpva9J4D9id4dUXRHjLyHev34uHm,0.669196000000000000
GbR8bGAtDAcBH65oMnXtT66QSpRQLXmRd1P6R2WNtvTd,0.668000000000000000
Gyt6ekaw4GYf96PY36KK335SSn4aZMaDesLbXT8ZScve,0.666955640000000000
9SXJ7q7adbwoEz6fpvPYy2ZGWDaWoTojTDciYtgaLGtE,0.661000000000000000
PUUUHVAnfBhVdiZnnLtpjz5eep6WDAVJES44Pt85SVk,0.660693800000000000
CsMzNus1Y4fmJFEUXhbAfJ3PLCtBBHQFDaT4mBPPCg6t,0.660000000000000000
HWbKC1kzKEFFaz4kRPWUNZh3djgBfAMg2fvQxDjqqz9C,0.657139420000000000
37SseLjabUR6HQJCCo5Po5bUifQM6RuWkD2X34PA9yJ3,0.655599660000000000
CCyhxQDiMnmBTBSCeGpLAM46Z3NmYL8ELjJF8TJkQ9Xm,0.654893510000000000
7jX4fVGVeARSDhffdSvkwWsfweCWv9T8wQkqefWHQNQ6,0.652800000000000000
3z5bAn2GvZb158suoHc1ZsFTtWLnYwrK8Nf9wDtkqmqk,0.651810750000000000
EvGkZcgJxfPPf5Qp1DUoXfG5mqTqJ8np9SDp9RDAPeQP,0.648075490000000000
DdZX8oK18DSWrPEntK43mj8WprsEXCy8ELyLCoDrR9wH,0.644000000000000000
8WxpKScFP6uijuLGRJBBrGSGSLFzfdb9TbKdM69M49Bz,0.643200000000000000
BHWpWb4SdBzzNghvP19RWS51YxVFZLkcvew2V7UixtYK,0.642007030000000000
8LEFNThz4MdYS8E2iBi8Ng3u7jv4PiC66UmYCTjFNwaS,0.637000000000000000
E7qKGtuhTMVhZYddLnLtpxEDLm2hPrMEqbaG4toEAhpF,0.636462550000000000
2HoDSc3cwPJiJuJm6Mhe6UJWuf8VvYksQsfG69yy8Hck,0.634824840000000000
BH6444WnDgrKmD1yN95vnhg2Xyes8TLi1JiNjJyTq9oB,0.633600000000000000
46doKkAr1ZWkLxxahqRU2ouxNVxGaopDBgatZgHmtbwn,0.632000000000000000
6U3TRh2sBeTcNsD9m22d3UbBvFP4EpB3QeWbJ95osN3i,0.631439920000000000
Hvv3ZEtKCTfnTJuZkUJT3tqdEi2G8DahyBasjuqTKPgm,0.630317870000000000
9z1wTnNJ86syuc6dGeVA6f2xkvKVnary55fzYqyqK44w,0.628800000000000000
2XMypBYCJtr8EQKxB2B7oMVibte2QsSjRWukhQUyyQoh,0.628429260000000000
DAKTkRy2TTcmDm89WEsP8qpb8VbVxKqfeW41qUXNDqM8,0.624371060000000000
DtiVzN6kGWgo6tW4mtQ58B9b7m8iDu2LwtzdcNuud2Zf,0.623400000000000000
3vSKDhx79fFMRWt88Ec62YPt5BD68SnQu3vFcViSmrBh,0.621874000000000000
AZA6i3QfgkEPbYdbUxGGN4fMDW8HZGAtDQrTqpm48NAJ,0.618698080000000000
3GdHqJb357Vzqb2V6kuvyLxAYZ9RhwVHHVo2j5HWnwU6,0.616501480000000000
8oEFAoqReu4pKST5kWLsQ7GpSp9jqWcyZNGASTPSajdA,0.616040630000000000
7YPFwoa6zvs8a8KuHMtDLHMwb64duiEURxcNickbTVPr,0.614298430000000000
EYcPPYBLFx3t9uor1j2RseexCRQ2CTY5vuuHyrsfWgGp,0.614095050000000000
FWQR4F8PwuNo9LU76heCrHWWeZLHDS1U2aUdkhq1sDWP,0.612727170000000000
GkFRMrZrYKJF5c1M7WWzNQzVay7d8x6PPwirnAiwjCKm,0.609600000000000000
9cVwaQ7bnVxhYrBYbKKjW7egkBxxZrmvwH9aEfDR9kJv,0.600233670000000000
CCuFKd3wQ8dvs1vAqxpXGDAdeaSVQsP2qDHEvBjp4p8X,0.600000000000000000
9VP1SxD6sZJ7AdThFME9crGtVAaUULdcJxUs1qLxo6MQ,0.597765010000000000
6FThN3K967zM6ParJwgnL2srzzPomawetF9fYXrFBpvZ,0.596000000000000000
5tB4RLPnCGtnYkWssCHzeSVfsb2ase9VfA4eeESEiBWG,0.594400000000000000
8nBw1t3BKCmmoyKSnYUzDxx8Q91shHhWSwhfJNNHTyfR,0.589042320000000000
HknHSiJzbiM2GRRFBtEiUuudZ3UA3ejnLTYo4i9bcQ5Q,0.586800000000000000
12f9qUUNJq5nmNwqVVU5TFJ1oADhEUeZXyJtGbTRpU9Y,0.584200000000000000
F6UNSgoPRCWStiDn3B3ZnQzgpahBtTEvCXHQdAXxDZeD,0.582927790000000000
BdMgfXNN3R9nSZAtsQ6UbbaeWJCf9ScFsUpRsHijwgmm,0.580142390000000000
DZF44YZVvpUqKUNz9beYoxTvM3RM8gFQ3E8pP1wxD8JP,0.580000000000000000
vjeuKiE3J14xWyi8gKc8Vy3U4aYbEgrkBsLXrjGy613,0.578318020000000000
CaXxU5wBdVWotxEdY3aZNum9hBDgEG4BAp3vtdJqp15c,0.577976000000000000
YY5RYJuZLP35QTz776dtD2afabrdZcwpTBUN2iK3sTp,0.576197990000000000
9uox429qCxqdpJWaNhdN5i1UQ4eHnAGfs33MGEAgzBq4,0.574528700000000000
XpVo59aEAoST96nTWsNxGSQZwd2xVWKy63snjHdD9zD,0.574129950000000000
CYpnG6CjW6qvHEuX4YGWDwEGRZW8zae3GLFChEmRfQtW,0.572000000000000000
ADprH7AjE5KJmSPzcUuS1sKPonP4sunNyCtwACShSJz9,0.571589470000000000
Fts4yGLCasNm4WiDpB5wvsQjiRj7G3KibsyMnTZo3xVK,0.569960320000000000
KAPgJd3pAgqJYP6P3s4L1jPP8wymZKB77SmKrmZxWUo,0.569349880000000000
CRhPojrFEsnWqShZF4KByYfcvhXanYmg87NVaRLFdP7V,0.559240000000000000
6yihN9KTLtM6jKpFVmcgD4L5ewvBW1coMmQVEfxNAjUW,0.558801310000000000
CPFZ9Z1525Lk61baZ2epenVt3Za5ptuHo6vD1YR4iRu9,0.557017910000000000
FdXnbKr9bXe2gHLHr2nZR9KgSN4dwe6Q3GWVdVGv6U9F,0.556333520000000000
CyVY5d7Cpmvqm5HWcGZYDw7EoDoHtcyS2ZRjpNWzF5mJ,0.555800000000000000
C6e88ime29q8vmRUHKyPpXv13i3q1f3oXf8N4gpxbvFC,0.550947580000000000
D6WEjMzNjDfuhDePeppo7TP5UYkZiExMA7kwpr3PAFpB,0.549800000000000000
7jxHYkjJjMuYwSSerevWnX7motubRBivZt6M4GmmMZSQ,0.547983260000000000
C53YdfcNmEPEpsm9cX5jygSnXHybWgHkNnbmrG7tuchc,0.547200000000000000
2dqWqWJyuCo2AmuDkz8Vt9xeDqBvfbGA8ngJ15df42Sy,0.546541530000000000
2hpuAYhfxncHFrbBkwRCKAPWk6BTPsAt9zZnN3hhnPuq,0.537600000000000000
F2exQvnBte95GKh6oDWdL7wn81wMLLSinRVLkvQkFFLf,0.535277480000000000
BGSSVZuGuBqRXxvz8ENEnoUqAFHtQEybzXUWwX8AEtmB,0.533600000000000000
FT8AgXmz8NYUxCeKPbjoPCeRpKNnjk8B5tR8F15Pb39X,0.533366890000000000
DxFXEJws3r2c7XQkUChyNqXt8ZpDTpkjspX7FKfa6hSa,0.528272000000000000
BnLeXDFc1ue1Wd6tLqgmgKYnw7ABKKn7g26ywuQqQVUC,0.527200000000000000
B8qnWuFaJaXFJiKYxVNsKCx3cd7yrpo4XgR2ykYJ1Q3s,0.526400000000000000
4zKR68BVhSyzqJgqh43n5TBoFy1a3K9iaiZeupfXqxEf,0.524408800000000000
8Rw1iqT5652jGgCWhQvfgLSovfeNaoAdT9P9595KjZKJ,0.524130100000000000
4RwA8mrPmmUEbjnVp6xLHrYGas7iZs8cYJKYwhi3omzt,0.518766910000000000
37skqYupoUYUoBgo326e4YfVxPqoW2RFfijVqmuzAo94,0.517683290000000000
3FWZeHsGBQe599Dr7bKRYp3S5o2qvJvNDvLwMo7JsTTG,0.516000000000000000
3wCfhpAe1Pd6VtBVG3Tf1pJNYbjPRfPqReyx5rMsmLfM,0.515416410000000000
9c4SZaVJAhvSyNJBmrM3t44gxFteDEjAEx3vVjCyNQ6A,0.514327700000000000
DukyY73KYosnTiGLyBKv8sVwpiTP9X6jUz4Saie9PmxT,0.513909840000000000
6Ld9gKaVW1P8LC3QX2iYhwqdYUkADWGEG6RqADiuUKpx,0.513600000000000000
ES7xmTijo5bWoRKn7ujH13t6jucEWxw5gWk6HWcwjEiZ,0.512951810000000000
59v9bpL7jerxUWcYhtVXc71B3mR1zxEqowtNgEpfbnhJ,0.510400000000000000
6Sb34uetorzgkrbyhFsB24JWZpPE8sW8tudhccZFHzdd,0.510171020000000000
7et7Pw6PS5kCnfx3S59F1sETNVcz72eEWntHE58CmvAn,0.510000000000000000
3GVwHkGEr2g2Gdg79fACrbLoPvhbbTyXnRwD616iAffd,0.508256500000000000
3SB9vwCPRHvDyBLHafdqJzUyadUtxcqzBqV7abYCdwJG,0.507451850000000000
HhpQzgtis5RrUsKrma29DesFrDTsNJPin19pcdgZmHq3,0.503800000000000000
6bmqkHaS6bkjGGr2Z9BUhmUVdj6c88us51sjiguqnVvn,0.502491900000000000
HijnE49AjoCb6Q2eWXSaNyfhEx88mpaAeiwgnafifTU4,0.501546810000000000
2BkEsYDtWnsRDwHYznndgzfHaEECMwuwaxnTGqhoS41T,0.500000000000000000
2ojv9BAiHUrvsm9gxDe7fJSzbNZSJcxZvf8dqmWGHG8S,0.500000000000000000
8BPVYkHFMXngZ3xi9t5X5ipmxduYupbEr4t9Yf9zdZeE,0.500000000000000000
9WzDXwBbmkg8ZTbNMqUxvQRAyrZzDsGYdLVL9zYtAWWM,0.500000000000000000
BdAJDaVBE5Mq6iqGM9Yo3qk5GTDmuEtXCbGjanEbqbMp,0.500000000000000000
EZ4Nehk6Kve1BVuwWQaTUnxaMajijegrknLazowGEtDj,0.494743410000000000
5iq3ZdRrYE9euapZasFDBsJRvMnKiu3kZtYk2peWKgzi,0.494380680000000000
79xrniyt9wnPKspUiJWDnTyrsi44KboZr6nmQfgnosaq,0.494000000000000000
HGKns3MyPsm8JSDt1m9mcLtfYR8SDpBs8RqGViGoTnoc,0.494000000000000000
Cz5cw2wd7eJauMPGUWsYFS6Ux5iFZQHoY6gxAwjpb4Ft,0.493600000000000000
HroQrv4q7MxuyY5KFe7rH31Bo8MCv7X2oDG6Vy6k37ZJ,0.491310320000000000
C53RCaFAUgamFc3LmSV7E6RnvyJDgutzKeCegoWaS97Y,0.490400000000000000
YB6Pyd4znxmRGR5sEPPqva7VNA8rrVi6fDU2uXkQKAa,0.487811130000000000
4FFHMyqp81nBZ8eGcwZtQ4RPnYhKmQZvzsB2fUxv3HwM,0.485316000000000000
DtEckzXRuQgM2XWWfAyPLWk64eHuhyx2q5iytVtC5LiJ,0.485200000000000000
6SCWnp6dqNK3ZRE1LQRmURbaX3pp5Ug8epa2mGAewew2,0.484203620000000000
VatmREUbDJnbQiMN3utMfd2TnBNke246GxQDDfTePur,0.482849100000000000
CfAfZZCGQMoM6rHMtWJEvjuGQdYQq7mwJqsoUZvuqJBM,0.480956200000000000
AKGoYKNFH5NpuJFsimefQoEmm1MozNoErTvNtK1KHKvP,0.480451610000000000
6jejsuRHMyJoYoGXNNHEvieM1YUyM2DVbnUMDbTQ49ah,0.479490020000000000
KDRoM5aG9Ncx7rBdvFS5FBQaBhGnKTxdPFQUMDnd63Z,0.478175400000000000
27a2Ax36ALmWJs2coiKLSTHaj5ZDwe3ChGtRqPKMCDV1,0.477939960000000000
C9KJX6FqgPeU2nW8KJrTrz4j46Xx5FK2xNcPVAzRH9AD,0.476595320000000000
FX5RXFHt1E14q79bXPr7WxbTwd9wquMQcn2xa6hPLTM5,0.475600000000000000
4WpmUTrguWHNMenYjkqhTTQ39TAsJoeLin3WBPY4nJML,0.471438460000000000
9wYT1wMa2tau1HLePWhwTr31B5Cn5oMh8E3anJ3b6sVf,0.470487680000000000
H2FdDQNRf6oVPRvMphnd36bZTU1fC4MfYS5k2isc4DEv,0.470380630000000000
HiyzW71smT9tKKyEt86nm1sJCBmGyvEvajipqi667wf7,0.468595620000000000
75GDHAL7pkUNnMwpm55w1gyLLBPVQQeLppMBX5FuVkQC,0.468000000000000000
HSJYteMLhQ5Y5eLBxprJpCrGCDeu5SWViXnYXLFopyJm,0.467200000000000000
7qFXQpi4vPpYdqtzGvmM9oxj3TUkaSgLP91HckA4GX2f,0.466876050000000000
9D63Wnxc5J2UfbK3mswWZCmLahimmNpTX1T8D3X9ZJYQ,0.462400000000000000
HyMCLjJD6iS61gfFL5S6ZxpRdj2Uv6XSMzwYD9SSnUM3,0.460803800000000000
HN8Kb8fh3RBV1bCbVEGDn858xqu91zTUzNmtSB6xh4AK,0.460695450000000000
12yZ2CBUiiCqfe78XhKHCv8LV91wy8sw2FXSqYhh9DmL,0.460639390000000000
CzQ5PoeZGSsgWbb2pTjAHXKNHzCtNwSAasG9v7wd2kCc,0.459099860000000000
AZwm3CWrRVFLogsT4isQxdRwYsY1S4u5UZBLPzMnpDto,0.455476200000000000
7vMoJm9ri76yDzdQDf14shTcq7PdDAuLP5c3gtebkQoQ,0.454000000000000000
Aqy5yVZBB8EtPx6yNb3hVDSGEkzMmQi62xznCPp9cDkz,0.451536000000000000
4AhapnvA8m221HXVYzirvV6zEc7L4B4VHiWjFxSbp2pP,0.450104090000000000
GcZN8Fm7VuwE8sH3ei2wfb3BgiAsk1f3A8dHCbtnDtmX,0.443237340000000000
oAq7PmGkoB5LM2gRSr8rjo7LkXpgWcm9DLsqmdDpkbk,0.441999760000000000
4DpxWxbphPmyU9PWrtW5aiPAYU3KnoHypwsGzEjhocHx,0.440448000000000000
CWVotWaEnH986A3vMd3HhAgDbV74pMsaHvNDgtsJ6xto,0.440433700000000000
9xQgmTcGP4CdBHzPDBv9xaLGfCwKPGgNqKV1D5Gcx7Xc,0.439317140000000000
GXCYXdiWqqnJLvz8XpNsqTCNBMqki3Fu5JjsxoFZed8p,0.439000000000000000
DcAYK9HptmmARrz9anB3LDgK14nppzYUZ1DKw4PbJN9k,0.438788650000000000
2BLUgyn1vvpJThmP5j9LofVirS3kiuL869EM4dWxUY6N,0.436384230000000000
D4vFyNKnTG5q18yc8ecLuf1hpr7XMqvMbt7pG7ahzYjh,0.435600000000000000
DyEQ4i4Vb3xT1FfPbdibEhfTn46SnUBNm9H7dvAtVmTe,0.429286450000000000
9ZbaQxoGKRNJoRAxQMGJuKYfTdPpi5VCtcrtcCSUn7Eu,0.429035830000000000
CCmMEfqGULEDMJjYYn65wxuaMvTTCWVDHKAQB9vPQYB7,0.424038970000000000
ByT2r9V3LXjsgA9CAyzsXHqZExevMHeQ7mUPi1fQeUsh,0.422395590000000000
GsjcATLMmYYDJ47ZDdksCRHzC9z27vUdghpcknc8mmRr,0.421600000000000000
KWDtRBrQgW7dUZfPT8ULMe1aZDiSCtYCSBuU6RFGgwc,0.421450240000000000
6eV4Frwj1kgaxEzDRHMkbn1Uoo8jD7VxgY78NDeyJ1R2,0.420000000000000000
6fjAZhqXYrJ24M9YC2Zw6VeTogpwimMyrSW7WdgHJiwp,0.420000000000000000
5ExWg1b4Gaq33DzFDvPtFVVUCKVoapQuFr6JWrtMc6S4,0.419452580000000000
GWba28SiNhK12JoT1k3vmkJ6uQzUdWxtcEKt87ktjYen,0.419169210000000000
7272mba5LVwhHvsNfJtKNNCXHyoAB2j7ASptwCqTMokV,0.418714000000000000
6dfgyTr76cdePbP58iSq7V5q8Z3whwWyYHgZeq1LewUE,0.416000000000000000
9bF6SBsp4RyGDEURhajFfDcpXfnoW7wFbLBuaYRxoJsj,0.407800000000000000
2WgVPbt7ejXD7my2JAeU4tffK3Hxik1QAp5jiJ9yWeSr,0.404816000000000000
FrmGUmwo2L3gC7G9FeNDL5jniLeSx2kKZerRPjEEm8JR,0.404800000000000000
BAD836L3ufBiUHxYL8UzF1jUqQQXQgJTFM5A5NMqEvQu,0.402400000000000000
G1UNpLQHrXEZWZCKUrwKjp9RSUoWg2UMQy62PhYrNcR7,0.402400000000000000
FJukXyZyguSQKL15XvuicSZnmgVJSAaDyxHw7esvcQ5G,0.400000000000000000
DEBRgokuYUoPfyiGT1udFvEvCDqqUejPnBp8wpBzMQJ3,0.399200000000000000
FNbbR5UfsrdgnmEimrq9FuhxPzANSe5zTi2bXGdffQEB,0.397400000000000000
AstegfHBUC9doG9sq82dFuQLmYcVHGMjQhWaHWLFeZm5,0.396356820000000000
8ousjq3egcM8kxwis5YHkbAaXEtdC4A7BxHT9wS2Nto5,0.393130740000000000
EvN43XfkczxXvd9gJtf3c9fB2mwhmouh8vYHf5v7zenv,0.391383850000000000
8asx7SQZMs4eVBLZai8EPAid3159yA2SQyQjXs393Zvp,0.389831260000000000
HSLroNYvgZUYrnC4KuVa7kdAtNVTVSkd8DPdVEWKb1VN,0.387847700000000000
6FJKRJCmb9uxovJTtv5cTPVa6Qsh6y45LHG3E8NxbsBx,0.384744010000000000
HqDVxCtohWhomkwKyZ8YDZFMWfaSzCkKDW5E89gXCRtY,0.382600000000000000
4HgGzb9b3GjhVbeDSaCvcWrzEK132JGTbtg9rxUfQXzs,0.380000000000000000
9wh2YDSB2mGiJd6SvZ6W5eE7LnLuxnv3L5idKjycQgVj,0.373080170000000000
J4jNbm6ZZr6VkYcuN2NQsLgKwuj7XzQhPXvP4cnpYMV6,0.372000000000000000
7JKE6o625wFGYcH17pfv6ZnntKAmvwaxq9N7va2WHfDM,0.371305430000000000
A7cfsLSnFJDDb8PXfi3jaCSxMZKiUC8RBdML4wndSbvb,0.370875260000000000
BZYLsjpfNe43TsXFmcVMbbjcUsgESE66Fi7gugDdyYi3,0.370197470000000000
Ackj6gdFVUdsYYV1yzGe6y8zTfzZmfn613wSmXx4vdf,0.370196970000000000
EGF1HRiwKVawZ1xRVpWiZke1u11DxRHbXWruR1Lt7r2W,0.369600000000000000
AiC7LGKEnLXGGttj14FeieRnsZN7i9tU1q7h3gaqvNpf,0.367387550000000000
4FXg9Qajfcg72EwQGcwrmBLRHgKLwGAbv3SDzKfxGYcF,0.367200000000000000
4sdcftFMHFf7LbXoqbASQJjNW9bejFnLXSkpnxSWsHvj,0.367019480000000000
GnAgj7guTW6H7oWY4zCmkX2oaxCMjG6dxi3uomSFzdBx,0.364887200000000000
NDzZ2PtrHnAMmqroSTHrNT2WMvhkcBPRksvMVkRgbNV,0.364800000000000000
E3rZoJHTTvxKFTP22eGvwg4XDo3MpE9yDF1N8FKg5txk,0.361117980000000000
GAudKFYChXhTM9dCr99QLxWhoe69jKJckXo7BfaaHpDo,0.360224510000000000
4nrd4nezktLXv3tkZ5N9HjFHb99SG43iyAtc7oVFXg3N,0.359410000000000000
58SHSZRE2wuB2EktDsJAwHvmySebnpMTZBa1bBY9qfvS,0.358248550000000000
FJ4e5N9yghdnHysjDAbUwVzbfAfgVPkfZ4H272bzJyA1,0.358137040000000000
GJLZCtMRuq1eSYqSCGxELVJivemLzTJXzvjzwCM5u67B,0.356021270000000000
5rAsfvSwXzYaVKGPeQ9q8brPwEYsz5RNMPHzS3FfmNYy,0.353777400000000000
F31LM2r4k674eJsu9wHkQqfk1v8dVWiZRuz52W7RYrkp,0.351200000000000000
AMepCzGTmtMUVAQxjUyBctTwbLZiCniyM1VhjhuHi8tb,0.350400000000000000
8ZddiqLGwotLYch9YWpchjcPNGAt5CSXy6xF3TVXViY4,0.346696420000000000
7hBsKSizQwHMTouppzrQwpfWnoeEQzsq7pToQuGufsKG,0.344684010000000000
5GjgSacgkrx3rk8FgxBa5SgYLwjq18XvMhNi2XTUxeNF,0.338780430000000000
5oKKBxG1RG9SmPiEhHiPvK9P9nin6JwdirVRcNvu7D1k,0.338413730000000000
J6W6ocug3MNane4V3e72bKM7JiNF5YFkdLpZVoZBmpup,0.335863760000000000
5PAw9ZgRV1xQj9rwVBWFHRBwWetriDFfuhecxhg7eHKq,0.335200000000000000
1217MnvPrz2TLr8GaNiALRSeNEqaeFF3S9KwN4veH2Py,0.332000000000000000
7eBd74Ratu34xTwyGLdoM7q4QDT1JcJXydQF8yM6Si9Q,0.332000000000000000
D7uXGafUmVmXFMcP8qyw4MBmAn8ACUW7vyn1rwPKr2BN,0.332000000000000000
HuVtbEExBcea88YKWVZXR9cmeRwcYBRpVH3f2jFaDzS7,0.330400000000000000
5xvj2H3NAREFTLHXQPJXiv6PS1PZ4T1ttbdJUTBEP3nR,0.329580750000000000
5Tz89yPMXNuqKuhayTF1TigLp3cYy5q1pFMNu2HZqF1G,0.323200000000000000
4Sz8h4f3yh1B5sxsAVRNeqy4CBEt4QQfQKknSmjccnKf,0.322061200000000000
FbQgd8D3e8AZ6c6hPqQU18iu1kopn43mEX7qCaj3aNy1,0.321788840000000000
Crz9UTKFdmRddE9k4TB97Rzc6VmkEviJYsoe4hZGGNWN,0.316800000000000000
3cY7GdfquPhmmC1y1sXiMBwnU4jUj8vjMzHfK17r2tMX,0.316000000000000000
7cCDSNLhuk3JmgRpeoMRQGsh6MsJe82mXCVRt3YXEKqC,0.315265570000000000
85aPd5hWcY1fHuHnEthyxbFAsNSuE5vuhV8RDV57Vwpd,0.313000000000000000
9MvNnavEEhVzcCG71iJPszBWtkkj92jBfwdwLUbGfgGX,0.310400000000000000
6RK11GFxPAJPwaH9MYJkraUvjfCCfZWNGM85oHF19RCB,0.309256000000000000
AJQURY5Mt3FYTxZL79s3zA3PNUR9ZhChi9pYTfzEuYEp,0.307600000000000000
H51c4azJs1qVY5btFkG475DD9AY2ckbtya57oMQbbr6D,0.306590730000000000
8URqtw4WRyAFebLaEKRaZ7UdKLxfoLXha2apV8sXNbG6,0.304367060000000000
DDZEbqBdqvkkxE6qQnHXNxDwdF6hoVqa7aZUruMMrEk5,0.304000000000000000
HiPeABKMWFs4pMJ4uHsQMG65DwMvmgmNMiBUiGXLGyGp,0.302400000000000000
4sNDav5Y5QkP8eAZpkGE1FpnvGzzrVirPLELqpdWyU4Y,0.300000000000000000
69pisRPVTtRXGA14qKxu6DDYZfEEThm2LJK2bGEPDcYS,0.300000000000000000
CMkdnYTM1aR3fccpV9rvTVzRgpun7p3Vz6cTnDTCekkr,0.300000000000000000
FfD2H9jSG2GttZFWBLuCi8bbrxfVM8sL8j5XqSQP85tb,0.300000000000000000
4Kvthg21aEoMBqvQ6ZjQ6LqpKqhGTkEiVFPSonNvCh85,0.297400000000000000
3CboZHMsntX9sqsypusi2CATMgKACCrUkrEjsURyUbtZ,0.296192000000000000
EgaDLdXu27Xo6HpkfmtSEZob2dqLTCrgsHbf1bU6aQf7,0.292173180000000000
Gzm99DuRZZ3mMatJ1SSxAU3hsPAjoGak4nxkKErXJ5mi,0.290087820000000000
Fs8Y8yfK6eshinRhiBL4gsx8H4bf2ZbU1VoB2Dwk5omP,0.289800000000000000
FRn5KvtAifntjVZCaeEjZV5bbcfHoYHRTWN24FSUzZFv,0.289436000000000000
Eofdw7W1GSEK1AfxPgzMb1MFomXiKRjmhF14vmHghzPW,0.285928810000000000
BTVKR58Ey1h26yB4FiLjzsvQV5qcxBkMJ7VGkcDqV5Mt,0.277600000000000000
JCUxj12s3dv5LE2w1An3ji3uk2bqxDvLzNN519ED72NL,0.274800000000000000
A7qMmF85uDf5YDo4krrPsRECCjrWpoVth53iSAdKv2VV,0.272873720000000000
FcJDRPFwz8qMG2Qy8ujAYBrpgVczNr5nWSuPkCvVP9ab,0.269417790000000000
7RDkRXNsBVBDX5h7jZRPo878kJ9yWryQ4PVwkWvpLReu,0.268800000000000000
85JwBppe4oygZAzk6pp7Qd34caSasntEtACHm8ce2ghw,0.268800000000000000
E1G6R7EEmcV4oDiYqLGB2fYmyz8ikSBoWqHKBgcChLwm,0.268800000000000000
EgEE2GWmHe9mo82yE1qFGCYnPg489onc21iWXxwhRRto,0.268800000000000000
GC9fQ4dRAoeEgGDTY6ahxHLetnyh9i9DYEhaLZK65z8D,0.268800000000000000
GMFi77qRMKRAiw95hddWzUNtnghKWkJ7QtWN4wm6QKTm,0.268800000000000000
HKEzSwma6tmEhVYLvSyEELZujqT1hmFHWw3zhBWHARNy,0.268800000000000000
4J92d5gmMSVTWaLYFpnyKpts6ijfDnZWkpNvCCFKAZTx,0.268729690000000000
9UGEjgcFEY6FfCgKrR7vb464ufLYsxPYYmo7qnRqRk4D,0.265735340000000000
GKTrb9moibFjHyjKW5JAeU9wbKt7eZJiNVf5oFMfk8CB,0.264177240000000000
8fAqiQK79n6KAh2hqxTxSAZbbgLThTT6WZA46hGFfbK,0.262494590000000000
kUWW2yugTwTTxU4XjxqiAGeqjWk6uTXs8VXUrQhuENB,0.261713130000000000
6SwG8w2FrYgS5RMYukwMVK8WWsVPczhXnzWFFqgYUjUm,0.261270000000000000
25x8WrrskxGerttjwqFvNFv42N3uaDBF2gdFj9935qf9,0.260000000000000000
EGMNLcXBN8VAYvJRoXxTZF5YRNMAvh2V81JqnWyzzLdp,0.259580450000000000
6b4L53vz1Jeokaj1bPxxssVGRohQ6JnAve2mmxfTauS3,0.259511050000000000
8M2K6djVcA65HzrLgSxceEdhZCSwQSrKQidGLsthmzMy,0.257357940000000000
64CKNn6ELutuYK1bSwgBSpXtmoRADXU7KxaEd2KUoE2Q,0.256800000000000000
DmXgfnZD42rMsNadNiLtJbYbFP4x1JQD3zpubnJbkKkf,0.254800630000000000
CwHFgfaUd4AiQqc9cGZF6gjnuWQnayDHp7dEam5DAtXf,0.252476450000000000
HWLZ3iRyqdsCaXKdkeDY9AWQUSLzD4DBpb4Gy4MicP2c,0.251459390000000000
8a9ZgRM461G7EbyD8dg2eX8DX8qCReXg5pjwfqPEtrNQ,0.251216420000000000
GjxQimrBdNnuK49WeSQxoizVi48xNSMaE8ELQZLoP4z7,0.250515110000000000
DnPPBuanuLBZREyJQtkAd3nm7ZjfGguCKXjwfUKfQhrd,0.248652360000000000
AQgKTRV6aTzzQZn8zkKgfmpjNsqsVQYkqZqPe7jrH3zp,0.248498700000000000
5QmaBR2YU5ejUgEuXPvFv1XjWMrGdebFAAjb7irFt2sj,0.248268950000000000
DyhjqwKzXQrWsuY2rUP5E3FvdqCvNvq9i36Cza4pWf4d,0.247840560000000000
21dJa51LXbVawkuSQBFYCQUAu9sGxT7U3P4kVtvjpbCK,0.247800000000000000
BAypEmhp99Ju7iNQg231DqjaVdBLMgcikKgUbvBiJXk1,0.247141280000000000
AfzxyZQjvHUjd9fAtnSMDyFmckjKDhPrwTeMfAfS5Rib,0.246967380000000000
9cUNznC5pkTrfLHcYrc3cEqYtDKz3u3U8xbgPr6FH72i,0.246568720000000000
24aDtrZkAjmpLjMQMC88t4KjDdmbQgEwUAC3fY9KyJoG,0.246200000000000000
AeAAtRqanuUDnYaH9wHqF6VmVaDviJ2XzZfMbj1znajK,0.246103990000000000
3TZta29tA9U5rV8HmLjVffK4sVDLwN298DprbknR9DYw,0.245588260000000000
7HnxQAPkLEH5t5WSKmxXSpJvwSh29e28Jd1FTZrqwdGM,0.245459260000000000
CAGjQMgmC8U2r3zEDEjiwZwCCCRTg2wZk2S9f5RMmDGc,0.245411150000000000
8v9PS2v3wb6G4idCY4JYzxtfHuaBVGFyKrnGJEu1vDbR,0.245010410000000000
Gvq8nDnx6SYeJhqhsXD3B8vnJUy4vzAJZfRjaqpSaYVb,0.242773540000000000
58b868ZVoFbBJRyLZSD7pXEReR6pLz4PnaVP4MDhBXbY,0.242496580000000000
FzysrJhqn4sESw1LYNbNTwjuKYRNDGiGEWjJhS6z9yjH,0.241586630000000000
BitD1cndDhzea3Bc4WhVX5nCuzYyivQj8cCG6ccB36oB,0.241577570000000000
FMQ4ScDaRLr854qMahiNWk1cgkA49x5oj8N4EXEGVW8W,0.240913180000000000
EcgrhbBdBqmJqztrR2DxL8dyXZXNv8WwNXwoRuw8mTwW,0.240308430000000000
5YPYrfeT8nj4yuiVftUX2Uw1FFK6dGXp5DeiVnrLjK42,0.240241950000000000
2UU766poWoahm1SV6fBCizDhHG6kr8mzCZFvH93GRFxP,0.239591700000000000
BW1SiQwvsv581vP8MgqovYAreUmqoLUUctYsU2pDM9id,0.239275130000000000
CyNMKJUxJ4Y75LnQxaGCjyTrsivCPUvirL1DipWqyZAy,0.239167590000000000
EbwA5RJt8vH4F6drUqQJ7ABHK5dFy7c9s3joc2GoduWq,0.238626060000000000
2s5CnTsTUJrYLqjgD6MRmcTBsYpWgCnJXWSZJhvS6dwU,0.238043480000000000
65X4fyzAKo7CAkH3bJYcAkrrUf5C1E4FDzBwKTfiJ2gd,0.237898810000000000
5uXFocKwpwRDmEZAkYHaqpBTjniCToC51LbdN8fFAVP4,0.237163250000000000
5MMQ94Hfrb9eVsdG25K68MmWteYndHuwR7gpMQhU3R3S,0.237079970000000000
ASHqQicsyVXRKKkmedw4V8DUKuC9hKx1hAiG8BhCDuhL,0.236701370000000000
6ZqZS2UZGN94dP1vXufvFmDagjVMgix9MTdZWBEwRiTN,0.235449330000000000
4piVpFyxZv9iaJ1fJ4TJDcUUUCkQxPMgjN5n4YnuwAts,0.234539550000000000
EHizEpTKi9Hr5EPxXZJ2ES6YyDZbteNCvzs8XBBFuLC4,0.234537130000000000
9LaKu96662HRuJS8xzNPC47CfXeyaVsrkDVfmD4NqoaD,0.234407860000000000
Gy3igwrDoqRQ9uawkvFjt2FKGFT3LDuw9Z9q3wN18Tpm,0.234103510000000000
BcgEsZAr7vPH2HVoxcJdwq2sfnP5zprbPMNkooVPGWBV,0.233542440000000000
8DgwxZQ1NgKPZVfcby9FbJ7YdAkcfqjHrNvwTCQEbbRC,0.233413950000000000
GCAHQbpDvaSK69aD2Cen3MWD6i24qYos7LMnWPDg5QCx,0.232842290000000000
62Y1kFbr2MBGcZg2sdegexy4QVrV72zNVEpTQZfm6rio,0.232747780000000000
7ZohQXzNtbqsD2TZMq3LZNuMoYWkbZvqfFUcyhE4uhg7,0.232504030000000000
92H5f8wnKpQLzUnvCXPdvb6rj4dkymhqVb2i5YWwTxUL,0.232296340000000000
2usz1dtRJAfsGi3FT3A76MndQB6TZNVJ45feuJsGhNW4,0.231781300000000000
CpNKjAfR7PU9NqC6iR8upWwxo8Mg8u7kA8XsNzKDLtGn,0.231639690000000000
HrNe6jcWUEfFTqYNjLVkCyjXjqsv2iz729GrfFs89KcR,0.231422770000000000
AYpfHoHSnRtzSR7MPYTHbAJNr6VQLazU8iRP6wub3wnU,0.231333260000000000
9L9J4qiBoma5XsJCehrjaaTDBY9UeXoZfBcmW4U5dzs2,0.230162140000000000
C9PvvJxaxq5H9JygTK2bpNBMt57U7MRsgtRRaEHtx5Ri,0.229710870000000000
NWmCayq9HXFADbJcqY1NumEp8d9soTb8ofRPNsxqk9W,0.228290780000000000
7KqWwxfathTjgH3inC4Ztj8xNtgotkWKg3BxBjfYN3LR,0.227118180000000000
CDsDojzyYdmpHATXVcQhomjR6YNLnHmGeNNFwPMHa4fy,0.226151110000000000
Fke2WH7Zhd6CCTRCeXbVs86XsjfXKN1DnSXuikkEZb6V,0.226151100000000000
4LsoCkUkDMKjASe9BQfLUUhncPQ7FRZXg8obZqDTGuik,0.223342880000000000
BDaTTBGAmGzVTVtzZWUzaQnyVB3jYUrxws8KLTWFUijV,0.222948170000000000
8TRrRwavJ1vzAf99cjDiHZYW7MumY6mjzJ5yrKegYvwb,0.222600000000000000
xNL38XzkbSbBsH2C6G5dbTh8Zgipn9L72E57rNeh52v,0.222036480000000000
5G4nW5ZAqcrtWUvRbh52TUzXeVarS5W6F5UrHi8gNHP8,0.221306270000000000
dkveAstv8QNPz3Tgcm8MNbWFKrywx2ijAQrKu6ymwjt,0.220589510000000000
97Kn3aooMHswcfmt4BFhohhCp4HtZuSwAUtubmwtBbCi,0.218365700000000000
FVAuqsVpv7bQCrrzxkwdW2qkjp9BBwDaJADUhXz6txN6,0.216380780000000000
94Y8H64b9SkVKUVaDZ6nYpEeVVAufL8hvbT3yLBu6kgN,0.216000000000000000
H3AF7dBUh8vxBzLQBDe7Xs8NMjUdqGAAxG2mvbKYLVfZ,0.215868350000000000
Eyfj5uzbtgN1hTYB4fgB6AaUwUeQfrkLnypLABeFR1rZ,0.215824730000000000
BiQdAeTEpRTyDZk2wvyxMFvKxzCtuLApbNSGAi9tfqaG,0.215821990000000000
GZMf1jTyTKCNNqs2v7of7pwQJdwXimAWHAtof2JksEpK,0.214800000000000000
J7SrVpAeVRzDumExXnCJZi8LUBbJdnidsk5qg4iTfCUc,0.212382140000000000
DgwATJwsUJG1tYP51QQ4qZmwVFT9iQgG7v2YuyGkBRHs,0.210432300000000000
Fs3ndGcnh8w3K7ScfckqxE2H5UMneeDdqY7YhdF77rm6,0.209200000000000000
DXjsYiaBxR5a1NV61uJszw53aCVV2WMRg4pEbAQeeDxD,0.208440000000000000
Dn74wVyq6n3bkGCMZhxcKdgPwwCjMU1gEA4yhMUNuntF,0.208327020000000000
6Aqkg4iABPiLpszcJMr29rg1bcvw1hLJDAvdD12XgZod,0.206125630000000000
UPeMsys4AFJxVccVBW93SAEr5gtXXs1oRgv7XDVvmoD,0.205158760000000000
BR9iz2tpygLUSjZkqBgivhCVD2Ftrb1He4L7thx77eJS,0.204993750000000000
9o8e4GPY8RJ88iTcCNthHE1Sg8r55a2BhgD1MC2ndCXF,0.202400000000000000
FycwpsZDabyPKhMfD4GoCf1KKMQdBVWuxR2P3cHU1iaB,0.202324090000000000
9Q5ZPQSZfSNuSbxtLogdfX4NFZ2iCLBUXTsuHi2T7q8Y,0.202000000000000000
GcpteH2iZm5zA7ScrThYaPVqs2CNxCxhctDxu9LMfxMN,0.201734270000000000
H2Ti4htwWSKQmH5FySba9d6Nt1pgNX6LYpdo3vRTicHj,0.199700150000000000
FSVjquerPmGHEsTPt6Vycszcdj3rpHsBVkdxn1rFVv3w,0.198005830000000000
FA8GY4LBx5hyNp2b3iaKyqrQytjssFCQsLijkWh4LaUY,0.197465830000000000
6psKvjRE7WwyQKBApjwuwy8bg8NDB4Mnhgtf3JnyJpFm,0.196586450000000000
25woZt5MNTneMjEr5qTXf5xYF4YSd4zYX4EXP4YpjpZ3,0.195200000000000000
9ss63DwKFuokm5bsP1Nxwba6FrpieM7e2aB2VWDFZQ4Q,0.193868680000000000
69ZcbgKpSxiv6QHdp7DpKzgTm1W3ZsZMdEvReeh1TXzw,0.191446610000000000
EaCjMVmEPs8anpQLjkjbXxPxtFzE869ikTzy1FKsf4hX,0.184002250000000000
3tQ1NvRE4aRH3gZqTEeiSxBfcqvoDCxiGBj5HMFWwun1,0.183750830000000000
H949VKcRTXrmSa2C57vLvhzfgtix73vWXNdweHxJTz15,0.181641380000000000
7TJ3Bmy1C1VFsEcDTepKEwJ7rxRhGfpfv1yp8NERM1ZD,0.181600000000000000
EuUeEci4Gq662vFp3PpqY4c6cQRhYNvNHvyuogQgoaFp,0.181323440000000000
BUamSGu2X3SSqd7UF3f7URhfr5XUQxyL3B2bkZCQBcWH,0.180800000000000000
BsoT3DRYNYjDBCPJ6V36qCgEDBnp6wLGYeSNXvvYLguv,0.180307830000000000
EuLceVgXMaJNPT7C88pnL7DRWcf1poy9BCeWY1GL8Agd,0.179532450000000000
fTTedB6KgpLxuYDyY7oWsP6d65s9K3ptnVK2TPWiHqR,0.179194120000000000
4pdqojsTVgfKAZS81cs8uQjEi3xtavEU5iRfSU2kDfiD,0.178800000000000000
4QhsUwP5DHeVaqK9dWQc3KD75c9qAzZpKeEGNMo8d16f,0.178247940000000000
7Zj7HZJBZiRHNe5DaxwhFGycWQVLg6yCbGd5KKLzbmQs,0.177742630000000000
2D2Ggz8Bzepm3ZxRLQRP8uLfUw49h1CUNnbdEjtTyfMY,0.177245470000000000
GBK5Yhtu7yjBER4JHvg5FA1LLNxP5SiHERK7rQ9aCnKW,0.174026820000000000
B1U1ZqKpnLs72dxPRs6SLa3CTvPnDuSLzp2PzACaE4XV,0.174000000000000000
4ekjzPitAT7zCNmNEfEf22R9C4xZdrLc8MaoDGiZfKpV,0.173600000000000000
7dWFpvMjtE5W3zj2DBxFtRisn4kwE3mkn6D8dHPU4uy9,0.173404720000000000
6UQCRtb8G7VvnYX4zqFsADA86o2uLr9sqCNBBWoi8DLd,0.172800000000000000
FUUDqyTnTAb5j4dYY4YTdbdb284yR5Xc2oyd2BgjCxyS,0.171800000000000000
4G8ZkoKYubzJjHK3XUUySD45fEoBg6KdyeNqs9Qt5M9z,0.170000000000000000
Q83gyinDTrmAVLbzr9ARKiXmPfT5qGncaXE9LEL2hB7,0.170000000000000000
HvSEtWvPEQduoELAoo99F9YWMhMiu4YYq17FE5WGWCwB,0.169208000000000000
GTe2Mkbpp2Zkxp2xZPw5BXNgp23GqXciEq1E9zqZgAt1,0.166306300000000000
8EF2mWF3Seze6w323mdzBv8t7DcdYGrmJEiL9oS4nZN,0.165030400000000000
EyUfWxG7kvtgcei5C5XENwm9NkPvLHgUi2YLPMMShJHe,0.164031960000000000
9253T6AaV1fstsEm5fVwuF75asFmweMgSSw4Mp36nwLc,0.162883320000000000
3ZwzRBHWf8TUXhozBN1sdu1yTHq3Cmn64BJRhQaeixWM,0.161624680000000000
8wZzGCuKW5ysSKjbrfCpU21Gc2y8qgnrvCcDLoK1gjw5,0.160801540000000000
2fw9SCszPXu9Be8PecXrE4bFpe2yFAYWz8NqXBBLyZqV,0.160000000000000000
AzNSzKBQL2HbJqwPodoce5vaDmavLgeTgyxBv1iRTFmN,0.160000000000000000
DNGpBrc7QoWFQifRDAsyy697GFv1JJJKb97oKPSEQK9M,0.156946050000000000
FEtaa7Qnmv8wnRuf6iLQDLu8v7rYn1athNKW98cGKrYT,0.155000000000000000
2pmHXSm6gUxjuFd3Y4CseS5VpFumoiU8qB2qxAe6fZUJ,0.153007320000000000
BkebR37KNg2xsy4kdpMtAhoSwz1qv63YmtVHGgBBmoaD,0.152177430000000000
AsdahgG54p5WcYF2WQckw7cD2k62ky6gKyDeJRVKB4Eb,0.152173120000000000
2NQzckTobFQE1K4pC733TpkYnA4FGF1qYS55r82CXJVs,0.151200000000000000
BivpnPahoeHvTJuNfhqtX9fnnzad2S7y9QksYjGZi2dk,0.150000000000000000
G9FKqgo7yEi8chRdd8Wzt9SiCgW3gJmkhxNvPB6NaHgx,0.149992960000000000
3RvPgCBtRqR3c94qqKWFMaC6pMWp8C1KgEYHzLiTQdgC,0.149906550000000000
7DHxgFEkj1miJc1c2dCCKQnVCFXRu1gH4VFyiHyJNx4A,0.149408090000000000
CABx7u3PssabhxgojXfg4Vws1V6S8qBqjcHzMzs2Atqq,0.148890500000000000
3L4Xr59pJbXMpHHAobwxcDys2Dn3FdPaTqS19YnYnKk6,0.148870900000000000
GwHab7o3WvYh5YuVQcbu9XeLp1oRwqpJZL8R3B2y6Ude,0.148868070000000000
5Trz7c4mtB2dk1BZHhhNngd2tetGfsCh1ykLVJGViDUp,0.148593350000000000
Hkh7sczWwHosR3Mnq1Sg1G7esnVv2WBAqML246PtYZCX,0.148109760000000000
8fdzcWkSUw2T9HrieiDc8XTzE8WEahGrXXb8KKZHwcS5,0.147553230000000000
D2bTYXZa6wFN6cEtz2uNdzNkr311DnDSvhFoRypv7vQs,0.147346740000000000
G59j2kMF87zyBjdvZBnsQnFJSovPh5R3oUvDHPrPzmt4,0.147315160000000000
8fSqc4W7PS1UCZmE83ADQCA5GkQG6bFw8GNRCgC68ipe,0.147056950000000000
5dtD1Uh2MSbvgPvqo6Eh5gKY6tnTH3654YWdbNgab6jW,0.146419250000000000
2sWnjEMLpY1ETKdQGiRkqFkTbHx8xKB9DtjHXMrhbHWy,0.146398310000000000
EJxg8MggQT8cs3xWbSZJE61jpvuG6PieDxXz9YBuzurf,0.146046090000000000
mS8A6Y8LrCyqaiewoc9tQWb2CvjG4zLbQGm87oP7Hw5,0.146044400000000000
2Nkn47UWHpGYKRnrKP3MYoWAbA1HP8vmvpfFNqfnkkiW,0.145611720000000000
H8gbnQDKPPfY9XmggYtN9NFBciJX7BaatCafRbcsgYso,0.144953990000000000
6TWswn6chypkj9FmGUfuNdNPE8PPj8nCgirHQgYPu1oL,0.144909420000000000
9gG8zS4wCMkJi5GPwyQBcPGDNV2r4AptU5fuTb1Gk5kg,0.143456630000000000
89GUBxxhkETFdtQpUHY3quYQ3LA97oXKJwJZUQXtMq44,0.143329330000000000
5CvKdQkRctaEjvq5rgudtLjW9vjLzm1WUtd66TQBqcqU,0.143288750000000000
EbDd8VkkoiksfdN6Wk4wwQrZtzZmK9s6tDwQJ53FyhZy,0.143281070000000000
5ckSiawgb8XEVpwuTGSP4S93vFirt7y2Cy23bGtRNS3j,0.143076240000000000
45sj4kZrLSr78juis34JYbWtdnU41EsU424gjyRkUDSk,0.142565310000000000
4pDycN68rvfBYxxfgcQAz3jcnhUbv4Vi2bpEvb7Xdop7,0.142035980000000000
7yzyC2prySdC247DS7J2E9hLeWgGqFTLtKGa3mr3miu9,0.140808590000000000
7fn5pkr1YH7tb9RfK5FNBahbTE5oz6WTszwa9VJan5Fx,0.140577420000000000
4wHL8oCP3wecJmWsViqwuUMNYU6XNpYp4aBMe2hw1aGs,0.140000000000000000
8xtFWhB7Hc5pnyxb4MA5RY9cZxXhzG38G68s6YTk37md,0.140000000000000000
BhuuGjSH4ycqgXv9D6FAD5opPtBGT1ApWJnvZBhEiq1q,0.140000000000000000
8EyEcF8VnaZo7THifsVa1itKs9NGNS9NCtpwPAz5uNui,0.139525990000000000
9GnNpd9oFBsXCQHwsDgEf83jY9GBTb6rfi69fqtBo353,0.139393160000000000
aq3MdFZFoD7qNCWrEv1CSPTdzNDP4oFeeYcdeS4kp8h,0.139192870000000000
2hfjW7L9r6GGqnRdpUPjUoEa82r16AFHE2AAAbFqeknL,0.138429550000000000
6m8ScDm7uS3Dp6WpCbqVzYHQyF2KCq81hWR137pAsNhQ,0.138115450000000000
6eyH8Gmwh8ruTxrF9PajFxwyy68Eq7qS5kYEMfLdaNA9,0.137945890000000000
8HpRT98AuFLWjuPFwFfK8pkrHqibGk4uXWnvpWxpzXem,0.137856000000000000
6kA1WywZwgK9oqRVXnAD4mFYAzre9DX5AMAERKhTUMaZ,0.136950140000000000
4HGBuFNQvK1YRbjTtkrchk3jqS1chy6d1B5ztkd5WzcU,0.136772560000000000
F7oBE6r93CW7TtVxBis8q9kr77nPk5CKUD4hpUCk5uDZ,0.136400000000000000
Ekk8mpRH4kdirKo11zX52z8FkUgLFc3Z2LBk6SbSo7c,0.136207120000000000
94ffDMifzR9ZADuL7chAB5YsMrr9Xpd6Gaf29SyLSpmb,0.136121620000000000
3Ewpa7ENMrhkHBdspGrGvLsJozAtpL3QqMuNRbbgjW1b,0.136033200000000000
HSh7wjdC2FjaMNMuX48xBWxtMJ5EyJsxmZQnSM3WAWfS,0.135556210000000000
4pk1cMgbZsUY2txgDyXD8Pypm6kJGW1pZwqJeM2yD6cN,0.135400070000000000
BM9CcyErJcu2mjrFvUsRRrD3snGeHDDVirJLvL6EjvMN,0.135191690000000000
2TnmKWJEYTRrt3UUa1VWgsscjL8tAsomJsnU7xykGrnb,0.133729640000000000
5wFGCFTH6AEnB9XdjqTBK435sBxKJR2xq6hTnoe798jG,0.133500350000000000
Dwgp2A34RoucZ8XTurgyfurF2dEEinZo65rDVPsKvK7s,0.133081710000000000
BJZjNjCqoGguRACvvZAHxq3Ac8c5sgoNSv8vokf2Jz9X,0.132800000000000000
Ce7ysHqyqNGbbgVoDsXAACboipwLZikqkWxJtzhfgoEE,0.131130350000000000
4ChwhHjGEBrFzbQsuhNqWXmGM4HRDtQkRQzamw811mR6,0.131026310000000000
GbbEyK4WS28sqoAzSohryLdLDhYZwjn4yznsAmpFBUNs,0.129745640000000000
FqxnTBN6kPnMAdRg3DgZnT4x94zpNky1DYVWw6MZ2ocH,0.128577340000000000
HQwLwbYVkNmLNKZM2L3hpHZGvQTFfZvCJjwTcj1Tejnk,0.128000000000000000
5csg2GfFziVPnb2hQkebE784GmJMF2eQjitEFoVPBtt9,0.127495560000000000
DUZeRN6fpJKjVKMtiidk3Xf34kA8J41yjtktaXs3Y3ei,0.127301810000000000
7ER3comjSoDDeLh8eEoQLpvZibVxPkAoHvu2yXqfrssr,0.127266380000000000
BrCF3dHoH3V5QhjQ57U6NRCDp4j9BYzdmyXLJVawcozm,0.127217000000000000
2eo9h5KyVKLXxt16HjhjqeHjXkwk3TyR7exiTeMs18sN,0.127186280000000000
48Wm56K2jzTj4QUcrLFey11sXCa7M2hDzffFUhSjdVha,0.125600000000000000
AXaY6ZhzKPPmYJmkbkPuYxtXmycJVG8r1H6dpYrgyJV5,0.124780040000000000
QvU6nZDHjKH9KhVjwbGeWcZNTdKrYNXoCujJ2JFAvgm,0.124668480000000000
GFtEyCY3G6HJ3SNzG7br4GiGP4T7eczDS59r98XqXQCG,0.124600000000000000
6vp6hUiZGPJLW5w4TnhHoiCWB5qCMJcoFqCQo7QmE1Vx,0.123777820000000000
3XahqF4NGdHTAkuPb9k8XEzb2NiMPVwUneoQvjBDUT2u,0.123243750000000000
4g6DGeULFHJTWfkxN6or1qPzsQ2RK3WsFYQRH18zjQBj,0.123000000000000000
4STwbVHmt74r4cUKBbkAQdua6T5AVwuaaBEHdmk8rNTU,0.120985280000000000
5y2zWm2HXK6yq4jDjDsk6DdBJZe4krApU56p75GZK4Pz,0.120496000000000000
9x5qHLLH7ng4m9E1s52DPTrVAWJnM6MAE9N77v2UHx9k,0.119841650000000000
51gpcjYhmBNgUrvJLKeZwzMgLZGoC4mkd87YH4s98bJX,0.119299210000000000
EhwBdm38Yssx4gceGaYHdrN2c6rBRQMAKnBHS1rkSKQK,0.118478750000000000
3bmM9dW3kqfZedK7nLBLWzsBPwy6bRePNyVWUVStWY7U,0.118310750000000000
4Un4L9Wm2yDvk1ynfMdZHhvqGPu2kSKv5BnahuvdKtJT,0.117616400000000000
F2X4t4fSSzhvaQxSF7J5PPoDFXBDWdexXyzDihN2YVFC,0.117298710000000000
EFLJJGJniv3vNsVGX1bDYo6eGP7kdJ8cmR2K9mbscWgC,0.117141550000000000
HEF3KtsGTHwdLZtM1exrHzF7JkAeMF8w4Kuab98jHUZ2,0.117134470000000000
6WztmviQJok5ZDPgoa9XSUHehbiwNidepSQQgcTjNeF2,0.116893690000000000
5T1jjBJxM3YjAygA1No1GRAaRPkeJcYccNX91GTuGGwz,0.116862770000000000
BNBSq5kyxwb1oVt4qyvyMieH9jtYCsJJziuhCtZZQTwm,0.116818010000000000
3c5YJgaidLxYtsUBkXvAkjXgdFFQP5MS9EW7cc5Ete7T,0.116756920000000000
644VFjc1FrbK4xFRpbD1Nve1mAdfmQxy4X1FWzHDFjPv,0.116726400000000000
CSwviABKjDF4YvpC2UJ7M7Rvpwq4AYERkP3sPT8zJnoS,0.116153780000000000
GEC1S5zxv7y7VMzpvH7JSc9EZCiT25z7VaRa7CjXN2hj,0.115876560000000000
9w72N6MRFsWU8X7DyJp9RuUuxtsE1cWDEXdYRhb1Dyex,0.115263600000000000
8hPB7eRGJkpHhxuYDVm9csdGdZePMymrRzc2VEL2F45p,0.115213550000000000
4eogGbQyjcPLc8V6umPFRPYripgxhcPuDh6XLhzQ6Kyh,0.114340880000000000
3DyLjzvNpyGYf6Bu3hw7hAKeVtqE9x5QENs9afMoBBLV,0.113600000000000000
AE5ti311uDGXSTkAXKU9SPJq7Hgm8jtDHdKkWMZgiiLh,0.113209390000000000
D95cHqURG1sXsvkvhE5WN9BuWYEXXokK3MbF9EDVxLm2,0.110948470000000000
rffGHE2eoMPuh326HJfDcCHzoZn48P3iNwE4m6jeDNV,0.109339210000000000
2Ayr2EiQujwjfzhwtisbNYzyf4BCeAccPNasGeAnnsWR,0.108600000000000000
3v74tZAFX21uAd43sW9JPw24YKF7fD4c7F6xBn8UTjRA,0.108289020000000000
7HnjjYpVRevwhj8zY2DYyCM2UJVy4zSTGvWfK1eo1PHD,0.106916600000000000
HwF4JC3TTym2iWxzbE6kLUv3QRDJwuKjFY6UAJUo2bwW,0.106400000000000000
3Nbx6amuguUzxs8josNMWPGy41ed8XzaCToWW9VBSMLH,0.106110280000000000
71uvyjTfkeReC1GY2YUXEantGuL9upgx2egdUxFTadYs,0.106067230000000000
Fy6w2pZ5FWveFWv4WXXCecpHLm3ruATU279yDKFbE9cy,0.104615370000000000
a8HdFvftkoq6b1pgTVj2DFqX4WLUvC1exrJjoZXo1r2,0.104456370000000000
Az2sPghqiMQc2ptnGvv3qwyf1TbDg8WKLPa7zZoUeZKs,0.104238730000000000
cqMoVwkNyjZgzry1vSUk3RV4Mfx6vcfAxwv3Dki6XRm,0.102643680000000000
HUKmvGqgHpMcU1huW4GqKwy17D6yum2AKxTc1xXankB,0.102584860000000000
CST8jJ1mKBNktkTXRuf3qA9c1k3pDVx1iKpDVVz4wAEh,0.102117190000000000
JC7cXKW5djETf87qWmwfKrK316BBW3oSDR2cK3n4cB4f,0.101985240000000000
4WStWnNRRPjj1Wsffv3BS92g9g74RmKoYhzWyFDnV1to,0.101880060000000000
qXgBjdwECv1k3rgLX5DMBGABqAwnAUR5gKuBSkqaZ4z,0.101810130000000000
HkhTTgfSJtS5aUgRosR5v6ScoUVJcGQgZ4SQbd8b265M,0.101770870000000000
HP2uwAKEZi9Pcq45xftitWuxneDrTfRGvuLCijHoLNez,0.101407870000000000
GAkpvhkQ6RvNQsdYuRUYPAi11ThBfSzPyb4hfKYqx62o,0.100654400000000000
E65KFKbqKUS96kipe3JB9hSobzAY5X1GD9aEv2d1Z9bq,0.100598290000000000
27nVV2nCm4orN9gj766xdQx9ji3C5CN83uobWDpWKmfD,0.100357990000000000
B117BdKLfkqvzUg1hq2wJg4LTwNdm4uKpHTAdmgCBB9T,0.100103730000000000
4NQSYhSjp6Y5AFZP6iKDq4N1cNFgUey8q5sHsYQBphP3,0.100000000000000000
7aS2sdHYthr3YAmbpjhcQjGt4ExR4hKL2aBCsGcvaMm9,0.099845180000000000
7dSKTSQhro9q8jHRK8Wag6ELdnJUgyJdPNoiWxKuGfNJ,0.099724770000000000
ApYwyu6EAPoFwkXoqu6rahK91tEzx6zJMapnRdKx95X1,0.099371960000000000
9d59bEEnCY3ZDpNq9itrC9XBPWMyYxpfQuFpBpmxN1xK,0.098972200000000000
C8d7tj3h8154F7F8APMT5emP6T7damVNdtbbu3E1E4wD,0.098828190000000000
3VMxh4HhahTQhPWbDtvrVwguCXHNGX2yx2UqnhyKEnwv,0.098666490000000000
CmJTv6UHNCgrVLEEZVNs43MPWsAMr2RHe6PjSsRj5z8x,0.097149330000000000
HJU7WJLEa7n66UxLvfCxAKDQboUzsX82wzBKXghAiu8d,0.094995350000000000
8LxugD3nmbNLBYsCVTnbcBAfhAPHqbMZZLsttZ1YAxV5,0.092673670000000000
2abae18bTMZEaQXsdapKRt5C2W9qUwATDcxKfQ1X3JNn,0.092605140000000000
5T8Kvje53wVcHy3yhYwx2Ze4ermJeU5eV15eHNdcaN4,0.092507070000000000
HeP2iWeEU6EXFEtVXMEK8E4SJfbBk2d2mkevY45C4PE,0.091455020000000000
Dut7weV37gCVw8ZCT8gyHaWeLXfxoN5x6keXLjdhM9cX,0.091011210000000000
2QN3mzzuJ5RJKay5GXKYcE9EmNyXjEYaSao6tcUPyBWh,0.090377990000000000
EMiYysss9XfwdAfBrpSSyNSqBKxk96R4jLNvDdcmqnaw,0.090223090000000000
4T8GHpnDieoKb22mN4N91smrMLR1BW6eXCyqWc1zFdsV,0.089561170000000000
CzDyZtLv1AHfoDLR62fJyG1FjYtm99UfrM8GVz7bZ1iP,0.089277380000000000
DPho8kzXi4Ek82AgDBJWiWuN8CiyugBPqPaDRkKcdBH2,0.088814510000000000
6Dp3tHNqUHAmkHiYqSxHVNbjwDUYt5nQb3vbcgiMsCFK,0.088777640000000000
EcoKRsufTRqeP4ck2AsUVg5sbRPXokvpWvfoYYJAApTb,0.087698900000000000
GEe8eQ1cBH8cXX2Nba4xFhKMpH9KxSre3c3uMVD5yXRJ,0.087184800000000000
WYhyNH9GyiuoRWszb57cYyDcuEjKncmMC85wKvgeKue,0.086992980000000000
A9PyMcYpBDoxiWpGzzTx48WttTvVD5oWkNgjVgY53KNG,0.086448000000000000
3Ea1DDbfU86bp2iZ7o8pfDL4RqqKUPGkpSJFKSrV1Bsx,0.085200000000000000
9nZKtw4npHpE9DchTAgGDnJ4fJqxytF6UHvwjypXwbC5,0.085200000000000000
F8owfF1wGWno9PZySWiG5tKvmpvsKD4YNroiWHA3ndsZ,0.084957830000000000
7JjjSvrKkxrHhXzwt5B6F8qyGJ39BaxXSiFdqjKMPWEf,0.084704180000000000
DrzzVL9P2nNRBXfFBi7Yzdp9RshjLC2eNNGvUpmVoWHJ,0.084470880000000000
9vhLGEpC1Tmr452Rgzmk14C9nuTwRa1t9j1aLdxkyUET,0.081853310000000000
5HcrARkG8kD23mMGBZKdiw93uquMqsSnn6L1jrALbHCt,0.081741260000000000
wFnV3eDJi1H4x13HUbw1HGiwGaa2tx7yQbv7AodxWh8,0.081393180000000000
749WDAs5hnqr2vgrSsvGFWyfgDQyvYqmi2DFbh4hzaVr,0.080574080000000000
Dn4og4eJrEAYzGTq9DKYTMXp6bTp8tjr9KpDjAopK3ws,0.080000000000000000
AnmyWPCmwpQQHD3CY6QpzmKMqAsGRtRgKvoBXQCcnTWJ,0.079594520000000000
CRU4hYQDsrxnovkcB8LyR5uPdiCjzPav9chUNEtXuE5i,0.079038230000000000
gguUDX4BEiFrPaJHTk1j9koW7LKM5oBhuG43NXfuBeX,0.078236260000000000
BxrCqq1ViPNCUxcqSQCZaPc8SoVhinNAgp323CegeLZH,0.077826360000000000
ASbnT5N3qHnofWyJjs3tyYFdbykhU95J5SBzt7zZceNP,0.077031130000000000
MMFHAmXN7Q5LrLScpkW2L4Q2spz43uho5tDVNgSMsBW,0.076981440000000000
EYFVj8b4gaUSJNtA5qpnb8YNzyBR574wNt5zK3Jvxrrg,0.076853920000000000
2eruAH8mTS9Lu2pCjV6uyqciR7NSTSLUKWGvD3qLwUsf,0.076500100000000000
ECC6ym5wJP5gprcRbJyG4LEZ1KoXGJrDuEDxksN3oci3,0.076420270000000000
DqLSPLLJPohuctJrvWcX6xvbiih8q98smeAA5NbccyJ2,0.076235400000000000
FXRkX1aDp2BvzqJiTd3NXibYavoT49Tt2mFeuLG7cQoz,0.074952870000000000
22HBNBV53WRT5vXbCgjdEpHEssp5WWEEYDaxYqtrPGCH,0.074810490000000000
Cr6v6hzmEGhxEHUiVtQRuVTj65cGRzhmKZ6mru8ARY1r,0.074180560000000000
3qM2YunNnteCbdD4MDhkVDKiDBgaR93LvARduhm2druk,0.073913920000000000
9yTUPAMCPgzC5cvYhASD3hkaYNk2rPcpM4jY5YxF1kxz,0.073122200000000000
DGUUzSpzuZ4ENiJe1s6UvZPby5pNw5mCUuukHcPkh2RU,0.072806720000000000
3vsQHPkzeNjjhJ1FzH5GhNLfGRf6T26Z3jSDN3AvS85m,0.072715920000000000
7o3ZydZA2wkzFyTaCxoJ8PAmPK34PeAqbtGkkeWK6ddH,0.072438880000000000
AjNp2gP39Y2SuRi8WDbdJYeZJEhQHgGhQg4AQRDjBowD,0.072427950000000000
6VXMMQgbDtjDSCH3DMegvTQ9UvjUKasBATLnL8cJNbru,0.072215230000000000
Ez5XuGm4K6gLG9gdxVzRKhKQG7f1cfpar8f9YN4Xj7fZ,0.071638650000000000
3A8jUdnXF8CqyyKGrtcXo9ALo28H3mRpkXqKDZwUG4D5,0.070608100000000000
EgxxQ1F4yfENVh4kRdrBoMEiXDp9WR81L8EGQi5NbLMD,0.070575910000000000
33p2KYsgPwiHjYA1HqdHurUKNhChk9HVNBf8dmP4cf5G,0.070235320000000000
9RNyNQYJhpZRvb4PLwqAYzyptnSaYuSAT7YtjhUiDtgj,0.070000000000000000
Fut5rBFJrzhvQnBv2YrHi9MK5effxq1VxjenQVC3cidV,0.070000000000000000
CC2yQWPq8mzGZXYf6tQqHWp7hkUP5Mv16kr4y1Vrfv7n,0.069580480000000000
b4HrF7j4fp4yNUWR7mAUv14iAWGiLFtgyw9ixG5jgzn,0.068653260000000000
9TbdqtW8tGTyY4aWFRdZiYWwTgwB7dwXuVwxp3qmmiNm,0.068000000000000000
CwXR7zm3d8e6QzzNWkniE3XY3hJe3p6PyQtTM28o3T8B,0.068000000000000000
7RYsdcP3RwwW5X14eKq3vY9XFNUDCrZxWk3fToWZNwUR,0.067886060000000000
HkPpRx9wjC3jLMxbNphPC9TbLhM4RTfZpn48zYFVBPK2,0.067802240000000000
AbTyQDQGfA39MhJX3AXdBKeszJAJp7x9F76qnwgsMvzC,0.066131310000000000
D4i6Debi83Ar9qX8YJQ75vUjuGG2dxYdxBqEQufw5Spw,0.064738860000000000
GCDBCWd7c38oDfpZXLMNJW8kBQbmYswUzE8sjswDcJLa,0.064676350000000000
2KCEksTZ9LpMaDNH3qnsscynreZs33bnH3cghJCwkkKX,0.063495070000000000
p3CHYLzGPNr28bZTMomqNzQNv9sdg3AtNgds92kDYSp,0.062915840000000000
9jx3Zd7cMv5urahw1EXYBizTzC5GfbCFsoZASFkNF7DP,0.062440030000000000
6bZobcVByNMqSy8MmnsWaAmpRPvUVVqNekmQ1Fd23wpX,0.062209080000000000
8Y88rRtUrnrPNDGAZxNaHDnQV1grXVnsjtrL6BiW3qss,0.061292400000000000
BHWdYMnEJwXfW5vP7NVKmgn88qEmZy4dyrC4eAYDDtRC,0.060332870000000000
3iczJZqnqDr7jLcZysALikeFwmpeZ4s2LZghrkUvYif2,0.060200000000000000
9xdfv5kdUaXsF8xUqT6iXnyzQxQ6dK3Fw5P1eSmGmVmM,0.059856000000000000
AWrREZ3aBRYpkio3vaJZKQaBnmoNHvUzbnaP3gAmV736,0.059717260000000000
74vEUgbmFC7CoNNaCBueEVPvgT93qDLMsNoRgK1ov4mA,0.059678410000000000
5MCZLL3EXA6LZgEozmghaWHNnna5wnApf9ZTTJksg5hE,0.059056680000000000
EHwSmjybJygf1ChJxgvq8EnjPDVMznUtki5abCgxzJUy,0.058454950000000000
3WGRQd64nbrmkCBZ7SiJsDMj5eV84g3jrMDAv6fF9Wjg,0.058408570000000000
4WyJZ2rgLXz2njLgZ5iGjzfzGsVRxvTj7JbTSmjynzgh,0.058295220000000000
6zcYCpFZZFZDygkUAuuR5X3d4urqagGRGvuoSmezjdG6,0.057884940000000000
9ny2YYZnbQzns6KvHm1JTNiqCzuu8tuiv4pptP48cESy,0.057283790000000000
5gJWeEcP2KitYWb73yYKsx9M3Tpf7b54VJcBwWJXwMrE,0.056983140000000000
8NwYekCD58zLp5xxAR6rv4y9HpSsQ2UXufw6gXXwP9hf,0.056755100000000000
52JnG6LppQRne4esdbViWtvkgfmk8gBvcPy5yguhqrNJ,0.056433230000000000
EQmTXrm9er5Ttk27cCDxm1z3Kpvi7nYi2LLL9YkcMWSr,0.054648970000000000
5U1Kc2cZixc5hp8SBYza3n4e8bREyEteEnTS3i1uvbRQ,0.054400000000000000
APhVAB8S3NwfpPYoV1c2HRnWp39mFAVMCGvD2ugibxLe,0.053669530000000000
AQoLTJduRCubWzDVZLyg6SzZxV3vVzK9EtiPD4jzNQEm,0.053263480000000000
DS5tuQRkJbYiZVfRAWFsFh5Vz3aRj31qQNkmcsWKpwJC,0.052304520000000000
DqaNFGSwwxEmXVG4TeEdWREKVGZhwZ74qa2eC8tfP3Xc,0.051932810000000000
2sps1oTdgpfWHQFYZKE5bs3LNBaCw4ARDtCP6k1CDwut,0.051847680000000000
8fz7smrEb4V8G22oJ5VgnX7bmsbhXHxpCqtwzfmQT16r,0.051483730000000000
u4UJe8Zi6oruFKA8XFNXSHnmJ1XHdCD66fsSn1JEa2T,0.050643150000000000
63nGtKSqUxJYKboJjTMeeJChh22Bj8A6RRULtyatk4Y9,0.050096710000000000
B7iPjAU2zacDhCzeYBYatcjX58M6aWbuRsQUeWmin9pa,0.050072100000000000
HPcB3688YBmd56LMu5dAv7q6uNEJsTuPzduH6PhCdCvR,0.049664390000000000
DrvHJXx7srEZ3MM8j6ocVE7chr3dh5WQJUM7J5FBBAvm,0.049215010000000000
GSxCUQ1DMZeuj7jgx7BLmuCZs7gwQUiyCUh82WEqFspB,0.048904190000000000
EL3txeSzmw1AXB3Ai3tv7Jo63KP3jv4rUKeu7xeUDoW3,0.048815240000000000
DJ2tLevH8UpFScxhQEozmdKqs7ny7ZZqMnpdFtAS7Wka,0.048798110000000000
37CDpCX5MykSh9dPWYmtXK2jA8uh4UhTEcGi4YP7UdxS,0.048435800000000000
2dwLLkYcpuGVhk4WexbxPgMDfDfG1D4kgF3fjQoF5Bzi,0.048336350000000000
CmhTd3zAHRTVW8D2WWPW4R3JWhvisgTCMzdGXHnXRXo1,0.048322950000000000
AWPbMymb8CdDUvoFHtoRGKngYfYdF25T82ELHcMQzz9g,0.048145940000000000
DPuCAzakCRZQC6Af9txfhe95SW6HYqNxNVHjoPbUSpjD,0.047989790000000000
4EsGSyXidGc5GD6YiESyYW1qSKQ2dXEFzAfvsZoeuM3F,0.047751640000000000
KmdTdDiqfoxnRwKzsL3LGgDzJMDqWMfVtdeEoM8CSny,0.047615230000000000
5wzJYg7UKcNXc5eRrSnxNE7hFA8Kdrx7ydSTppXSLKxC,0.047540500000000000
AU8xh8MicAMMy8svJRgqkH49hziyPatQdckug3kPrVtS,0.047400000000000000
GrvJWxuGtJLVSkwHXxVeZqcS9DggRhrqjkWnQhdZckU7,0.046427490000000000
HfY5e5ByRzWmdTXmJVim8dZhfHKn5L28vjmgqMUnBqU7,0.046232020000000000
Aeo74gNhevngU29Xh1XC1YVoMUZusBVgfYBeMDYSzCNc,0.046121580000000000
GRZHnkiFmQgtiZ5cgxfuYg1WFpLbWuzZn4iAi6a2PMy5,0.045885560000000000
FVQ42dQ43p5hEEZSXUzsBZpV3SntLyCMGADPH6rAXo1M,0.045815110000000000
M8W17fyimmohL7Asog8Aqe915HXpgD3cwY2utf9smRp,0.045815100000000000
6tM5HgHg7iqmFpbGRwiAGfPpGZRyLRyogbTHopSu1EGe,0.044864910000000000
9g41cKuKhumoK3sEBvaowATqVwfUeoFVc4iarxCA3yrA,0.044582000000000000
ApzzA42yAuiHrcbMfwdKkfqjVXyoCBg8UZaKyWm3pLL2,0.043200000000000000
5uzaT4UcLSuPE4uaz4Q7Su2Er7qYikHk7kjmuDKEbCVa,0.042326160000000000
HZ3XBPJDoFB1tdQ9Z9rzE7HPgg6Sdjw5jbEyrfbL53Gf,0.042016480000000000
2jx42Ji339sdSycMvkTcwhjXQ6vZpDMyZJawW88pdcHV,0.041000000000000000
Ak5SFaULofeiRAyeRqCSsR4Vk9x7sbAcnz9CZ21B4NHs,0.040488590000000000
DhqdyC9UjB2oExCgdpA6ZuhCUSQ5yW93EdkU3H9qT3ZW,0.038971590000000000
EJuUU64FgeZw3CfSaDsGNJwsYnYPq6GPsM1apnVfRVpE,0.038550700000000000
kk5at4V8wQidsUz792jLbgYZ7uF9o23Ue4pdnWMj7hR,0.038401100000000000
2MuFiG2cm43AkaCZWQH1yvkZ5UFjEx5tsWBCCwUS7MLG,0.036926250000000000
9kmY7mHC6i6Ddvva65FDaefTbAhs5tzCyw4ecP7z242i,0.035873280000000000
4XNURxJo92UkT9YKLuEubfLfRAw4SbVQcD67wHzE3XcA,0.034813520000000000
8WC5Wh3Ns6yMH4XfqUFGcdkNjhquwCwJkVSRtr9A1iwE,0.034605230000000000
DVwGxPgYqjpLBNyajZETdNsD51ipdjoajK7FZQGfzrjx,0.032800000000000000
ExsgedPBYtM8U7cMnyCunscTYKz6ZnQsEgcuiVdbRAqZ,0.032163080000000000
4dfaqYyx6e2yKT9hJPW9m65su4v2wdQ2mH7TVg42nyZh,0.031467440000000000
D71R4UBYWw8eDJ2oVhCaPBqiGPuFV7mspq92jPJEFtKi,0.031316710000000000
7dxJNhc3e9xjyTeU59AxJFhzLYH29dp2UmhKm8VayEFN,0.030000000000000000
3Pk9nPFjkg5ar5vDn4BiWA4qcTyGEFW3GbQb2NuYcdXm,0.029600000000000000
75mSPsWGxKVtxzrGZs1Mwc88uoyRMy7hnxYicKua1Vkn,0.029552990000000000
3v8Q2DZnRdJ1dLqM2rhNe49mUZoFaoiRjczZruhRoAUe,0.029341140000000000
2bgRQoEPTLj9qruc8afH2rYfdd9iYynQ41MQotERrisS,0.028874210000000000
4PHPtmBVuQNC9riiXfDUctjJYCZLXzHs3z1MWzvLtMDw,0.028787270000000000
DuNgENZ1yrF7LtbQH5tumKiycMrkiKrBtScBLuV6PPUe,0.028509730000000000
41ZZDbcQGbVw6akiaSr9VxdT9Xz1MWeidNjjwrSf3SzL,0.028429020000000000
CM1EgpKy2pfJhXtc6qAB579xapzwFWHUu4E1azFWSXdA,0.028088670000000000
4kqHockUqsU6fyRd1tLUxAiEGt8rENVjvMkiF8guuTuW,0.028000000000000000
6PogUZ4h8HyUGm13jULSK61iGabPx7zbqYQhpBVJzSLd,0.027860350000000000
37HRo8oXbA1CAaXTNPh733KgaiunWfXUTUwWiD9FL7f4,0.027376370000000000
3YaT23Pc5o4WqeWRs9FChpNETCAc1eyVqqa2YPn2NMC2,0.026706840000000000
5NwxcGfC6R1tCLATU1CQ52fk9zKaVjAiS1bLmd6kG9QP,0.026371600000000000
Hzy4ig2f2fXd1kJLUbmvnYCueSvzBi199F41vNEYt51m,0.025722150000000000
2MRTkzMo3y1hFVFiPGGAjEkKqboyYQjpjmmhzR9CFJ7M,0.025328840000000000
u4tndn3gJpMPB6G7w5pc9ZtEm6W99eMXYWhj9rcpXKx,0.024800000000000000
5jWKF2BszEpiaJ7oFiqpfz54Q9ww3mvvzotBZay6nKc1,0.024658110000000000
BmkPSYzhoHizstmfdwKJvNRuwND4rHR1dg6fGBZdsMG6,0.024630400000000000
gtQavi1uv21Wp1uM3eycgXEFe3mWu3PdfBxbATgpWz2,0.024614320000000000
3aQ1QWHsnoes8Mci3zfjvVbAW2wyyhVEBiEff8VARAbG,0.024580770000000000
FaLc7wQEUWCvpgpebFZDhtcHaNpHmKoZSLX8KGBTNiGE,0.024209050000000000
DxSVGszVHTrYwGbJuULaKf9zqLXyx8Fm1T7xxCDXd2mC,0.024104140000000000
2bhpuTpJ7SSprWhEhCB9SEnH4SJmPzKtxzEUktPukhLj,0.023968410000000000
9PMcm98JqutkVY2YLQ3gVYvKVgB8tSXhY54vkKmSmRqa,0.023951400000000000
37Rk59L8da5s14CoCgVjwoMBS5KX34HPrxhDK9W81fiq,0.023670360000000000
9HJreVqY1sBApGqGU9iV6JYfeH2e2BE2K75izsu3NZ1H,0.023474610000000000
7nKMpza1Cs4BHxCMdAVc1br9sbRKJsB6xTKcrtN2u816,0.023023760000000000
CtWLhQvuQZqHXwKXnvXP2Mph11kmHuovtzRLeBfLGMQC,0.022964250000000000
FnLdCbGyyCK9vJ1Cpo5hLt4DacAjMW7op61UawYTFCFs,0.022445750000000000
4QtBoYEJrj5XS726FcUkDV2jDx4ASRBYMTBBLzrVoQCb,0.022363490000000000
7FApcyGNvCSXtUrkmJ4H7YFR6D2ozcMcRJZisMQNBoNg,0.022126240000000000
9qdev1ey2UWzxeAvHKhQ6f6kzbyq2n6WAjLoF4cyLCjm,0.021814730000000000
7HhCB4ajiM2Mkjx9pAzhDf8jZyHmaerbumoVpwh6nNg8,0.021400000000000000
Dc1djCRvnhx85qmd6fuFEyETRBYjQvECFG1JHq9cNkxu,0.020694150000000000
82VKsDp2Y6GeFrrCeFMBAXzRqf3gTZPRW6c1bhG5qNMD,0.020608720000000000
92VW722XraXtRtWxC6d4QSviK3wrCFVgrawBvRFTUan5,0.020601280000000000
9yae7XkRshyFEef3V6vEtvsPqyNHRynQ8tNgc3uwgoSX,0.020102930000000000
E9F6TXkT3u57yqSHDGQZYpCWXe26GmvpXZJwg9FyUqZ8,0.019964000000000000
FXCf5D7BdmbNgaWf8TBYf1vFHwK7aSYNRmKZqGpsrFWp,0.019829260000000000
Azo4fmk1SGr8WyeC9T9ottxVpQ6be2mpjQHmATcJaNFR,0.018800000000000000
AS6occunnvSCJhMP6sQK1SXpxEAkCErn7CubdzZ7e6AX,0.018253550000000000
2XaiBk7qWGqPLbeT9ieSUrK2gx7dAxkRD52wR3uudLfW,0.018237800000000000
4CX8bWW17JQM41JsGC1We44jJRdVD67PRCFQGwDs7Khs,0.018115080000000000
5eL6rUhyReC3mcsmTfqMqLcemU73vRnGzAdtf8N45dkj,0.017891430000000000
2dJwraBRe5ub1DUvG6dJBCPtsaraWz31vSgYPdutSGJ5,0.017523400000000000
nRBhdJv46F6Fh9gMAFsWXpBiUUkT87mLDBgyCbD31EC,0.017435570000000000
3W54PDFu6ggdqWFmkkJvaDjMqZzfZSishHA95wjqnNp8,0.017288410000000000
ExX3hQ6V74PepGskdpVrBMxQnvVocjsHtQvxg4wDuP96,0.017113040000000000
DLHZeQ91WgDVsuqw47uVbjE8rxwWJ4k4mzt7SCxT9BUC,0.016217460000000000
3aoF51bbC2RBbvmBq2APHNRGBVEe7QCwMoQfEch53fin,0.016089300000000000
ChdJURznX6Usxi3XB159eAS2kDy163VSn28yFu5gs4zL,0.015991200000000000
R6L4pcysuPWdFmqv1VoP1rWAeyBsbLij8NW5suCUquB,0.015388760000000000
E4otHYJED8SqwyyrQ5FVkS36DYthj6fXbhuLjMmd3JgD,0.014872880000000000
4EWjEfCEQzPnxRtmTfbfG2Uaydigfg7Apv6QeaKWM4cw,0.014836270000000000
E4CG7UU569GwdB9F4UB9wnvnXv1uwsZncqABdjehtNq1,0.014675580000000000
3e449wR4d2AFa3GtfP2vhMSC2XCENkeH3DWsVn6DnUxH,0.014594850000000000
3hnjWUSUx9riVbGFBbVV5dsnwHMEJQqDuX6Qai9Tr213,0.014434910000000000
EnM2Mkw4Aczi4UMNQpkmJUSGDPj3M6HZPSdKbUgSfW94,0.014400000000000000
5t5fBY2GG1yy3vWaQ4TbyUQKmSiTG1C7ZpPDa2agMjcs,0.013762180000000000
EiifoV3WRvth5jEUaksTR3KHWvrtKU8joHpDSwdp8BWH,0.013619430000000000
CUhgZTRyzbuGG15B5U3EkY2dnW4g6PiJYRUZSodyhvTY,0.013163860000000000
25sp4CmKR7mUX9qTauvc8sEfDzXuSnAcsc641ainH9zf,0.013047920000000000
Fg9XD2bumTiBdsw1NpecSViihRg665JGUV85o5DaPTfc,0.013039120000000000
2vkANWhACmSLVrhpCfPspKJAuW2me4UKDh1V785SDxDx,0.012879540000000000
55hRBtfmyky48abB7Fyw2UKLR9GEfuTSscqKqhPn7A8E,0.012749960000000000
2wmYcP4JYLnP3WmgqP7dZ7M1Ks1YEdpEKQFApp7RZUsU,0.012739760000000000
5vVYbP6QhurxApdkFEJiEqRzj3JC7yot2NkLPhnEcjXb,0.012589670000000000
GStvG5LbAKAVZQxnh5y7gn1hLUWGgPFeMKzGcvfvSPtu,0.012231790000000000
58g7eA1n73K5zCAN5gen1iqr8bP2ffjgE1CNcfJyBRYD,0.012057800000000000
6ygypGJpgMXqvKqd37tSFTgKec2pbSfjUFroDLHdi5DC,0.012000000000000000
GGgUJX5Ckvxg7mw1pB3jXEphg2w3Ndt5x731Vrjk9FkC,0.011885670000000000
HuTKCTRq1BS2dBj2vy6WsmgSoMkGo9XywPi8DRbse2ZF,0.011729330000000000
F2t8KupCnNvYJGkTM9hnGfoL6qH5oCiffG41odyenLbC,0.011702980000000000
Bs8qipeaDHnksCWm9b2qj1YQMqQdYfy3LNbwMX3XaxN8,0.011356500000000000
3oS9r3DBSnq5yhTDK9ucgisepa9bLxYDwhcwBCQQCcLh,0.011328590000000000
HpS9VqGadhSAUo9BGtifBAL21pBksy75DFSswThQrzLx,0.011186360000000000
CurZpEt7m2ankkSF8hjxYcWpGi5TZCifbYpWuZamkBN2,0.011016060000000000
ER5PfhvMp9SA2Q3dnPKQChp3kWpqJxVxRBaUJkorfYZs,0.010763090000000000
DdEcKxyL73oPHZ3JBt6eW9DyoUn5V8UnpT1fiWLG2ikp,0.010704390000000000
Cm3z873LbsGjrhgQBsWZJUXWZEcTeC4X4Z56zb7LyqaN,0.010263820000000000
HbL4hVHfn3LSYV5M8MnoY289YdAKFSTGmHKuzQJhBXx7,0.010242660000000000
3Pztxp1yDQskNwqz3ahZh1Y8BB9mNPgUPi5MSwiQjVki,0.010215990000000000
ESCwPSe6EdsfTWuKfsrRbjr9tKHHNGzT2Lc2Brn5xw4x,0.010000000000000000
A4FqAwgHshxNEp1CKiscsMrDeKELgRWi3kNvokhzpgvJ,0.009963990000000000
49527Gmr8Gp7Yu2mPjApLQBosTVSYm7B1sPwEEGb7SnK,0.009940280000000000
CfCggYmbHLaq9nnRE1MKoe2nmDYQXstf5aoG48STwo4p,0.009931120000000000
2AgsqYBcEv8mGDGHAipX1KYjAiPfjhdbvJsdyt7hfoWT,0.009907070000000000
H4ga3aJUJkRYxDjq4uqdW9YfuDcjevTM1uuqBkdrK8wQ,0.009883610000000000
2Vye66EmcPVokYDpZiam6Hq4TRk337H38UndAUNrCXio,0.009837870000000000
GxhyyJTMiHZAsqwuUPVzdaHY7xprRycYgbiTSrP3chdB,0.009789150000000000
3hPmHNurExZCBKuVJcF5tK3B4Fv2z3pa21YmugJpo2Ak,0.009714030000000000
8H2RGxcMrVF82gy8CDd5Wg99v7MZ7E1urV3Vx5x5KAeA,0.009692000000000000
E86fMEeeZeWZi1J4MqkAGz8r6g2sRQcurxrWbsJzGQrf,0.009673130000000000
29HrSdhhUAVMH6m5mFUi8DtEL7zrEu2zSyAwCegqQFfV,0.009331520000000000
9StxAuxogq8nt7MJ2fBiQVVy57KRuxdPWLg3UyHvxMZj,0.009326320000000000
4PL3RYUE5wBLmvTbEdwLdKrZ2gZbSfimUXhPYg8tb2Gc,0.009319670000000000
Ckr7rJ5YVTBtWuuNdESRisjA9vQ3MPCEQcp42JfFLqFi,0.009201870000000000
AJZswCQrHfHZiuZnRrvU3pwfRjByeroJnHuzuCu4mauS,0.009082050000000000
4oQjpZ3zxATSTkspShHfXzUWJCSo2mbY9wRHgUVo1dBb,0.008800000000000000
5bDj9VP9ph8KJF5JfK6TceK6iThNHM1p2v46Gjw1VhwE,0.008800000000000000
7MsYZXdKKcAZ6yTjmbseehMYU3Y9VpYsaABWedAVXj8s,0.008800000000000000
8gmKghyeXNqzuLtBnYB3w3uzc6oiynSHgc2KEUgzWppe,0.008800000000000000
5SErvKdgfiigwGQXwupMRhPXkswDavvaSERgsLErhqD6,0.008778570000000000
BnUm8b4wbuanf8Cn8fzv1Cah5TPdKw3Ex6AZYZ6ZMDXx,0.008432990000000000
9Fswb65szT63xik6oidQmq97KwSBFp4vWy6gDUr857oQ,0.008356960000000000
99DmNcjodzzYmdCowwVS1UnwuXSn1sEFEvNk8AB67atU,0.008232090000000000
8bPuHXVisghvDfFQYqkhvL8T5iJK9A4bmJLkDiuMk7U8,0.008137830000000000
6eT6tdrCxKLb58B4imgeRJ2eSzYidjdxMrZKGHkNok9w,0.008122400000000000
CmaSFzeF5EPCV7t6r6VFBfKLPK6j2L6tenGFLDDvDspM,0.007859280000000000
G4uYZVYd77i9aKuDG1iZSDn1b6yn3pXNjJMrkFAdgHEv,0.007680830000000000
3gVZcAy1gMpTcj9Mx5S1oBjxFPT93KSr6b5PUee4QDDa,0.007600000000000000
9acfRC5EVgX3AGvB5iGeMaGo2AoPXFxXMdZdGCkvUEiA,0.007406110000000000
5mLkkmSDjFh1qFxUV5MTMSx4vtZhkncDmLC6iZK3WNeP,0.007363430000000000
GzeLTsgU2GuBy4oi62V61RnKvC5xWoT2Xf8GnuXhawHe,0.007311380000000000
9egwU2eUVCHaKrsBgHHEAzZbyPGeqJrMzNpkSCn6vo2b,0.007247100000000000
CfFx8KXMQYfAS3oWECQ4CM144V9VTPRYUgVranTqxUyG,0.006979900000000000
5jKbh7gZLsVKdULMdzjNPxnnqSBbazc9eFhW7LBAiN1x,0.006773220000000000
C91Q5apQSKxVZ4vAgzWNYpYD6KwPifK8RMTCEc5rwF2z,0.006752170000000000
6MSQZ7GnYqwFunkzbw6DaHtFy6jZZFDJTTXxwwh253zT,0.006486660000000000
SCCSuyxgjXLShAtaWZMxr6AfcgXpgq2wG5N5fZXC2Wb,0.006480670000000000
FuMrS4AmffLkscRNT153xkcKv1nVcHBDTefHL8xxVmWD,0.006151490000000000
3jH7YjvSRJCjQ2EtXY6a1JmAp2P54QXH9iNirQMv4pwk,0.006103330000000000
9XUkfjntSzADfPMiYBKVqer38YeAJzyxxDgnRd9bQs9i,0.005854570000000000
Eo1WCVH11EBmzoisYb7sLS8BpJmSRMqBNRCXtbrK8DAB,0.005797860000000000
Fa8CJ8gi6TNZeWqRGSdFmWxM8TWZF4x9i5ofrcny1ApP,0.005679830000000000
472juuNwVpvoPs1NFhXrQv3fZZ2pqM6ueTeYPr4pMghv,0.005639100000000000
AkCWS3wDkJvWPfZbDTxGuqnH94rJvesLYbb5kRyfW5kw,0.005631070000000000
KeGMX9ptbPRaiVvVxMH3kmJT1RWDg4u6jrWWwzADkFw,0.005600000000000000
A2gNrMWF3wfnYovyAqRspPSVeBXGp9TbWj63ah91BdrF,0.005473210000000000
BFGuQgWGQTn6RNBtagkvVMwW6qnkVNFwNnjvRVx3wsTc,0.005470950000000000
DkY386h1kn1wEMmdUCV6RLkPSXo1vHaYCNvubWGVgtWR,0.005397850000000000
qAkHSi5mG9gNqi5xz9qyoqsxZWcamCv4GpGpGpRThSN,0.005279850000000000
8UC6TDZcU5A1EGbi1VvUdNcAQsQX5PMSHecvB4KHax8w,0.005247930000000000
BNDreRvaTiJSeJzamdmtYrrZUoUTfzVSfxYT1tgcYzn3,0.005217930000000000
2FnWTFiDHT85ZkPaAKKmXjA2Sxq4mrMq84Mrb6sFTCH2,0.005195340000000000
FQuCRWPxmJ5MVib2zxaqBpPW6GrK7T9PPhSgWruQGUqx,0.005141150000000000
8Yo9q6ah6NHcybvtAFdhM68A7yTmyjnSEXTbcqDuuEWq,0.004888560000000000
FPk4w6qSyCzQxd1vmwqrpXayJWGMtwjUsYBdstiy6mn4,0.004808780000000000
35qTt5KAQqvDCTijct7N4mdJ9iTv4iwprL9p4DnHM2fP,0.004671680000000000
2cHXhWqvFTAXnAzYuWMAQdhmx7XvaSRbiyuA9gPAkg36,0.004495060000000000
2qxqSAwWUqSQhGwiEKLyLxr4dp6gUV2pS28oV3dHF8e7,0.004461040000000000
EKy52cPtuYpUHGV7U7YYS2BUe5mfmNJHskhsf4VFjip,0.004432280000000000
6HJGNsCiEMMdLLgvfHqF6uspbjv8qM8PGtYJ23MjmGhb,0.004338010000000000
Fhb6V9m3zxAmMpaja6mgVK44ocjGLv63qmAaU1jqo71u,0.004236360000000000
5N1WRYuZKy7Z33usXxAxpefCohum1qXVvr5YpgZg28XR,0.004209730000000000
EA1vbc2g4HAFUqQqwjrRFtPb5RHunVxA1Geggtj4uQzp,0.003940430000000000
CnggRESF1ga2BrEByuw3AA7QnZdG3zzSMQMasXqu9paG,0.003693100000000000
4fkNEDRpgsDsft7MagHYXNyVcgj93ZjyBbk4otx5sXjr,0.003200000000000000
C9VnLGHWJ2ECSgdjkmtRK2xyGg4oDFwFHtbxAefuF4dE,0.002565040000000000
H1iLsebcvwVih2KaJLazjpnxgSbTxS4w6tW7QYqWH2ee,0.002526060000000000
AyrudnYZFsQs7oQLFtsSooqCTXzed8bQg6THpyAgqHjf,0.002472500000000000
tRASH7a7gE67A6PMhAFRq2wJGbh94bxUjg7bqwwMJyb,0.002462500000000000
AmRrC3goopz3t6rtoMGV8fEyfYvwXVmjhrr4NqJXBzeA,0.002449470000000000
cVAPNut1rTkWSUcH7JSNKMphSvs6PdqPaqQHKNparUU,0.002400000000000000
DuPhghkTVkayokkEwrGFq6jvfqsxDDRnHYfwfEAMgFPV,0.002379940000000000
GKYG5sTuVfj9FQyeYoLx7zETGcXzkM6JvKvuMSVXkVYi,0.002127930000000000
DQhLFkeb4Fm4kQhhSw4bey51vT4hG7vT2WGoTyPSzsRV,0.002093210000000000
D4NPCrnK3nyGSV5KboGQSvXvCwDag5pGiqT2Pk9f4tSP,0.002000000000000000
7RjyuhVy3a1cVNLHVYJTkEsdeSqYnq97Ss6wE1hXd4eP,0.001973750000000000
is92sAxPFMJbTBFvVpcdoZD7c5HFNjv2RaWnjqZW82j,0.001948000000000000
8pY1AukbuPgUE3EetyLa59rFLMimJGT94ZzbMEZcQF4w,0.001881680000000000
3coAKH6ZqgvxJVnn2LYqN7ZBP6wJunDowAACvHcSmbUY,0.001855990000000000
F8hxcBZdochpVhydEpDfWLT9mWw3S5z1DTtiTuzgVgqn,0.001638310000000000
BsENvLY9YycW5GnfbD4YPGbZcxN5s8Qv2JqcRfnS4Tzg,0.001487580000000000
7YskWhymq2XCQVVv5MED9q5ZPnj2vcNkMw1eiPh2iucA,0.001459010000000000
4KdqGTmhABKrYf2zNH2pFaqNTkr4KVVK1smoVujC1krj,0.001444850000000000
HhwffNnF4c8DBg4dLcKUQxrjxPERHFxmaJdzBAkVcWQA,0.001404040000000000
2XGsPmW5d4HRfZPEPE1QnEqLsoM8Rg9JkbZCagaLTcx2,0.001200460000000000
9iXXSZKqyCosCgh3bhxGo8FUq2Zpmm6zwGKeG99uqUV6,0.001200460000000000
4RZ2TBuXEqsGngxFiqEDwnrFF5H1STwYxBWH74oMoCD2,0.001060860000000000
2oi1STJfoNh2hRS3ZoxPVQrX681z7bkn464x9jDibqnd,0.000991450000000000
3Vmh3rgP3hdPjbXbLBZawXf55N9W9XRUG8P9t4Hy6hJ1,0.000982390000000000
Eokjmep4Kv7wWHBcYnmWC9rZNy1wFkhXbRtpobnzjyQd,0.000839050000000000
GaCmqzkvASp783oFM7SD3MS2ES5ZMzX2v1GRmNfzpV19,0.000826950000000000
DT1HpikmZGdeut6A63Yg9BvuN7rdPHkkPoam3SSm8tf3,0.000819230000000000
C422HwD7FYosVyvERK8VnTnupn3hSCubopzgaoZJ41Mb,0.000780990000000000
3q8m3J6hFgUh7ELBeZ3fcuedYtpMYWvBEaF2q72wkEF9,0.000754770000000000
7QNKWWeL3sst7CFapYwYYsLc9Fsv4RB17UrmSX9A3fpZ,0.000754590000000000
3ME8DSchL5je87rUxpzcq4aLo41Gv8mzxH9RU8WVqkxT,0.000459210000000000
2dQYMLoJiuHTe34GTdZ2bDDTG5srPKJc6dS9BEA9o9S8,0.000421110000000000
7e8KfpT9EppeZtNDuRGSNrw1w5kTjjSZXBaoCnen99GC,0.000345740000000000
CVjTCVxt3XaCErZiXQ64eejj7SfFvmKaQKZtx5qPW2Hr,0.000300700000000000
H6yc4Sk6tHBNQL8xvvSLwwZ5qFRcqSRdcG9qdaSV5z5h,0.000235390000000000
G6LDFCQxStxQxqSDsxE35mZyXAZjBdKFj21Zvje882EU,0.000214780000000000
6CenqhTpu2kHAe5MqAvRPXcnYn8DrD8ytvS4ZX4Rz1rn,0.000200000000000000
Fubez6Ne8GdnfcBbBNjhqZxiA42bjB4nsr4anvbQBvxe,0.000196740000000000
Hj7bQV548msTCoGAJmhrQNU46MFD3nZ5FnTziapxaFaw,0.000175640000000000
3s3QeS8JhCsAELZjdRYLeoAQ9BCjtJJsYxEdPo94nicu,0.000134720000000000
Fs1CzG7nFVqGRyqDZuwtDKtMPCS5CwWisDTrxidd4yg2,0.000109570000000000
Cimr934WURsGBjJWaFhRje3Ux4QHEKW5Rup7aBDP5NvC,0.000089760000000000
2tGNXWCFZ5hQEc8Yrsgs8xqm416iyq2nDbaJZ1Ly8kgd,0.000061080000000000
Dx3g2hc6T7pvrds2hnBrMwk7nnoDpXQwGmpxxUeEjRNE,0.000053700000000000
9wsPyVazCQEXMvScuw8u1c6uoBPctgFYvE3GY6D9vksF,0.000049180000000000
D2JAYeZp7dZgyRW35y8Bg4imbDp8auYyWoBiq9wsSvSy,0.000031970000000000
2wegzJE2EzRahkmKs16EScrwwCGyErJDRAJKoT8vMQRy,0.000022760000000000
7GFhwYLijM477onJPvt6oaY9wr3oN6ivXfs4ZXBCgiMm,0.000021700000000000
42PQrrMd9WHHCrWk5gE56BqSkHbXNCUy2H1Jbn4d9Jms,0.000011540000000000
CCUxT8oDqUfBwfrdwiCic4Jjx5nkUj86CVZMnRhkZhDk,0.000010100000000000
7q3c7FnDPoC1ikiyKM18GPtju1a6dhKrTQyYjwjX5sGw,0.000009800000000000
8Bb1SoRsXsazogydkRJxJ6TuDY22ByY48KTtWHXtyxSu,0.000008030000000000
CQ1mbUuJhkxLkhg8KRm7yNAY1384jNYQcc98voEyeuc3,0.000006460000000000
2frgiW38qZnfRTb2hdS2utQN9qZtjDRQsNkFVU2nSLKH,0.000006100000000000
H6r56YwDoZRc2VbFBjx4ukCGLx35qxJRUvS5z1ovjsBE,0.000006060000000000
71hLWEpjd8ecT3AfXk58uTdo6Z1rHmm9wa4x4GEvHmTa,0.000005970000000000
6sp9tbSzg7sFnD1g7krWMkNUnVmQNpM1AsUD3y3uTYom,0.000005320000000000
4wm7aDfYpFfkgr4qxcUDmr2dpsgY51BhPZSqnZzqrQMQ,0.000004990000000000
2JCZJ4fHcLVxLD46UbhZqkYs86Knui1ccDLo4K2isjn1,0.000004760000000000
CxBvjoQ7CnDWB11GJrqZqkvwQuLaZtPwTikdbkvk1DWy,0.000004730000000000
4dHSaFXvWS8rQJtbZ3o7eThCdo9KiPFr9XcYSHQwYVkL,0.000004700000000000
AujyKcBhR4uHKRzc7wSajBGNircSyZqs3bYDKZZt273J,0.000004620000000000
7zujqoQsFic14ncDYhBSVGvDnqc94rE49c1ZJCHvAtiW,0.000004290000000000
DHpiHxBqUvJDeoVRUuEcLB7BUU6S9qvpHT29fgFpzywK,0.000003940000000000
HE2s7vzbFrkMoRpn7Zcq6cRE3HYJdaiogRokusyW3Xw6,0.000003790000000000
EC6Vt5NL3agV2DDy9QhfQDDQYyD2NoDAoy5zAtxCkwLv,0.000003450000000000
FEXhNGgvdbppxyxWiFJPRg4RyRBKVKBarCUGJKQMAokZ,0.000003200000000000
a79cF3oSvquqxeKP61ibC8R2D1hESVvuQFuMkmXy8P3,0.000002840000000000
CgsyCUAru4qHT1TgnWFoacVzemqqNwFHuC2DzhbVvPVM,0.000002370000000000
5TTiB97WwC2bixWeeCp2MY2Kcmfk8ZzSeGLC3SCmsg1w,0.000002310000000000
Bvq4kNnraEhdtSGUDLWXSxwgADHRxGML2DKfwRrh7upx,0.000002310000000000
36kRWnk9FvxiH2RPQCa19MFPhJsAkJDtvTgXaojBRDDp,0.000001580000000000
EwzxEXs7DzCaM4msVxKEZfCSLw2k3hayr8Bhtbtcrq6F,0.000001420000000000
4Rce54NSUmrbJqCDXeLjJbf9XQNWi2KGgGe5963F7hS5,0.000001410000000000
DqgcdUn8tFnCzigN7RBfyjkn6M1PgV5zmDVe2xFRhpox,0.000001320000000000
BuApSnkNFw8VHdCRhptRSFgoGLTkKUyZgLTvux7zZTvz,0.000001260000000000
kgjxFtYcd33WrReKwZDnXcGyQqNVYKFq5nNeZZ3pH5m,0.000001120000000000
5qQCgmXzfbNusQyBFJ6fChYn7EktWTzPUZTLuLHNRQYe,0.000000840000000000
BVyibS2pJcrotVBnqjRLcvMBWrwEZMKEmWqiofN5kTDx,0.000000740000000000
A7FMMgue4aZmPLLoutVtbC7gJcyqkHybUieiaDg9aaVE,0.000000680000000000
LuBetrCjH19JRTXkq2hHRzHLwB68XzbqDXKkT26Sgyw,0.000000600000000000
FNmJxghr9t9XzpSLvbH5YEK3Shg64CPVCVnBty2PgRKi,0.000000280000000000
B7uvYYkndafTkRhZxjnjNj8JNC7p5fkDD3LWYoaRW4Gy,0.000000150000000000
LuFym12NLwQhgFUgcBzLYt4yZRSRHunGTwogfGoMv3F,0.000000130000000000
7jB1WCbTXHpDBn9Pv8v6kaLoRwJXxGnLHNJeVTkkFvmW,0.000000090000000000
BY35mCg2iAGh51PeTGrAJthPyyFDeUNMMke7JVFJ9NRg,0.000000080000000000
J2jDFC5v4dWYLc9WBM4PggqAS35Bnh8f9zdLFuabVCrW,0.000000080000000000
5yVieZhNPFBjKpecYav2rCQrj3kfediiv6DDZewS4hnp,0.000000050000000000
4VkkCN9YcfxfyaYExV7dY74fjrYJRYim4ixCLQTuRwzs,0.000000040000000000
6eCWNZCGrTZ2Qp6VgPfpQFuv2WL4Gn1otjguZvxk949k,0.000000040000000000
F6EuuqeACWCe4BgYNQjSjKwpqv6qki3BqkgcedQ2ZxVd,0.000000040000000000
FtmBS4fjqTRqsFgxCsULbiJcYUiSeJTAcoEv8TPqDceR,0.000000040000000000
HLnpSz9h2S4hiLQ43rnSD9XkcUThA7B8hQMKmDaiTLcC,0.000000030000000000
215WFmMtbY2iLkp65iyahJKAPqyBHi4MFntQHEKqBDaF,0.000000020000000000
4MquE8eVAEFvZf1dYSKDqwiFthFdtqXoSgrpWsmgRUYQ,0.000000020000000000
4tpR6sMCouw3SkiKPfvCQR8NBeME9dfKkxJGvBi28biR,0.000000020000000000
5x7AxSKAq92XDrtPf3wsixKEBftXuMuiguYghwa4mFUi,0.000000020000000000
FpNpJzEJji7zhMNUETViRChD4DBpcMFHZck8wbeaLoDw,0.000000020000000000
12obbmpZnSLcqPnfWvkA7Mv6Cycu6Z2X11d7arF9aFj4,0.000000010000000000
13f4NiCPg1zBfwBa7u4R2t6PD5MadvGgtXqRJP2z32gU,0.000000010000000000
22zeyqNHzcjQdjRxkSAxtJm4wuX8hF9JBsj4TSqt9RPZ,0.000000010000000000
2BxTbJx2rtzsELSNmQ5X1q4Lm9UKSjNfYg6pxtkKe9Jt,0.000000010000000000
2VFeCabpxTHpjFMQsfL1kHSx8E5HFEQXKiNTmE1bpJGM,0.000000010000000000
2YGr4myK3Nmuy3b2A1YR1HrtM8knxiX48Kskm9Y7oAgn,0.000000010000000000
2hPVNpwJ8QqEkDk725zvZb5PjEFaVEzV53yyuW3fPyDZ,0.000000010000000000
3LwHaGEhB6Y6gZ9GFoZJHpcW1NqY1U87mXVbjEwW95kn,0.000000010000000000
3m4vuPufFz2viaUAsuroPvfbtLAzUzUL5aUTG1SB64HR,0.000000010000000000
3n8g9GdHpGF6nsJqCR29efK3PTuSJ8UWaZjFSv2SZVTv,0.000000010000000000
3zzA5VRqiPKAJ8o6GpXkZV8qbbmbaxCsiZbys2yUKhjt,0.000000010000000000
4EgwtZq3TCD1vVbnQAS3yDQgytRBuCRjUWBuiMwEaP6A,0.000000010000000000
4qbX7oLb6qgMwpYr79BknDPSRQJr5tWQquXmKSDQA75R,0.000000010000000000
531HcfygirtVjYXuWjNtN9NkG1crJTZQzj9Zt98q6Ayk,0.000000010000000000
59kjqkTtfecL5wT5MvozxH6pdYK4md1MiK7Be9vfUC1c,0.000000010000000000
5M91iUjPt2WqEpiYF2cPD3Zm77Rr6zWgNd5Q5mH1JEpL,0.000000010000000000
5ZSJfZNbvUGsmQt2Wm2QJSoQeuPbyFqVThSf6UfuHfWc,0.000000010000000000
6Mcu7gW3GoLPtYmP5oTmHhpQNU5QGnZ6betTpUf4LvGr,0.000000010000000000
6MkiL6T3bBuXJysMNeXGRLpnYCrBq7QPFar28i6BCZLy,0.000000010000000000
6MpDkjQb95VUEJdSKw9wiBLMSML7nWQsHjDFXH16uLYE,0.000000010000000000
6e7AvGGEovvVbpGWRKAH5yDAQNeRmG97f9wuikToEquv,0.000000010000000000
6gmLXabniiUmEpwaWbq3NGVfMqF1YrN1g3s1dHK4hrCx,0.000000010000000000
6koEsDSKA6TGLfZSZRmRar8HGosqVsVjwMnkc2ajWCYN,0.000000010000000000
7HkJ7kYWH1r4R8REveuX5bRGkQtygZMDzZPM8D3WtaEJ,0.000000010000000000
7SKijDP8PKGyQqWq9cpCUeuef7sedkAUbDv5Qs2ZVBMc,0.000000010000000000
7VkWziGyahujvczYNC217DEGWtongJZBkWt7Mv3x7ufH,0.000000010000000000
7fhzJ17wxnKJxYXhC7MSsiQ4Xy1fvqSBmbSUs6zDjaNH,0.000000010000000000
7puPAQsMjR7k6nmWHiyf5zTSC3Ry3Duw9ZnAE4KiEeWe,0.000000010000000000
7tBij3q9fy9jaSWgg8M1tkS1Bhf5bdSH7D9xYWhnubwp,0.000000010000000000
81T9YK44tfxQjFJ1a7GhHiFXuKU61Lw49KnTFw4EuFVY,0.000000010000000000
832SFg7QQNHrYwhoQHL9pX3aiW3QEZ3MQyqDkrGJyW7M,0.000000010000000000
8BVMAv2ig9UmjCFidJvpmaCoQpxwwrkie5Aa8re1Tri9,0.000000010000000000
8DFZha5rNQVkvLaVjMN24GmcNA9r8MCkak6wdRsayNoR,0.000000010000000000
8N7ddAqBEPW6ZgMLoU87KsnZbtw2GFKvAN4HANpfmfm4,0.000000010000000000
8YTwBHJziLTdqwmg66HFoDJnAUGUwhv47fS2S6ae3FWW,0.000000010000000000
8YauSjTTWrKBHNfsFFymzTvQzD3oVdnwGTwPgvQMydip,0.000000010000000000
8akQYrowyAhb7oFEMuwahv1cBHG1ggRg4su3ononxzL6,0.000000010000000000
8urKpvwxvJxyv9B2YW2cNq4KFfTxmF6PWPbtRxxerYL7,0.000000010000000000
9BG3ifko2gJm8bvAvteWqD7tfGudWG1d8oWBRQxYyTXf,0.000000010000000000
A1jzfnTDn6yfZM5rGPKDH1yVWywJ8276FTYhswS2DCa8,0.000000010000000000
A2mhJR4CgmmPEUUbVcwkymFbpZM7iwjG89Vy7jzupMjn,0.000000010000000000
A4QCUYVMfAVRooPQHUSTARi2UUEBcYoZ6eUWoWH3F8Nq,0.000000010000000000
A9tza2SJ4Rb2nLPB2rxZRWwtQixm7oMyytgyxiRe1YST,0.000000010000000000
AN1gxmzdtKxvYJDj3AFuSrAoDY1CEvN6nQXna2tVg2ma,0.000000010000000000
AP5bDziYkzvLvKNN9LMJ4RZsgUej4LGP3ND3tVhvzwh5,0.000000010000000000
AUm2fZouLDaA28LdkSn7aU8EVY5o35QCRMjRvZ9tGBw4,0.000000010000000000
AWHcMUdtpbssfPXvMfDTUj6zSKPuA3ttchxZsWkBd55o,0.000000010000000000
AZZTmbrzVw2oY3NyLaAAz4E7fH65fcd6sbLGweP3nJDm,0.000000010000000000
AdxV6gqrS7R5Z4Ftkha5qcdrdvh18EnAZC6gtQiwangs,0.000000010000000000
AkK14KsQRN8EBbJdpJJsweKCGet59wBkxehmt1VUexWX,0.000000010000000000
AkUM4nYUqCUHKktsuHZRr9vxkoFmhWc3TkoBuEh8J6br,0.000000010000000000
B7DLMoFqhZfSzM1oM3uQLiyYWpicBAPhgibKYK2yx4fu,0.000000010000000000
BN8i448dkJRUiWfjFMsmA8LVKqXox5zL2PTuufC34SPf,0.000000010000000000
Ba3t5VoMYRxw8EzsvPRoNEYXsvY1676hxiga2QEQDGh9,0.000000010000000000
BcBysht62YEEsuKRh8KgMpBtLGLteWJPFzUn8SjWStDb,0.000000010000000000
Bdk76dFtCjt2Vi7X9MwMkZvhrWEqMbrcUHnPDv9KDwiX,0.000000010000000000
BeiFERpPS6MYDHYZJBYAjxfe55Zm4EezeCqCbVpJYH4c,0.000000010000000000
BhDjQVC6Ewwt8mm5MeHaYc9GqhvVy4PAzr4cQsE5b2w9,0.000000010000000000
C9UQwXGAgb6qmh4WNh6RTzAND6pFaoRpFaAZ2Yv7pMob,0.000000010000000000
CHmCo2XaK1xCn93EzC6NHEU3wmRuXAbuQMPJXy9q81e8,0.000000010000000000
CLAj6T7vAyh1A8MSbeE3kBntfBqUCWVyTWPXMuVa4e8k,0.000000010000000000
CRHRi2jNJEWeXxjSnU4FKFJPjUgUNhp1KuV2LqEt4mp2,0.000000010000000000
CRavJGgLeGTD8SeCWdkhSFPQqGU1o6Jjc7uQ5wK6wtrs,0.000000010000000000
CYkxcLoiBdfyYZWxVYa8kbRdJFMFVh4fx4Yrj8Zwxi3Y,0.000000010000000000
CdN1tpRav85Dzm9a6K7XqqPj5BCDkbXm6ppGLYV629Bc,0.000000010000000000
CdaxqDz9nCtzecn4WKqoPTUws8kpSqtwrEsuu2psYkiP,0.000000010000000000
CiCuA757eeQTZiZY5w1GTz8Wc8HdoaoLfdtr184zLst2,0.000000010000000000
CtCtkZdgUCJujDPiQGTuEULmdueN66rqneeXY6u5WK1N,0.000000010000000000
CutMBkY7BHVNEKTX8Rtbbqwyjx5e7M79Fhcxk3NUF9ck,0.000000010000000000
D4Q31yoqRzqH7zo4BASRpmeTup1fuHy1NEF9aV7v1apt,0.000000010000000000
Drh7NhGrY82abZZNpNw6npmUtXo6rfYBP6UenUwUKSEE,0.000000010000000000
DtUh6eMnmzt5ZrQd8sLMxsyhxzkduZmjXCD5HK5UfVTa,0.000000010000000000
Dy1jwWRDUiGxdiuUAamCaZudLD9jr6PhYwHjg4f9ZXi6,0.000000010000000000
E5NFPpwvfJKpRFBqT4MNsqM2YnpnhXsQv7BUCKcHWFg,0.000000010000000000
EGGs7PUhgUTov8yhdNCctibA3C5ovEpFDfz79EPqGvru,0.000000010000000000
ERJQv3VmqYV2RfPnScqKzqzj5LKHUMWcwCPfdgpmH7hv,0.000000010000000000
EerqV5H45hZ7jMk9oTRKB2ZCyyh2mjG3FP3R2RY5nzdt,0.000000010000000000
Eyc3z9z1mwVQGAcaYxKnaRoaWwqcJCfU32Xcbm4E7wZ2,0.000000010000000000
F3jc34Ao3KBnkno8MkV4mG9cUdTbQgiCETVprn3gCNoH,0.000000010000000000
F44iqnEWmWWWgbiRjb9omgPRcsTKiyogyo86VdcdweZU,0.000000010000000000
Ffx3LPidUgtBuhjyu9Faj5K658CRMYtFGoLCekFmfDmu,0.000000010000000000
FiwygVwhHb2BBXchGbYTs9VJB2wVg3ArrvwGoBgvhrab,0.000000010000000000
FxUizAsQPts5HYPjgJFb54HLdmPT4R54hscNS9rktgo3,0.000000010000000000
G9uMyRQjkeBzBJVXeEcacU3ALGe5hoYqCCnJKoLdbHt7,0.000000010000000000
GWkiktcUmdCEpV8fFULYkVwxRahu1EuAwoNvmZQSi26S,0.000000010000000000
GtH2CMsvTeVnjjPBGL7GDp1jRrrDMqFkfafZeYYfyHaB,0.000000010000000000
GyZfsQXSeQYA1dAzMJadXWpMNmjU6yuPNTFfzrhKPCkJ,0.000000010000000000
H4S1dprQW6HMKwmZuHp4xKx9t5L5TNks97Wgj8FB3JZY,0.000000010000000000
H89E8WaDLvc7eoZatDQerALqsWEaLNyghhtYQXVAubEZ,0.000000010000000000
HCRsj3v2dJXjSx5sGwFyV8c3acgFhshgdNGzKcG3wN5G,0.000000010000000000
HLoUzac4NGnyssLfSCg3ip4B8SjFiAK2wbcG4nPBTSjV,0.000000010000000000
Hcov9f6LnjM9hUvmPBe5eQ8xgARPpQPrN8PW4Ri5Q1T1,0.000000010000000000
HfJYxTNGu7nShUZErsMscR9yTb1FHCqdzFaJEjbJYxqQ,0.000000010000000000
HjLwJcSDmQra9ZSWYfZUGWwt543RterZzRKEBe65UPXc,0.000000010000000000
J1deRxnozrE4gHMcRc8V11Sc8FYJv1dxRXEW1trPAup,0.000000010000000000
J6kTYGkP4arkHL5AivWtg9mMfbvRRW7CmrtewMJqDyF5,0.000000010000000000
J8BZ8wueUoQigvYkCX4jHguzQ9SK4tyfqf8kwG3mNmhq,0.000000010000000000
Pj4pqHJPKC1jumoeYQpiMcZzCeZPuYRGcWQVVobTNfa,0.000000010000000000
a7PiwNHa9XS1ezozqzP3TbTw6F2VwQDm7on8dDToH1p,0.000000010000000000
bYrSpfuNuKpD1SFAQeGqsRpxcfvTcZmWDoSEQcBy5Qz,0.000000010000000000
q38bveXPugU8HSLZryiXWcvx5yLFwQLdc3vCXrArdJ1,0.000000010000000000
tg9GR3mjPwVRnrjx4WJMRFxW71nGGVhje4Lx3k977X3,0.000000010000000000
HHn8QjghWCTKMqEPNN9QZnHTMFy4S5QWNAPk5EHQ1nq9,0.00000001
