event_id,block_date,block_time,block_slot,tx_id,action,from_owner,to_owner,from_token_account,to_token_account,amount_raw,amount_xnet,event_multiplicity
406dec46f4419c09ef88cfc9a12ea7f4,2026-10-02,2026-10-02 00:00:09.000 UTC,452442310,3YhXz83yEH9XxQQCvJiDdTozEawSUFAyS4QoLQpA3PCY9qshmN2UDMBjHXn4HGMqNYqHFC3fYXn3AgEciTGGxBtr,transfer,CrZD39mqZfxBRTJX716fcpnjHoCF2XdUrcZ4FUkPYRcr,GpMZbSM2GgvTKHJirzeGfMFoaZ8UR2X7F4v8vHTvxFbL,5GguQ843EmpY9adRo3W7rohPbStXRVVFLbkHWUj9ST39,35hKKpdPTy495wFTybw5wajHp4ZNSyQA5KZXd7cN9hB7,266582582113,2665.82582113,1
3b5ff44443f8140b4e844f349bdbb427,2026-10-02,2026-10-02 00:00:09.000 UTC,452442310,3YhXz83yEH9XxQQCvJiDdTozEawSUFAyS4QoLQpA3PCY9qshmN2UDMBjHXn4HGMqNYqHFC3fYXn3AgEciTGGxBtr,transfer,J3cdRYTeQAnZUhYRcVpk9abqEuRWTrtxb5fUbgh2aADn,CrZD39mqZfxBRTJX716fcpnjHoCF2XdUrcZ4FUkPYRcr,7r4TcfVhcYuuh3of8S8igoV7AeyNfwcnRhAaA8FfvSgP,5GguQ843EmpY9adRo3W7rohPbStXRVVFLbkHWUj9ST39,266582582113,2665.82582113,1
92af1d8ab9505d8a2f51405a2b8c7fe2,2026-10-02,2026-10-02 00:00:39.000 UTC,452442422,386RNwV5jM6R7eHbAcvpu35gXahfr5Rzxd8h2rs3aWQZw79uYS76dJppfvv15bqGFAw4v34VXCAb3Xggg7HHAsMP,transfer,J3cdRYTeQAnZUhYRcVpk9abqEuRWTrtxb5fUbgh2aADn,CrZD39mqZfxBRTJX716fcpnjHoCF2XdUrcZ4FUkPYRcr,7r4TcfVhcYuuh3of8S8igoV7AeyNfwcnRhAaA8FfvSgP,5GguQ843EmpY9adRo3W7rohPbStXRVVFLbkHWUj9ST39,138727629201,1387.27629201,1
1c63eb007ea29b5ccd016ce6b6c849f0,2026-10-02,2026-10-02 00:00:39.000 UTC,452442422,386RNwV5jM6R7eHbAcvpu35gXahfr5Rzxd8h2rs3aWQZw79uYS76dJppfvv15bqGFAw4v34VXCAb3Xggg7HHAsMP,transfer,CrZD39mqZfxBRTJX716fcpnjHoCF2XdUrcZ4FUkPYRcr,GpMZbSM2GgvTKHJirzeGfMFoaZ8UR2X7F4v8vHTvxFbL,5GguQ843EmpY9adRo3W7rohPbStXRVVFLbkHWUj9ST39,35hKKpdPTy495wFTybw5wajHp4ZNSyQA5KZXd7cN9hB7,138727629201,1387.27629201,1
1c8625395d80b929254b418e7e50f424,2026-10-02,2026-10-02 00:05:28.000 UTC,452443510,kGab8AfJqBLCZVSzm9x9SbkPiMc4SMfrGMfmLtwy8yQtTqp1U1wMXuUczxirZpUgCAU6BEskpSaAVbWMC44yyaQ,transfer,GGztQqQ6pCPaJQnNpXBgELr5cs3WwDakRbh1iEMzjgSJ,J3cdRYTeQAnZUhYRcVpk9abqEuRWTrtxb5fUbgh2aADn,GAGPmq9W6rjGFQEa7qsaPycAyuG6q3gAL8Xv7Po3GpoE,7r4TcfVhcYuuh3of8S8igoV7AeyNfwcnRhAaA8FfvSgP,55310399820,553.1039982,1
939a8dee82b6d904ac486b54e86dfdfd,2026-10-02,2026-10-02 00:05:28.000 UTC,452443510,kGab8AfJqBLCZVSzm9x9SbkPiMc4SMfrGMfmLtwy8yQtTqp1U1wMXuUczxirZpUgCAU6BEskpSaAVbWMC44yyaQ,transfer,BQmHdCVufyPbc7jtQ8PvjejpvNR3SrngGkfJeSgHGRvD,GGztQqQ6pCPaJQnNpXBgELr5cs3WwDakRbh1iEMzjgSJ,3JrEvNjKLPUXEc8i4dvhkFTLSNu35KVraxwkQFRMWANw,GAGPmq9W6rjGFQEa7qsaPycAyuG6q3gAL8Xv7Po3GpoE,55310399820,553.1039982,1
cf4ac2caba9e401deaa75d2cba8b7801,2026-10-02,2026-10-02 00:27:41.000 UTC,452448469,3z8UiSsGHrkuxADqx7UEuGhoPApiyZBzMwsmtg31MREg2xzXeTtuFHaNK8ofzghdFDLxjgiJX8dqykbKdHk4Mckp,transfer,J3cdRYTeQAnZUhYRcVpk9abqEuRWTrtxb5fUbgh2aADn,81RwTUf7ZvM5GpeG5q5aGemnxPQLzKAXEF6qPDzNQKDn,7r4TcfVhcYuuh3of8S8igoV7AeyNfwcnRhAaA8FfvSgP,95BGpzYf6m74RDhE6Y7pSVFPiBKuUvQhoDtf41nZUHcb,141873847465,1418.73847465,1
72f04e388f333db3bc8f9bcbad2beaae,2026-10-02,2026-10-02 00:27:41.000 UTC,452448469,3z8UiSsGHrkuxADqx7UEuGhoPApiyZBzMwsmtg31MREg2xzXeTtuFHaNK8ofzghdFDLxjgiJX8dqykbKdHk4Mckp,transfer,81RwTUf7ZvM5GpeG5q5aGemnxPQLzKAXEF6qPDzNQKDn,GpMZbSM2GgvTKHJirzeGfMFoaZ8UR2X7F4v8vHTvxFbL,95BGpzYf6m74RDhE6Y7pSVFPiBKuUvQhoDtf41nZUHcb,GJrjTyjw8vEL4FUVVnKmfvYKZamyjNgwxxprciNkQ9AE,141873847465,1418.73847465,1
64730ef70b8da4264ed366a75bfc4ff3,2026-10-02,2026-10-02 00:28:01.000 UTC,452448542,4pscp4R1yYNkUbECB74GRNgWT5kTCR5kcFs6t3LcoTGTgoUwPX4Sw7b8iTMDS6m5djKuh7LEum9T9xSnTseUyfRt,transfer,J3cdRYTeQAnZUhYRcVpk9abqEuRWTrtxb5fUbgh2aADn,78Bo7xxGWBEvqbh3VMKvkFG4Z63cXKSJ2LCEXAanhN7a,7r4TcfVhcYuuh3of8S8igoV7AeyNfwcnRhAaA8FfvSgP,H4dF1Hr9YcAqNEUsfGVnxa9qL3dbgJ5fa6PaffqtR7UD,69226568210,692.2656821,1
38dd3e12befaf57890029a853d2e0eea,2026-10-02,2026-10-02 00:28:01.000 UTC,452448542,4pscp4R1yYNkUbECB74GRNgWT5kTCR5kcFs6t3LcoTGTgoUwPX4Sw7b8iTMDS6m5djKuh7LEum9T9xSnTseUyfRt,transfer,78Bo7xxGWBEvqbh3VMKvkFG4Z63cXKSJ2LCEXAanhN7a,GpMZbSM2GgvTKHJirzeGfMFoaZ8UR2X7F4v8vHTvxFbL,H4dF1Hr9YcAqNEUsfGVnxa9qL3dbgJ5fa6PaffqtR7UD,GJrjTyjw8vEL4FUVVnKmfvYKZamyjNgwxxprciNkQ9AE,69226568210,692.2656821,1
c7c51084eaa03a5474deac66fd36242c,2026-10-02,2026-10-02 00:32:59.000 UTC,452449663,27UshES4NnrKdTh9K2gqaydzFcefWnT1f9QoFjVNXwdQiFcnnbTFKK1KAQ4tsrPAZaukX5KefimHH1yJyhEHZ8uY,transfer,F6fNCAgn8yNLfVUgxQtVUk1AoNeDWMJsEV5XJFyRZga5,GpMZbSM2GgvTKHJirzeGfMFoaZ8UR2X7F4v8vHTvxFbL,AX7JBxU1s4E7EaNv1Aq6VgG8qPVhTHtxks9jqytNV2Vo,GJrjTyjw8vEL4FUVVnKmfvYKZamyjNgwxxprciNkQ9AE,84737086256,847.37086256,1
efbaab92d940a6ba0ded6e6d2ca3bfd0,2026-10-02,2026-10-02 00:32:59.000 UTC,452449663,27UshES4NnrKdTh9K2gqaydzFcefWnT1f9QoFjVNXwdQiFcnnbTFKK1KAQ4tsrPAZaukX5KefimHH1yJyhEHZ8uY,transfer,J3cdRYTeQAnZUhYRcVpk9abqEuRWTrtxb5fUbgh2aADn,F6fNCAgn8yNLfVUgxQtVUk1AoNeDWMJsEV5XJFyRZga5,7r4TcfVhcYuuh3of8S8igoV7AeyNfwcnRhAaA8FfvSgP,AX7JBxU1s4E7EaNv1Aq6VgG8qPVhTHtxks9jqytNV2Vo,84737086256,847.37086256,1
4c1894ab409b216bdaaae5f36cc4745a,2026-10-02,2026-10-02 00:33:13.000 UTC,452449715,265rWY7L62pP4JXaNFAB6bTLEjAwVRoLv6suDqBzTo5znhP2orM4XNKkXT8Bt1v2L1mKR9ZXnwWWbwqPSxtEvNpy,transfer,J3cdRYTeQAnZUhYRcVpk9abqEuRWTrtxb5fUbgh2aADn,78Bo7xxGWBEvqbh3VMKvkFG4Z63cXKSJ2LCEXAanhN7a,7r4TcfVhcYuuh3of8S8igoV7AeyNfwcnRhAaA8FfvSgP,H4dF1Hr9YcAqNEUsfGVnxa9qL3dbgJ5fa6PaffqtR7UD,57580361902,575.80361902,1
706ade7989f96298bdf8523d83aec390,2026-10-02,2026-10-02 00:33:13.000 UTC,452449715,265rWY7L62pP4JXaNFAB6bTLEjAwVRoLv6suDqBzTo5znhP2orM4XNKkXT8Bt1v2L1mKR9ZXnwWWbwqPSxtEvNpy,transfer,78Bo7xxGWBEvqbh3VMKvkFG4Z63cXKSJ2LCEXAanhN7a,GpMZbSM2GgvTKHJirzeGfMFoaZ8UR2X7F4v8vHTvxFbL,H4dF1Hr9YcAqNEUsfGVnxa9qL3dbgJ5fa6PaffqtR7UD,GJrjTyjw8vEL4FUVVnKmfvYKZamyjNgwxxprciNkQ9AE,57580361902,575.80361902,1
ccca31a737b44553316db6cad7d7d95d,2026-10-02,2026-10-02 00:35:00.000 UTC,452450120,64GoVraFEXqNJFWRqsRTVMvjP96xrfXVUJsJHWHw3SpvNfdGRAzRagfUrceyYsEqeqy4XdatC7mBsejYRyf5U8kH,transfer,J3cdRYTeQAnZUhYRcVpk9abqEuRWTrtxb5fUbgh2aADn,78Bo7xxGWBEvqbh3VMKvkFG4Z63cXKSJ2LCEXAanhN7a,7r4TcfVhcYuuh3of8S8igoV7AeyNfwcnRhAaA8FfvSgP,H4dF1Hr9YcAqNEUsfGVnxa9qL3dbgJ5fa6PaffqtR7UD,62105814713,621.05814713,1
df373c70446b5774fe67f6f648d7b981,2026-10-02,2026-10-02 00:35:00.000 UTC,452450120,64GoVraFEXqNJFWRqsRTVMvjP96xrfXVUJsJHWHw3SpvNfdGRAzRagfUrceyYsEqeqy4XdatC7mBsejYRyf5U8kH,transfer,78Bo7xxGWBEvqbh3VMKvkFG4Z63cXKSJ2LCEXAanhN7a,GpMZbSM2GgvTKHJirzeGfMFoaZ8UR2X7F4v8vHTvxFbL,H4dF1Hr9YcAqNEUsfGVnxa9qL3dbgJ5fa6PaffqtR7UD,GJrjTyjw8vEL4FUVVnKmfvYKZamyjNgwxxprciNkQ9AE,62105814713,621.05814713,1
19466d9a7a3116c3c830e3ee9967f25a,2026-10-02,2026-10-02 00:40:26.000 UTC,452451335,dsws5scDyLwqF9wErqywai7B3RGAv39r1A9KPe4Mdp9sxTaQZceGoScmp4k56gbmPnjBSj8mCoXVgoXcskcB26T,transfer,J3cdRYTeQAnZUhYRcVpk9abqEuRWTrtxb5fUbgh2aADn,78Bo7xxGWBEvqbh3VMKvkFG4Z63cXKSJ2LCEXAanhN7a,7r4TcfVhcYuuh3of8S8igoV7AeyNfwcnRhAaA8FfvSgP,H4dF1Hr9YcAqNEUsfGVnxa9qL3dbgJ5fa6PaffqtR7UD,68076394247,680.76394247,1
90b7c1f2cd3686f6f65d25f0ba3bbacc,2026-10-02,2026-10-02 00:40:26.000 UTC,452451335,dsws5scDyLwqF9wErqywai7B3RGAv39r1A9KPe4Mdp9sxTaQZceGoScmp4k56gbmPnjBSj8mCoXVgoXcskcB26T,transfer,78Bo7xxGWBEvqbh3VMKvkFG4Z63cXKSJ2LCEXAanhN7a,GpMZbSM2GgvTKHJirzeGfMFoaZ8UR2X7F4v8vHTvxFbL,H4dF1Hr9YcAqNEUsfGVnxa9qL3dbgJ5fa6PaffqtR7UD,GJrjTyjw8vEL4FUVVnKmfvYKZamyjNgwxxprciNkQ9AE,68076394247,680.76394247,1
b1dc2168588c97b11aef386fa73f3152,2026-10-02,2026-10-02 00:42:05.000 UTC,452451705,2j9fL6q5gEXWyjTHmqBFgvniBDP8TLWhhXy7gFMAi878bk3JUPBbpd8PKkio56Y4NViigMSDw29L9ov5nL9JQhVo,transfer,78Bo7xxGWBEvqbh3VMKvkFG4Z63cXKSJ2LCEXAanhN7a,GpMZbSM2GgvTKHJirzeGfMFoaZ8UR2X7F4v8vHTvxFbL,H4dF1Hr9YcAqNEUsfGVnxa9qL3dbgJ5fa6PaffqtR7UD,GJrjTyjw8vEL4FUVVnKmfvYKZamyjNgwxxprciNkQ9AE,78379928643,783.79928643,1
cd3426d78d4835433f2c7eeb0a6fb2c0,2026-10-02,2026-10-02 00:42:05.000 UTC,452451705,2j9fL6q5gEXWyjTHmqBFgvniBDP8TLWhhXy7gFMAi878bk3JUPBbpd8PKkio56Y4NViigMSDw29L9ov5nL9JQhVo,transfer,J3cdRYTeQAnZUhYRcVpk9abqEuRWTrtxb5fUbgh2aADn,78Bo7xxGWBEvqbh3VMKvkFG4Z63cXKSJ2LCEXAanhN7a,7r4TcfVhcYuuh3of8S8igoV7AeyNfwcnRhAaA8FfvSgP,H4dF1Hr9YcAqNEUsfGVnxa9qL3dbgJ5fa6PaffqtR7UD,78379928643,783.79928643,1
ce2a9be0128736823157ab26471dbef2,2026-10-02,2026-10-02 00:42:20.000 UTC,452451760,2ygL8erREFNgTjZDFSWgdSwNz669EKbYwi7axB36NPiEct4eq6VD84MyrMMNumh3J9CXntZgc8umcP5WgARUVUBi,transfer,81RwTUf7ZvM5GpeG5q5aGemnxPQLzKAXEF6qPDzNQKDn,GpMZbSM2GgvTKHJirzeGfMFoaZ8UR2X7F4v8vHTvxFbL,95BGpzYf6m74RDhE6Y7pSVFPiBKuUvQhoDtf41nZUHcb,GJrjTyjw8vEL4FUVVnKmfvYKZamyjNgwxxprciNkQ9AE,219522869527,2195.22869527,1
e7aa2bf071502ff83536441893157f11,2026-10-02,2026-10-02 00:42:20.000 UTC,452451760,2ygL8erREFNgTjZDFSWgdSwNz669EKbYwi7axB36NPiEct4eq6VD84MyrMMNumh3J9CXntZgc8umcP5WgARUVUBi,transfer,J3cdRYTeQAnZUhYRcVpk9abqEuRWTrtxb5fUbgh2aADn,81RwTUf7ZvM5GpeG5q5aGemnxPQLzKAXEF6qPDzNQKDn,7r4TcfVhcYuuh3of8S8igoV7AeyNfwcnRhAaA8FfvSgP,95BGpzYf6m74RDhE6Y7pSVFPiBKuUvQhoDtf41nZUHcb,219522869527,2195.22869527,1
6d84fd41fdc383e47814ff5830ddda6c,2026-10-02,2026-10-02 00:42:22.000 UTC,452451769,eQBea7ZA4CJXpdQsiFKcgMdaCuXE3T9RbJzgpYUwaVmg5gtQWc4EZZpuo6uMZZiASFyjn4GVf9HBCvZXXFoZTFM,transfer,81RwTUf7ZvM5GpeG5q5aGemnxPQLzKAXEF6qPDzNQKDn,GpMZbSM2GgvTKHJirzeGfMFoaZ8UR2X7F4v8vHTvxFbL,95BGpzYf6m74RDhE6Y7pSVFPiBKuUvQhoDtf41nZUHcb,GJrjTyjw8vEL4FUVVnKmfvYKZamyjNgwxxprciNkQ9AE,133085135573,1330.85135573,1
9562d3a03a86883fe8650715699754fe,2026-10-02,2026-10-02 00:42:22.000 UTC,452451769,eQBea7ZA4CJXpdQsiFKcgMdaCuXE3T9RbJzgpYUwaVmg5gtQWc4EZZpuo6uMZZiASFyjn4GVf9HBCvZXXFoZTFM,transfer,J3cdRYTeQAnZUhYRcVpk9abqEuRWTrtxb5fUbgh2aADn,81RwTUf7ZvM5GpeG5q5aGemnxPQLzKAXEF6qPDzNQKDn,7r4TcfVhcYuuh3of8S8igoV7AeyNfwcnRhAaA8FfvSgP,95BGpzYf6m74RDhE6Y7pSVFPiBKuUvQhoDtf41nZUHcb,133085135573,1330.85135573,1
62883235e80a3545f5dd23bbbb19dc18,2026-10-02,2026-10-02 00:42:46.000 UTC,452451858,3CyLB5QY9Vavjpi5t2RZz3KG5Unu5ws1WQNKXYgivHt8rkEjco2mAmUNDC9pBmqmXr4ywsvXangZ4Sgo5KvbH9Ch,transfer,J3cdRYTeQAnZUhYRcVpk9abqEuRWTrtxb5fUbgh2aADn,78Bo7xxGWBEvqbh3VMKvkFG4Z63cXKSJ2LCEXAanhN7a,7r4TcfVhcYuuh3of8S8igoV7AeyNfwcnRhAaA8FfvSgP,H4dF1Hr9YcAqNEUsfGVnxa9qL3dbgJ5fa6PaffqtR7UD,79927756019,799.27756019,1
b696b4ffa92155235517497b4cbbf366,2026-10-02,2026-10-02 00:42:46.000 UTC,452451858,3CyLB5QY9Vavjpi5t2RZz3KG5Unu5ws1WQNKXYgivHt8rkEjco2mAmUNDC9pBmqmXr4ywsvXangZ4Sgo5KvbH9Ch,transfer,78Bo7xxGWBEvqbh3VMKvkFG4Z63cXKSJ2LCEXAanhN7a,GpMZbSM2GgvTKHJirzeGfMFoaZ8UR2X7F4v8vHTvxFbL,H4dF1Hr9YcAqNEUsfGVnxa9qL3dbgJ5fa6PaffqtR7UD,GJrjTyjw8vEL4FUVVnKmfvYKZamyjNgwxxprciNkQ9AE,79927756019,799.27756019,1
e4a9829f10f6fc70165b35546d81c200,2026-10-02,2026-10-02 01:45:12.000 UTC,452465871,5nShphGhxoQeURXFrjmQ6ka9pTseYvuhVfE7GfjdPf8FG95zZ1MU7G2t6fGiEFCoNaaFZumBR1xJigvL6JDNSVRr,transfer,J3cdRYTeQAnZUhYRcVpk9abqEuRWTrtxb5fUbgh2aADn,F7TnCxiDRJifXPK2qXkH3SguqZqEUMroUfAw92QCwUy5,7r4TcfVhcYuuh3of8S8igoV7AeyNfwcnRhAaA8FfvSgP,9Fa32wZcWVHEQJeZs1v4yGPM1nHDpPiHLGLHrFARGb3U,663400896108,6634.00896108,1
98ac58a8a9ff2cc8a43093064e1b2014,2026-10-02,2026-10-02 02:06:21.000 UTC,452470604,3waLJaWsunzpzdMcy3Nxz4gqstc92BxJcpkz8LHnVAewJgzhX2WJAysX15E3qLNhy4sntzoG9CoVrYsVSEdfgrQy,transfer,FyW8ohP811FjJySkPdv5CNfB3Sz4xTm7K48BmBGkFzNZ,2Rpt43Wez9uVjUMA4ByUrAUmqavD38jNY9iNFWAdt5qf,5SA5LdLaWKYBig8Tj18y99wZ35KZe72HHfZH7F2QdTDE,4SBqmpo26N4QPcfabN4waNdFZzrbQBfJBm2M6YyTaunU,207606469000000,2076064.69,1
01a07ec19f737743191888576e204a7e,2026-10-02,2026-10-02 02:10:49.000 UTC,452471589,kMva9ebj7uabJDPe79ei9tzFj2SDtcZzDefuvbkEmsUy3Qv8TJTkWQfFFeqErBxsgieyK1o4VLinp7UJ1hw7TRS,transfer,2Rpt43Wez9uVjUMA4ByUrAUmqavD38jNY9iNFWAdt5qf,HJJVkCwRbAo2ix5UjhUXzffazUUVbuwjKWaunbi8u9tM,4SBqmpo26N4QPcfabN4waNdFZzrbQBfJBm2M6YyTaunU,DprsLKByf4h9FamHhKLmzyoHdeVRfXUz258sjjjuwtGS,24138928000000,241389.28,1
f08ce1695f565504def911a90d77b5d5,2026-10-02,2026-10-02 02:11:05.000 UTC,452471647,4MmTbtCgFzKndCsjZJrDKTUYVBdvFAwQCSmTUpddXQofq6aZJZjnc3dv9AkkXeNajoZQX6AiybCPjN9hgVLHT5zZ,transfer,FyW8ohP811FjJySkPdv5CNfB3Sz4xTm7K48BmBGkFzNZ,5QsyByFVJcg7oN76Ma26KEDFQdHt1tsiVExK94zURzfd,5SA5LdLaWKYBig8Tj18y99wZ35KZe72HHfZH7F2QdTDE,8joUsyKkRQzxUWHwuXjLAnnxdR8q4yy6VicKt2mJFCPC,94323476600000,943234.766,1
e6a3cf09336bc147a3215d8f25ed729f,2026-10-02,2026-10-02 02:12:48.000 UTC,452472034,3AW5ZdGcoVFgrsG2s3rx2ZZQ9CLkzpwE8bR6J6tYgahie6SBpEfibW4DqAAYjmt1gEjwCP1gD6WqLQJX15WdLyyc,transfer,2Rpt43Wez9uVjUMA4ByUrAUmqavD38jNY9iNFWAdt5qf,CctvSetgkmUSTAqs17Ut3ed7cEweHz9dBRCUhzVuvtMM,4SBqmpo26N4QPcfabN4waNdFZzrbQBfJBm2M6YyTaunU,A12gsEKh4GSaJom9RsJ8DgzK6PmskM461pee84B6jeaB,134477000000,1344.77,1
da8f1079bc7f28091d6da7360a5a2861,2026-10-02,2026-10-02 02:13:21.000 UTC,452472156,fpv5sCD9KnRCo2X9Kodt6Nrsd9DohCNZBWNcwAE7MgUPncVVMJRsYyoZRCZ9bzHhW3XxvZKty5L9VigMRjMagbx,transfer,2Rpt43Wez9uVjUMA4ByUrAUmqavD38jNY9iNFWAdt5qf,HjYnfA85K75HR46CC9i5WVoGxaEwCDs4jDRE65STg28T,4SBqmpo26N4QPcfabN4waNdFZzrbQBfJBm2M6YyTaunU,Huzn2SXHa8AFBeu91EhPQahDBmqN2jegeFE13UjSiTTL,73182728000000,731827.28,1
47125883ac2116cd8fc0b306c232f907,2026-10-02,2026-10-02 02:13:36.000 UTC,452472213,3JD7gFfzEhEpAFg6tQf2R44tgmk8MHACJbC3cwFNoCLRpcZqrMQSPAtTQ596X3JJpNK1uTkKz2gMSbYDiMUoXrKf,transfer,BQ72nSv9f3PRyRKCBnHLVrerrv37CYTHm5h3s9VSGQDV,J3cdRYTeQAnZUhYRcVpk9abqEuRWTrtxb5fUbgh2aADn,5VgcSx25aaJisJcZTtLw5SPkJesSLZQYw6ceuXzXCpGr,7r4TcfVhcYuuh3of8S8igoV7AeyNfwcnRhAaA8FfvSgP,73182728000000,731827.28,1
810f4792bb5bbd848c2afd782bf65b55,2026-10-02,2026-10-02 02:13:36.000 UTC,452472213,3JD7gFfzEhEpAFg6tQf2R44tgmk8MHACJbC3cwFNoCLRpcZqrMQSPAtTQ596X3JJpNK1uTkKz2gMSbYDiMUoXrKf,transfer,HjYnfA85K75HR46CC9i5WVoGxaEwCDs4jDRE65STg28T,BQ72nSv9f3PRyRKCBnHLVrerrv37CYTHm5h3s9VSGQDV,Huzn2SXHa8AFBeu91EhPQahDBmqN2jegeFE13UjSiTTL,5VgcSx25aaJisJcZTtLw5SPkJesSLZQYw6ceuXzXCpGr,73182728000000,731827.28,1
fcc50a1ff887e571cc7f2d1ebbe5007e,2026-10-02,2026-10-02 02:13:36.000 UTC,452472213,5CSbdwTytoh86v2Pb2o2BFsmZENboN63ZnrqVsuWUuvyRGicrZz1g9F2WawShaqKLY4z6aatYgEKjpAeq2QnjBWH,transfer,J3cdRYTeQAnZUhYRcVpk9abqEuRWTrtxb5fUbgh2aADn,AQervpt8LyacpHkEwrcSqkvry88BXQoy3oVPYc3hKZBs,7r4TcfVhcYuuh3of8S8igoV7AeyNfwcnRhAaA8FfvSgP,7WbShbkprjzyeFrzZ9v6HNpggLPYTt9Z2cMjq75SXFTV,2432938276633,24329.38276633,1
5cffaf8580b372567260e2f206dde62f,2026-10-02,2026-10-02 02:13:36.000 UTC,452472213,5CSbdwTytoh86v2Pb2o2BFsmZENboN63ZnrqVsuWUuvyRGicrZz1g9F2WawShaqKLY4z6aatYgEKjpAeq2QnjBWH,transfer,AQervpt8LyacpHkEwrcSqkvry88BXQoy3oVPYc3hKZBs,GpMZbSM2GgvTKHJirzeGfMFoaZ8UR2X7F4v8vHTvxFbL,7WbShbkprjzyeFrzZ9v6HNpggLPYTt9Z2cMjq75SXFTV,35hKKpdPTy495wFTybw5wajHp4ZNSyQA5KZXd7cN9hB7,2432938276633,24329.38276633,1
13314c4f76fcb330fef35219f76830e0,2026-10-02,2026-10-02 02:13:37.000 UTC,452472214,5XRNKhNjNZkggB7TwftAAfBNGyvqivT6MYXoSPprTncqTpLbt9GCJCKceJoHC3bC8onFKpYospo4QRszskEyoKgT,transfer,RustUSBDaDcRRbT8JRmJ8GpomiXiMdgt3iYwbA59xvB,GpMZbSM2GgvTKHJirzeGfMFoaZ8UR2X7F4v8vHTvxFbL,7FDjTg3uecMSa7cp4CFtZ67uBaDQS2TbJ3Dj6DYZKDgt,GJrjTyjw8vEL4FUVVnKmfvYKZamyjNgwxxprciNkQ9AE,45022772564,450.22772564,1
252772a8b9af225264b98e1213339bd3,2026-10-02,2026-10-02 02:13:37.000 UTC,452472214,5XRNKhNjNZkggB7TwftAAfBNGyvqivT6MYXoSPprTncqTpLbt9GCJCKceJoHC3bC8onFKpYospo4QRszskEyoKgT,transfer,J3cdRYTeQAnZUhYRcVpk9abqEuRWTrtxb5fUbgh2aADn,RustUSBDaDcRRbT8JRmJ8GpomiXiMdgt3iYwbA59xvB,7r4TcfVhcYuuh3of8S8igoV7AeyNfwcnRhAaA8FfvSgP,7FDjTg3uecMSa7cp4CFtZ67uBaDQS2TbJ3Dj6DYZKDgt,45022772564,450.22772564,1
53e9f2ec06d93175399f68da35ddfa22,2026-10-02,2026-10-02 02:13:55.000 UTC,452472281,5hioBmzQ5XaQCqZtnYTxudZVjF2k4Qe8eKxxPEkhq5FnGyUuNEKhPcPDQF5RvhSSxkN1jaW8JVUdoPi3zjTyfixd,transfer,2Rpt43Wez9uVjUMA4ByUrAUmqavD38jNY9iNFWAdt5qf,3g53jsKo1AWfudRJot29HDQz4z2vbPVYTFnNfi9AxziR,4SBqmpo26N4QPcfabN4waNdFZzrbQBfJBm2M6YyTaunU,Gw4dgLUXx4R4WePpdmZ7WwjRKMw6FdGWsQb9dMe6U4fW,72465794000000,724657.94,1
9a2ffe674fc8347be32a85051bfa962e,2026-10-02,2026-10-02 02:14:06.000 UTC,452472321,2cxJou3skcYyrCT4Tp6db23cCfC1PG4jVd3gpeFVNHWn1A58fqLyipH88bmQMN42MWnQP2M63VHQFVBYSgpanrVM,transfer,6AGp6zbGNuyZpmzeswv9KCNU15Rf37UQDqDqFAeHmS8d,GpMZbSM2GgvTKHJirzeGfMFoaZ8UR2X7F4v8vHTvxFbL,8Xb4D7VQDEj872ZsUwjStnk1icrhj2u9rQytS9fF9AZL,GJrjTyjw8vEL4FUVVnKmfvYKZamyjNgwxxprciNkQ9AE,498048541316,4980.48541316,1
bedb7da6ad49da63b93516bb7e9d808e,2026-10-02,2026-10-02 02:14:06.000 UTC,452472321,2cxJou3skcYyrCT4Tp6db23cCfC1PG4jVd3gpeFVNHWn1A58fqLyipH88bmQMN42MWnQP2M63VHQFVBYSgpanrVM,transfer,J3cdRYTeQAnZUhYRcVpk9abqEuRWTrtxb5fUbgh2aADn,6AGp6zbGNuyZpmzeswv9KCNU15Rf37UQDqDqFAeHmS8d,7r4TcfVhcYuuh3of8S8igoV7AeyNfwcnRhAaA8FfvSgP,8Xb4D7VQDEj872ZsUwjStnk1icrhj2u9rQytS9fF9AZL,498048541316,4980.48541316,1
443ffb3d1633f9678b80a97c12295d3e,2026-10-02,2026-10-02 02:14:06.000 UTC,452472321,62omP9z2DUE4GdtPK9CLRHGJ12LsqrAkRnMrPPG88copUDVMuc5E4r4FVNFSZoaebEqdUVz2Npz3M7TcgvzewSLU,transfer,HvFdDWS3RqymRAVx1ZdoL2RjiC38r5dtt19Z8op5jqDK,GpMZbSM2GgvTKHJirzeGfMFoaZ8UR2X7F4v8vHTvxFbL,G1htLa3kFHBueV7h6jzCxFWm46sDnbJ5KXU2c9RikzTQ,35hKKpdPTy495wFTybw5wajHp4ZNSyQA5KZXd7cN9hB7,1974172101341,19741.72101341,1
97376b0af069b43916f04f16a38ff969,2026-10-02,2026-10-02 02:14:06.000 UTC,452472321,62omP9z2DUE4GdtPK9CLRHGJ12LsqrAkRnMrPPG88copUDVMuc5E4r4FVNFSZoaebEqdUVz2Npz3M7TcgvzewSLU,transfer,J3cdRYTeQAnZUhYRcVpk9abqEuRWTrtxb5fUbgh2aADn,HvFdDWS3RqymRAVx1ZdoL2RjiC38r5dtt19Z8op5jqDK,7r4TcfVhcYuuh3of8S8igoV7AeyNfwcnRhAaA8FfvSgP,G1htLa3kFHBueV7h6jzCxFWm46sDnbJ5KXU2c9RikzTQ,1974172101341,19741.72101341,1
1d78bcdf087c0c6011597ca990cef245,2026-10-02,2026-10-02 02:14:06.000 UTC,452472321,66X68qiqtr3Ru96MpyzcEYSJoMecXh9iNe95siC6w8rkBkY5krEqL5xdpupZoxqU5PsTYekanFroBk7uFwVX32jt,transfer,GpMZbSM2GgvTKHJirzeGfMFoaZ8UR2X7F4v8vHTvxFbL,R32xAccFis3YzBzGwZ1C4QkGiehLxSao7gDmErA3kjk,35hKKpdPTy495wFTybw5wajHp4ZNSyQA5KZXd7cN9hB7,DGuSLBt7dJYaDkXoT6286dQ3MmezUtKcyEQgg9ESeP7d,326886557995,3268.86557995,1
00a222de328121c32391ea9cbd3f968c,2026-10-02,2026-10-02 02:14:06.000 UTC,452472321,66X68qiqtr3Ru96MpyzcEYSJoMecXh9iNe95siC6w8rkBkY5krEqL5xdpupZoxqU5PsTYekanFroBk7uFwVX32jt,transfer,R32xAccFis3YzBzGwZ1C4QkGiehLxSao7gDmErA3kjk,GpMZbSM2GgvTKHJirzeGfMFoaZ8UR2X7F4v8vHTvxFbL,DGuSLBt7dJYaDkXoT6286dQ3MmezUtKcyEQgg9ESeP7d,GJrjTyjw8vEL4FUVVnKmfvYKZamyjNgwxxprciNkQ9AE,326886557995,3268.86557995,1
4e5eb43feb797dd89442c8b6a38b328c,2026-10-02,2026-10-02 02:14:06.000 UTC,452472321,VKBZBbFagQ7xeyEgzwjTt8aK9NGqEmmopi7oyyAwQQkWSzY5EDk6aUqFtrFDmYy3nLEDErKLJ7HkTtPVC8gn3Ez,transfer,GpMZbSM2GgvTKHJirzeGfMFoaZ8UR2X7F4v8vHTvxFbL,4B8srvotmWddTZuMt4RrBQrnx1sQj2Z7FaXgLbWvpVdd,35hKKpdPTy495wFTybw5wajHp4ZNSyQA5KZXd7cN9hB7,8MHn6A9aaSZjv8q8N1Ni42w2qqFdaLZUQYGyACdXzFsN,13031212339,130.31212339,1
64bb3e31a93ae466059008b0a88f67ff,2026-10-02,2026-10-02 02:14:06.000 UTC,452472321,VKBZBbFagQ7xeyEgzwjTt8aK9NGqEmmopi7oyyAwQQkWSzY5EDk6aUqFtrFDmYy3nLEDErKLJ7HkTtPVC8gn3Ez,transfer,4B8srvotmWddTZuMt4RrBQrnx1sQj2Z7FaXgLbWvpVdd,GpMZbSM2GgvTKHJirzeGfMFoaZ8UR2X7F4v8vHTvxFbL,8MHn6A9aaSZjv8q8N1Ni42w2qqFdaLZUQYGyACdXzFsN,GJrjTyjw8vEL4FUVVnKmfvYKZamyjNgwxxprciNkQ9AE,13031212339,130.31212339,1
6d58db46627d69973fe549119f9df89b,2026-10-02,2026-10-02 02:14:36.000 UTC,452472430,2BUtJie5xi4yTSY7CdK2vid8GMYq792fkn1yYStgifk5Keotk9SBPM7v45JMgtN7phq8SWX3q18yNJUaBbVqb6EG,transfer,HvFdDWS3RqymRAVx1ZdoL2RjiC38r5dtt19Z8op5jqDK,GpMZbSM2GgvTKHJirzeGfMFoaZ8UR2X7F4v8vHTvxFbL,G1htLa3kFHBueV7h6jzCxFWm46sDnbJ5KXU2c9RikzTQ,35hKKpdPTy495wFTybw5wajHp4ZNSyQA5KZXd7cN9hB7,2334394728919,23343.94728919,1
019e5ed31b4f67c707c494642d46771d,2026-10-02,2026-10-02 02:14:36.000 UTC,452472430,2BUtJie5xi4yTSY7CdK2vid8GMYq792fkn1yYStgifk5Keotk9SBPM7v45JMgtN7phq8SWX3q18yNJUaBbVqb6EG,transfer,J3cdRYTeQAnZUhYRcVpk9abqEuRWTrtxb5fUbgh2aADn,HvFdDWS3RqymRAVx1ZdoL2RjiC38r5dtt19Z8op5jqDK,7r4TcfVhcYuuh3of8S8igoV7AeyNfwcnRhAaA8FfvSgP,G1htLa3kFHBueV7h6jzCxFWm46sDnbJ5KXU2c9RikzTQ,2334394728919,23343.94728919,1
08667506a1b54f7128aad5638940cefe,2026-10-02,2026-10-02 02:14:36.000 UTC,452472430,2CwTJJiKJGWwc39EmqF8XwxJvChPKzem6utcSEfUj8RMiA9jchU5SLZVvMguZzgj9daNNMaLjkiUc3cXJXTbSiv2,transfer,GpMZbSM2GgvTKHJirzeGfMFoaZ8UR2X7F4v8vHTvxFbL,NALUnJA2AJUYa6xJL1HsorEeFgxxDsfUgYBCX8Pp2zD,35hKKpdPTy495wFTybw5wajHp4ZNSyQA5KZXd7cN9hB7,4sKCpuN1EjauwQaSqE8RN1EaAd8qjDZKCv5Swv7ad7un,99441097563,994.41097563,1
cc634e4eaf7b38d66dac8536f924cfb6,2026-10-02,2026-10-02 02:14:36.000 UTC,452472430,2CwTJJiKJGWwc39EmqF8XwxJvChPKzem6utcSEfUj8RMiA9jchU5SLZVvMguZzgj9daNNMaLjkiUc3cXJXTbSiv2,transfer,NALUnJA2AJUYa6xJL1HsorEeFgxxDsfUgYBCX8Pp2zD,GpMZbSM2GgvTKHJirzeGfMFoaZ8UR2X7F4v8vHTvxFbL,4sKCpuN1EjauwQaSqE8RN1EaAd8qjDZKCv5Swv7ad7un,GJrjTyjw8vEL4FUVVnKmfvYKZamyjNgwxxprciNkQ9AE,99441097563,994.41097563,1
a051a156c55bfcacb55505f2327deada,2026-10-02,2026-10-02 02:14:36.000 UTC,452472430,2J4KoZQ8gW8XkZ34kWPQkoCCcqFH6PmcYX76BT8tVHLTCaCP9cbiS8ZAAfHsfm6rTtaZue7gFb3E9HyyghrjJ9sn,transfer,rLsi2DPwRLovHzLV5XYxa8B597bv8w8nX7fZHJJf8uy,2Q8tAc9nrQca3tE9KqhnVc9DiBsDPQyqY24rnbRVYv8E,7aRvovEqbNpaqmf9UkxtUn4ohA7dZ6B9wVT1AnnSqKdR,9UK3o1FSN5avmpNmuxkdJWT16YPRjNZ7WvYW3fCcjaw4,2374772920,23.7477292,1
cc2447ac73321d354414e9cc15422a55,2026-10-02,2026-10-02 02:14:36.000 UTC,452472430,2J4KoZQ8gW8XkZ34kWPQkoCCcqFH6PmcYX76BT8tVHLTCaCP9cbiS8ZAAfHsfm6rTtaZue7gFb3E9HyyghrjJ9sn,transfer,GpMZbSM2GgvTKHJirzeGfMFoaZ8UR2X7F4v8vHTvxFbL,rLsi2DPwRLovHzLV5XYxa8B597bv8w8nX7fZHJJf8uy,35hKKpdPTy495wFTybw5wajHp4ZNSyQA5KZXd7cN9hB7,7aRvovEqbNpaqmf9UkxtUn4ohA7dZ6B9wVT1AnnSqKdR,2374772920,23.7477292,1
70e69d85cc1e0dcdb8e3f28980aed562,2026-10-02,2026-10-02 02:14:36.000 UTC,452472430,62E1P7mRtq5AKMteGwGpa7UR3z2LWpLpkBsBwL4P7TLvs1y2soGvNLDWhxqFfovbJXJcn5Ht1uFPSjWj5ftDKvtU,transfer,GpMZbSM2GgvTKHJirzeGfMFoaZ8UR2X7F4v8vHTvxFbL,4B8srvotmWddTZuMt4RrBQrnx1sQj2Z7FaXgLbWvpVdd,35hKKpdPTy495wFTybw5wajHp4ZNSyQA5KZXd7cN9hB7,8MHn6A9aaSZjv8q8N1Ni42w2qqFdaLZUQYGyACdXzFsN,6035174066,60.35174066,1
112fce48a9ce2d1334bbffe9f7887402,2026-10-02,2026-10-02 02:14:36.000 UTC,452472430,62E1P7mRtq5AKMteGwGpa7UR3z2LWpLpkBsBwL4P7TLvs1y2soGvNLDWhxqFfovbJXJcn5Ht1uFPSjWj5ftDKvtU,transfer,4B8srvotmWddTZuMt4RrBQrnx1sQj2Z7FaXgLbWvpVdd,GpMZbSM2GgvTKHJirzeGfMFoaZ8UR2X7F4v8vHTvxFbL,8MHn6A9aaSZjv8q8N1Ni42w2qqFdaLZUQYGyACdXzFsN,GJrjTyjw8vEL4FUVVnKmfvYKZamyjNgwxxprciNkQ9AE,6035174066,60.35174066,1
9202a299c43f4941734c26d7996a63b2,2026-10-02,2026-10-02 02:14:36.000 UTC,452472430,qSdJbzAp6nTGUgkWMF65vAFMCBSZggGUg39cvM6mWB4SyCPMb3FKqARdCU92bDE5WP3iGmhhqp19ioW81Vok7jP,transfer,8NQ32SyFKD1d5kenq4oM8Da6C6J9TQSMW1uAgFRveEQr,GpMZbSM2GgvTKHJirzeGfMFoaZ8UR2X7F4v8vHTvxFbL,7Ckx7QA3kDgB85XK8tSGqAYZAqzFJwLBwTUgcNUnXNmc,GJrjTyjw8vEL4FUVVnKmfvYKZamyjNgwxxprciNkQ9AE,1174404568138,11744.04568138,1
47f43e3a2856438a95ca40370c957133,2026-10-02,2026-10-02 02:14:36.000 UTC,452472430,qSdJbzAp6nTGUgkWMF65vAFMCBSZggGUg39cvM6mWB4SyCPMb3FKqARdCU92bDE5WP3iGmhhqp19ioW81Vok7jP,transfer,J3cdRYTeQAnZUhYRcVpk9abqEuRWTrtxb5fUbgh2aADn,8NQ32SyFKD1d5kenq4oM8Da6C6J9TQSMW1uAgFRveEQr,7r4TcfVhcYuuh3of8S8igoV7AeyNfwcnRhAaA8FfvSgP,7Ckx7QA3kDgB85XK8tSGqAYZAqzFJwLBwTUgcNUnXNmc,1174404568138,11744.04568138,1
219a105162eff1244dd96bf3d1351058,2026-10-02,2026-10-02 02:15:06.000 UTC,452472534,4wVDJ43PKqNQV32VDMcM9QCnB8XFUjbX9ePwQsEbZXn3JwUPuwpy3fsgrKxFHcQVeDDqUk1Jgn1nQNr5nHKZL6WE,transfer,J3cdRYTeQAnZUhYRcVpk9abqEuRWTrtxb5fUbgh2aADn,8oSD5a9EG933qyuL8YdnSy6YPF7peNiXm7PAx19R1phB,7r4TcfVhcYuuh3of8S8igoV7AeyNfwcnRhAaA8FfvSgP,Aj3QonSWdzChL9QwJZUXKcyURt116whqtjqMdgeGQkt3,753439564689,7534.39564689,1
c3ec9f9db47daa067b9b307e9531bcad,2026-10-02,2026-10-02 02:15:06.000 UTC,452472534,4wVDJ43PKqNQV32VDMcM9QCnB8XFUjbX9ePwQsEbZXn3JwUPuwpy3fsgrKxFHcQVeDDqUk1Jgn1nQNr5nHKZL6WE,transfer,8oSD5a9EG933qyuL8YdnSy6YPF7peNiXm7PAx19R1phB,GpMZbSM2GgvTKHJirzeGfMFoaZ8UR2X7F4v8vHTvxFbL,Aj3QonSWdzChL9QwJZUXKcyURt116whqtjqMdgeGQkt3,35hKKpdPTy495wFTybw5wajHp4ZNSyQA5KZXd7cN9hB7,753439564689,7534.39564689,1
4b0808418b4ef0ca071688e5aaaf8700,2026-10-02,2026-10-02 02:15:06.000 UTC,452472534,5nKcLu4P6B5rGUXujiKpHBMeyYT7qwZ3KPtegeEvbTMsa5f3fosz8kPbeLg6k7WSYnuizVxNEhpsLW3HSwSy6Sxn,transfer,J3cdRYTeQAnZUhYRcVpk9abqEuRWTrtxb5fUbgh2aADn,81RwTUf7ZvM5GpeG5q5aGemnxPQLzKAXEF6qPDzNQKDn,7r4TcfVhcYuuh3of8S8igoV7AeyNfwcnRhAaA8FfvSgP,95BGpzYf6m74RDhE6Y7pSVFPiBKuUvQhoDtf41nZUHcb,549358654098,5493.58654098,1
fe282f29d742dc7a09ec6e3465cbd091,2026-10-02,2026-10-02 02:15:06.000 UTC,452472534,5nKcLu4P6B5rGUXujiKpHBMeyYT7qwZ3KPtegeEvbTMsa5f3fosz8kPbeLg6k7WSYnuizVxNEhpsLW3HSwSy6Sxn,transfer,81RwTUf7ZvM5GpeG5q5aGemnxPQLzKAXEF6qPDzNQKDn,GpMZbSM2GgvTKHJirzeGfMFoaZ8UR2X7F4v8vHTvxFbL,95BGpzYf6m74RDhE6Y7pSVFPiBKuUvQhoDtf41nZUHcb,GJrjTyjw8vEL4FUVVnKmfvYKZamyjNgwxxprciNkQ9AE,549358654098,5493.58654098,1
d79ba432cb10ff3a70b8209e85a58216,2026-10-02,2026-10-02 02:15:06.000 UTC,452472535,3nEYK8Gt2bqnwf25BBv5nJmjjvMny5tkmKT6jKiBXHyw3RwQ26rjxghB8a7XCMYsm8zz9E8ra9rT3WSXu2VDaVBp,transfer,J3cdRYTeQAnZUhYRcVpk9abqEuRWTrtxb5fUbgh2aADn,78Bo7xxGWBEvqbh3VMKvkFG4Z63cXKSJ2LCEXAanhN7a,7r4TcfVhcYuuh3of8S8igoV7AeyNfwcnRhAaA8FfvSgP,H4dF1Hr9YcAqNEUsfGVnxa9qL3dbgJ5fa6PaffqtR7UD,97169904018,971.69904018,1
d619b68e20125afb8e21217d8bc4a4e1,2026-10-02,2026-10-02 02:15:06.000 UTC,452472535,3nEYK8Gt2bqnwf25BBv5nJmjjvMny5tkmKT6jKiBXHyw3RwQ26rjxghB8a7XCMYsm8zz9E8ra9rT3WSXu2VDaVBp,transfer,78Bo7xxGWBEvqbh3VMKvkFG4Z63cXKSJ2LCEXAanhN7a,GpMZbSM2GgvTKHJirzeGfMFoaZ8UR2X7F4v8vHTvxFbL,H4dF1Hr9YcAqNEUsfGVnxa9qL3dbgJ5fa6PaffqtR7UD,GJrjTyjw8vEL4FUVVnKmfvYKZamyjNgwxxprciNkQ9AE,97169904018,971.69904018,1
ffbcad2fceadbe20c455cb571084d7c5,2026-10-02,2026-10-02 02:15:16.000 UTC,452472573,qHGhSHf2HhPnW5bMFs8oQx5twrpkK5PNNW6M9HWiBmoJjr6aiWxVcDKeKf2faoPWMKvpw8d3AE65p7w5CoYWC7g,transfer,81RwTUf7ZvM5GpeG5q5aGemnxPQLzKAXEF6qPDzNQKDn,GpMZbSM2GgvTKHJirzeGfMFoaZ8UR2X7F4v8vHTvxFbL,95BGpzYf6m74RDhE6Y7pSVFPiBKuUvQhoDtf41nZUHcb,GJrjTyjw8vEL4FUVVnKmfvYKZamyjNgwxxprciNkQ9AE,115191173680,1151.9117368,1
1f24c522fa63a74787f204e4bc264926,2026-10-02,2026-10-02 02:15:16.000 UTC,452472573,qHGhSHf2HhPnW5bMFs8oQx5twrpkK5PNNW6M9HWiBmoJjr6aiWxVcDKeKf2faoPWMKvpw8d3AE65p7w5CoYWC7g,transfer,J3cdRYTeQAnZUhYRcVpk9abqEuRWTrtxb5fUbgh2aADn,81RwTUf7ZvM5GpeG5q5aGemnxPQLzKAXEF6qPDzNQKDn,7r4TcfVhcYuuh3of8S8igoV7AeyNfwcnRhAaA8FfvSgP,95BGpzYf6m74RDhE6Y7pSVFPiBKuUvQhoDtf41nZUHcb,115191173680,1151.9117368,1
bf8ce0164569b67f57d9ce3b08e3bbba,2026-10-02,2026-10-02 02:15:36.000 UTC,452472647,5RWJaj7Nv4XHKjyLMGCaroP1hJCnbHy19fr1bTxJAdknDxL2LHwQGqtnTp9iLNChpG91wz537mt5DMGjvkHw86aU,transfer,XUrKb2aK4jBm77q75EemchVUNRTJyeFQ5KebTJygPhF,GpMZbSM2GgvTKHJirzeGfMFoaZ8UR2X7F4v8vHTvxFbL,3NuVryCxkfLVA87P6Go8jg7h3HNemWXWGsYDWFwjUrkK,35hKKpdPTy495wFTybw5wajHp4ZNSyQA5KZXd7cN9hB7,626886712401,6268.86712401,1
899f386526f2eeab2d5cdb6b07bbdfec,2026-10-02,2026-10-02 02:15:36.000 UTC,452472647,5RWJaj7Nv4XHKjyLMGCaroP1hJCnbHy19fr1bTxJAdknDxL2LHwQGqtnTp9iLNChpG91wz537mt5DMGjvkHw86aU,transfer,J3cdRYTeQAnZUhYRcVpk9abqEuRWTrtxb5fUbgh2aADn,XUrKb2aK4jBm77q75EemchVUNRTJyeFQ5KebTJygPhF,7r4TcfVhcYuuh3of8S8igoV7AeyNfwcnRhAaA8FfvSgP,3NuVryCxkfLVA87P6Go8jg7h3HNemWXWGsYDWFwjUrkK,626886712401,6268.86712401,1
4138c04ce6a9ba8ca7e4dcb5f6e38ee2,2026-10-02,2026-10-02 02:15:36.000 UTC,452472648,zC9HLa6vKWrsQ5sCmMgQFNNjx1Lgzp7ueUg6N5YFejmj1akwsVALcCcTPNAQp5WAhzSk2rx7DXHKefwv4RjzmvK,transfer,J3cdRYTeQAnZUhYRcVpk9abqEuRWTrtxb5fUbgh2aADn,8L2y55D11k63CAftvW7uMM2mBhtMxLoLnivG9uY2bt8j,7r4TcfVhcYuuh3of8S8igoV7AeyNfwcnRhAaA8FfvSgP,HMM7irT5srZyM5LaAekNzEkQLQFkniNZdBxAvVvfBDxX,391010503347,3910.10503347,1
59b72f86eafe6b8ef6bb4da065e51e0c,2026-10-02,2026-10-02 02:15:36.000 UTC,452472648,zC9HLa6vKWrsQ5sCmMgQFNNjx1Lgzp7ueUg6N5YFejmj1akwsVALcCcTPNAQp5WAhzSk2rx7DXHKefwv4RjzmvK,transfer,8L2y55D11k63CAftvW7uMM2mBhtMxLoLnivG9uY2bt8j,GpMZbSM2GgvTKHJirzeGfMFoaZ8UR2X7F4v8vHTvxFbL,HMM7irT5srZyM5LaAekNzEkQLQFkniNZdBxAvVvfBDxX,GJrjTyjw8vEL4FUVVnKmfvYKZamyjNgwxxprciNkQ9AE,391010503347,3910.10503347,1
09f265220a89ca35286e475bb265803a,2026-10-02,2026-10-02 02:15:39.000 UTC,452472656,5ZmZ1LDKWzcjzmiKzVkudCjsh34rZFpkgVzmHCxGmaG9TbG4XGCX7jeKiqwqnFc2V74RZcrgF9uS2X6Hh4Uojjzk,transfer,D9Ew95W9qBLu6Ku8GupFQCawqhmDUqTgysR7aKja6nW,2Q8tAc9nrQca3tE9KqhnVc9DiBsDPQyqY24rnbRVYv8E,2LsuPhUq6tebS9w1VBXEKhUhYWRZKytRwWseMjuMzPo1,9UK3o1FSN5avmpNmuxkdJWT16YPRjNZ7WvYW3fCcjaw4,1536398258,15.36398258,1
9b042d9ee50bc51bd63c88bc9ed88792,2026-10-02,2026-10-02 02:15:39.000 UTC,452472656,5ZmZ1LDKWzcjzmiKzVkudCjsh34rZFpkgVzmHCxGmaG9TbG4XGCX7jeKiqwqnFc2V74RZcrgF9uS2X6Hh4Uojjzk,transfer,J3cdRYTeQAnZUhYRcVpk9abqEuRWTrtxb5fUbgh2aADn,D9Ew95W9qBLu6Ku8GupFQCawqhmDUqTgysR7aKja6nW,7r4TcfVhcYuuh3of8S8igoV7AeyNfwcnRhAaA8FfvSgP,2LsuPhUq6tebS9w1VBXEKhUhYWRZKytRwWseMjuMzPo1,1536398258,15.36398258,1
584f7c04cfb49735f3d5a87d7396a705,2026-10-02,2026-10-02 02:16:34.000 UTC,452472865,2JpuuoTAPbFDZQhMcWpSwWWBwCKeYirGsLrdZ4VWx1MhogkRXR1UHPsMUvhi2o59V5W8egj1SYPty7NMHKxAae6N,transfer,78Bo7xxGWBEvqbh3VMKvkFG4Z63cXKSJ2LCEXAanhN7a,GpMZbSM2GgvTKHJirzeGfMFoaZ8UR2X7F4v8vHTvxFbL,H4dF1Hr9YcAqNEUsfGVnxa9qL3dbgJ5fa6PaffqtR7UD,GJrjTyjw8vEL4FUVVnKmfvYKZamyjNgwxxprciNkQ9AE,105702812656,1057.02812656,1
f48eb7182787ac4de6aac96ada1e24b7,2026-10-02,2026-10-02 02:16:34.000 UTC,452472865,2JpuuoTAPbFDZQhMcWpSwWWBwCKeYirGsLrdZ4VWx1MhogkRXR1UHPsMUvhi2o59V5W8egj1SYPty7NMHKxAae6N,transfer,J3cdRYTeQAnZUhYRcVpk9abqEuRWTrtxb5fUbgh2aADn,78Bo7xxGWBEvqbh3VMKvkFG4Z63cXKSJ2LCEXAanhN7a,7r4TcfVhcYuuh3of8S8igoV7AeyNfwcnRhAaA8FfvSgP,H4dF1Hr9YcAqNEUsfGVnxa9qL3dbgJ5fa6PaffqtR7UD,105702812656,1057.02812656,1
e0c4a8b35d81c1d1fbf74059459f4a4e,2026-10-02,2026-10-02 02:23:24.000 UTC,452474392,4X6gGeckhuTfLX7ecpEpcntCLjEgFE7F8sHXvZByZ6KddCpBNvHog7PVabTyH7wAqriLRS9PoXfMnyNRibtF3ftR,transfer,78Bo7xxGWBEvqbh3VMKvkFG4Z63cXKSJ2LCEXAanhN7a,GpMZbSM2GgvTKHJirzeGfMFoaZ8UR2X7F4v8vHTvxFbL,H4dF1Hr9YcAqNEUsfGVnxa9qL3dbgJ5fa6PaffqtR7UD,GJrjTyjw8vEL4FUVVnKmfvYKZamyjNgwxxprciNkQ9AE,84493783358,844.93783358,1
3457b6dcef1edcc1c93a3c116e065c0f,2026-10-02,2026-10-02 02:23:24.000 UTC,452474392,4X6gGeckhuTfLX7ecpEpcntCLjEgFE7F8sHXvZByZ6KddCpBNvHog7PVabTyH7wAqriLRS9PoXfMnyNRibtF3ftR,transfer,J3cdRYTeQAnZUhYRcVpk9abqEuRWTrtxb5fUbgh2aADn,78Bo7xxGWBEvqbh3VMKvkFG4Z63cXKSJ2LCEXAanhN7a,7r4TcfVhcYuuh3of8S8igoV7AeyNfwcnRhAaA8FfvSgP,H4dF1Hr9YcAqNEUsfGVnxa9qL3dbgJ5fa6PaffqtR7UD,84493783358,844.93783358,1
b13323a787d23b2b5a8e932cd0001c36,2026-10-02,2026-10-02 02:23:40.000 UTC,452474449,62QSk5oHEbaz2YheeuGNww88qsJJdCN52jjxU5cEQGQ3dskQYK9Cujs7hrXc2mMgwWnT1bkqEPU4NJLs7KwyRH6g,transfer,J3cdRYTeQAnZUhYRcVpk9abqEuRWTrtxb5fUbgh2aADn,CRQd5wvbf6FKVmjHC7on8w4pzFPzudij2BKXRcMCu7aK,7r4TcfVhcYuuh3of8S8igoV7AeyNfwcnRhAaA8FfvSgP,Di19EXKE733y6hbKQFTg9f2eJDT56YQk81meQ86E3TEb,1099128426661,10991.28426661,1
83e403f0eb61a7b4f8acd46c56cc4577,2026-10-02,2026-10-02 02:31:45.000 UTC,452476261,nSrxKTvVbKXgmkJeS3hShMZBcBX7QoDDHGR2S7KRji4XjKmVfT61HzDxGWaz4vPKxL7KKEjotHWYw8FtVYtNScw,transfer,J3cdRYTeQAnZUhYRcVpk9abqEuRWTrtxb5fUbgh2aADn,MriyaNN8TMp6qRWjfr723PK7xgQK7yCt7Kg2v2PQu7X,7r4TcfVhcYuuh3of8S8igoV7AeyNfwcnRhAaA8FfvSgP,F7HrfNFMAuDaEkzbBLFnU9fergrTcVMycCoCajiTiD8S,1598580610213,15985.80610213,1
c5a09773806861f9cc799aaa30f2492c,2026-10-02,2026-10-02 02:31:45.000 UTC,452476261,nSrxKTvVbKXgmkJeS3hShMZBcBX7QoDDHGR2S7KRji4XjKmVfT61HzDxGWaz4vPKxL7KKEjotHWYw8FtVYtNScw,transfer,MriyaNN8TMp6qRWjfr723PK7xgQK7yCt7Kg2v2PQu7X,GpMZbSM2GgvTKHJirzeGfMFoaZ8UR2X7F4v8vHTvxFbL,F7HrfNFMAuDaEkzbBLFnU9fergrTcVMycCoCajiTiD8S,GJrjTyjw8vEL4FUVVnKmfvYKZamyjNgwxxprciNkQ9AE,1598580610213,15985.80610213,1
8913c7d9fd4c90c75a20566f69831549,2026-10-02,2026-10-02 02:31:46.000 UTC,452476263,3CtZuMvgAM8ij1CRJPRKyKNQYsqmw7f7YTgwJtZAFcQpY9CvJje6pSowRTL7wVeWELQZGi95TxUCE4ZRLD97knV,transfer,J3cdRYTeQAnZUhYRcVpk9abqEuRWTrtxb5fUbgh2aADn,D9Ew95W9qBLu6Ku8GupFQCawqhmDUqTgysR7aKja6nW,7r4TcfVhcYuuh3of8S8igoV7AeyNfwcnRhAaA8FfvSgP,2LsuPhUq6tebS9w1VBXEKhUhYWRZKytRwWseMjuMzPo1,2246882743,22.46882743,1
38516a44088b223a493052dd92d0f4d7,2026-10-02,2026-10-02 02:31:46.000 UTC,452476263,3CtZuMvgAM8ij1CRJPRKyKNQYsqmw7f7YTgwJtZAFcQpY9CvJje6pSowRTL7wVeWELQZGi95TxUCE4ZRLD97knV,transfer,D9Ew95W9qBLu6Ku8GupFQCawqhmDUqTgysR7aKja6nW,2Q8tAc9nrQca3tE9KqhnVc9DiBsDPQyqY24rnbRVYv8E,2LsuPhUq6tebS9w1VBXEKhUhYWRZKytRwWseMjuMzPo1,9UK3o1FSN5avmpNmuxkdJWT16YPRjNZ7WvYW3fCcjaw4,2246882743,22.46882743,1
ce874ccc78ef2207f415a6fb519f85ba,2026-10-02,2026-10-02 02:47:05.000 UTC,452479696,7KWRkZtGpHPmk91zC56HeRpiHPmGAwuoXXQg5aYD2HkARyNyvuo1qdSyYJ58wLdLsxiDjiAQFaGxsSp87g4HoeX,transfer,CRQd5wvbf6FKVmjHC7on8w4pzFPzudij2BKXRcMCu7aK,J3cdRYTeQAnZUhYRcVpk9abqEuRWTrtxb5fUbgh2aADn,Di19EXKE733y6hbKQFTg9f2eJDT56YQk81meQ86E3TEb,7r4TcfVhcYuuh3of8S8igoV7AeyNfwcnRhAaA8FfvSgP,1099128426661,10991.28426661,1
71d56cc85ea479c464671a60580d9873,2026-10-02,2026-10-02 02:48:03.000 UTC,452479912,2EjDWfiWvpn24emi3qxVXea7E9fL9KbLbiryo7SUfgvRG8Dc9A3oyNktqRq6wG3oisiMZzAuFnC2mzWCzFzEPrFX,transfer,J3cdRYTeQAnZUhYRcVpk9abqEuRWTrtxb5fUbgh2aADn,78Bo7xxGWBEvqbh3VMKvkFG4Z63cXKSJ2LCEXAanhN7a,7r4TcfVhcYuuh3of8S8igoV7AeyNfwcnRhAaA8FfvSgP,H4dF1Hr9YcAqNEUsfGVnxa9qL3dbgJ5fa6PaffqtR7UD,71778255333,717.78255333,1
18a218fd1b70407cf538427add17ccc6,2026-10-02,2026-10-02 02:48:03.000 UTC,452479912,2EjDWfiWvpn24emi3qxVXea7E9fL9KbLbiryo7SUfgvRG8Dc9A3oyNktqRq6wG3oisiMZzAuFnC2mzWCzFzEPrFX,transfer,78Bo7xxGWBEvqbh3VMKvkFG4Z63cXKSJ2LCEXAanhN7a,GpMZbSM2GgvTKHJirzeGfMFoaZ8UR2X7F4v8vHTvxFbL,H4dF1Hr9YcAqNEUsfGVnxa9qL3dbgJ5fa6PaffqtR7UD,GJrjTyjw8vEL4FUVVnKmfvYKZamyjNgwxxprciNkQ9AE,71778255333,717.78255333,1
66755a7facf965fe3261044020a5f196,2026-10-02,2026-10-02 02:54:28.000 UTC,452481340,5dq99JdzCR2zD6FbMv2LUoegabqHraWjbTUgqvAp69kmJW2ds5M6rUWQj3Mvdum9NLz5286GxCscDzxaSo2R5r2j,transfer,D5YqVMoSxnqeZAKAUUE1Dm3bmjtdxQ5DCF356ozqN9cM,GpMZbSM2GgvTKHJirzeGfMFoaZ8UR2X7F4v8vHTvxFbL,2KJkRj5rk5ft92WTTT5NYQThgX6SHStiqsyffyhjDWb4,GJrjTyjw8vEL4FUVVnKmfvYKZamyjNgwxxprciNkQ9AE,135073763319,1350.73763319,1
4f1c7c29a6a172c4a047527a73d50901,2026-10-02,2026-10-02 02:54:28.000 UTC,452481340,5dq99JdzCR2zD6FbMv2LUoegabqHraWjbTUgqvAp69kmJW2ds5M6rUWQj3Mvdum9NLz5286GxCscDzxaSo2R5r2j,transfer,J3cdRYTeQAnZUhYRcVpk9abqEuRWTrtxb5fUbgh2aADn,D5YqVMoSxnqeZAKAUUE1Dm3bmjtdxQ5DCF356ozqN9cM,7r4TcfVhcYuuh3of8S8igoV7AeyNfwcnRhAaA8FfvSgP,2KJkRj5rk5ft92WTTT5NYQThgX6SHStiqsyffyhjDWb4,135073763319,1350.73763319,1
c67f27ed997adbd73c856688dba228c3,2026-10-02,2026-10-02 03:01:42.000 UTC,452482974,5hizfkLnJKGAxu2XhNs1aL3kaiULhLbmX4G4tbaffNFoRFhAw1oi31azu5QS57kjqetQ5CNMhkECbfVPQ9MjgBq2,transfer,GpMZbSM2GgvTKHJirzeGfMFoaZ8UR2X7F4v8vHTvxFbL,7JCe3GHwkEr3feHgtLXnmuJ1yB3A7coSeyynxTBgdG8k,35hKKpdPTy495wFTybw5wajHp4ZNSyQA5KZXd7cN9hB7,8ouxyMCvUrfD4Ssw91NYAYEhRihs8sxxg4PH6XwhRTHf,5870158233451,58701.58233451,1
a9293e0f247b0f4e621d7882b9a74a67,2026-10-02,2026-10-02 03:01:42.000 UTC,452482974,5hizfkLnJKGAxu2XhNs1aL3kaiULhLbmX4G4tbaffNFoRFhAw1oi31azu5QS57kjqetQ5CNMhkECbfVPQ9MjgBq2,transfer,J3cdRYTeQAnZUhYRcVpk9abqEuRWTrtxb5fUbgh2aADn,7JCe3GHwkEr3feHgtLXnmuJ1yB3A7coSeyynxTBgdG8k,7r4TcfVhcYuuh3of8S8igoV7AeyNfwcnRhAaA8FfvSgP,8ouxyMCvUrfD4Ssw91NYAYEhRihs8sxxg4PH6XwhRTHf,16737023990910,167370.2399091,1
928733f776a1c6de0ab5f4e358dc3ff0,2026-10-02,2026-10-02 03:01:42.000 UTC,452482974,5hizfkLnJKGAxu2XhNs1aL3kaiULhLbmX4G4tbaffNFoRFhAw1oi31azu5QS57kjqetQ5CNMhkECbfVPQ9MjgBq2,transfer,7JCe3GHwkEr3feHgtLXnmuJ1yB3A7coSeyynxTBgdG8k,C2gk7SXQMccSP4FtHmQwJ7N6RiiELUPLAxbfJWsEMwKz,8ouxyMCvUrfD4Ssw91NYAYEhRihs8sxxg4PH6XwhRTHf,EqXHj8JZohzzs6ieQMN3GDc9pPtZVJmr3WpBjCS2eKdW,22607182224361,226071.82224361,1
49ca4d422a3a3131bab01ff1476d89a7,2026-10-02,2026-10-02 03:01:43.000 UTC,452482975,2KgzofwSRYagxoC3mWDXYQMPvycXvkbcpQLzRygdX3kzK5XTXdgt3B1evvMcECX1K3vQrCAituC44junbRAxg4GH,transfer,2QfBNK2WDwSLoUQRb1zAnp3KM12N9hQ8q6ApwUMnWW2T,GpMZbSM2GgvTKHJirzeGfMFoaZ8UR2X7F4v8vHTvxFbL,Ge8ztRJbMgbCM8ynHbZMPKiYNDzB1jvMUd9gSiDx1kbJ,35hKKpdPTy495wFTybw5wajHp4ZNSyQA5KZXd7cN9hB7,61957068658,619.57068658,1
bb0699daf50a49b8b01bc5fbc3f128c4,2026-10-02,2026-10-02 03:01:43.000 UTC,452482975,2KgzofwSRYagxoC3mWDXYQMPvycXvkbcpQLzRygdX3kzK5XTXdgt3B1evvMcECX1K3vQrCAituC44junbRAxg4GH,transfer,GpMZbSM2GgvTKHJirzeGfMFoaZ8UR2X7F4v8vHTvxFbL,2QfBNK2WDwSLoUQRb1zAnp3KM12N9hQ8q6ApwUMnWW2T,GJrjTyjw8vEL4FUVVnKmfvYKZamyjNgwxxprciNkQ9AE,Ge8ztRJbMgbCM8ynHbZMPKiYNDzB1jvMUd9gSiDx1kbJ,61957068658,619.57068658,1
5e5a51d670ffe31a646f55f0b25140fa,2026-10-02,2026-10-02 03:01:43.000 UTC,452482975,3GRfDA8ypBmLNs6CufFsJZXpjUwgZzE75TKb4Fg28wek52Md953ckTaZoBrCohDS1dr9KBSDBuqjnnqQ8tRjCraQ,transfer,4B8srvotmWddTZuMt4RrBQrnx1sQj2Z7FaXgLbWvpVdd,GpMZbSM2GgvTKHJirzeGfMFoaZ8UR2X7F4v8vHTvxFbL,8MHn6A9aaSZjv8q8N1Ni42w2qqFdaLZUQYGyACdXzFsN,35hKKpdPTy495wFTybw5wajHp4ZNSyQA5KZXd7cN9hB7,33174540141,331.74540141,1
bd4ff98dbf87745c7101c2d2c69942aa,2026-10-02,2026-10-02 03:01:43.000 UTC,452482975,3GRfDA8ypBmLNs6CufFsJZXpjUwgZzE75TKb4Fg28wek52Md953ckTaZoBrCohDS1dr9KBSDBuqjnnqQ8tRjCraQ,transfer,GpMZbSM2GgvTKHJirzeGfMFoaZ8UR2X7F4v8vHTvxFbL,4B8srvotmWddTZuMt4RrBQrnx1sQj2Z7FaXgLbWvpVdd,GJrjTyjw8vEL4FUVVnKmfvYKZamyjNgwxxprciNkQ9AE,8MHn6A9aaSZjv8q8N1Ni42w2qqFdaLZUQYGyACdXzFsN,33174540141,331.74540141,1
8459c430c3f57802588a8a8cb806f6a2,2026-10-02,2026-10-02 03:01:43.000 UTC,452482975,3ovG9gaR7RB6MxLCXzov1ojtuSgqUTAeqboXdkAWprrATSNBW8Lz2QGMFHjpyzMPFL8rRX6G3NihaCKshVzFyuVW,transfer,GpMZbSM2GgvTKHJirzeGfMFoaZ8UR2X7F4v8vHTvxFbL,HvFdDWS3RqymRAVx1ZdoL2RjiC38r5dtt19Z8op5jqDK,GJrjTyjw8vEL4FUVVnKmfvYKZamyjNgwxxprciNkQ9AE,G1htLa3kFHBueV7h6jzCxFWm46sDnbJ5KXU2c9RikzTQ,822644826902,8226.44826902,1
a10f740a28d82361dc2e9c48ce942907,2026-10-02,2026-10-02 03:01:43.000 UTC,452482975,3ovG9gaR7RB6MxLCXzov1ojtuSgqUTAeqboXdkAWprrATSNBW8Lz2QGMFHjpyzMPFL8rRX6G3NihaCKshVzFyuVW,transfer,HvFdDWS3RqymRAVx1ZdoL2RjiC38r5dtt19Z8op5jqDK,GpMZbSM2GgvTKHJirzeGfMFoaZ8UR2X7F4v8vHTvxFbL,G1htLa3kFHBueV7h6jzCxFWm46sDnbJ5KXU2c9RikzTQ,35hKKpdPTy495wFTybw5wajHp4ZNSyQA5KZXd7cN9hB7,822644826902,8226.44826902,1
d9ed73e1613734c97617779ffa67198f,2026-10-02,2026-10-02 03:01:43.000 UTC,452482975,3xATJWAecoV7NQQsBMQip1gpdEJHs85bas1sApUWm8SRDx5L7tQ78FScdzKPTvD78r536U4DGvbefn4oGw9HC9US,transfer,GxDC9e7SP9mzhDo4re5HbpLa2RW7gB9DtmThx4i4pXSq,GpMZbSM2GgvTKHJirzeGfMFoaZ8UR2X7F4v8vHTvxFbL,2QiaipXgmxVQdhS2kFeZJaNS2bQiBfhNGxKzqLJ6YrSs,35hKKpdPTy495wFTybw5wajHp4ZNSyQA5KZXd7cN9hB7,353022173944,3530.22173944,1
67e815462a0ba67e1674ff7a1fc1ba22,2026-10-02,2026-10-02 03:01:43.000 UTC,452482975,3xATJWAecoV7NQQsBMQip1gpdEJHs85bas1sApUWm8SRDx5L7tQ78FScdzKPTvD78r536U4DGvbefn4oGw9HC9US,transfer,GpMZbSM2GgvTKHJirzeGfMFoaZ8UR2X7F4v8vHTvxFbL,GxDC9e7SP9mzhDo4re5HbpLa2RW7gB9DtmThx4i4pXSq,GJrjTyjw8vEL4FUVVnKmfvYKZamyjNgwxxprciNkQ9AE,2QiaipXgmxVQdhS2kFeZJaNS2bQiBfhNGxKzqLJ6YrSs,353022173944,3530.22173944,1
924fced0109422347685375bfb309b70,2026-10-02,2026-10-02 03:01:43.000 UTC,452482975,idYDY1KQgHyKN7qCcaQxTgWT5d5BZA4PtjicBwfV2ydcrdnFA36ey9GDHWpFSpsciBdo47wcp1exWrKMu3siE2q,transfer,GpMZbSM2GgvTKHJirzeGfMFoaZ8UR2X7F4v8vHTvxFbL,2QfBNK2WDwSLoUQRb1zAnp3KM12N9hQ8q6ApwUMnWW2T,GJrjTyjw8vEL4FUVVnKmfvYKZamyjNgwxxprciNkQ9AE,Ge8ztRJbMgbCM8ynHbZMPKiYNDzB1jvMUd9gSiDx1kbJ,37121539819,371.21539819,1
c071c600f73e8fd1a2ef1c5882e70676,2026-10-02,2026-10-02 03:01:43.000 UTC,452482975,idYDY1KQgHyKN7qCcaQxTgWT5d5BZA4PtjicBwfV2ydcrdnFA36ey9GDHWpFSpsciBdo47wcp1exWrKMu3siE2q,transfer,2QfBNK2WDwSLoUQRb1zAnp3KM12N9hQ8q6ApwUMnWW2T,GpMZbSM2GgvTKHJirzeGfMFoaZ8UR2X7F4v8vHTvxFbL,Ge8ztRJbMgbCM8ynHbZMPKiYNDzB1jvMUd9gSiDx1kbJ,35hKKpdPTy495wFTybw5wajHp4ZNSyQA5KZXd7cN9hB7,37121539819,371.21539819,1
9e68cf333fce08d31f600abc66525dbe,2026-10-02,2026-10-02 03:02:12.000 UTC,452483085,m96YsnV8cYaFikCuCEcU39BMxfzjpQHAUFawGgJ67yP9r9AdAsWwQUJBdk9sZMoQAdySzRDDpQMUBKzG8NJ7XG7,transfer,GUGb1KSLYa7Dai5qn2vNRXA8dwCsQbqWJ6sMyYccd6q1,GpMZbSM2GgvTKHJirzeGfMFoaZ8UR2X7F4v8vHTvxFbL,C2tgwVmiNY3vsyKBN86ZY6UGHd7Db8C8PcHjqmciCPKt,35hKKpdPTy495wFTybw5wajHp4ZNSyQA5KZXd7cN9hB7,842731647480,8427.3164748,1
049d8c0bbe20f7739912dfa27fe881dc,2026-10-02,2026-10-02 03:02:12.000 UTC,452483085,m96YsnV8cYaFikCuCEcU39BMxfzjpQHAUFawGgJ67yP9r9AdAsWwQUJBdk9sZMoQAdySzRDDpQMUBKzG8NJ7XG7,transfer,J3cdRYTeQAnZUhYRcVpk9abqEuRWTrtxb5fUbgh2aADn,GUGb1KSLYa7Dai5qn2vNRXA8dwCsQbqWJ6sMyYccd6q1,7r4TcfVhcYuuh3of8S8igoV7AeyNfwcnRhAaA8FfvSgP,C2tgwVmiNY3vsyKBN86ZY6UGHd7Db8C8PcHjqmciCPKt,842731647480,8427.3164748,1
f6ff3a9c5c5fc9c025924820c052aa62,2026-10-02,2026-10-02 03:02:42.000 UTC,452483196,5LxkehUBeaa7CJUk4BV1ZnEu9SMRwjhaavT2XKzTDBb9JviLBT5TETtaE5DTxhno2GrUYwa7QmNmY37rFLGxjGu8,transfer,ENY9JreWWWtq8jSKfLtXpzjBteknLPdahPCwG7ZCVbJe,GpMZbSM2GgvTKHJirzeGfMFoaZ8UR2X7F4v8vHTvxFbL,H8hLSbAWpfk2mtdFuZADzsf18vsbWTiYn78o6sgyKR8D,35hKKpdPTy495wFTybw5wajHp4ZNSyQA5KZXd7cN9hB7,617304048591,6173.04048591,1
7694435922e16d483e7025540d21c02b,2026-10-02,2026-10-02 03:02:42.000 UTC,452483196,5LxkehUBeaa7CJUk4BV1ZnEu9SMRwjhaavT2XKzTDBb9JviLBT5TETtaE5DTxhno2GrUYwa7QmNmY37rFLGxjGu8,transfer,J3cdRYTeQAnZUhYRcVpk9abqEuRWTrtxb5fUbgh2aADn,ENY9JreWWWtq8jSKfLtXpzjBteknLPdahPCwG7ZCVbJe,7r4TcfVhcYuuh3of8S8igoV7AeyNfwcnRhAaA8FfvSgP,H8hLSbAWpfk2mtdFuZADzsf18vsbWTiYn78o6sgyKR8D,617304048591,6173.04048591,1
ef1fe3793acca029d7ecca560175bfae,2026-10-02,2026-10-02 03:02:42.000 UTC,452483196,5oafjm4PDvF7YuFHJrDKgLNuUu9Jq8wMzJiDuC9VxM3jgTZTLRq5HFcC8dRvUYaoFGHBPQ9dnqMuFy5QmwfWz8YB,transfer,GUGb1KSLYa7Dai5qn2vNRXA8dwCsQbqWJ6sMyYccd6q1,GpMZbSM2GgvTKHJirzeGfMFoaZ8UR2X7F4v8vHTvxFbL,C2tgwVmiNY3vsyKBN86ZY6UGHd7Db8C8PcHjqmciCPKt,35hKKpdPTy495wFTybw5wajHp4ZNSyQA5KZXd7cN9hB7,10032405794,100.32405794,1
3f3eb6593a74419ff88dc28710890f7f,2026-10-02,2026-10-02 03:02:42.000 UTC,452483196,5oafjm4PDvF7YuFHJrDKgLNuUu9Jq8wMzJiDuC9VxM3jgTZTLRq5HFcC8dRvUYaoFGHBPQ9dnqMuFy5QmwfWz8YB,transfer,J3cdRYTeQAnZUhYRcVpk9abqEuRWTrtxb5fUbgh2aADn,GUGb1KSLYa7Dai5qn2vNRXA8dwCsQbqWJ6sMyYccd6q1,7r4TcfVhcYuuh3of8S8igoV7AeyNfwcnRhAaA8FfvSgP,C2tgwVmiNY3vsyKBN86ZY6UGHd7Db8C8PcHjqmciCPKt,10032405794,100.32405794,1
226a7c3a634eaa4f0b532a38e0e134a3,2026-10-02,2026-10-02 03:03:12.000 UTC,452483310,5h3TKaHwENhAPKJEQehVo8JdvNtH6fAJ4ztNPijx7D48FATsbYks5VwGfMb6WrGQzmDB1HszXcZXdtf3fBqngJ6R,transfer,J3cdRYTeQAnZUhYRcVpk9abqEuRWTrtxb5fUbgh2aADn,81RwTUf7ZvM5GpeG5q5aGemnxPQLzKAXEF6qPDzNQKDn,7r4TcfVhcYuuh3of8S8igoV7AeyNfwcnRhAaA8FfvSgP,95BGpzYf6m74RDhE6Y7pSVFPiBKuUvQhoDtf41nZUHcb,232909013100,2329.090131,1
040553d22b09277f999e0a150e57fa31,2026-10-02,2026-10-02 03:03:12.000 UTC,452483310,5h3TKaHwENhAPKJEQehVo8JdvNtH6fAJ4ztNPijx7D48FATsbYks5VwGfMb6WrGQzmDB1HszXcZXdtf3fBqngJ6R,transfer,81RwTUf7ZvM5GpeG5q5aGemnxPQLzKAXEF6qPDzNQKDn,GpMZbSM2GgvTKHJirzeGfMFoaZ8UR2X7F4v8vHTvxFbL,95BGpzYf6m74RDhE6Y7pSVFPiBKuUvQhoDtf41nZUHcb,35hKKpdPTy495wFTybw5wajHp4ZNSyQA5KZXd7cN9hB7,232909013100,2329.090131,1
200eeb783b7a8d6857190a686e4a2724,2026-10-02,2026-10-02 03:13:13.000 UTC,452485549,WKoVQdFa7jPhPADWGgsjZXjSXtC9dEG7FhkJeRCf5WMXxJ1KDp8GD3NUUSwSMgELTUjLBkEpM8AEvaEGnUmXujg,transfer,ESuvjvsQtjuxC4XGsDeMhx8Wp5yjQcCFGncGhupcJbg8,GpMZbSM2GgvTKHJirzeGfMFoaZ8UR2X7F4v8vHTvxFbL,Ca7ReVakXwC2k3zznXsiiSY1PkKDW8Nk3Rh986zKmWzb,35hKKpdPTy495wFTybw5wajHp4ZNSyQA5KZXd7cN9hB7,72165130342,721.65130342,1
f0a5aa2f51044db7191160ea0c51e8c9,2026-10-02,2026-10-02 03:13:13.000 UTC,452485549,WKoVQdFa7jPhPADWGgsjZXjSXtC9dEG7FhkJeRCf5WMXxJ1KDp8GD3NUUSwSMgELTUjLBkEpM8AEvaEGnUmXujg,transfer,J3cdRYTeQAnZUhYRcVpk9abqEuRWTrtxb5fUbgh2aADn,ESuvjvsQtjuxC4XGsDeMhx8Wp5yjQcCFGncGhupcJbg8,7r4TcfVhcYuuh3of8S8igoV7AeyNfwcnRhAaA8FfvSgP,Ca7ReVakXwC2k3zznXsiiSY1PkKDW8Nk3Rh986zKmWzb,72165130342,721.65130342,1
5e694f700e36a6cc83e796444903a6b3,2026-10-02,2026-10-02 03:29:58.000 UTC,452489332,zg4W8FYF9U9qMnR8URqFgosMMLtoNHbPJ3dMBut5Y1WfXnRSqPv8tXcCCevTB7BJY5673jjV8aWhZET5K7w5i5X,transfer,5cLJnpSPrCpx2hqNYjq6iRtEa8ZW5FZXBn6ecRH39m9x,J3cdRYTeQAnZUhYRcVpk9abqEuRWTrtxb5fUbgh2aADn,H49reFCTCL8aSDmLC4wjGEDg2TEHd3TJq4ByJvXJA1UT,7r4TcfVhcYuuh3of8S8igoV7AeyNfwcnRhAaA8FfvSgP,1812028210961,18120.28210961,1
b6228ef9ed4d5331fd060a9eb20f1690,2026-10-02,2026-10-02 03:29:58.000 UTC,452489333,3Ai241L2Nq3i114ZKNJi88GbVEWXtWeXmy5KW6631wyEDyYXHeodDD4kEkGviVo7jxMayye49f86gD9MapEKHtkd,transfer,J3cdRYTeQAnZUhYRcVpk9abqEuRWTrtxb5fUbgh2aADn,EtX18SWKct8jp8q5MRbVoas92TRd2cJDmB8idTa9hXCZ,7r4TcfVhcYuuh3of8S8igoV7AeyNfwcnRhAaA8FfvSgP,9ggM7x4LBbp8s6wMYze82LWyQeViRQuTFjrBkwTGsT5i,173625386486,1736.25386486,1
560109115ce1924c833c3b5f94365638,2026-10-02,2026-10-02 03:29:58.000 UTC,452489333,3Ai241L2Nq3i114ZKNJi88GbVEWXtWeXmy5KW6631wyEDyYXHeodDD4kEkGviVo7jxMayye49f86gD9MapEKHtkd,transfer,EtX18SWKct8jp8q5MRbVoas92TRd2cJDmB8idTa9hXCZ,GpMZbSM2GgvTKHJirzeGfMFoaZ8UR2X7F4v8vHTvxFbL,9ggM7x4LBbp8s6wMYze82LWyQeViRQuTFjrBkwTGsT5i,35hKKpdPTy495wFTybw5wajHp4ZNSyQA5KZXd7cN9hB7,173625386486,1736.25386486,1
de4895a07461c5df821e898b49532830,2026-10-02,2026-10-02 03:34:16.000 UTC,452490296,4BJ9xtAs4LuScx2tFgzwkjZPSZwth1X21Wbg8Asczh6qQ38Wj1rQri2r9zh3Dj62TbX5fsS3cgC7ahQgphXZvWe9,transfer,2Rpt43Wez9uVjUMA4ByUrAUmqavD38jNY9iNFWAdt5qf,CucbgymDmS9T49rQ2tVegaKd7kbJjcEe4bRMKMB7rWSy,4SBqmpo26N4QPcfabN4waNdFZzrbQBfJBm2M6YyTaunU,HMs6LQcnSPdEXnRUuV96CvV7NGpGwhKcYx8DY73GsbAJ,330257000000,3302.57,1
2c414313a475dacc7a27ea1bb96a6ed0,2026-10-02,2026-10-02 03:36:07.000 UTC,452490715,4cjm4zxxTmrXWt7V5AMevdRBb3EmrMQr6mbsGAud6q2PAHpcZ2Z1RHG8hdECcQF3w8AdN8VM8etzhArRos1zKDa3,transfer,J3cdRYTeQAnZUhYRcVpk9abqEuRWTrtxb5fUbgh2aADn,78Bo7xxGWBEvqbh3VMKvkFG4Z63cXKSJ2LCEXAanhN7a,7r4TcfVhcYuuh3of8S8igoV7AeyNfwcnRhAaA8FfvSgP,H4dF1Hr9YcAqNEUsfGVnxa9qL3dbgJ5fa6PaffqtR7UD,74011039315,740.11039315,1
f1283ab1248703ac2890d94df42a299f,2026-10-02,2026-10-02 03:36:07.000 UTC,452490715,4cjm4zxxTmrXWt7V5AMevdRBb3EmrMQr6mbsGAud6q2PAHpcZ2Z1RHG8hdECcQF3w8AdN8VM8etzhArRos1zKDa3,transfer,78Bo7xxGWBEvqbh3VMKvkFG4Z63cXKSJ2LCEXAanhN7a,GpMZbSM2GgvTKHJirzeGfMFoaZ8UR2X7F4v8vHTvxFbL,H4dF1Hr9YcAqNEUsfGVnxa9qL3dbgJ5fa6PaffqtR7UD,GJrjTyjw8vEL4FUVVnKmfvYKZamyjNgwxxprciNkQ9AE,74011039315,740.11039315,1
2d1ff88000920dd4040cb3a55bbfa095,2026-10-02,2026-10-02 03:36:13.000 UTC,452490736,2X1BtouLA1xJiTjUFCfKYM28LNwTD5jYKN1N7fkz9k1siQ2ZR8HmrrevSDpWZ8SWrJFfzQPZTCUU5W874YBYsJZj,transfer,J3cdRYTeQAnZUhYRcVpk9abqEuRWTrtxb5fUbgh2aADn,81RwTUf7ZvM5GpeG5q5aGemnxPQLzKAXEF6qPDzNQKDn,7r4TcfVhcYuuh3of8S8igoV7AeyNfwcnRhAaA8FfvSgP,95BGpzYf6m74RDhE6Y7pSVFPiBKuUvQhoDtf41nZUHcb,141362067562,1413.62067562,1
5824e870032eb11021494d80256f508b,2026-10-02,2026-10-02 03:36:13.000 UTC,452490736,2X1BtouLA1xJiTjUFCfKYM28LNwTD5jYKN1N7fkz9k1siQ2ZR8HmrrevSDpWZ8SWrJFfzQPZTCUU5W874YBYsJZj,transfer,81RwTUf7ZvM5GpeG5q5aGemnxPQLzKAXEF6qPDzNQKDn,GpMZbSM2GgvTKHJirzeGfMFoaZ8UR2X7F4v8vHTvxFbL,95BGpzYf6m74RDhE6Y7pSVFPiBKuUvQhoDtf41nZUHcb,GJrjTyjw8vEL4FUVVnKmfvYKZamyjNgwxxprciNkQ9AE,141362067562,1413.62067562,1
8aec5d00fe0b69e9578e6421bc52d15a,2026-10-02,2026-10-02 03:37:33.000 UTC,452491032,2bEQARVg7QkV7QTdPLxZ5dYYMv6Q6AjpwvVmYT3krJBYusUPeMAV66FAyJGGDS2c6HY74iJUYAKq6s2wYBSMvWNH,transfer,78Bo7xxGWBEvqbh3VMKvkFG4Z63cXKSJ2LCEXAanhN7a,GpMZbSM2GgvTKHJirzeGfMFoaZ8UR2X7F4v8vHTvxFbL,H4dF1Hr9YcAqNEUsfGVnxa9qL3dbgJ5fa6PaffqtR7UD,GJrjTyjw8vEL4FUVVnKmfvYKZamyjNgwxxprciNkQ9AE,96906758807,969.06758807,1
cf1c630f10a0aba63330e94763c29be2,2026-10-02,2026-10-02 03:37:33.000 UTC,452491032,2bEQARVg7QkV7QTdPLxZ5dYYMv6Q6AjpwvVmYT3krJBYusUPeMAV66FAyJGGDS2c6HY74iJUYAKq6s2wYBSMvWNH,transfer,J3cdRYTeQAnZUhYRcVpk9abqEuRWTrtxb5fUbgh2aADn,78Bo7xxGWBEvqbh3VMKvkFG4Z63cXKSJ2LCEXAanhN7a,7r4TcfVhcYuuh3of8S8igoV7AeyNfwcnRhAaA8FfvSgP,H4dF1Hr9YcAqNEUsfGVnxa9qL3dbgJ5fa6PaffqtR7UD,96906758807,969.06758807,1
b4e9b0bdf49d29f21f8fa6957718efce,2026-10-02,2026-10-02 03:49:49.000 UTC,452493795,3Quh49C2uiTBMjv6fby17nXkNSCoEqKVW5T3wzwq6Qa9kKKwBF5bLVyNQ5eBdACk3KiViykj4GKyySDJfY9f1tb9,transfer,J3cdRYTeQAnZUhYRcVpk9abqEuRWTrtxb5fUbgh2aADn,81RwTUf7ZvM5GpeG5q5aGemnxPQLzKAXEF6qPDzNQKDn,7r4TcfVhcYuuh3of8S8igoV7AeyNfwcnRhAaA8FfvSgP,95BGpzYf6m74RDhE6Y7pSVFPiBKuUvQhoDtf41nZUHcb,161344218777,1613.44218777,1
c486f7c3a68201730f9a4d863e2fef0d,2026-10-02,2026-10-02 03:49:49.000 UTC,452493795,3Quh49C2uiTBMjv6fby17nXkNSCoEqKVW5T3wzwq6Qa9kKKwBF5bLVyNQ5eBdACk3KiViykj4GKyySDJfY9f1tb9,transfer,81RwTUf7ZvM5GpeG5q5aGemnxPQLzKAXEF6qPDzNQKDn,GpMZbSM2GgvTKHJirzeGfMFoaZ8UR2X7F4v8vHTvxFbL,95BGpzYf6m74RDhE6Y7pSVFPiBKuUvQhoDtf41nZUHcb,GJrjTyjw8vEL4FUVVnKmfvYKZamyjNgwxxprciNkQ9AE,161344218777,1613.44218777,1
61f34a20b94d6a5a95fe80c4c18318f3,2026-10-02,2026-10-02 04:14:56.000 UTC,452499409,5V6WTt9aqw4vSLuDQJBmH1Ns5Ccncw9Vt6RQQvvGVR2obP9RipajdZmeAMQg99qzSG7xL5E5YfcXhKFnQTWxovDQ,transfer,ARu4n5mFdZogZAravu7CcizaojWnS6oqka37gdLT5SZn,GpMZbSM2GgvTKHJirzeGfMFoaZ8UR2X7F4v8vHTvxFbL,3CCaDwLVKs3WBE6bFG58Q9qaHmGfRrjUvEnEcuiCbY87,35hKKpdPTy495wFTybw5wajHp4ZNSyQA5KZXd7cN9hB7,201727050295,2017.27050295,1
4721e81d6e845c1f6a22977b0e7d3942,2026-10-02,2026-10-02 04:14:56.000 UTC,452499409,5V6WTt9aqw4vSLuDQJBmH1Ns5Ccncw9Vt6RQQvvGVR2obP9RipajdZmeAMQg99qzSG7xL5E5YfcXhKFnQTWxovDQ,transfer,ARu4n5mFdZogZAravu7CcizaojWnS6oqka37gdLT5SZn,J3cdRYTeQAnZUhYRcVpk9abqEuRWTrtxb5fUbgh2aADn,3CCaDwLVKs3WBE6bFG58Q9qaHmGfRrjUvEnEcuiCbY87,7r4TcfVhcYuuh3of8S8igoV7AeyNfwcnRhAaA8FfvSgP,123639159857,1236.39159857,1
5fc2cccc67f2ac8300e96ecc6d1bcf09,2026-10-02,2026-10-02 04:14:56.000 UTC,452499409,5V6WTt9aqw4vSLuDQJBmH1Ns5Ccncw9Vt6RQQvvGVR2obP9RipajdZmeAMQg99qzSG7xL5E5YfcXhKFnQTWxovDQ,transfer,9ukSRCuYG3xMuzC25rzUKssyTJC5XaATJLztkYmYoVTA,ARu4n5mFdZogZAravu7CcizaojWnS6oqka37gdLT5SZn,4aDKU7QqZkLHR7u85emdfisWeVWVCMqx1GheswQsDbTW,3CCaDwLVKs3WBE6bFG58Q9qaHmGfRrjUvEnEcuiCbY87,325366210152,3253.66210152,1
105ddb26dfe96cffcfc71ccd25bda77f,2026-10-02,2026-10-02 04:23:40.000 UTC,452501369,2sC6YNJyjKUZwmBko14rXwxTDnvHByeqvGpkSeA2NDdrpnPFrSw4rX1KDdgFBEHF5RH5VxWurG16RZLcVTAN1xJ7,transfer,GpMZbSM2GgvTKHJirzeGfMFoaZ8UR2X7F4v8vHTvxFbL,ProCXqRcXJjoUd1RNoo28bSizAA6EEqt9wURZYPDc5u,35hKKpdPTy495wFTybw5wajHp4ZNSyQA5KZXd7cN9hB7,5ZVM1SciqiANCLKAKLjH6KE1tPWYcPHmmn4YjGL9yuSd,144517494572,1445.17494572,1
39911d3e19dd4733f68da6fe153d5337,2026-10-02,2026-10-02 04:23:45.000 UTC,452501385,5r9NMjjwnq1pUvz8dS1YRwonBrAhpbqkWBqtoDuvoNpYzeLyijhSRTfnUcFZQPZ8HQagzWuwP8UThumDTxYL7qPH,transfer,ProCXqRcXJjoUd1RNoo28bSizAA6EEqt9wURZYPDc5u,GpMZbSM2GgvTKHJirzeGfMFoaZ8UR2X7F4v8vHTvxFbL,5ZVM1SciqiANCLKAKLjH6KE1tPWYcPHmmn4YjGL9yuSd,35hKKpdPTy495wFTybw5wajHp4ZNSyQA5KZXd7cN9hB7,144517494572,1445.17494572,1
cad913842dbaf02870f206336db6ee47,2026-10-02,2026-10-02 05:14:09.000 UTC,452512625,4pV6FJGLGFwQfMWVs4YW5w5DJPA98Y36ZVwy8MYCijQyvdN7SyJ8EW87SMFtujEQftNtHnQuXjHWULs7a9URZnNG,transfer,2Rpt43Wez9uVjUMA4ByUrAUmqavD38jNY9iNFWAdt5qf,66fbhhNALJ2udRDF2toemdAgTb5yu9SkXMD69u2aVLZh,4SBqmpo26N4QPcfabN4waNdFZzrbQBfJBm2M6YyTaunU,4sZYMjzSk1VQZNymLTz6SUbHNVwPaHw2LZ7nU2fDshtP,2158900000,21.589,1
42df335683a198c20391e85e95ba98fa,2026-10-02,2026-10-02 05:42:56.000 UTC,452519036,3iQPChzy86xnHxJ5azwAgiDkMr7WQgP51z3qVEL9b5TaCJ485mBLcHH68duEi6hZaSzAS5yf3xTviTDobCLUS2HK,transfer,2Rpt43Wez9uVjUMA4ByUrAUmqavD38jNY9iNFWAdt5qf,5nFRDbmQqreiW8kUSmTmP4mTCx27wHuqE4s5wGGZmFCd,4SBqmpo26N4QPcfabN4waNdFZzrbQBfJBm2M6YyTaunU,54GMxwJECR1CTc5pX7dnU4UxxnwCHdvHzJ4ZCT7BWb3R,37950000000,379.5,1
3877761fa155e815704f511c6c3735f3,2026-10-02,2026-10-02 07:51:14.000 UTC,452547878,5kgPCQbZtDiSBm8mpmSxTAFNHFT2mTL6PxtYopnC1xTcH8BxGQvYPY9EGuBQLvGtSDrKbpRfoaLptymPzNoRAdW6,transfer,J3cdRYTeQAnZUhYRcVpk9abqEuRWTrtxb5fUbgh2aADn,GGRx8fFJzFYKAR6qRVdUqo8sZ8fVYradM8YU4Aky3AyE,7r4TcfVhcYuuh3of8S8igoV7AeyNfwcnRhAaA8FfvSgP,5sBg4QCF8eKaRAeqVNmx8ZMnTtBps8ih5oaJCDQ2xRaz,7786968838690,77869.6883869,1
582841f42db612f23ad017d56ed5afe2,2026-10-02,2026-10-02 07:51:14.000 UTC,452547878,5kgPCQbZtDiSBm8mpmSxTAFNHFT2mTL6PxtYopnC1xTcH8BxGQvYPY9EGuBQLvGtSDrKbpRfoaLptymPzNoRAdW6,transfer,J3cdRYTeQAnZUhYRcVpk9abqEuRWTrtxb5fUbgh2aADn,GGRx8fFJzFYKAR6qRVdUqo8sZ8fVYradM8YU4Aky3AyE,DwTgzwZM711zAPL1ivvraZL545LyKaaqKjDkSfQN27Yw,5sBg4QCF8eKaRAeqVNmx8ZMnTtBps8ih5oaJCDQ2xRaz,0,0,1
2817a4d638e9c23eeb3391630fa91567,2026-10-02,2026-10-02 07:51:28.000 UTC,452547932,47NqeSeMy9qkdnKqEps7A845uHza6i48V3FtMNVg3eX3yg1CP5ugKAht75BxtbuJbQH8SLAHf28Vpr6Z1p3s37Mw,transfer,GGRx8fFJzFYKAR6qRVdUqo8sZ8fVYradM8YU4Aky3AyE,J3cdRYTeQAnZUhYRcVpk9abqEuRWTrtxb5fUbgh2aADn,5sBg4QCF8eKaRAeqVNmx8ZMnTtBps8ih5oaJCDQ2xRaz,7r4TcfVhcYuuh3of8S8igoV7AeyNfwcnRhAaA8FfvSgP,7786968838692,77869.68838692,1
139b58552f26d9fa539ee96ed5f24001,2026-10-02,2026-10-02 08:38:16.000 UTC,452558425,RgwVhnn8Te3GpZB5kBpaeoYezTSBmnaQTgwkCWKsT6gcfHd9NGysisoXHjxPBfCqPY1ffjWZnDyPjTB9eL8fnhh,transfer,81RwTUf7ZvM5GpeG5q5aGemnxPQLzKAXEF6qPDzNQKDn,J3cdRYTeQAnZUhYRcVpk9abqEuRWTrtxb5fUbgh2aADn,95BGpzYf6m74RDhE6Y7pSVFPiBKuUvQhoDtf41nZUHcb,7r4TcfVhcYuuh3of8S8igoV7AeyNfwcnRhAaA8FfvSgP,243226006254,2432.26006254,1
d2c3c8a61d6d5045a85a3063101ffd06,2026-10-02,2026-10-02 08:38:16.000 UTC,452558425,RgwVhnn8Te3GpZB5kBpaeoYezTSBmnaQTgwkCWKsT6gcfHd9NGysisoXHjxPBfCqPY1ffjWZnDyPjTB9eL8fnhh,transfer,GpMZbSM2GgvTKHJirzeGfMFoaZ8UR2X7F4v8vHTvxFbL,81RwTUf7ZvM5GpeG5q5aGemnxPQLzKAXEF6qPDzNQKDn,GJrjTyjw8vEL4FUVVnKmfvYKZamyjNgwxxprciNkQ9AE,95BGpzYf6m74RDhE6Y7pSVFPiBKuUvQhoDtf41nZUHcb,243226006254,2432.26006254,1
7927b79eddc5a08ed23faf76d8378409,2026-10-02,2026-10-02 08:39:21.000 UTC,452558669,3uHb8K8S1pEqWVHe7GpbC8DvaoxLch8fgVqqkYXPQZkWovziQwKjXxZM6njh5uUZBJQXkP8QUYQeLscYXq96Hk69,transfer,78Bo7xxGWBEvqbh3VMKvkFG4Z63cXKSJ2LCEXAanhN7a,J3cdRYTeQAnZUhYRcVpk9abqEuRWTrtxb5fUbgh2aADn,H4dF1Hr9YcAqNEUsfGVnxa9qL3dbgJ5fa6PaffqtR7UD,7r4TcfVhcYuuh3of8S8igoV7AeyNfwcnRhAaA8FfvSgP,96743608334,967.43608334,1
f984f4e9066f7d3f0faf54ffbac4a91d,2026-10-02,2026-10-02 08:39:21.000 UTC,452558669,3uHb8K8S1pEqWVHe7GpbC8DvaoxLch8fgVqqkYXPQZkWovziQwKjXxZM6njh5uUZBJQXkP8QUYQeLscYXq96Hk69,transfer,GpMZbSM2GgvTKHJirzeGfMFoaZ8UR2X7F4v8vHTvxFbL,78Bo7xxGWBEvqbh3VMKvkFG4Z63cXKSJ2LCEXAanhN7a,GJrjTyjw8vEL4FUVVnKmfvYKZamyjNgwxxprciNkQ9AE,H4dF1Hr9YcAqNEUsfGVnxa9qL3dbgJ5fa6PaffqtR7UD,96743608334,967.43608334,1
a1e6a4d93b24374d21e032df75169a98,2026-10-02,2026-10-02 08:54:36.000 UTC,452562099,223k2FYGghXrJpMiepkrPafLLrigbCwfySMspvF2enMQgj9C1ZBqrWSThNKgeZne8PmxQtSagz8KGFf32fwzdTQz,burn,TiVoEQfPxbrVT2kWBJeYVVDHEcD6JFthphWLqMGpJu5,,pxxkq1bo1cLKmGeySnTLBRkmcPRrVyhZHYhxDmU4gCT,,3223276,0.03223276,1
4b3739a28bc56325ab28d88d8326c0c9,2026-10-02,2026-10-02 09:06:21.000 UTC,452564720,3o7ZGEWZbJKkH9G6D43MxwJHuVLFL7Qx9zHwW9Gugnj6nhXLb1Jo5dpmYTPNX4MxQBCYzYRGXsEYpkEtwGoEe7ce,transfer,D5YqVMoSxnqeZAKAUUE1Dm3bmjtdxQ5DCF356ozqN9cM,GpMZbSM2GgvTKHJirzeGfMFoaZ8UR2X7F4v8vHTvxFbL,2KJkRj5rk5ft92WTTT5NYQThgX6SHStiqsyffyhjDWb4,CSJegNkfoG8jJ7brkTWta4hwY3hVuuNHq7S8sJQAFpsm,1729792,0.01729792,1
4637c9a54408b8b73a80e923bbcfdb92,2026-10-02,2026-10-02 09:06:21.000 UTC,452564720,3o7ZGEWZbJKkH9G6D43MxwJHuVLFL7Qx9zHwW9Gugnj6nhXLb1Jo5dpmYTPNX4MxQBCYzYRGXsEYpkEtwGoEe7ce,transfer,2Q8tAc9nrQca3tE9KqhnVc9DiBsDPQyqY24rnbRVYv8E,D5YqVMoSxnqeZAKAUUE1Dm3bmjtdxQ5DCF356ozqN9cM,9UK3o1FSN5avmpNmuxkdJWT16YPRjNZ7WvYW3fCcjaw4,2KJkRj5rk5ft92WTTT5NYQThgX6SHStiqsyffyhjDWb4,1729792,0.01729792,1
e4009ad3b7c2d7f7c4a3172c8f3aaed2,2026-10-02,2026-10-02 12:52:14.000 UTC,452615532,C14bR9B8xCgMXubSHbeFXdzo8ba5qLhAz39msASAF6JsP6uZHDCKryHgkaMta2VnGb5phNQVVMp9LwEPHBkCAPW,burn,JD6rVaerbyz6wjQ433nrw6bFTgFrp46MiYmi8EtUAfsG,,DnyyUcRMUjwEbTnEt2Qiwimkv5Kr8EmUCP3izXWoETs2,,10088498,0.10088498,1
59840793a0a256626358da3f1007cc09,2026-10-02,2026-10-02 13:36:37.000 UTC,452625544,4f2TzEuaHisQecDuc67vPgmRZBcUophr8rgpoQeLPDreDuAguDtzv7V2qBwSf9zbcvrLVaZR6MsdfZBvhpniFroR,transfer,2Rpt43Wez9uVjUMA4ByUrAUmqavD38jNY9iNFWAdt5qf,2yVHdfUjntobzWcJjBL1fVt72UBS2tLgWgLdCqo8JUzn,4SBqmpo26N4QPcfabN4waNdFZzrbQBfJBm2M6YyTaunU,147dP4pHM1wvG7SBefWktDsEUE3EAUgpywHwsRtghnzE,1334496000000,13344.96,1
bf9529388c4701a5696c7b676af82b5f,2026-10-02,2026-10-02 13:38:13.000 UTC,452625908,3pCkVpJCpqenww6dNHkAtHNqMwLmzXsU4boZN2toFUhij9mg5rjxgiEH5yDwRv5v27NcrmvHsPBwquc8vpEUtgCD,transfer,ARu4n5mFdZogZAravu7CcizaojWnS6oqka37gdLT5SZn,GpMZbSM2GgvTKHJirzeGfMFoaZ8UR2X7F4v8vHTvxFbL,3CCaDwLVKs3WBE6bFG58Q9qaHmGfRrjUvEnEcuiCbY87,35hKKpdPTy495wFTybw5wajHp4ZNSyQA5KZXd7cN9hB7,93414720000,934.1472,1
c2bf05ff653cf4cff6c883a30b09b79a,2026-10-02,2026-10-02 13:38:13.000 UTC,452625908,3pCkVpJCpqenww6dNHkAtHNqMwLmzXsU4boZN2toFUhij9mg5rjxgiEH5yDwRv5v27NcrmvHsPBwquc8vpEUtgCD,transfer,ARu4n5mFdZogZAravu7CcizaojWnS6oqka37gdLT5SZn,J3cdRYTeQAnZUhYRcVpk9abqEuRWTrtxb5fUbgh2aADn,3CCaDwLVKs3WBE6bFG58Q9qaHmGfRrjUvEnEcuiCbY87,7r4TcfVhcYuuh3of8S8igoV7AeyNfwcnRhAaA8FfvSgP,1241081280000,12410.8128,1
11f5cae1134f5127944e5b993db816c6,2026-10-02,2026-10-02 13:38:13.000 UTC,452625908,3pCkVpJCpqenww6dNHkAtHNqMwLmzXsU4boZN2toFUhij9mg5rjxgiEH5yDwRv5v27NcrmvHsPBwquc8vpEUtgCD,transfer,2yVHdfUjntobzWcJjBL1fVt72UBS2tLgWgLdCqo8JUzn,ARu4n5mFdZogZAravu7CcizaojWnS6oqka37gdLT5SZn,147dP4pHM1wvG7SBefWktDsEUE3EAUgpywHwsRtghnzE,3CCaDwLVKs3WBE6bFG58Q9qaHmGfRrjUvEnEcuiCbY87,1334496000000,13344.96,1
441d9f031f2025619d6da0710f91d8ed,2026-10-02,2026-10-02 14:07:42.000 UTC,452632542,2v3eksTU7dBryn6YakBc2jf6jd7P3zjh1obiAdwZojsH1DYqE7B6M7GXjmtLKGpfBLtFDA4ab5fYkzD4EMscLd5b,transfer,ARu4n5mFdZogZAravu7CcizaojWnS6oqka37gdLT5SZn,J3cdRYTeQAnZUhYRcVpk9abqEuRWTrtxb5fUbgh2aADn,3CCaDwLVKs3WBE6bFG58Q9qaHmGfRrjUvEnEcuiCbY87,7r4TcfVhcYuuh3of8S8igoV7AeyNfwcnRhAaA8FfvSgP,2813518704191,28135.18704191,1
0034774f502f99d75d68b25415804cdd,2026-10-02,2026-10-02 14:07:42.000 UTC,452632542,2v3eksTU7dBryn6YakBc2jf6jd7P3zjh1obiAdwZojsH1DYqE7B6M7GXjmtLKGpfBLtFDA4ab5fYkzD4EMscLd5b,transfer,Gsq49YTmSNdFadBVAqmRBGBKYQyZXP3KEf6A2tTgLea7,ARu4n5mFdZogZAravu7CcizaojWnS6oqka37gdLT5SZn,4RanSB16mMve7r5Awk5fBYiTCXCsmW4TpJFcsKm4Rd8M,3CCaDwLVKs3WBE6bFG58Q9qaHmGfRrjUvEnEcuiCbY87,3233929545048,32339.29545048,1
8ca7f8e8f78d9c8d520f320174519302,2026-10-02,2026-10-02 14:07:42.000 UTC,452632542,2v3eksTU7dBryn6YakBc2jf6jd7P3zjh1obiAdwZojsH1DYqE7B6M7GXjmtLKGpfBLtFDA4ab5fYkzD4EMscLd5b,transfer,ARu4n5mFdZogZAravu7CcizaojWnS6oqka37gdLT5SZn,GpMZbSM2GgvTKHJirzeGfMFoaZ8UR2X7F4v8vHTvxFbL,3CCaDwLVKs3WBE6bFG58Q9qaHmGfRrjUvEnEcuiCbY87,35hKKpdPTy495wFTybw5wajHp4ZNSyQA5KZXd7cN9hB7,420410840857,4204.10840857,1
2683d0b7793c170cc2e4ab75d0513acb,2026-10-02,2026-10-02 14:25:27.000 UTC,452636549,4BUc1S5VrdhEEcH8mEzP9Ytgrmy1ZTyNAUxRKHXmRsDPbLspZABR1dFR6RYAB5hcpPZJWYiFmzqk7ZWiT6ZPutEd,transfer,MriyaNN8TMp6qRWjfr723PK7xgQK7yCt7Kg2v2PQu7X,GpMZbSM2GgvTKHJirzeGfMFoaZ8UR2X7F4v8vHTvxFbL,F7HrfNFMAuDaEkzbBLFnU9fergrTcVMycCoCajiTiD8S,GJrjTyjw8vEL4FUVVnKmfvYKZamyjNgwxxprciNkQ9AE,4393728391177,43937.28391177,1
16fc086d9e08dbb4dca2301d795990d9,2026-10-02,2026-10-02 14:25:27.000 UTC,452636549,4BUc1S5VrdhEEcH8mEzP9Ytgrmy1ZTyNAUxRKHXmRsDPbLspZABR1dFR6RYAB5hcpPZJWYiFmzqk7ZWiT6ZPutEd,transfer,J3cdRYTeQAnZUhYRcVpk9abqEuRWTrtxb5fUbgh2aADn,MriyaNN8TMp6qRWjfr723PK7xgQK7yCt7Kg2v2PQu7X,7r4TcfVhcYuuh3of8S8igoV7AeyNfwcnRhAaA8FfvSgP,F7HrfNFMAuDaEkzbBLFnU9fergrTcVMycCoCajiTiD8S,4393728391177,43937.28391177,1
448124aca40e455ff7f1bb641941035d,2026-10-02,2026-10-02 14:25:57.000 UTC,452636664,4EC4zXp34KJazhLTTVw1uQ5S3y3gf5gDC4KD86eGrs78nGQfDfkoPN5L6UJADcPN2m2UCKoGZwRJCVWEBuoByYGX,transfer,81RwTUf7ZvM5GpeG5q5aGemnxPQLzKAXEF6qPDzNQKDn,J3cdRYTeQAnZUhYRcVpk9abqEuRWTrtxb5fUbgh2aADn,95BGpzYf6m74RDhE6Y7pSVFPiBKuUvQhoDtf41nZUHcb,7r4TcfVhcYuuh3of8S8igoV7AeyNfwcnRhAaA8FfvSgP,151194642032,1511.94642032,1
813dc48b0f4f71a690f5ea6e29049397,2026-10-02,2026-10-02 14:25:57.000 UTC,452636664,4EC4zXp34KJazhLTTVw1uQ5S3y3gf5gDC4KD86eGrs78nGQfDfkoPN5L6UJADcPN2m2UCKoGZwRJCVWEBuoByYGX,transfer,GpMZbSM2GgvTKHJirzeGfMFoaZ8UR2X7F4v8vHTvxFbL,81RwTUf7ZvM5GpeG5q5aGemnxPQLzKAXEF6qPDzNQKDn,35hKKpdPTy495wFTybw5wajHp4ZNSyQA5KZXd7cN9hB7,95BGpzYf6m74RDhE6Y7pSVFPiBKuUvQhoDtf41nZUHcb,151194642032,1511.94642032,1
dd193d8e9564fa53c9045186505504d8,2026-10-02,2026-10-02 14:26:27.000 UTC,452636781,4bTYA6LELKcjPc1okoRSTfpieeA5AcQWpQfE5McvHKGXLeooBjebJxTf61cBWMUuMk8P5kCCKEYcTNFMdFeU1TA7,transfer,ESuvjvsQtjuxC4XGsDeMhx8Wp5yjQcCFGncGhupcJbg8,J3cdRYTeQAnZUhYRcVpk9abqEuRWTrtxb5fUbgh2aADn,Ca7ReVakXwC2k3zznXsiiSY1PkKDW8Nk3Rh986zKmWzb,7r4TcfVhcYuuh3of8S8igoV7AeyNfwcnRhAaA8FfvSgP,82356825440,823.5682544,1
4bf8d96eb36c244688cbfeb5456e557b,2026-10-02,2026-10-02 14:26:27.000 UTC,452636781,4bTYA6LELKcjPc1okoRSTfpieeA5AcQWpQfE5McvHKGXLeooBjebJxTf61cBWMUuMk8P5kCCKEYcTNFMdFeU1TA7,transfer,GpMZbSM2GgvTKHJirzeGfMFoaZ8UR2X7F4v8vHTvxFbL,ESuvjvsQtjuxC4XGsDeMhx8Wp5yjQcCFGncGhupcJbg8,35hKKpdPTy495wFTybw5wajHp4ZNSyQA5KZXd7cN9hB7,Ca7ReVakXwC2k3zznXsiiSY1PkKDW8Nk3Rh986zKmWzb,82356825440,823.5682544,1
a352a99172fe151c101dc1f096d615ce,2026-10-02,2026-10-02 14:45:44.000 UTC,452641112,4iuUHKKLAZFAwfjeVwAPghAMyiDVrEC2qU6QW9wx3qab1HTRV2BQ9ftPYjikVm7mmuapoSpMdm5q1W8HTCRb8heM,transfer,CapuXNQoDviLvU1PxFiizLgPNQCxrsag1uMeyk6zLVps,J3cdRYTeQAnZUhYRcVpk9abqEuRWTrtxb5fUbgh2aADn,H76YwwgbJnWUonJBggZvHDJHs5uMoWxBUuQ7FFZkP87n,7r4TcfVhcYuuh3of8S8igoV7AeyNfwcnRhAaA8FfvSgP,1797554555991,17975.54555991,1
1c99d2a27c51285de783e520ffb68b3e,2026-10-02,2026-10-02 14:45:44.000 UTC,452641112,4iuUHKKLAZFAwfjeVwAPghAMyiDVrEC2qU6QW9wx3qab1HTRV2BQ9ftPYjikVm7mmuapoSpMdm5q1W8HTCRb8heM,transfer,Er2rjAuJMra8ZcKCHtBqKm8tgjY8M67NeMpAGYhTcm2R,CapuXNQoDviLvU1PxFiizLgPNQCxrsag1uMeyk6zLVps,AzTqC7bgqJujbj637W3RfpKmfFKZ93TQe2o8Lxb1U2PV,H76YwwgbJnWUonJBggZvHDJHs5uMoWxBUuQ7FFZkP87n,1797554555991,17975.54555991,1
f8b69b303fa14ad8aca95208c0c9e00f,2026-10-02,2026-10-02 14:54:29.000 UTC,452643068,3w3t9GEfKAbyRELA8G6jtfDGYry5YKEG2XbMfP7dJKCaBBr3CedtbuZurfLb77RygdnZXagLbws6fE3xoyMaHUYn,transfer,2Rpt43Wez9uVjUMA4ByUrAUmqavD38jNY9iNFWAdt5qf,7fpChLeRWFEZsELtMDhHTB86NH2jLAmb2iBaszC8218N,4SBqmpo26N4QPcfabN4waNdFZzrbQBfJBm2M6YyTaunU,3TR38VxEXWtBMXSvdKomngFgWsgWHAHmnrmxf8BDM9bL,50787000000,507.87,1
beabdc7cb6a0c94f96ea3f2e4ef353fe,2026-10-02,2026-10-02 14:55:06.000 UTC,452643203,4qxp71C7eZZDyyb8eVCTpBgR7g1Fy1UUPaAWqjFqBxzENRcxJ4aczk6AM5wLKzUXs2pHEP2UCJ2wv7t3tDBR87Si,transfer,gtagyESa99t49VmUqnnfsuowYnigSNKuYXdXWyXWNdd,GpMZbSM2GgvTKHJirzeGfMFoaZ8UR2X7F4v8vHTvxFbL,BgxSqsxb3K9Ygu9fQhJZFnLPoENLnz6NTTYtf763vtT5,GJrjTyjw8vEL4FUVVnKmfvYKZamyjNgwxxprciNkQ9AE,979653311796,9796.53311796,1
82d9a79e7c6076e1b50e4bb890ef31a1,2026-10-02,2026-10-02 14:55:06.000 UTC,452643203,4qxp71C7eZZDyyb8eVCTpBgR7g1Fy1UUPaAWqjFqBxzENRcxJ4aczk6AM5wLKzUXs2pHEP2UCJ2wv7t3tDBR87Si,transfer,GpMZbSM2GgvTKHJirzeGfMFoaZ8UR2X7F4v8vHTvxFbL,gtagyESa99t49VmUqnnfsuowYnigSNKuYXdXWyXWNdd,35hKKpdPTy495wFTybw5wajHp4ZNSyQA5KZXd7cN9hB7,BgxSqsxb3K9Ygu9fQhJZFnLPoENLnz6NTTYtf763vtT5,979653311796,9796.53311796,1
8c4702862b6e0dde5bcda9fd157ab7b9,2026-10-02,2026-10-02 14:55:06.000 UTC,452643203,5VXxzuVk6DJf8rVApYJhMwocN5kFkXRctguCMqpiMriYJskqMc4bsidQVktT4T6QDoKcRY2NrTJvVg5dP84dgdTb,transfer,GHzq6VA1PkkWtYmVAB49GJb1ERZ4o6gsAeXebvni8Wpv,ARu4n5mFdZogZAravu7CcizaojWnS6oqka37gdLT5SZn,8pSyc6rajEKDNUUEZnNyPA1UqkqG9Sgwie6Uyunzev4o,3CCaDwLVKs3WBE6bFG58Q9qaHmGfRrjUvEnEcuiCbY87,13426250512368,134262.50512368,1
da72fdf5636214bed7c504d9e19ee20a,2026-10-02,2026-10-02 14:55:06.000 UTC,452643203,5VXxzuVk6DJf8rVApYJhMwocN5kFkXRctguCMqpiMriYJskqMc4bsidQVktT4T6QDoKcRY2NrTJvVg5dP84dgdTb,transfer,ARu4n5mFdZogZAravu7CcizaojWnS6oqka37gdLT5SZn,GpMZbSM2GgvTKHJirzeGfMFoaZ8UR2X7F4v8vHTvxFbL,3CCaDwLVKs3WBE6bFG58Q9qaHmGfRrjUvEnEcuiCbY87,35hKKpdPTy495wFTybw5wajHp4ZNSyQA5KZXd7cN9hB7,2953775112721,29537.75112721,1
841bbde7db84f9512e0bba8067175b0b,2026-10-02,2026-10-02 14:55:06.000 UTC,452643203,5VXxzuVk6DJf8rVApYJhMwocN5kFkXRctguCMqpiMriYJskqMc4bsidQVktT4T6QDoKcRY2NrTJvVg5dP84dgdTb,transfer,ARu4n5mFdZogZAravu7CcizaojWnS6oqka37gdLT5SZn,J3cdRYTeQAnZUhYRcVpk9abqEuRWTrtxb5fUbgh2aADn,3CCaDwLVKs3WBE6bFG58Q9qaHmGfRrjUvEnEcuiCbY87,7r4TcfVhcYuuh3of8S8igoV7AeyNfwcnRhAaA8FfvSgP,10472475399647,104724.75399647,1
980cc60032b3d3ccd3b67f04f118872d,2026-10-02,2026-10-02 14:55:06.000 UTC,452643203,5W3KnfAzsRnFoQisKggt8raV7imad1Ap68pWqFgpricBegEMv7rhxyAefpQHcs3kHcjx6egNmHiB29Z6rrDzuRjm,transfer,GpMZbSM2GgvTKHJirzeGfMFoaZ8UR2X7F4v8vHTvxFbL,HvFdDWS3RqymRAVx1ZdoL2RjiC38r5dtt19Z8op5jqDK,35hKKpdPTy495wFTybw5wajHp4ZNSyQA5KZXd7cN9hB7,G1htLa3kFHBueV7h6jzCxFWm46sDnbJ5KXU2c9RikzTQ,510012102332,5100.12102332,1
40f8cdf14b47638c82b552cfbdfa4c79,2026-10-02,2026-10-02 14:55:06.000 UTC,452643203,5W3KnfAzsRnFoQisKggt8raV7imad1Ap68pWqFgpricBegEMv7rhxyAefpQHcs3kHcjx6egNmHiB29Z6rrDzuRjm,transfer,HvFdDWS3RqymRAVx1ZdoL2RjiC38r5dtt19Z8op5jqDK,GpMZbSM2GgvTKHJirzeGfMFoaZ8UR2X7F4v8vHTvxFbL,G1htLa3kFHBueV7h6jzCxFWm46sDnbJ5KXU2c9RikzTQ,GJrjTyjw8vEL4FUVVnKmfvYKZamyjNgwxxprciNkQ9AE,510012102332,5100.12102332,1
e152b6cb31e2eb423ecfb3a4c8671996,2026-10-02,2026-10-02 14:57:55.000 UTC,452643834,38QuB4v3fHe4N7ayguEM5KAKSHpJmexQjReCqshayRDy8wMH7iQv9N9MtP12c3xtwKH7vHXDqD82MSz8CLmbNq1d,transfer,2Rpt43Wez9uVjUMA4ByUrAUmqavD38jNY9iNFWAdt5qf,4ggmDfkcPL3kYSZKD2KsXL23hFtb6wwKDMW34vT5MRZN,4SBqmpo26N4QPcfabN4waNdFZzrbQBfJBm2M6YyTaunU,BRtQkTuqpLwHBfSHXF4MgVyas8X93ykGATGNkMRSHmgN,68169000000,681.69,1
b4246bdb359cc296cb831866d57b0af1,2026-10-02,2026-10-02 14:58:32.000 UTC,452643975,3yxULBnpzHo6fKyTKsESfbcAUvLU9QNa4xN7J2rQzaqgK4tKDWwaYGNSe5rEa6Q78tujt4HRAmSPUg8k8enxbPL3,transfer,4ggmDfkcPL3kYSZKD2KsXL23hFtb6wwKDMW34vT5MRZN,ARu4n5mFdZogZAravu7CcizaojWnS6oqka37gdLT5SZn,BRtQkTuqpLwHBfSHXF4MgVyas8X93ykGATGNkMRSHmgN,3CCaDwLVKs3WBE6bFG58Q9qaHmGfRrjUvEnEcuiCbY87,68169000000,681.69,1
93dba9d7d4c972cf87853b88e51fb667,2026-10-02,2026-10-02 14:58:32.000 UTC,452643975,3yxULBnpzHo6fKyTKsESfbcAUvLU9QNa4xN7J2rQzaqgK4tKDWwaYGNSe5rEa6Q78tujt4HRAmSPUg8k8enxbPL3,transfer,ARu4n5mFdZogZAravu7CcizaojWnS6oqka37gdLT5SZn,GpMZbSM2GgvTKHJirzeGfMFoaZ8UR2X7F4v8vHTvxFbL,3CCaDwLVKs3WBE6bFG58Q9qaHmGfRrjUvEnEcuiCbY87,35hKKpdPTy495wFTybw5wajHp4ZNSyQA5KZXd7cN9hB7,68169000000,681.69,1
0a25567f5a660e9d66e5589f87acee28,2026-10-02,2026-10-02 14:59:43.000 UTC,452644240,TqmoxPSg3YEQffujodwjQ3bJHynb9drxuBBAari68jkWpe4sGaoRr9ACRNXRR7zUXytNobJdxqoVd9muGdK2EfJ,transfer,GpMZbSM2GgvTKHJirzeGfMFoaZ8UR2X7F4v8vHTvxFbL,D5YqVMoSxnqeZAKAUUE1Dm3bmjtdxQ5DCF356ozqN9cM,35hKKpdPTy495wFTybw5wajHp4ZNSyQA5KZXd7cN9hB7,2KJkRj5rk5ft92WTTT5NYQThgX6SHStiqsyffyhjDWb4,776966022,7.76966022,1
76e21e20bd1f45cd7d3b83a0185d90c9,2026-10-02,2026-10-02 14:59:43.000 UTC,452644240,TqmoxPSg3YEQffujodwjQ3bJHynb9drxuBBAari68jkWpe4sGaoRr9ACRNXRR7zUXytNobJdxqoVd9muGdK2EfJ,transfer,D5YqVMoSxnqeZAKAUUE1Dm3bmjtdxQ5DCF356ozqN9cM,2Q8tAc9nrQca3tE9KqhnVc9DiBsDPQyqY24rnbRVYv8E,2KJkRj5rk5ft92WTTT5NYQThgX6SHStiqsyffyhjDWb4,9UK3o1FSN5avmpNmuxkdJWT16YPRjNZ7WvYW3fCcjaw4,776966022,7.76966022,1
edb6eee9fc6b0904703e85b4f9eec6d6,2026-10-02,2026-10-02 14:59:46.000 UTC,452644251,28gXBCNYzLnXMn2MY6uD8FGMmb1rNUPCxvKvUqM5cCUbwkmarJjNHrQdiYBxTMLTHU8Bq8kMaJsga8zQmVKcczPT,transfer,D5YqVMoSxnqeZAKAUUE1Dm3bmjtdxQ5DCF356ozqN9cM,2Q8tAc9nrQca3tE9KqhnVc9DiBsDPQyqY24rnbRVYv8E,2KJkRj5rk5ft92WTTT5NYQThgX6SHStiqsyffyhjDWb4,9UK3o1FSN5avmpNmuxkdJWT16YPRjNZ7WvYW3fCcjaw4,776956133,7.76956133,1
1a561e9a664fb79f1984285c85989092,2026-10-02,2026-10-02 14:59:46.000 UTC,452644251,28gXBCNYzLnXMn2MY6uD8FGMmb1rNUPCxvKvUqM5cCUbwkmarJjNHrQdiYBxTMLTHU8Bq8kMaJsga8zQmVKcczPT,transfer,GpMZbSM2GgvTKHJirzeGfMFoaZ8UR2X7F4v8vHTvxFbL,D5YqVMoSxnqeZAKAUUE1Dm3bmjtdxQ5DCF356ozqN9cM,35hKKpdPTy495wFTybw5wajHp4ZNSyQA5KZXd7cN9hB7,2KJkRj5rk5ft92WTTT5NYQThgX6SHStiqsyffyhjDWb4,776956133,7.76956133,1
02f076a735cb80c3606d686fdb65ccb0,2026-10-02,2026-10-02 15:04:15.000 UTC,452645263,BMZsYFjU1Ea9PwWwFWXYVaouGte7ghA5truUXt8Fa3iqiWRd4Zh9a7vkuNkHkyKkj9ToC1UZmK2DP6vyd2NwMpz,transfer,CapuXNQoDviLvU1PxFiizLgPNQCxrsag1uMeyk6zLVps,J3cdRYTeQAnZUhYRcVpk9abqEuRWTrtxb5fUbgh2aADn,H76YwwgbJnWUonJBggZvHDJHs5uMoWxBUuQ7FFZkP87n,7r4TcfVhcYuuh3of8S8igoV7AeyNfwcnRhAaA8FfvSgP,1341517134910,13415.1713491,1
f6ef3b0dd4fb082fd09280566d261e6b,2026-10-02,2026-10-02 15:04:15.000 UTC,452645263,BMZsYFjU1Ea9PwWwFWXYVaouGte7ghA5truUXt8Fa3iqiWRd4Zh9a7vkuNkHkyKkj9ToC1UZmK2DP6vyd2NwMpz,transfer,Er2rjAuJMra8ZcKCHtBqKm8tgjY8M67NeMpAGYhTcm2R,CapuXNQoDviLvU1PxFiizLgPNQCxrsag1uMeyk6zLVps,AzTqC7bgqJujbj637W3RfpKmfFKZ93TQe2o8Lxb1U2PV,H76YwwgbJnWUonJBggZvHDJHs5uMoWxBUuQ7FFZkP87n,1341517134910,13415.1713491,1
8ee08d5bafcce6085cf65be5aeb66662,2026-10-02,2026-10-02 15:08:51.000 UTC,452646295,4BiKaQ35wJYu6nDFkc9di9PGHBok7isEuZZsVRXJDtnW22E5GXqiv52T1SNTwysNyRPRM4KBsrf4NNXJRdxMRFjs,transfer,6AGp6zbGNuyZpmzeswv9KCNU15Rf37UQDqDqFAeHmS8d,GpMZbSM2GgvTKHJirzeGfMFoaZ8UR2X7F4v8vHTvxFbL,8Xb4D7VQDEj872ZsUwjStnk1icrhj2u9rQytS9fF9AZL,35hKKpdPTy495wFTybw5wajHp4ZNSyQA5KZXd7cN9hB7,316754318058,3167.54318058,1
c1b6a7ee2657ada842588e20caa7a1f0,2026-10-02,2026-10-02 15:08:51.000 UTC,452646295,4BiKaQ35wJYu6nDFkc9di9PGHBok7isEuZZsVRXJDtnW22E5GXqiv52T1SNTwysNyRPRM4KBsrf4NNXJRdxMRFjs,transfer,GpMZbSM2GgvTKHJirzeGfMFoaZ8UR2X7F4v8vHTvxFbL,6AGp6zbGNuyZpmzeswv9KCNU15Rf37UQDqDqFAeHmS8d,GJrjTyjw8vEL4FUVVnKmfvYKZamyjNgwxxprciNkQ9AE,8Xb4D7VQDEj872ZsUwjStnk1icrhj2u9rQytS9fF9AZL,316754318058,3167.54318058,1
0ca6b9597139e8ac06fbb592caafea7e,2026-10-02,2026-10-02 15:08:52.000 UTC,452646296,3CxMXZdTGjhTjzJEvDSUvf7M4o7AjR1t7bytb5jYxGpMcAmktwfjPfdU1kSDNzvbxYe3ZCxcdWFCWQs19KSaqNZh,transfer,GxDC9e7SP9mzhDo4re5HbpLa2RW7gB9DtmThx4i4pXSq,GpMZbSM2GgvTKHJirzeGfMFoaZ8UR2X7F4v8vHTvxFbL,2QiaipXgmxVQdhS2kFeZJaNS2bQiBfhNGxKzqLJ6YrSs,35hKKpdPTy495wFTybw5wajHp4ZNSyQA5KZXd7cN9hB7,217801709049,2178.01709049,1
efd3c7d2e1ebab68e0ba9e1a32f5bf80,2026-10-02,2026-10-02 15:08:52.000 UTC,452646296,3CxMXZdTGjhTjzJEvDSUvf7M4o7AjR1t7bytb5jYxGpMcAmktwfjPfdU1kSDNzvbxYe3ZCxcdWFCWQs19KSaqNZh,transfer,GpMZbSM2GgvTKHJirzeGfMFoaZ8UR2X7F4v8vHTvxFbL,GxDC9e7SP9mzhDo4re5HbpLa2RW7gB9DtmThx4i4pXSq,GJrjTyjw8vEL4FUVVnKmfvYKZamyjNgwxxprciNkQ9AE,2QiaipXgmxVQdhS2kFeZJaNS2bQiBfhNGxKzqLJ6YrSs,217801709049,2178.01709049,1
84128317414fb1b84db38ab200da3525,2026-10-02,2026-10-02 15:08:52.000 UTC,452646297,5cwkMb55QKHcxm8NJkRwuo2dA8V3jdKVNYoW1R1mMTFYY3bPMHabx4bHdXocmZrtZ1WqfzRrrZovCG4CTC4jq41,transfer,GpMZbSM2GgvTKHJirzeGfMFoaZ8UR2X7F4v8vHTvxFbL,78Bo7xxGWBEvqbh3VMKvkFG4Z63cXKSJ2LCEXAanhN7a,GJrjTyjw8vEL4FUVVnKmfvYKZamyjNgwxxprciNkQ9AE,H4dF1Hr9YcAqNEUsfGVnxa9qL3dbgJ5fa6PaffqtR7UD,259759198726,2597.59198726,1
af6b0a2da0bd5b075c0558b4eb681c26,2026-10-02,2026-10-02 15:08:52.000 UTC,452646297,5cwkMb55QKHcxm8NJkRwuo2dA8V3jdKVNYoW1R1mMTFYY3bPMHabx4bHdXocmZrtZ1WqfzRrrZovCG4CTC4jq41,transfer,78Bo7xxGWBEvqbh3VMKvkFG4Z63cXKSJ2LCEXAanhN7a,J3cdRYTeQAnZUhYRcVpk9abqEuRWTrtxb5fUbgh2aADn,H4dF1Hr9YcAqNEUsfGVnxa9qL3dbgJ5fa6PaffqtR7UD,7r4TcfVhcYuuh3of8S8igoV7AeyNfwcnRhAaA8FfvSgP,259759198726,2597.59198726,1
2744408f849943ace5dbc29332c2a3d9,2026-10-02,2026-10-02 15:09:22.000 UTC,452646408,CPSTSx3WFJKN6oMCVZ8yLnHmMtcugf1PQgNKZSRRCxFpFWpUggHoDHHGgKDpMh4qMSWarxy6xZMkgZgxAB7pnEB,transfer,GpMZbSM2GgvTKHJirzeGfMFoaZ8UR2X7F4v8vHTvxFbL,CrZD39mqZfxBRTJX716fcpnjHoCF2XdUrcZ4FUkPYRcr,35hKKpdPTy495wFTybw5wajHp4ZNSyQA5KZXd7cN9hB7,5GguQ843EmpY9adRo3W7rohPbStXRVVFLbkHWUj9ST39,144603823184,1446.03823184,1
6539c8fb5b340a9b8a11fec501c790de,2026-10-02,2026-10-02 15:09:22.000 UTC,452646408,CPSTSx3WFJKN6oMCVZ8yLnHmMtcugf1PQgNKZSRRCxFpFWpUggHoDHHGgKDpMh4qMSWarxy6xZMkgZgxAB7pnEB,transfer,CrZD39mqZfxBRTJX716fcpnjHoCF2XdUrcZ4FUkPYRcr,J3cdRYTeQAnZUhYRcVpk9abqEuRWTrtxb5fUbgh2aADn,5GguQ843EmpY9adRo3W7rohPbStXRVVFLbkHWUj9ST39,7r4TcfVhcYuuh3of8S8igoV7AeyNfwcnRhAaA8FfvSgP,144603823184,1446.03823184,1
ed20c74b058df1b36e42d9888796d5ad,2026-10-02,2026-10-02 15:12:04.000 UTC,452647012,G8bf6HVVDnDovwvmUmh7D1hHYUkJMJ9Zt4FYuRkZYH55YT7GwPnfxyJS6boEf6TbtWdmAmrMW6rWYdofxSU2mow,transfer,78Bo7xxGWBEvqbh3VMKvkFG4Z63cXKSJ2LCEXAanhN7a,J3cdRYTeQAnZUhYRcVpk9abqEuRWTrtxb5fUbgh2aADn,H4dF1Hr9YcAqNEUsfGVnxa9qL3dbgJ5fa6PaffqtR7UD,7r4TcfVhcYuuh3of8S8igoV7AeyNfwcnRhAaA8FfvSgP,69992775825,699.92775825,1
f585141823aeb847d105514ef4249f50,2026-10-02,2026-10-02 15:12:04.000 UTC,452647012,G8bf6HVVDnDovwvmUmh7D1hHYUkJMJ9Zt4FYuRkZYH55YT7GwPnfxyJS6boEf6TbtWdmAmrMW6rWYdofxSU2mow,transfer,GpMZbSM2GgvTKHJirzeGfMFoaZ8UR2X7F4v8vHTvxFbL,78Bo7xxGWBEvqbh3VMKvkFG4Z63cXKSJ2LCEXAanhN7a,GJrjTyjw8vEL4FUVVnKmfvYKZamyjNgwxxprciNkQ9AE,H4dF1Hr9YcAqNEUsfGVnxa9qL3dbgJ5fa6PaffqtR7UD,69992775825,699.92775825,1
32d7b4abf3fbae541f5617dba9047ef2,2026-10-02,2026-10-02 15:12:47.000 UTC,452647177,2eoy2X95Bz7FzCX94tiPgA3ixuHFoXfZQxoVsGZbbmXFDovM1UDbjt44vNXbgWGqsLhe6eaS8qTjKMJrQCvfJacL,transfer,FUEL3Te8gvaohxwQMapfMTeJVHh2z1BL9fvTCcHZeYEh,J3cdRYTeQAnZUhYRcVpk9abqEuRWTrtxb5fUbgh2aADn,AFwDMZetjEu35jct7kb2vpWSAcjtwut4xdvE4pmrwuHQ,7r4TcfVhcYuuh3of8S8igoV7AeyNfwcnRhAaA8FfvSgP,287110596726,2871.10596726,1
0c1cf6eb88a73d7c23da7e94486588ce,2026-10-02,2026-10-02 15:12:47.000 UTC,452647177,2eoy2X95Bz7FzCX94tiPgA3ixuHFoXfZQxoVsGZbbmXFDovM1UDbjt44vNXbgWGqsLhe6eaS8qTjKMJrQCvfJacL,transfer,GpMZbSM2GgvTKHJirzeGfMFoaZ8UR2X7F4v8vHTvxFbL,FUEL3Te8gvaohxwQMapfMTeJVHh2z1BL9fvTCcHZeYEh,GJrjTyjw8vEL4FUVVnKmfvYKZamyjNgwxxprciNkQ9AE,AFwDMZetjEu35jct7kb2vpWSAcjtwut4xdvE4pmrwuHQ,287110596726,2871.10596726,1
78801bfbd5797d1fcfae0defc0e3010f,2026-10-02,2026-10-02 15:12:47.000 UTC,452647177,54xUofvHpK2kTjJ9dzmY18sf8ECG2GABXkU1vBsM7HZTTx9JxYTNfvq797N5CK8FD6h1kd1YYRs3bVbMv4mgWkZ1,transfer,GpMZbSM2GgvTKHJirzeGfMFoaZ8UR2X7F4v8vHTvxFbL,DhNUu2rwxnsmwaLrdh6p9GoYD1Uj8YyiukZbLA2H4juy,GJrjTyjw8vEL4FUVVnKmfvYKZamyjNgwxxprciNkQ9AE,GL1hpjFtxxyDposT1gG8VTNtUKBdRsEkhaqJ3erPzRUJ,225827701721,2258.27701721,1
a3a5ec1d65415d1489cd2e5c847494f2,2026-10-02,2026-10-02 15:12:47.000 UTC,452647177,54xUofvHpK2kTjJ9dzmY18sf8ECG2GABXkU1vBsM7HZTTx9JxYTNfvq797N5CK8FD6h1kd1YYRs3bVbMv4mgWkZ1,transfer,DhNUu2rwxnsmwaLrdh6p9GoYD1Uj8YyiukZbLA2H4juy,J3cdRYTeQAnZUhYRcVpk9abqEuRWTrtxb5fUbgh2aADn,GL1hpjFtxxyDposT1gG8VTNtUKBdRsEkhaqJ3erPzRUJ,7r4TcfVhcYuuh3of8S8igoV7AeyNfwcnRhAaA8FfvSgP,225827701721,2258.27701721,1
304145ac0357b232735a519d496ad75c,2026-10-02,2026-10-02 15:13:03.000 UTC,452647236,4artaBoZydEMEWxU72CnLXtfqWktS5a5xY2ibE31M5aMA4tdneXv5LPXvpdXwyBACZ3fhonnKCGyDZ9LT1RfonEs,transfer,J3cdRYTeQAnZUhYRcVpk9abqEuRWTrtxb5fUbgh2aADn,D5YqVMoSxnqeZAKAUUE1Dm3bmjtdxQ5DCF356ozqN9cM,7r4TcfVhcYuuh3of8S8igoV7AeyNfwcnRhAaA8FfvSgP,2KJkRj5rk5ft92WTTT5NYQThgX6SHStiqsyffyhjDWb4,2592546499929,25925.46499929,1
0946805da78c105423d1e5857e133491,2026-10-02,2026-10-02 15:13:03.000 UTC,452647236,4artaBoZydEMEWxU72CnLXtfqWktS5a5xY2ibE31M5aMA4tdneXv5LPXvpdXwyBACZ3fhonnKCGyDZ9LT1RfonEs,transfer,GpMZbSM2GgvTKHJirzeGfMFoaZ8UR2X7F4v8vHTvxFbL,D5YqVMoSxnqeZAKAUUE1Dm3bmjtdxQ5DCF356ozqN9cM,GJrjTyjw8vEL4FUVVnKmfvYKZamyjNgwxxprciNkQ9AE,2KJkRj5rk5ft92WTTT5NYQThgX6SHStiqsyffyhjDWb4,172284412792,1722.84412792,1
73c827ab85d06a4f728c5fce96460d99,2026-10-02,2026-10-02 15:13:03.000 UTC,452647236,4artaBoZydEMEWxU72CnLXtfqWktS5a5xY2ibE31M5aMA4tdneXv5LPXvpdXwyBACZ3fhonnKCGyDZ9LT1RfonEs,transfer,D5YqVMoSxnqeZAKAUUE1Dm3bmjtdxQ5DCF356ozqN9cM,DgU48oPi5Q3imMTaVCQBXBYhWyV2o1oFJ5iGL9GgaesS,2KJkRj5rk5ft92WTTT5NYQThgX6SHStiqsyffyhjDWb4,14dEWE5HcSg7agRm3JzUeic2VEjA9N7BMHWjxVcysQ2U,3359688586998,33596.88586998,1
54de55f4404c4564346690d286299814,2026-10-02,2026-10-02 15:13:03.000 UTC,452647236,4artaBoZydEMEWxU72CnLXtfqWktS5a5xY2ibE31M5aMA4tdneXv5LPXvpdXwyBACZ3fhonnKCGyDZ9LT1RfonEs,transfer,GpMZbSM2GgvTKHJirzeGfMFoaZ8UR2X7F4v8vHTvxFbL,D5YqVMoSxnqeZAKAUUE1Dm3bmjtdxQ5DCF356ozqN9cM,35hKKpdPTy495wFTybw5wajHp4ZNSyQA5KZXd7cN9hB7,2KJkRj5rk5ft92WTTT5NYQThgX6SHStiqsyffyhjDWb4,594857674277,5948.57674277,1
7018b1f879ea87977b603cc5e6247eb0,2026-10-02,2026-10-02 15:13:04.000 UTC,452647242,5Pi5PFYQVLX2vB2FZpDQvJeR5mNK8c6odP78CryEf1vqpJ7JDCxeccBRH4qrCKCHFRVSpUktHGXY4d6V5hBFfwnu,transfer,DgU48oPi5Q3imMTaVCQBXBYhWyV2o1oFJ5iGL9GgaesS,BjQhb8d63a2BgkFgd9jJ4bKqZuNHj5wPE3S1CcjkA7X,14dEWE5HcSg7agRm3JzUeic2VEjA9N7BMHWjxVcysQ2U,4abPQ9mjvuHqYV3YUjbArxKmU8LVJRysNsyowuP72wo8,53755017391,537.55017391,1
326e5889b282fca446e3deeac48b1bcd,2026-10-02,2026-10-02 15:13:58.000 UTC,452647444,qfj4Td6xsQGSmE1huzh93YYXEaQypkkPWty4Z16fuAXqVQGS36TjzBTzZ1XT3Cn3AW8oS8TbVvV4VcXg2FwYq82,transfer,GpMZbSM2GgvTKHJirzeGfMFoaZ8UR2X7F4v8vHTvxFbL,78Bo7xxGWBEvqbh3VMKvkFG4Z63cXKSJ2LCEXAanhN7a,GJrjTyjw8vEL4FUVVnKmfvYKZamyjNgwxxprciNkQ9AE,H4dF1Hr9YcAqNEUsfGVnxa9qL3dbgJ5fa6PaffqtR7UD,94635134781,946.35134781,1
f34b0c04ce0dd7b8f018cca4ccd19fcf,2026-10-02,2026-10-02 15:13:58.000 UTC,452647444,qfj4Td6xsQGSmE1huzh93YYXEaQypkkPWty4Z16fuAXqVQGS36TjzBTzZ1XT3Cn3AW8oS8TbVvV4VcXg2FwYq82,transfer,78Bo7xxGWBEvqbh3VMKvkFG4Z63cXKSJ2LCEXAanhN7a,J3cdRYTeQAnZUhYRcVpk9abqEuRWTrtxb5fUbgh2aADn,H4dF1Hr9YcAqNEUsfGVnxa9qL3dbgJ5fa6PaffqtR7UD,7r4TcfVhcYuuh3of8S8igoV7AeyNfwcnRhAaA8FfvSgP,94635134781,946.35134781,1
fd3ac1c2ebdd0bddb790855b23e30119,2026-10-02,2026-10-02 15:14:30.000 UTC,452647561,5NpBgbTsovHoiakU9KnXvUG2os45BXvtVighQKHZwGirBCzndXvXLBk1ebr7a6LJkvDvs3G8dHTcLaZtx3bFrFB7,transfer,GpMZbSM2GgvTKHJirzeGfMFoaZ8UR2X7F4v8vHTvxFbL,78Bo7xxGWBEvqbh3VMKvkFG4Z63cXKSJ2LCEXAanhN7a,GJrjTyjw8vEL4FUVVnKmfvYKZamyjNgwxxprciNkQ9AE,H4dF1Hr9YcAqNEUsfGVnxa9qL3dbgJ5fa6PaffqtR7UD,75531247368,755.31247368,1
a070202a06eef62465a47216f0ea3a5c,2026-10-02,2026-10-02 15:14:30.000 UTC,452647561,5NpBgbTsovHoiakU9KnXvUG2os45BXvtVighQKHZwGirBCzndXvXLBk1ebr7a6LJkvDvs3G8dHTcLaZtx3bFrFB7,transfer,78Bo7xxGWBEvqbh3VMKvkFG4Z63cXKSJ2LCEXAanhN7a,J3cdRYTeQAnZUhYRcVpk9abqEuRWTrtxb5fUbgh2aADn,H4dF1Hr9YcAqNEUsfGVnxa9qL3dbgJ5fa6PaffqtR7UD,7r4TcfVhcYuuh3of8S8igoV7AeyNfwcnRhAaA8FfvSgP,75531247368,755.31247368,1
2606869ea578b7400c4e3e0e9d7d95d6,2026-10-02,2026-10-02 15:19:24.000 UTC,452648664,iHEGVD8ivSocJgLyG1qWDVRPrKNnY5F25xDpKstrbCYQzFuFHFMt125KU6atwHHRtT3ywQMvTzpuZYQbrT5URjq,transfer,HL2kH8yaDDQZxA35uc6TFTBoLpes731WKoPZUM2wUWVA,J3cdRYTeQAnZUhYRcVpk9abqEuRWTrtxb5fUbgh2aADn,9AaesEYP7JuqhK71K6S8oUkse3w3HmjwGM4KgXX8JExh,7r4TcfVhcYuuh3of8S8igoV7AeyNfwcnRhAaA8FfvSgP,2114816769455,21148.16769455,1
03c241dd26d2afccbe6f629951792d96,2026-10-02,2026-10-02 15:19:24.000 UTC,452648664,iHEGVD8ivSocJgLyG1qWDVRPrKNnY5F25xDpKstrbCYQzFuFHFMt125KU6atwHHRtT3ywQMvTzpuZYQbrT5URjq,transfer,GpMZbSM2GgvTKHJirzeGfMFoaZ8UR2X7F4v8vHTvxFbL,HL2kH8yaDDQZxA35uc6TFTBoLpes731WKoPZUM2wUWVA,GJrjTyjw8vEL4FUVVnKmfvYKZamyjNgwxxprciNkQ9AE,9AaesEYP7JuqhK71K6S8oUkse3w3HmjwGM4KgXX8JExh,2114816769455,21148.16769455,1
2bc6140eece0b3fdf7d7cefab6722c5f,2026-10-02,2026-10-02 15:28:39.000 UTC,452650742,5WBcydMgRqfrxHosR5xiwNiQxF8An6Cus9VnoHMpJzReFd2vCobAnxMawnVQ2kobWFLQ33J7Qa6348DSbbnHTPvy,transfer,GpMZbSM2GgvTKHJirzeGfMFoaZ8UR2X7F4v8vHTvxFbL,rLsi2DPwRLovHzLV5XYxa8B597bv8w8nX7fZHJJf8uy,GJrjTyjw8vEL4FUVVnKmfvYKZamyjNgwxxprciNkQ9AE,7aRvovEqbNpaqmf9UkxtUn4ohA7dZ6B9wVT1AnnSqKdR,689186307494,6891.86307494,1
55b027c088cc1553c1bfbfaf792a5f00,2026-10-02,2026-10-02 15:28:39.000 UTC,452650742,5WBcydMgRqfrxHosR5xiwNiQxF8An6Cus9VnoHMpJzReFd2vCobAnxMawnVQ2kobWFLQ33J7Qa6348DSbbnHTPvy,transfer,rLsi2DPwRLovHzLV5XYxa8B597bv8w8nX7fZHJJf8uy,GpMZbSM2GgvTKHJirzeGfMFoaZ8UR2X7F4v8vHTvxFbL,7aRvovEqbNpaqmf9UkxtUn4ohA7dZ6B9wVT1AnnSqKdR,35hKKpdPTy495wFTybw5wajHp4ZNSyQA5KZXd7cN9hB7,689186307494,6891.86307494,1
19ce0a8287d49b41fec49a1f4156c734,2026-10-02,2026-10-02 15:28:39.000 UTC,452650742,EGLsDyfKsh9sN4yTVgxv6rLJSkv3Ata8HQvHqZV754V7NhmNc6xZjU2Qevg4VcjEkAVZdVYU1q8z9SFZX97FiF1,transfer,GpMZbSM2GgvTKHJirzeGfMFoaZ8UR2X7F4v8vHTvxFbL,81RwTUf7ZvM5GpeG5q5aGemnxPQLzKAXEF6qPDzNQKDn,GJrjTyjw8vEL4FUVVnKmfvYKZamyjNgwxxprciNkQ9AE,95BGpzYf6m74RDhE6Y7pSVFPiBKuUvQhoDtf41nZUHcb,490806430685,4908.06430685,1
528d5c7ec09106b4bb7aea56882221f9,2026-10-02,2026-10-02 15:28:39.000 UTC,452650742,EGLsDyfKsh9sN4yTVgxv6rLJSkv3Ata8HQvHqZV754V7NhmNc6xZjU2Qevg4VcjEkAVZdVYU1q8z9SFZX97FiF1,transfer,81RwTUf7ZvM5GpeG5q5aGemnxPQLzKAXEF6qPDzNQKDn,GpMZbSM2GgvTKHJirzeGfMFoaZ8UR2X7F4v8vHTvxFbL,95BGpzYf6m74RDhE6Y7pSVFPiBKuUvQhoDtf41nZUHcb,35hKKpdPTy495wFTybw5wajHp4ZNSyQA5KZXd7cN9hB7,490806430685,4908.06430685,1
6d79f92dc5209cfd89f9a4cee3dc0eb4,2026-10-02,2026-10-02 15:28:39.000 UTC,452650742,mwRdF4US5ki4PxyE19hGgiGgJBRmrAiwKVSeABEPCBrAT4ndW6wFHEhuVV4cEJMvfskxo6JfZrfKourHVeZrKD6,transfer,J3cdRYTeQAnZUhYRcVpk9abqEuRWTrtxb5fUbgh2aADn,7JCe3GHwkEr3feHgtLXnmuJ1yB3A7coSeyynxTBgdG8k,7r4TcfVhcYuuh3of8S8igoV7AeyNfwcnRhAaA8FfvSgP,8ouxyMCvUrfD4Ssw91NYAYEhRihs8sxxg4PH6XwhRTHf,10300165245593,103001.65245593,1
6830dcb3b9bd0d30a1c77ebe02525d2b,2026-10-02,2026-10-02 15:28:39.000 UTC,452650742,mwRdF4US5ki4PxyE19hGgiGgJBRmrAiwKVSeABEPCBrAT4ndW6wFHEhuVV4cEJMvfskxo6JfZrfKourHVeZrKD6,transfer,GpMZbSM2GgvTKHJirzeGfMFoaZ8UR2X7F4v8vHTvxFbL,7JCe3GHwkEr3feHgtLXnmuJ1yB3A7coSeyynxTBgdG8k,35hKKpdPTy495wFTybw5wajHp4ZNSyQA5KZXd7cN9hB7,8ouxyMCvUrfD4Ssw91NYAYEhRihs8sxxg4PH6XwhRTHf,2787963116353,27879.63116353,1
aba987ce694a5cf303bf072194e84c24,2026-10-02,2026-10-02 15:28:39.000 UTC,452650742,mwRdF4US5ki4PxyE19hGgiGgJBRmrAiwKVSeABEPCBrAT4ndW6wFHEhuVV4cEJMvfskxo6JfZrfKourHVeZrKD6,transfer,7JCe3GHwkEr3feHgtLXnmuJ1yB3A7coSeyynxTBgdG8k,C2gk7SXQMccSP4FtHmQwJ7N6RiiELUPLAxbfJWsEMwKz,8ouxyMCvUrfD4Ssw91NYAYEhRihs8sxxg4PH6XwhRTHf,EqXHj8JZohzzs6ieQMN3GDc9pPtZVJmr3WpBjCS2eKdW,13088128361946,130881.28361946,1
3878f33210c31db3914d9c72f84db935,2026-10-02,2026-10-02 15:35:06.000 UTC,452652187,4AFwjMXUJt16QTnJJCJjzEmbbQVJMSfVKJ7rRitNYN1GkQh9tKAA1d7dfo38GJQQEUwKAerQwRABNF1Skv9oqcm4,transfer,J3cdRYTeQAnZUhYRcVpk9abqEuRWTrtxb5fUbgh2aADn,6LXutJvKUw8Q5ue2gCgKHQdAN4suWW8awzFVC6XCguFx,7r4TcfVhcYuuh3of8S8igoV7AeyNfwcnRhAaA8FfvSgP,48y6EEFeeyG47s66EeM6FQgdYVBXHthrCssWiTVJGu3N,7165330811379,71653.30811379,1
7b9374f70b2a685c762d415887116108,2026-10-02,2026-10-02 15:35:06.000 UTC,452652187,4AFwjMXUJt16QTnJJCJjzEmbbQVJMSfVKJ7rRitNYN1GkQh9tKAA1d7dfo38GJQQEUwKAerQwRABNF1Skv9oqcm4,transfer,6LXutJvKUw8Q5ue2gCgKHQdAN4suWW8awzFVC6XCguFx,5QsyByFVJcg7oN76Ma26KEDFQdHt1tsiVExK94zURzfd,48y6EEFeeyG47s66EeM6FQgdYVBXHthrCssWiTVJGu3N,8joUsyKkRQzxUWHwuXjLAnnxdR8q4yy6VicKt2mJFCPC,7165330811379,71653.30811379,1
94bdfc64dc384cc74c212c0bdfed194f,2026-10-02,2026-10-02 15:37:08.000 UTC,452652643,2d3Kmy3ynTBJyrbde6bKLvKZfiYMK44D8djBSLnZ5mSArhKpppK2VL3iGVku2kRbS3F3d1RrD5PE6LGxZy7DxcmH,transfer,J3cdRYTeQAnZUhYRcVpk9abqEuRWTrtxb5fUbgh2aADn,BQ72nSv9f3PRyRKCBnHLVrerrv37CYTHm5h3s9VSGQDV,7r4TcfVhcYuuh3of8S8igoV7AeyNfwcnRhAaA8FfvSgP,5VgcSx25aaJisJcZTtLw5SPkJesSLZQYw6ceuXzXCpGr,1192998575438,11929.98575438,1
f9cbddc826b4e43dd516da04f7a00a5a,2026-10-02,2026-10-02 15:37:08.000 UTC,452652643,2d3Kmy3ynTBJyrbde6bKLvKZfiYMK44D8djBSLnZ5mSArhKpppK2VL3iGVku2kRbS3F3d1RrD5PE6LGxZy7DxcmH,transfer,BQ72nSv9f3PRyRKCBnHLVrerrv37CYTHm5h3s9VSGQDV,5QsyByFVJcg7oN76Ma26KEDFQdHt1tsiVExK94zURzfd,5VgcSx25aaJisJcZTtLw5SPkJesSLZQYw6ceuXzXCpGr,8joUsyKkRQzxUWHwuXjLAnnxdR8q4yy6VicKt2mJFCPC,1192998575438,11929.98575438,1
006658fe3a56a75d55ada1e37c5a9bd1,2026-10-02,2026-10-02 15:37:32.000 UTC,452652733,3jVL1twWnEGmbr125cS1hSKV88reSqqUNeb7D5KEQYy3QCvHJHcChFBU5nqpLwLKMLbdNabHZXcJfJLsKTNyXwRq,transfer,5QsyByFVJcg7oN76Ma26KEDFQdHt1tsiVExK94zURzfd,GpMZbSM2GgvTKHJirzeGfMFoaZ8UR2X7F4v8vHTvxFbL,8joUsyKkRQzxUWHwuXjLAnnxdR8q4yy6VicKt2mJFCPC,35hKKpdPTy495wFTybw5wajHp4ZNSyQA5KZXd7cN9hB7,495482564929,4954.82564929,1
611f202e3a3ac5656f4223511b64ba45,2026-10-02,2026-10-02 15:37:38.000 UTC,452652755,4p6jd5qHtmJXync9kvr957bnKMdtT5aLs4rcFH5VuQob8Cyebwij4V4mkB9cCWqi9iGEPquisrJhdreBjwrng6Uf,transfer,81RwTUf7ZvM5GpeG5q5aGemnxPQLzKAXEF6qPDzNQKDn,J3cdRYTeQAnZUhYRcVpk9abqEuRWTrtxb5fUbgh2aADn,95BGpzYf6m74RDhE6Y7pSVFPiBKuUvQhoDtf41nZUHcb,7r4TcfVhcYuuh3of8S8igoV7AeyNfwcnRhAaA8FfvSgP,132657032916,1326.57032916,1
ee3e11e623011f2d67ef02dcf10918c2,2026-10-02,2026-10-02 15:37:38.000 UTC,452652755,4p6jd5qHtmJXync9kvr957bnKMdtT5aLs4rcFH5VuQob8Cyebwij4V4mkB9cCWqi9iGEPquisrJhdreBjwrng6Uf,transfer,GpMZbSM2GgvTKHJirzeGfMFoaZ8UR2X7F4v8vHTvxFbL,81RwTUf7ZvM5GpeG5q5aGemnxPQLzKAXEF6qPDzNQKDn,GJrjTyjw8vEL4FUVVnKmfvYKZamyjNgwxxprciNkQ9AE,95BGpzYf6m74RDhE6Y7pSVFPiBKuUvQhoDtf41nZUHcb,132657032916,1326.57032916,1
c397a553749578e46b98c712e0fc0369,2026-10-02,2026-10-02 15:37:38.000 UTC,452652755,5nsck4bixEHgqD7dwYACUovft1E19gqWQEPUKGFNdEigiTr8yrD8FxYB1rCGkpKAzLohRiByGXdR3mk9bQyamJ55,transfer,kass1i6gAww4sXUAZ6tMJY91Xdbb2p23FbZamf4tfWz,J3cdRYTeQAnZUhYRcVpk9abqEuRWTrtxb5fUbgh2aADn,FYKoKmATmrMSVdEWX4NMySPQ2UCGGU74ep1kkCyV9nJE,7r4TcfVhcYuuh3of8S8igoV7AeyNfwcnRhAaA8FfvSgP,64830211704,648.30211704,1
a059def8c74cc2792bff063bbe343e43,2026-10-02,2026-10-02 15:37:38.000 UTC,452652755,5nsck4bixEHgqD7dwYACUovft1E19gqWQEPUKGFNdEigiTr8yrD8FxYB1rCGkpKAzLohRiByGXdR3mk9bQyamJ55,transfer,GpMZbSM2GgvTKHJirzeGfMFoaZ8UR2X7F4v8vHTvxFbL,kass1i6gAww4sXUAZ6tMJY91Xdbb2p23FbZamf4tfWz,35hKKpdPTy495wFTybw5wajHp4ZNSyQA5KZXd7cN9hB7,FYKoKmATmrMSVdEWX4NMySPQ2UCGGU74ep1kkCyV9nJE,64830211704,648.30211704,1
34f944a0895985002fac26451b4b151f,2026-10-02,2026-10-02 15:38:08.000 UTC,452652868,2CcjGE7Syj1tEGky7cewxAiVnhEWb59fhWW4TC3RHLHNEswc7AY9QouzNqgFjHkk2b9S6t6tuT3918tVRpaTKNnH,transfer,GpMZbSM2GgvTKHJirzeGfMFoaZ8UR2X7F4v8vHTvxFbL,81RwTUf7ZvM5GpeG5q5aGemnxPQLzKAXEF6qPDzNQKDn,35hKKpdPTy495wFTybw5wajHp4ZNSyQA5KZXd7cN9hB7,95BGpzYf6m74RDhE6Y7pSVFPiBKuUvQhoDtf41nZUHcb,170832293968,1708.32293968,1
f5bcabfecd25daacc1c024ba24409e19,2026-10-02,2026-10-02 15:38:08.000 UTC,452652868,2CcjGE7Syj1tEGky7cewxAiVnhEWb59fhWW4TC3RHLHNEswc7AY9QouzNqgFjHkk2b9S6t6tuT3918tVRpaTKNnH,transfer,81RwTUf7ZvM5GpeG5q5aGemnxPQLzKAXEF6qPDzNQKDn,J3cdRYTeQAnZUhYRcVpk9abqEuRWTrtxb5fUbgh2aADn,95BGpzYf6m74RDhE6Y7pSVFPiBKuUvQhoDtf41nZUHcb,7r4TcfVhcYuuh3of8S8igoV7AeyNfwcnRhAaA8FfvSgP,170832293968,1708.32293968,1
9e6016a8bb51c92372a5d5495fbd8723,2026-10-02,2026-10-02 15:38:08.000 UTC,452652869,2q6G2qFYGfK1B8zNGyEqwGCwjKDzZwaxPwSN89E18HtzUkAioMvkKZk1DFyANNeHbgLTeRHt9F8LSkNRkfofjX1d,transfer,GpMZbSM2GgvTKHJirzeGfMFoaZ8UR2X7F4v8vHTvxFbL,78Bo7xxGWBEvqbh3VMKvkFG4Z63cXKSJ2LCEXAanhN7a,GJrjTyjw8vEL4FUVVnKmfvYKZamyjNgwxxprciNkQ9AE,H4dF1Hr9YcAqNEUsfGVnxa9qL3dbgJ5fa6PaffqtR7UD,60586334324,605.86334324,1
5f35c26b66ccbf3f048113148ee9d7cf,2026-10-02,2026-10-02 15:38:08.000 UTC,452652869,2q6G2qFYGfK1B8zNGyEqwGCwjKDzZwaxPwSN89E18HtzUkAioMvkKZk1DFyANNeHbgLTeRHt9F8LSkNRkfofjX1d,transfer,78Bo7xxGWBEvqbh3VMKvkFG4Z63cXKSJ2LCEXAanhN7a,J3cdRYTeQAnZUhYRcVpk9abqEuRWTrtxb5fUbgh2aADn,H4dF1Hr9YcAqNEUsfGVnxa9qL3dbgJ5fa6PaffqtR7UD,7r4TcfVhcYuuh3of8S8igoV7AeyNfwcnRhAaA8FfvSgP,60586334324,605.86334324,1
4533d266e0a1039678c1f9efa4ac55d7,2026-10-02,2026-10-02 15:43:09.000 UTC,452653991,3LvLSqr8CFTFMFDv2buCyBt9FEprEfu3gDsE9xkxTQ5umZLX747hYNeY27XRrftVSyUAwQgh4VmE1ZaFzAMjJFGW,transfer,78Bo7xxGWBEvqbh3VMKvkFG4Z63cXKSJ2LCEXAanhN7a,J3cdRYTeQAnZUhYRcVpk9abqEuRWTrtxb5fUbgh2aADn,H4dF1Hr9YcAqNEUsfGVnxa9qL3dbgJ5fa6PaffqtR7UD,7r4TcfVhcYuuh3of8S8igoV7AeyNfwcnRhAaA8FfvSgP,75941998992,759.41998992,1
6f02ba9635523de3cb0e1023d9be9424,2026-10-02,2026-10-02 15:43:09.000 UTC,452653991,3LvLSqr8CFTFMFDv2buCyBt9FEprEfu3gDsE9xkxTQ5umZLX747hYNeY27XRrftVSyUAwQgh4VmE1ZaFzAMjJFGW,transfer,GpMZbSM2GgvTKHJirzeGfMFoaZ8UR2X7F4v8vHTvxFbL,78Bo7xxGWBEvqbh3VMKvkFG4Z63cXKSJ2LCEXAanhN7a,GJrjTyjw8vEL4FUVVnKmfvYKZamyjNgwxxprciNkQ9AE,H4dF1Hr9YcAqNEUsfGVnxa9qL3dbgJ5fa6PaffqtR7UD,75941998992,759.41998992,1
40be415e67acc521f5b302b1785fc3a9,2026-10-02,2026-10-02 16:25:30.000 UTC,452663505,2j3uDNx2a3aHAa1RdAxVS7iyurVy2KRj3mSNsuLCXSRy65eYp2EvZwcReLt4hT3198JSHcutegDadGWm6uysMATd,transfer,2Rpt43Wez9uVjUMA4ByUrAUmqavD38jNY9iNFWAdt5qf,4PwyqvPegiSjZL81QoByhgksG8mFbAPu1cLQyz6mEnD2,4SBqmpo26N4QPcfabN4waNdFZzrbQBfJBm2M6YyTaunU,7ktyzNmRcV4eU2QEbrXFUKiJaCfZeK69CUJZPfKsxnNW,147888500000,1478.885,1
2ac3674e3a2cc35efef92e64124e81d8,2026-10-02,2026-10-02 17:14:32.000 UTC,452674473,2Xm99j5UopaKh1kikNAbWQVDwKNR5mHa6z2XKrvsDqFoDJ86jq7eXCxNjFviEHDGnfiFpGEUYHVQ5bKjo3f2NcM3,transfer,GxDC9e7SP9mzhDo4re5HbpLa2RW7gB9DtmThx4i4pXSq,GpMZbSM2GgvTKHJirzeGfMFoaZ8UR2X7F4v8vHTvxFbL,2QiaipXgmxVQdhS2kFeZJaNS2bQiBfhNGxKzqLJ6YrSs,GJrjTyjw8vEL4FUVVnKmfvYKZamyjNgwxxprciNkQ9AE,780919624388,7809.19624388,1
294f50704b73f706565c68f773cd4830,2026-10-02,2026-10-02 17:14:32.000 UTC,452674473,2Xm99j5UopaKh1kikNAbWQVDwKNR5mHa6z2XKrvsDqFoDJ86jq7eXCxNjFviEHDGnfiFpGEUYHVQ5bKjo3f2NcM3,transfer,J3cdRYTeQAnZUhYRcVpk9abqEuRWTrtxb5fUbgh2aADn,GxDC9e7SP9mzhDo4re5HbpLa2RW7gB9DtmThx4i4pXSq,7r4TcfVhcYuuh3of8S8igoV7AeyNfwcnRhAaA8FfvSgP,2QiaipXgmxVQdhS2kFeZJaNS2bQiBfhNGxKzqLJ6YrSs,780919624388,7809.19624388,1
b1685885f5a2d0bb78b962a6d1988cd4,2026-10-02,2026-10-02 17:14:32.000 UTC,452674475,2i3AZmTVtQ5eutzesgtfjHLGK6ZtMh2cBVkPRCDud6FTqc5k6VLjPaEjQijfkgw5tF1QcpJdQZ2Zy1qCxGx12mTh,transfer,CrZD39mqZfxBRTJX716fcpnjHoCF2XdUrcZ4FUkPYRcr,J3cdRYTeQAnZUhYRcVpk9abqEuRWTrtxb5fUbgh2aADn,5GguQ843EmpY9adRo3W7rohPbStXRVVFLbkHWUj9ST39,7r4TcfVhcYuuh3of8S8igoV7AeyNfwcnRhAaA8FfvSgP,131301968152,1313.01968152,1
5402975739acc6d5c4652f83f6f43985,2026-10-02,2026-10-02 17:14:32.000 UTC,452674475,2i3AZmTVtQ5eutzesgtfjHLGK6ZtMh2cBVkPRCDud6FTqc5k6VLjPaEjQijfkgw5tF1QcpJdQZ2Zy1qCxGx12mTh,transfer,GpMZbSM2GgvTKHJirzeGfMFoaZ8UR2X7F4v8vHTvxFbL,CrZD39mqZfxBRTJX716fcpnjHoCF2XdUrcZ4FUkPYRcr,35hKKpdPTy495wFTybw5wajHp4ZNSyQA5KZXd7cN9hB7,5GguQ843EmpY9adRo3W7rohPbStXRVVFLbkHWUj9ST39,131301968152,1313.01968152,1
a2da2f8adfbb4be47129e6b50cec1328,2026-10-02,2026-10-02 17:22:41.000 UTC,452676298,oNgNoZpq28sM72fYjLAkeUnENdibkk9Hou6wUYwSrhVedNw2zKP1XnHwfC6A2TFHp97zJRXgofxbL3MA2eU5Pb6,transfer,HL2kH8yaDDQZxA35uc6TFTBoLpes731WKoPZUM2wUWVA,J3cdRYTeQAnZUhYRcVpk9abqEuRWTrtxb5fUbgh2aADn,9AaesEYP7JuqhK71K6S8oUkse3w3HmjwGM4KgXX8JExh,7r4TcfVhcYuuh3of8S8igoV7AeyNfwcnRhAaA8FfvSgP,386366592481,3863.66592481,1
bf5c131f83810037a7ca2f45c3f3e543,2026-10-02,2026-10-02 17:22:41.000 UTC,452676298,oNgNoZpq28sM72fYjLAkeUnENdibkk9Hou6wUYwSrhVedNw2zKP1XnHwfC6A2TFHp97zJRXgofxbL3MA2eU5Pb6,transfer,GpMZbSM2GgvTKHJirzeGfMFoaZ8UR2X7F4v8vHTvxFbL,HL2kH8yaDDQZxA35uc6TFTBoLpes731WKoPZUM2wUWVA,GJrjTyjw8vEL4FUVVnKmfvYKZamyjNgwxxprciNkQ9AE,9AaesEYP7JuqhK71K6S8oUkse3w3HmjwGM4KgXX8JExh,386366592481,3863.66592481,1
61773b547810415cd24fa8dbf0f24cd4,2026-10-02,2026-10-02 17:43:42.000 UTC,452680979,26aEjcRR2GHPeH3t4cQG4sQxYMuXxUEqW9rKs1erUR4Zy1FvMyWK6ueKFobxrjUcABXn1GciFXtMmzYPsvC8siDt,transfer,DADDyLEuVJtPACD5LcVGY46BMUvTGVNAUoKHox7Je2Ev,J3cdRYTeQAnZUhYRcVpk9abqEuRWTrtxb5fUbgh2aADn,CLnfjbSpkjqSW6ANhFWb1EYLkK5ySuDbssKWznnEC6xR,7r4TcfVhcYuuh3of8S8igoV7AeyNfwcnRhAaA8FfvSgP,567500682150,5675.0068215,1
b9931fe95b72bb357abee3e4f7771b86,2026-10-02,2026-10-02 17:43:42.000 UTC,452680979,26aEjcRR2GHPeH3t4cQG4sQxYMuXxUEqW9rKs1erUR4Zy1FvMyWK6ueKFobxrjUcABXn1GciFXtMmzYPsvC8siDt,transfer,GpMZbSM2GgvTKHJirzeGfMFoaZ8UR2X7F4v8vHTvxFbL,DADDyLEuVJtPACD5LcVGY46BMUvTGVNAUoKHox7Je2Ev,GJrjTyjw8vEL4FUVVnKmfvYKZamyjNgwxxprciNkQ9AE,CLnfjbSpkjqSW6ANhFWb1EYLkK5ySuDbssKWznnEC6xR,567500682150,5675.0068215,1
07b0107d08c2a22437262e4597097f67,2026-10-02,2026-10-02 17:43:42.000 UTC,452680979,5n4mt8qRApgcofiWKeMGddVFW4TqzZ92d8qpKz3bC22Kpa4uiqZFLa4NY1xdjMpWd4QqL4rHvneUyP7cWdpCqNP8,transfer,GpMZbSM2GgvTKHJirzeGfMFoaZ8UR2X7F4v8vHTvxFbL,8NQ32SyFKD1d5kenq4oM8Da6C6J9TQSMW1uAgFRveEQr,GJrjTyjw8vEL4FUVVnKmfvYKZamyjNgwxxprciNkQ9AE,7Ckx7QA3kDgB85XK8tSGqAYZAqzFJwLBwTUgcNUnXNmc,1346713703728,13467.13703728,1
bc825d1df2ab7b8f457ec915fb84f44c,2026-10-02,2026-10-02 17:43:42.000 UTC,452680979,5n4mt8qRApgcofiWKeMGddVFW4TqzZ92d8qpKz3bC22Kpa4uiqZFLa4NY1xdjMpWd4QqL4rHvneUyP7cWdpCqNP8,transfer,8NQ32SyFKD1d5kenq4oM8Da6C6J9TQSMW1uAgFRveEQr,J3cdRYTeQAnZUhYRcVpk9abqEuRWTrtxb5fUbgh2aADn,7Ckx7QA3kDgB85XK8tSGqAYZAqzFJwLBwTUgcNUnXNmc,7r4TcfVhcYuuh3of8S8igoV7AeyNfwcnRhAaA8FfvSgP,1346713703728,13467.13703728,1
dbd1933a1f0ab91cd96e43058ecf17d1,2026-10-02,2026-10-02 17:54:26.000 UTC,452683390,D6JWdV9hbqy2wMeicC4T6CDKUBSJbiQ8y7UvQmCcqAMRVopgpvNkWghWPEEkFB6PUwruod7uHNCWsHn3tPcVsNk,transfer,ATmkAJuCP117WTRLXZ9L5SBrMJpkcQoSGDgNf7rhGMaV,J3cdRYTeQAnZUhYRcVpk9abqEuRWTrtxb5fUbgh2aADn,DRer9YXxFkXJBKsb7R6c7xgt1uRgku6WbNwMcMisbyQN,7r4TcfVhcYuuh3of8S8igoV7AeyNfwcnRhAaA8FfvSgP,333300000000,3333,1
7eb84b3f10eeb40b6b4cc79db3ddf69b,2026-10-02,2026-10-02 17:57:39.000 UTC,452684103,3QhpbBmF9oZhZVH5dQbxEfTfginJCRQRtYNicvfAC54EBVJCN4vvSkRoVWkKrXnhDcfgiAg4EgMiVFAdFki7MmzL,transfer,J3cdRYTeQAnZUhYRcVpk9abqEuRWTrtxb5fUbgh2aADn,6U91aKa8pmMxkJwBCfPTmUEfZi6dHe7DcFq2ALvB2tbB,7r4TcfVhcYuuh3of8S8igoV7AeyNfwcnRhAaA8FfvSgP,8jk4ipjSrvk52xtLa13BCPXLgfYQNc9xgraHi49WPNSu,7196830500527,71968.30500527,1
1f3e1fd0bc41ad5426886d051ec280d0,2026-10-02,2026-10-02 17:57:39.000 UTC,452684103,3QhpbBmF9oZhZVH5dQbxEfTfginJCRQRtYNicvfAC54EBVJCN4vvSkRoVWkKrXnhDcfgiAg4EgMiVFAdFki7MmzL,transfer,6U91aKa8pmMxkJwBCfPTmUEfZi6dHe7DcFq2ALvB2tbB,5QsyByFVJcg7oN76Ma26KEDFQdHt1tsiVExK94zURzfd,8jk4ipjSrvk52xtLa13BCPXLgfYQNc9xgraHi49WPNSu,8joUsyKkRQzxUWHwuXjLAnnxdR8q4yy6VicKt2mJFCPC,7196830500527,71968.30500527,1
3a36a53d3393a7b268dbf083cedab145,2026-10-02,2026-10-02 17:57:51.000 UTC,452684147,33Ds4tAscQnsFyiqbdYJfgdjg2gFQkbgL7fjCEyJDyQuegoGWCWtv7XaPSgoCN3gDJC8FQZGccDT5THmcvTtxKte,burn,5QsyByFVJcg7oN76Ma26KEDFQdHt1tsiVExK94zURzfd,,8joUsyKkRQzxUWHwuXjLAnnxdR8q4yy6VicKt2mJFCPC,,168222133325025,1682221.33325025,1
a61ad053952dbab353cd7e3ce1e2e1bc,2026-10-02,2026-10-02 17:58:03.000 UTC,452684196,kySndD9r9Lkr8HqPHTYeo1U5MfK2vNwk4SurWEDSccFCL3hd7tX9xsJwjiGNd2WAkZQyo3Y4ePRC654ah8BtrWW,transfer,CapuXNQoDviLvU1PxFiizLgPNQCxrsag1uMeyk6zLVps,5QsyByFVJcg7oN76Ma26KEDFQdHt1tsiVExK94zURzfd,H76YwwgbJnWUonJBggZvHDJHs5uMoWxBUuQ7FFZkP87n,8joUsyKkRQzxUWHwuXjLAnnxdR8q4yy6VicKt2mJFCPC,1176116149433,11761.16149433,1
8580bb088938d2928c44a47ae5c1076f,2026-10-02,2026-10-02 17:58:03.000 UTC,452684196,kySndD9r9Lkr8HqPHTYeo1U5MfK2vNwk4SurWEDSccFCL3hd7tX9xsJwjiGNd2WAkZQyo3Y4ePRC654ah8BtrWW,transfer,J3cdRYTeQAnZUhYRcVpk9abqEuRWTrtxb5fUbgh2aADn,CapuXNQoDviLvU1PxFiizLgPNQCxrsag1uMeyk6zLVps,7r4TcfVhcYuuh3of8S8igoV7AeyNfwcnRhAaA8FfvSgP,H76YwwgbJnWUonJBggZvHDJHs5uMoWxBUuQ7FFZkP87n,1176116149433,11761.16149433,1
f58b208ae0129eefa96f8971bc6382c9,2026-10-02,2026-10-02 17:58:33.000 UTC,452684302,4cDEJrPf7fUwzraT2GHDeZwCrJywNR6nhcEhu4E4an2Wqh8RkcuGPSgqYdER4ojiVo65nyhwSHoJVtLztgmLWmsK,transfer,8L2y55D11k63CAftvW7uMM2mBhtMxLoLnivG9uY2bt8j,J3cdRYTeQAnZUhYRcVpk9abqEuRWTrtxb5fUbgh2aADn,HMM7irT5srZyM5LaAekNzEkQLQFkniNZdBxAvVvfBDxX,7r4TcfVhcYuuh3of8S8igoV7AeyNfwcnRhAaA8FfvSgP,488815931650,4888.1593165,1
01f87aec5a9fc4ee88df2b3342260870,2026-10-02,2026-10-02 17:58:33.000 UTC,452684302,4cDEJrPf7fUwzraT2GHDeZwCrJywNR6nhcEhu4E4an2Wqh8RkcuGPSgqYdER4ojiVo65nyhwSHoJVtLztgmLWmsK,transfer,GpMZbSM2GgvTKHJirzeGfMFoaZ8UR2X7F4v8vHTvxFbL,8L2y55D11k63CAftvW7uMM2mBhtMxLoLnivG9uY2bt8j,35hKKpdPTy495wFTybw5wajHp4ZNSyQA5KZXd7cN9hB7,HMM7irT5srZyM5LaAekNzEkQLQFkniNZdBxAvVvfBDxX,488815931650,4888.1593165,1
c935ced596f7adfbf5e151b22868dd2c,2026-10-02,2026-10-02 17:59:03.000 UTC,452684414,3oFqAmU8DupGKyyws243YBytiwvY2Hjp4Ze7yu1QKF2TW9sMcmgAGyiD57kXdvzPCZZAcEHatEB4QzkGuo2syd9n,transfer,GpMZbSM2GgvTKHJirzeGfMFoaZ8UR2X7F4v8vHTvxFbL,ESuvjvsQtjuxC4XGsDeMhx8Wp5yjQcCFGncGhupcJbg8,35hKKpdPTy495wFTybw5wajHp4ZNSyQA5KZXd7cN9hB7,Ca7ReVakXwC2k3zznXsiiSY1PkKDW8Nk3Rh986zKmWzb,119267458117,1192.67458117,1
1c69b1d1f9988b68c4af5817aeb414c2,2026-10-02,2026-10-02 17:59:03.000 UTC,452684414,3oFqAmU8DupGKyyws243YBytiwvY2Hjp4Ze7yu1QKF2TW9sMcmgAGyiD57kXdvzPCZZAcEHatEB4QzkGuo2syd9n,transfer,ESuvjvsQtjuxC4XGsDeMhx8Wp5yjQcCFGncGhupcJbg8,J3cdRYTeQAnZUhYRcVpk9abqEuRWTrtxb5fUbgh2aADn,Ca7ReVakXwC2k3zznXsiiSY1PkKDW8Nk3Rh986zKmWzb,7r4TcfVhcYuuh3of8S8igoV7AeyNfwcnRhAaA8FfvSgP,119267458117,1192.67458117,1
ff183221ba5266b9dad4cf40c95532b4,2026-10-02,2026-10-02 17:59:03.000 UTC,452684414,63qACGSJfDi4HPWxEeAmBf9cwJ7RxbttdrUTcLkbvRkBrBzsnFwvHvmn3Ns8AC1e4ddMvTU6m72zjSzmNJ8rb2BT,transfer,RustQQ98WMbUrgL5i7sL5fFdyPbmk1sSh1QQkXHZrWs,J3cdRYTeQAnZUhYRcVpk9abqEuRWTrtxb5fUbgh2aADn,BqM3PPTWyk3MuDJeV8Xkdcy1Lh6wkEjLXux9gJuFiu5T,7r4TcfVhcYuuh3of8S8igoV7AeyNfwcnRhAaA8FfvSgP,38617442930,386.1744293,1
585650902ec5ed4af985037455d2cf86,2026-10-02,2026-10-02 17:59:03.000 UTC,452684414,63qACGSJfDi4HPWxEeAmBf9cwJ7RxbttdrUTcLkbvRkBrBzsnFwvHvmn3Ns8AC1e4ddMvTU6m72zjSzmNJ8rb2BT,transfer,GpMZbSM2GgvTKHJirzeGfMFoaZ8UR2X7F4v8vHTvxFbL,RustQQ98WMbUrgL5i7sL5fFdyPbmk1sSh1QQkXHZrWs,GJrjTyjw8vEL4FUVVnKmfvYKZamyjNgwxxprciNkQ9AE,BqM3PPTWyk3MuDJeV8Xkdcy1Lh6wkEjLXux9gJuFiu5T,38617442930,386.1744293,1
b08bd02bcc98b5e0cdec5952a872be7d,2026-10-02,2026-10-02 18:03:05.000 UTC,452685325,2xdxoHprzqtoxBEtJqqG37gwB672axU5uvARNKL8dFeZZUD27sFxD3yHgcsU9R8LVUc7B5orin6KwieJzU4PELyX,transfer,8L2y55D11k63CAftvW7uMM2mBhtMxLoLnivG9uY2bt8j,J3cdRYTeQAnZUhYRcVpk9abqEuRWTrtxb5fUbgh2aADn,HMM7irT5srZyM5LaAekNzEkQLQFkniNZdBxAvVvfBDxX,7r4TcfVhcYuuh3of8S8igoV7AeyNfwcnRhAaA8FfvSgP,130477278964,1304.77278964,1
260e655bcdaea126a626a08724b3659e,2026-10-02,2026-10-02 18:03:05.000 UTC,452685325,2xdxoHprzqtoxBEtJqqG37gwB672axU5uvARNKL8dFeZZUD27sFxD3yHgcsU9R8LVUc7B5orin6KwieJzU4PELyX,transfer,GpMZbSM2GgvTKHJirzeGfMFoaZ8UR2X7F4v8vHTvxFbL,8L2y55D11k63CAftvW7uMM2mBhtMxLoLnivG9uY2bt8j,GJrjTyjw8vEL4FUVVnKmfvYKZamyjNgwxxprciNkQ9AE,HMM7irT5srZyM5LaAekNzEkQLQFkniNZdBxAvVvfBDxX,130477278964,1304.77278964,1
6a0be916f29a9868d8c118298b693de7,2026-10-02,2026-10-02 18:04:10.000 UTC,452685569,22zsc62HqbnZwitBtCCfjJu7nNG6oZPniz29Fh1kA5K5hVDQyg1S6cy1MxtU7QHkc8duqhouPVrXdXYo9fum5Scy,transfer,GpMZbSM2GgvTKHJirzeGfMFoaZ8UR2X7F4v8vHTvxFbL,rLsi2DPwRLovHzLV5XYxa8B597bv8w8nX7fZHJJf8uy,GJrjTyjw8vEL4FUVVnKmfvYKZamyjNgwxxprciNkQ9AE,7aRvovEqbNpaqmf9UkxtUn4ohA7dZ6B9wVT1AnnSqKdR,136649208258,1366.49208258,1
6f9d47c3880b35a59ba3233212272cb8,2026-10-02,2026-10-02 18:04:10.000 UTC,452685569,22zsc62HqbnZwitBtCCfjJu7nNG6oZPniz29Fh1kA5K5hVDQyg1S6cy1MxtU7QHkc8duqhouPVrXdXYo9fum5Scy,transfer,rLsi2DPwRLovHzLV5XYxa8B597bv8w8nX7fZHJJf8uy,J3cdRYTeQAnZUhYRcVpk9abqEuRWTrtxb5fUbgh2aADn,7aRvovEqbNpaqmf9UkxtUn4ohA7dZ6B9wVT1AnnSqKdR,7r4TcfVhcYuuh3of8S8igoV7AeyNfwcnRhAaA8FfvSgP,136649208258,1366.49208258,1
b05ae61495db78c38b2b4d7d40f5a6fd,2026-10-02,2026-10-02 18:09:28.000 UTC,452686749,3cWt3KVCJ7WkkB64ZCpvZ5Sc4VXebDPqePbKa62Bm6GqHLdorrtpSmk3jaoY94SZG3iyE4H9xVY3wEwGUTRhVSf9,transfer,78Bo7xxGWBEvqbh3VMKvkFG4Z63cXKSJ2LCEXAanhN7a,J3cdRYTeQAnZUhYRcVpk9abqEuRWTrtxb5fUbgh2aADn,H4dF1Hr9YcAqNEUsfGVnxa9qL3dbgJ5fa6PaffqtR7UD,7r4TcfVhcYuuh3of8S8igoV7AeyNfwcnRhAaA8FfvSgP,42846397110,428.4639711,1
982c9c5dd6d1e7a92dd53a8649f3f817,2026-10-02,2026-10-02 18:09:28.000 UTC,452686749,3cWt3KVCJ7WkkB64ZCpvZ5Sc4VXebDPqePbKa62Bm6GqHLdorrtpSmk3jaoY94SZG3iyE4H9xVY3wEwGUTRhVSf9,transfer,GpMZbSM2GgvTKHJirzeGfMFoaZ8UR2X7F4v8vHTvxFbL,78Bo7xxGWBEvqbh3VMKvkFG4Z63cXKSJ2LCEXAanhN7a,GJrjTyjw8vEL4FUVVnKmfvYKZamyjNgwxxprciNkQ9AE,H4dF1Hr9YcAqNEUsfGVnxa9qL3dbgJ5fa6PaffqtR7UD,42846397110,428.4639711,1
4a7ec721c5bf1fdd444dc573037b5871,2026-10-02,2026-10-02 18:15:42.000 UTC,452688136,3R55axrDPgaamhq6WUst7tcMTkExh3J2H53BcKrorULPqUxzh4vda9Mb5fiwybSoDPy7hV49nyZXX4vBVxMyzEW2,transfer,HL2kH8yaDDQZxA35uc6TFTBoLpes731WKoPZUM2wUWVA,J3cdRYTeQAnZUhYRcVpk9abqEuRWTrtxb5fUbgh2aADn,9AaesEYP7JuqhK71K6S8oUkse3w3HmjwGM4KgXX8JExh,7r4TcfVhcYuuh3of8S8igoV7AeyNfwcnRhAaA8FfvSgP,247697752880,2476.9775288,1
9d6801439a28c077070d85fc989f4064,2026-10-02,2026-10-02 18:15:42.000 UTC,452688136,3R55axrDPgaamhq6WUst7tcMTkExh3J2H53BcKrorULPqUxzh4vda9Mb5fiwybSoDPy7hV49nyZXX4vBVxMyzEW2,transfer,GpMZbSM2GgvTKHJirzeGfMFoaZ8UR2X7F4v8vHTvxFbL,HL2kH8yaDDQZxA35uc6TFTBoLpes731WKoPZUM2wUWVA,GJrjTyjw8vEL4FUVVnKmfvYKZamyjNgwxxprciNkQ9AE,9AaesEYP7JuqhK71K6S8oUkse3w3HmjwGM4KgXX8JExh,247697752880,2476.9775288,1
ab4bf1640cce897e5d0b2deffbded10c,2026-10-02,2026-10-02 18:26:56.000 UTC,452690623,9iQgM7hM1rLSj5Km1sGw8RbZmnpzr5GLNRVp2F4Y1J44vLtz3rm3jSUE4yTSr6JvWjTZM8R8zTMaRRcL4ZwUKtT,transfer,5QsyByFVJcg7oN76Ma26KEDFQdHt1tsiVExK94zURzfd,GpMZbSM2GgvTKHJirzeGfMFoaZ8UR2X7F4v8vHTvxFbL,8joUsyKkRQzxUWHwuXjLAnnxdR8q4yy6VicKt2mJFCPC,35hKKpdPTy495wFTybw5wajHp4ZNSyQA5KZXd7cN9hB7,492864056170,4928.6405617,1
4f56550aecdce079a5b5c1ded8c3fc02,2026-10-02,2026-10-02 18:44:48.000 UTC,452694625,2eK7QaJ7f5DLuHrLXFhyX3L5Qgp9TjnaaZiLSCB8Az2q89S7rkiw2jeaj8ff67tDkorxymTLZq9LDkChcuoDvVDX,transfer,78Bo7xxGWBEvqbh3VMKvkFG4Z63cXKSJ2LCEXAanhN7a,J3cdRYTeQAnZUhYRcVpk9abqEuRWTrtxb5fUbgh2aADn,H4dF1Hr9YcAqNEUsfGVnxa9qL3dbgJ5fa6PaffqtR7UD,7r4TcfVhcYuuh3of8S8igoV7AeyNfwcnRhAaA8FfvSgP,80381023578,803.81023578,1
d9ed32a76e84d569e39da6df7b5006d6,2026-10-02,2026-10-02 18:44:48.000 UTC,452694625,2eK7QaJ7f5DLuHrLXFhyX3L5Qgp9TjnaaZiLSCB8Az2q89S7rkiw2jeaj8ff67tDkorxymTLZq9LDkChcuoDvVDX,transfer,GpMZbSM2GgvTKHJirzeGfMFoaZ8UR2X7F4v8vHTvxFbL,78Bo7xxGWBEvqbh3VMKvkFG4Z63cXKSJ2LCEXAanhN7a,GJrjTyjw8vEL4FUVVnKmfvYKZamyjNgwxxprciNkQ9AE,H4dF1Hr9YcAqNEUsfGVnxa9qL3dbgJ5fa6PaffqtR7UD,80381023578,803.81023578,1
76f92cbc1212aa94aae35633c4637eb7,2026-10-02,2026-10-02 18:46:18.000 UTC,452694951,2RYChRwNtqyqKy4LvDWwPNQsD8U48F6o8XLizQW5d7FgQspdshVNeGdwJXEyKPqMSKgrE7iBdZayupEkrvZhRMhZ,transfer,GpMZbSM2GgvTKHJirzeGfMFoaZ8UR2X7F4v8vHTvxFbL,78Bo7xxGWBEvqbh3VMKvkFG4Z63cXKSJ2LCEXAanhN7a,GJrjTyjw8vEL4FUVVnKmfvYKZamyjNgwxxprciNkQ9AE,H4dF1Hr9YcAqNEUsfGVnxa9qL3dbgJ5fa6PaffqtR7UD,64097347472,640.97347472,1
2c6b778a2d27414930ee1cf0f9198976,2026-10-02,2026-10-02 18:46:18.000 UTC,452694951,2RYChRwNtqyqKy4LvDWwPNQsD8U48F6o8XLizQW5d7FgQspdshVNeGdwJXEyKPqMSKgrE7iBdZayupEkrvZhRMhZ,transfer,78Bo7xxGWBEvqbh3VMKvkFG4Z63cXKSJ2LCEXAanhN7a,J3cdRYTeQAnZUhYRcVpk9abqEuRWTrtxb5fUbgh2aADn,H4dF1Hr9YcAqNEUsfGVnxa9qL3dbgJ5fa6PaffqtR7UD,7r4TcfVhcYuuh3of8S8igoV7AeyNfwcnRhAaA8FfvSgP,64097347472,640.97347472,1
d31eafe3c2e6eeb13fdb9007ea1b68fc,2026-10-02,2026-10-02 18:47:43.000 UTC,452695273,5H861aFj5heMC8BUiotviZbMR55Y1aB9smSaErn5Ea1VPPaa92xhR2gMV9vE1asQcACBAi7HCDW2Tskyod4JGQVs,transfer,J3cdRYTeQAnZUhYRcVpk9abqEuRWTrtxb5fUbgh2aADn,GGRx8fFJzFYKAR6qRVdUqo8sZ8fVYradM8YU4Aky3AyE,7r4TcfVhcYuuh3of8S8igoV7AeyNfwcnRhAaA8FfvSgP,5sBg4QCF8eKaRAeqVNmx8ZMnTtBps8ih5oaJCDQ2xRaz,1069770205,10.69770205,1
f3afd4774aa88f6e5b152039d294495d,2026-10-02,2026-10-02 18:47:43.000 UTC,452695273,5H861aFj5heMC8BUiotviZbMR55Y1aB9smSaErn5Ea1VPPaa92xhR2gMV9vE1asQcACBAi7HCDW2Tskyod4JGQVs,transfer,J3cdRYTeQAnZUhYRcVpk9abqEuRWTrtxb5fUbgh2aADn,GGRx8fFJzFYKAR6qRVdUqo8sZ8fVYradM8YU4Aky3AyE,7r4TcfVhcYuuh3of8S8igoV7AeyNfwcnRhAaA8FfvSgP,5sBg4QCF8eKaRAeqVNmx8ZMnTtBps8ih5oaJCDQ2xRaz,98560663465692,985606.63465692,1
703be8755f439e4ade9f5cf13b0cfca4,2026-10-02,2026-10-02 18:48:57.000 UTC,452695544,7GubcUacEjkYR6X5pF2zyvidmaMpVLzxHGUcSpoTpD1LC4mW8xgpGFpwzjhgMReTfPwmSMjLGSxrpsH6YZMtCEN,transfer,GGRx8fFJzFYKAR6qRVdUqo8sZ8fVYradM8YU4Aky3AyE,J3cdRYTeQAnZUhYRcVpk9abqEuRWTrtxb5fUbgh2aADn,5sBg4QCF8eKaRAeqVNmx8ZMnTtBps8ih5oaJCDQ2xRaz,7r4TcfVhcYuuh3of8S8igoV7AeyNfwcnRhAaA8FfvSgP,98561733235896,985617.33235896,1
0262ccefba537899cddfef80ebeca02e,2026-10-02,2026-10-02 18:59:15.000 UTC,452697847,3V8Pk1Qa5McNEUfdxa87nD8HguV2FDtK9znfycVB3GGPQd6JczDa2zzqxZ7eBUwNDrPnRgwfsUjZoZPVxGhsT3ZG,transfer,78Bo7xxGWBEvqbh3VMKvkFG4Z63cXKSJ2LCEXAanhN7a,J3cdRYTeQAnZUhYRcVpk9abqEuRWTrtxb5fUbgh2aADn,H4dF1Hr9YcAqNEUsfGVnxa9qL3dbgJ5fa6PaffqtR7UD,7r4TcfVhcYuuh3of8S8igoV7AeyNfwcnRhAaA8FfvSgP,62480696880,624.8069688,1
7bdcf75be46328a2c9afdd1a59de4d0d,2026-10-02,2026-10-02 18:59:15.000 UTC,452697847,3V8Pk1Qa5McNEUfdxa87nD8HguV2FDtK9znfycVB3GGPQd6JczDa2zzqxZ7eBUwNDrPnRgwfsUjZoZPVxGhsT3ZG,transfer,GpMZbSM2GgvTKHJirzeGfMFoaZ8UR2X7F4v8vHTvxFbL,78Bo7xxGWBEvqbh3VMKvkFG4Z63cXKSJ2LCEXAanhN7a,GJrjTyjw8vEL4FUVVnKmfvYKZamyjNgwxxprciNkQ9AE,H4dF1Hr9YcAqNEUsfGVnxa9qL3dbgJ5fa6PaffqtR7UD,62480696880,624.8069688,1
a222ae412ac58e8c88211774d69ef3d9,2026-10-02,2026-10-02 18:59:15.000 UTC,452697848,9h56nTYyXmyvXjsHUoKsm8JQrAh4cHRGWHeLzyhiidgKYW5aVGuBiNhpUhqifqzngyUCmFjHTn2tLseHv5stQqF,transfer,2Q8tAc9nrQca3tE9KqhnVc9DiBsDPQyqY24rnbRVYv8E,D9Ew95W9qBLu6Ku8GupFQCawqhmDUqTgysR7aKja6nW,9UK3o1FSN5avmpNmuxkdJWT16YPRjNZ7WvYW3fCcjaw4,2LsuPhUq6tebS9w1VBXEKhUhYWRZKytRwWseMjuMzPo1,2044854495,20.44854495,1
591962407045f321a01dba54ecc4a848,2026-10-02,2026-10-02 18:59:15.000 UTC,452697848,9h56nTYyXmyvXjsHUoKsm8JQrAh4cHRGWHeLzyhiidgKYW5aVGuBiNhpUhqifqzngyUCmFjHTn2tLseHv5stQqF,transfer,D9Ew95W9qBLu6Ku8GupFQCawqhmDUqTgysR7aKja6nW,J3cdRYTeQAnZUhYRcVpk9abqEuRWTrtxb5fUbgh2aADn,2LsuPhUq6tebS9w1VBXEKhUhYWRZKytRwWseMjuMzPo1,7r4TcfVhcYuuh3of8S8igoV7AeyNfwcnRhAaA8FfvSgP,2044854495,20.44854495,1
82f913de0e123d51603f0c250975d1f6,2026-10-02,2026-10-02 18:59:22.000 UTC,452697875,2gx8Pjq3U9v6RWoiZGtaMLmfoSH3A62TpmBaceEjDqM9LuFooUn5yEVHvanwLKYLHfAV7bc2YY8XYGeXxBs2J8mN,transfer,78Bo7xxGWBEvqbh3VMKvkFG4Z63cXKSJ2LCEXAanhN7a,J3cdRYTeQAnZUhYRcVpk9abqEuRWTrtxb5fUbgh2aADn,H4dF1Hr9YcAqNEUsfGVnxa9qL3dbgJ5fa6PaffqtR7UD,7r4TcfVhcYuuh3of8S8igoV7AeyNfwcnRhAaA8FfvSgP,82136818651,821.36818651,1
bc1292ae1d1663699f8545cf5e3096d0,2026-10-02,2026-10-02 18:59:22.000 UTC,452697875,2gx8Pjq3U9v6RWoiZGtaMLmfoSH3A62TpmBaceEjDqM9LuFooUn5yEVHvanwLKYLHfAV7bc2YY8XYGeXxBs2J8mN,transfer,GpMZbSM2GgvTKHJirzeGfMFoaZ8UR2X7F4v8vHTvxFbL,78Bo7xxGWBEvqbh3VMKvkFG4Z63cXKSJ2LCEXAanhN7a,GJrjTyjw8vEL4FUVVnKmfvYKZamyjNgwxxprciNkQ9AE,H4dF1Hr9YcAqNEUsfGVnxa9qL3dbgJ5fa6PaffqtR7UD,82136818651,821.36818651,1
10ca94f3e67f67a0340df244e3692e06,2026-10-02,2026-10-02 19:13:55.000 UTC,452701110,4KZfwnmqwYDiJqvefcCgiLRfWeyFKahjo7dCCPgY2swMWwghttVvhg56sutCnm6zPUnBkwWF4VUQT1PNmWP8gauN,transfer,5F8uDhisZdR7HQU6vBMRr1cMKgrwWpBEVdMDYiJE9TWx,8psNvWTrdNTiVRNzAgsou9kETXNJm2SXZyaKuJraVRtf,HFEWQF37s3CPTdU5jJpXKhSaezvY8mQ8muob8pANjboa,CFYg9oE2LZags4qVGrvvYsEDYAL6mWe7sCYGfWdLLRsY,0,0,1
bce98aaf8fb83f920e39b9f045e8437a,2026-10-02,2026-10-02 19:13:55.000 UTC,452701110,4sgYa3Ub1Q9M8QCuj4GiztoNUmBQoXh2o3VpteqSdL5YwumVnmZiZJNLihScn4HaL52TqWj1Hu1itEZvD9TPYbkJ,transfer,ARu4n5mFdZogZAravu7CcizaojWnS6oqka37gdLT5SZn,5F8uDhisZdR7HQU6vBMRr1cMKgrwWpBEVdMDYiJE9TWx,3CCaDwLVKs3WBE6bFG58Q9qaHmGfRrjUvEnEcuiCbY87,HFEWQF37s3CPTdU5jJpXKhSaezvY8mQ8muob8pANjboa,1441423532267,14414.23532267,1
97168a5dc83aee257bcdda290cf51ba0,2026-10-02,2026-10-02 19:13:55.000 UTC,452701110,4sgYa3Ub1Q9M8QCuj4GiztoNUmBQoXh2o3VpteqSdL5YwumVnmZiZJNLihScn4HaL52TqWj1Hu1itEZvD9TPYbkJ,transfer,GpMZbSM2GgvTKHJirzeGfMFoaZ8UR2X7F4v8vHTvxFbL,ARu4n5mFdZogZAravu7CcizaojWnS6oqka37gdLT5SZn,35hKKpdPTy495wFTybw5wajHp4ZNSyQA5KZXd7cN9hB7,3CCaDwLVKs3WBE6bFG58Q9qaHmGfRrjUvEnEcuiCbY87,346308269349,3463.08269349,1
7f7d6412df3c7d4872c97bd22c986e7c,2026-10-02,2026-10-02 19:13:55.000 UTC,452701110,4sgYa3Ub1Q9M8QCuj4GiztoNUmBQoXh2o3VpteqSdL5YwumVnmZiZJNLihScn4HaL52TqWj1Hu1itEZvD9TPYbkJ,transfer,ARu4n5mFdZogZAravu7CcizaojWnS6oqka37gdLT5SZn,8psNvWTrdNTiVRNzAgsou9kETXNJm2SXZyaKuJraVRtf,3CCaDwLVKs3WBE6bFG58Q9qaHmGfRrjUvEnEcuiCbY87,CFYg9oE2LZags4qVGrvvYsEDYAL6mWe7sCYGfWdLLRsY,7690,7.69e-05,1
11956342c9dcb5ce7b87e13b0e8bb58d,2026-10-02,2026-10-02 19:13:55.000 UTC,452701110,4sgYa3Ub1Q9M8QCuj4GiztoNUmBQoXh2o3VpteqSdL5YwumVnmZiZJNLihScn4HaL52TqWj1Hu1itEZvD9TPYbkJ,transfer,J3cdRYTeQAnZUhYRcVpk9abqEuRWTrtxb5fUbgh2aADn,ARu4n5mFdZogZAravu7CcizaojWnS6oqka37gdLT5SZn,7r4TcfVhcYuuh3of8S8igoV7AeyNfwcnRhAaA8FfvSgP,3CCaDwLVKs3WBE6bFG58Q9qaHmGfRrjUvEnEcuiCbY87,1095115270608,10951.15270608,1
e57a9755d0801520dbff036b5cde2341,2026-10-02,2026-10-02 19:14:39.000 UTC,452701270,349FWGQYQHGpuWSndCWDoKzjbWjZz826wXZt4LgcaEUA48AD7gncyLgh3wpqCPAia15KpgqucBUde2c51JTuo9zD,transfer,GpMZbSM2GgvTKHJirzeGfMFoaZ8UR2X7F4v8vHTvxFbL,ARu4n5mFdZogZAravu7CcizaojWnS6oqka37gdLT5SZn,35hKKpdPTy495wFTybw5wajHp4ZNSyQA5KZXd7cN9hB7,3CCaDwLVKs3WBE6bFG58Q9qaHmGfRrjUvEnEcuiCbY87,226842676666,2268.42676666,1
3e7d9655583d6132f0691728a8428571,2026-10-02,2026-10-02 19:14:39.000 UTC,452701270,349FWGQYQHGpuWSndCWDoKzjbWjZz826wXZt4LgcaEUA48AD7gncyLgh3wpqCPAia15KpgqucBUde2c51JTuo9zD,transfer,ARu4n5mFdZogZAravu7CcizaojWnS6oqka37gdLT5SZn,A6RQ7VaFkHVfr9rbf4odd8asLf8yrFULqFA2P5TQdDQ7,3CCaDwLVKs3WBE6bFG58Q9qaHmGfRrjUvEnEcuiCbY87,Gs6ASmLxzVapkoE13v1prYfV9JjGgKpuyMDJWjQifVzA,1745171153612,17451.71153612,1
9774a10aa55791918af7fd5827456c69,2026-10-02,2026-10-02 19:14:39.000 UTC,452701270,349FWGQYQHGpuWSndCWDoKzjbWjZz826wXZt4LgcaEUA48AD7gncyLgh3wpqCPAia15KpgqucBUde2c51JTuo9zD,transfer,J3cdRYTeQAnZUhYRcVpk9abqEuRWTrtxb5fUbgh2aADn,ARu4n5mFdZogZAravu7CcizaojWnS6oqka37gdLT5SZn,7r4TcfVhcYuuh3of8S8igoV7AeyNfwcnRhAaA8FfvSgP,3CCaDwLVKs3WBE6bFG58Q9qaHmGfRrjUvEnEcuiCbY87,1518328476946,15183.28476946,1
02052be08b4aab1ee3c816d5560e846f,2026-10-02,2026-10-02 19:41:02.000 UTC,452707166,52xTPciRq13zWV2Jt7F2vxQrLFgyhM6PQ3L4mmnT66dZquvCeWA2W2Xf682Qb1S9SjV3WRGKYymmWwN5fWfm6hbn,transfer,HL2kH8yaDDQZxA35uc6TFTBoLpes731WKoPZUM2wUWVA,J3cdRYTeQAnZUhYRcVpk9abqEuRWTrtxb5fUbgh2aADn,9AaesEYP7JuqhK71K6S8oUkse3w3HmjwGM4KgXX8JExh,7r4TcfVhcYuuh3of8S8igoV7AeyNfwcnRhAaA8FfvSgP,375382248779,3753.82248779,1
4cc44ca3e0b57a31d70181e5b64eeb5e,2026-10-02,2026-10-02 19:41:02.000 UTC,452707166,52xTPciRq13zWV2Jt7F2vxQrLFgyhM6PQ3L4mmnT66dZquvCeWA2W2Xf682Qb1S9SjV3WRGKYymmWwN5fWfm6hbn,transfer,GpMZbSM2GgvTKHJirzeGfMFoaZ8UR2X7F4v8vHTvxFbL,HL2kH8yaDDQZxA35uc6TFTBoLpes731WKoPZUM2wUWVA,GJrjTyjw8vEL4FUVVnKmfvYKZamyjNgwxxprciNkQ9AE,9AaesEYP7JuqhK71K6S8oUkse3w3HmjwGM4KgXX8JExh,375382248779,3753.82248779,1
5a161fa5b74370a6b30b6313686e410e,2026-10-02,2026-10-02 19:41:05.000 UTC,452707175,5fh2Am7ab29ugmYJN6TGcuGQVVdBCnhBphABxEXt3knh5qanteU3LCfKrvdDRkMdNHMk8jZycSuVqQ1PxJnvUmeE,transfer,GpMZbSM2GgvTKHJirzeGfMFoaZ8UR2X7F4v8vHTvxFbL,78Bo7xxGWBEvqbh3VMKvkFG4Z63cXKSJ2LCEXAanhN7a,GJrjTyjw8vEL4FUVVnKmfvYKZamyjNgwxxprciNkQ9AE,H4dF1Hr9YcAqNEUsfGVnxa9qL3dbgJ5fa6PaffqtR7UD,228208479248,2282.08479248,1
b34aa30d8c9487c172d650b18debafc6,2026-10-02,2026-10-02 19:41:05.000 UTC,452707175,5fh2Am7ab29ugmYJN6TGcuGQVVdBCnhBphABxEXt3knh5qanteU3LCfKrvdDRkMdNHMk8jZycSuVqQ1PxJnvUmeE,transfer,78Bo7xxGWBEvqbh3VMKvkFG4Z63cXKSJ2LCEXAanhN7a,J3cdRYTeQAnZUhYRcVpk9abqEuRWTrtxb5fUbgh2aADn,H4dF1Hr9YcAqNEUsfGVnxa9qL3dbgJ5fa6PaffqtR7UD,7r4TcfVhcYuuh3of8S8igoV7AeyNfwcnRhAaA8FfvSgP,228208479248,2282.08479248,1
f0f6178b36fd4ae43c60f947030b549b,2026-10-02,2026-10-02 20:12:40.000 UTC,452714231,5sxPQ2yHCn4Lo5vRfSm2njGkvEquBJp5iyeWEnuKsSbCRtRxE9soGcsdaujEe1mGiizkAfQwC9HH3hapySzzeChu,transfer,2Rpt43Wez9uVjUMA4ByUrAUmqavD38jNY9iNFWAdt5qf,94zB23iAxvSn3Udb4pNprj9dPAsD4c6jDGnPRPFtXBi2,4SBqmpo26N4QPcfabN4waNdFZzrbQBfJBm2M6YyTaunU,7FKZuk5UK9KLM8Z57UgKtyPahgkGDDts6NqTmYNRK2WZ,3170200000,31.702,1
e8f8331f219cc236d1410dc13721ef7e,2026-10-02,2026-10-02 20:12:46.000 UTC,452714256,dtxXxK5ifC8ATeTrLBmjBr1cEnD6TeeNYQmQxUVYJAEvhkYVrg53Khat2Gx4hDVeDTqpdFonDgaE5CyEJZmqM1r,transfer,2Rpt43Wez9uVjUMA4ByUrAUmqavD38jNY9iNFWAdt5qf,94zB23iAxvSn3Udb4pNprj9dPAsD4c6jDGnPRPFtXBi2,4SBqmpo26N4QPcfabN4waNdFZzrbQBfJBm2M6YyTaunU,7FKZuk5UK9KLM8Z57UgKtyPahgkGDDts6NqTmYNRK2WZ,2158900000,21.589,1
9ec3cf02e5c16a7b440097e699cef3e8,2026-10-02,2026-10-02 20:12:52.000 UTC,452714278,2h99KBmu8N9RAWxUyX7b8TtcWKUKSjaeUBp1fX68diw3pwhGNA5dZDrQ79WKDMwDMxVwmMU2rVwaLhSYhibXYuiu,transfer,2Rpt43Wez9uVjUMA4ByUrAUmqavD38jNY9iNFWAdt5qf,94zB23iAxvSn3Udb4pNprj9dPAsD4c6jDGnPRPFtXBi2,4SBqmpo26N4QPcfabN4waNdFZzrbQBfJBm2M6YyTaunU,7FKZuk5UK9KLM8Z57UgKtyPahgkGDDts6NqTmYNRK2WZ,3198600000,31.986,1
f644533a138a9375a49956ea5f33ebe9,2026-10-02,2026-10-02 20:13:51.000 UTC,452714497,6jju13oVrfxN5AZb4jjGCr3A3a6wy2JHVqkkJi6D4xpXc8s49Uf7XvjpNWih5S4Z9T3TpExdAJ5DCWykbq8HdTY,transfer,2Rpt43Wez9uVjUMA4ByUrAUmqavD38jNY9iNFWAdt5qf,94zB23iAxvSn3Udb4pNprj9dPAsD4c6jDGnPRPFtXBi2,4SBqmpo26N4QPcfabN4waNdFZzrbQBfJBm2M6YyTaunU,7FKZuk5UK9KLM8Z57UgKtyPahgkGDDts6NqTmYNRK2WZ,3191200000,31.912,1
571238a27588a1fe1d6053329c715967,2026-10-02,2026-10-02 20:20:48.000 UTC,452716048,334WuRaywifgzRhxUdqRmhEuSSvvkGEroe2YumfaPjQfqoSZsLFC4SVCUNUCPyknu6YzTWRT2cqDGe8NyM3sWdzg,transfer,2Rpt43Wez9uVjUMA4ByUrAUmqavD38jNY9iNFWAdt5qf,DDDBrPG1uUWsRNfgc8ZX9hC6o5iNyJpG1QADaojc554F,4SBqmpo26N4QPcfabN4waNdFZzrbQBfJBm2M6YyTaunU,D8jXAZz3ef227Hr3nJtyHponZxNm43C4TmGxs1TUKXaW,3885200000,38.852,1
e6372962db17077644ecaf645a4f98b5,2026-10-02,2026-10-02 20:21:11.000 UTC,452716134,3G2GQg2mCqSXuMgDBzwLyokbNhxyGt4ME5PfNhFDhUs6txETExe2LqTZBq39dLHp6dijFUtSx7MmsoBPTyJ1JdCy,transfer,2Rpt43Wez9uVjUMA4ByUrAUmqavD38jNY9iNFWAdt5qf,DDDBrPG1uUWsRNfgc8ZX9hC6o5iNyJpG1QADaojc554F,4SBqmpo26N4QPcfabN4waNdFZzrbQBfJBm2M6YyTaunU,D8jXAZz3ef227Hr3nJtyHponZxNm43C4TmGxs1TUKXaW,519776000000,5197.76,1
b831fed3d42d46cefc8652b70ad1cf0d,2026-10-02,2026-10-02 20:21:17.000 UTC,452716153,549s3SSgc3o6crF75LQdu9gzFuTGX4fBzwgPzG6y38Rv4ZoJsQQ1KxeAc89WRcUFHW1tNJseKRuRorC8k74aPHe6,transfer,2Rpt43Wez9uVjUMA4ByUrAUmqavD38jNY9iNFWAdt5qf,DDDBrPG1uUWsRNfgc8ZX9hC6o5iNyJpG1QADaojc554F,4SBqmpo26N4QPcfabN4waNdFZzrbQBfJBm2M6YyTaunU,D8jXAZz3ef227Hr3nJtyHponZxNm43C4TmGxs1TUKXaW,76759500000,767.595,1
9d6ec6a8f8b6c3a07636ae52f5dc0793,2026-10-02,2026-10-02 20:21:22.000 UTC,452716175,3kZvTfgj1JhJEQTeE1P5j78KtDGZsmDrS8fnUAqZWwwcaZTw63LSLRMptyLj1ZTU3ktjPkZpDt2Uukxog8fcsHu7,transfer,2Rpt43Wez9uVjUMA4ByUrAUmqavD38jNY9iNFWAdt5qf,DDDBrPG1uUWsRNfgc8ZX9hC6o5iNyJpG1QADaojc554F,4SBqmpo26N4QPcfabN4waNdFZzrbQBfJBm2M6YyTaunU,D8jXAZz3ef227Hr3nJtyHponZxNm43C4TmGxs1TUKXaW,600374400000,6003.744,1
431e02f2f2f5aac47c6b472670ea5154,2026-10-02,2026-10-02 20:44:55.000 UTC,452721459,CTBkerCmgzwRAVhka1KGhT3ZYyxeQwLMdwqDj6QW3kcAUp64rLTgzBfvKGMnoLq74QyP53WXmJWKFLQxex9W9HW,transfer,D5YqVMoSxnqeZAKAUUE1Dm3bmjtdxQ5DCF356ozqN9cM,J3cdRYTeQAnZUhYRcVpk9abqEuRWTrtxb5fUbgh2aADn,2KJkRj5rk5ft92WTTT5NYQThgX6SHStiqsyffyhjDWb4,7r4TcfVhcYuuh3of8S8igoV7AeyNfwcnRhAaA8FfvSgP,913602097,9.13602097,1
b674fd69360906d91e504381a46f5b29,2026-10-02,2026-10-02 20:44:55.000 UTC,452721459,CTBkerCmgzwRAVhka1KGhT3ZYyxeQwLMdwqDj6QW3kcAUp64rLTgzBfvKGMnoLq74QyP53WXmJWKFLQxex9W9HW,transfer,2Q8tAc9nrQca3tE9KqhnVc9DiBsDPQyqY24rnbRVYv8E,D5YqVMoSxnqeZAKAUUE1Dm3bmjtdxQ5DCF356ozqN9cM,9UK3o1FSN5avmpNmuxkdJWT16YPRjNZ7WvYW3fCcjaw4,2KJkRj5rk5ft92WTTT5NYQThgX6SHStiqsyffyhjDWb4,913602097,9.13602097,1
ef0efdb443cce82137b52ab88a2947b1,2026-10-02,2026-10-02 21:07:35.000 UTC,452726491,TFk7ujdDvQbtfiSwZhTrX1kEJ4L7NwZ66Y1RBsL1twL8ebnpg6T7CY3roRvwmKRoeN8x9ciVatyrXKjonAaZX9C,transfer,J3cdRYTeQAnZUhYRcVpk9abqEuRWTrtxb5fUbgh2aADn,BQ72nSv9f3PRyRKCBnHLVrerrv37CYTHm5h3s9VSGQDV,7r4TcfVhcYuuh3of8S8igoV7AeyNfwcnRhAaA8FfvSgP,5VgcSx25aaJisJcZTtLw5SPkJesSLZQYw6ceuXzXCpGr,7222457031713,72224.57031713,1
e241a07ef8abc1a27817894f3f4c3374,2026-10-02,2026-10-02 21:07:35.000 UTC,452726491,TFk7ujdDvQbtfiSwZhTrX1kEJ4L7NwZ66Y1RBsL1twL8ebnpg6T7CY3roRvwmKRoeN8x9ciVatyrXKjonAaZX9C,transfer,BQ72nSv9f3PRyRKCBnHLVrerrv37CYTHm5h3s9VSGQDV,5QsyByFVJcg7oN76Ma26KEDFQdHt1tsiVExK94zURzfd,5VgcSx25aaJisJcZTtLw5SPkJesSLZQYw6ceuXzXCpGr,8joUsyKkRQzxUWHwuXjLAnnxdR8q4yy6VicKt2mJFCPC,7222457031713,72224.57031713,1
3ff8ab85c4d879b7a5caf7d8e6949fd1,2026-10-02,2026-10-02 21:07:36.000 UTC,452726493,EdJFBPESzjwaamCKGK8uvCoTU54uGXeCbbVq96yqUo5mrBTpAPZb6QC4fd4sJVo9HH8dc4MKkAeM9gnhVpuZGdW,transfer,78Bo7xxGWBEvqbh3VMKvkFG4Z63cXKSJ2LCEXAanhN7a,J3cdRYTeQAnZUhYRcVpk9abqEuRWTrtxb5fUbgh2aADn,H4dF1Hr9YcAqNEUsfGVnxa9qL3dbgJ5fa6PaffqtR7UD,7r4TcfVhcYuuh3of8S8igoV7AeyNfwcnRhAaA8FfvSgP,54430964934,544.30964934,1
a7c7e04c948b83047a0798f7579c0fd4,2026-10-02,2026-10-02 21:07:36.000 UTC,452726493,EdJFBPESzjwaamCKGK8uvCoTU54uGXeCbbVq96yqUo5mrBTpAPZb6QC4fd4sJVo9HH8dc4MKkAeM9gnhVpuZGdW,transfer,GpMZbSM2GgvTKHJirzeGfMFoaZ8UR2X7F4v8vHTvxFbL,78Bo7xxGWBEvqbh3VMKvkFG4Z63cXKSJ2LCEXAanhN7a,GJrjTyjw8vEL4FUVVnKmfvYKZamyjNgwxxprciNkQ9AE,H4dF1Hr9YcAqNEUsfGVnxa9qL3dbgJ5fa6PaffqtR7UD,54430964934,544.30964934,1
825982ca566b1cb92f9152cb345a52c8,2026-10-02,2026-10-02 21:21:20.000 UTC,452729565,2AUSG4DSNt4a3HXi5MVC36JG6z2RqWuhx7wfgmsfqKqqqiNvuKp5tNpn3sPUCxPxmDVmcHW8613UJs3HfGdtJq1r,transfer,12BLKXs2JUSzMTq3r5JFor4FBiG4bA3kFpW5LpvMkweT,J3cdRYTeQAnZUhYRcVpk9abqEuRWTrtxb5fUbgh2aADn,EPe8o8NgsjzXrBvMDzSogQBiQPksNF4ZCR18UNz39dpj,7r4TcfVhcYuuh3of8S8igoV7AeyNfwcnRhAaA8FfvSgP,133631060565,1336.31060565,1
356ec96966fdd5387ceb2554752ca38e,2026-10-02,2026-10-02 21:21:20.000 UTC,452729565,2AUSG4DSNt4a3HXi5MVC36JG6z2RqWuhx7wfgmsfqKqqqiNvuKp5tNpn3sPUCxPxmDVmcHW8613UJs3HfGdtJq1r,transfer,GpMZbSM2GgvTKHJirzeGfMFoaZ8UR2X7F4v8vHTvxFbL,12BLKXs2JUSzMTq3r5JFor4FBiG4bA3kFpW5LpvMkweT,GJrjTyjw8vEL4FUVVnKmfvYKZamyjNgwxxprciNkQ9AE,EPe8o8NgsjzXrBvMDzSogQBiQPksNF4ZCR18UNz39dpj,133631060565,1336.31060565,1
f26762c38d4882f8157be080a5370a67,2026-10-02,2026-10-02 21:22:08.000 UTC,452729745,4MjGfGjKxBv46uD5yFT4yBQm8EZNzT7cfmGFnGSWxKew5Ym2rxbPkkyoLFFHsbuytX4sEPMTVE5en15Lz3UGvXpL,transfer,3T6gxwpMjdT7h4N8i6ucynpe8xXiWj8B1aLKNTS1d3dC,J3cdRYTeQAnZUhYRcVpk9abqEuRWTrtxb5fUbgh2aADn,2f47Qwjhb9Pn1Lv9WUsP5iXBCGWLBjAjcyHd9ebEM98b,7r4TcfVhcYuuh3of8S8igoV7AeyNfwcnRhAaA8FfvSgP,104754084509,1047.54084509,1
41c2d1fb39f976bc16fc0afecbe0e02e,2026-10-02,2026-10-02 21:22:08.000 UTC,452729745,4MjGfGjKxBv46uD5yFT4yBQm8EZNzT7cfmGFnGSWxKew5Ym2rxbPkkyoLFFHsbuytX4sEPMTVE5en15Lz3UGvXpL,transfer,GpMZbSM2GgvTKHJirzeGfMFoaZ8UR2X7F4v8vHTvxFbL,3T6gxwpMjdT7h4N8i6ucynpe8xXiWj8B1aLKNTS1d3dC,GJrjTyjw8vEL4FUVVnKmfvYKZamyjNgwxxprciNkQ9AE,2f47Qwjhb9Pn1Lv9WUsP5iXBCGWLBjAjcyHd9ebEM98b,104754084509,1047.54084509,1
6b757a3d4ae27f30e84bd763fc0432f2,2026-10-02,2026-10-02 21:22:58.000 UTC,452729936,3NV8aLB625u7zfu6DTKTux9AP8nQaVJdgbLsSpZKtUgigwyP9ji5enbe5yBSuh65SDpDXRPgrR9Ekie7gMQYRKXV,transfer,J3cdRYTeQAnZUhYRcVpk9abqEuRWTrtxb5fUbgh2aADn,CapuXNQoDviLvU1PxFiizLgPNQCxrsag1uMeyk6zLVps,7r4TcfVhcYuuh3of8S8igoV7AeyNfwcnRhAaA8FfvSgP,H76YwwgbJnWUonJBggZvHDJHs5uMoWxBUuQ7FFZkP87n,1201693261690,12016.9326169,1
c8b15e93eb756d7b032b8f146918b2f9,2026-10-02,2026-10-02 21:22:58.000 UTC,452729936,3NV8aLB625u7zfu6DTKTux9AP8nQaVJdgbLsSpZKtUgigwyP9ji5enbe5yBSuh65SDpDXRPgrR9Ekie7gMQYRKXV,transfer,CapuXNQoDviLvU1PxFiizLgPNQCxrsag1uMeyk6zLVps,5QsyByFVJcg7oN76Ma26KEDFQdHt1tsiVExK94zURzfd,H76YwwgbJnWUonJBggZvHDJHs5uMoWxBUuQ7FFZkP87n,8joUsyKkRQzxUWHwuXjLAnnxdR8q4yy6VicKt2mJFCPC,1201693261690,12016.9326169,1
f43424d4eaff36143bba183ef42fe006,2026-10-02,2026-10-02 21:23:22.000 UTC,452730026,3mrtT96ZuAqakXvhB4c4oPUFcQKPTzjs2aMPj5NM7d1L8SpyqwvUkEji4pChQwk54yzbYK9RNpcRMU1F6pU164jt,transfer,5QsyByFVJcg7oN76Ma26KEDFQdHt1tsiVExK94zURzfd,GpMZbSM2GgvTKHJirzeGfMFoaZ8UR2X7F4v8vHTvxFbL,8joUsyKkRQzxUWHwuXjLAnnxdR8q4yy6VicKt2mJFCPC,35hKKpdPTy495wFTybw5wajHp4ZNSyQA5KZXd7cN9hB7,496848422222,4968.48422222,1
1011b098dd0dee250c84585a2228381c,2026-10-02,2026-10-02 22:25:26.000 UTC,452743928,toVmeyVwXrkHVYgerH5Pfub1Pyv6Dzq9NFvK1S3aDNDV2r2m13TyzFEp5xQveb29XY1d9rjMQquiHjH7Na3i36v,transfer,3D7BEvxZsvg3QBGQar4wSyUW41VN8JU5uSgFoyRLFnKz,43GUMqyTGYZ276VHRcca1AaRuTp8BXaGxSP9KTVFazNE,ss7DthPgeTDKNNmfbwgcQY2krivxC4vs7jYK8rr1mwM,75aLJTc69kb6MBqVSkktuymcQg84yemtQkU3WfoNGRCB,486999762270,4869.9976227,1
728ee70b1a84d82d34d37e55dc81de12,2026-10-02,2026-10-02 22:34:20.000 UTC,452745917,2N6UtrZh1zuSVWTigcNr83wW1a1iJADF5bwzxJTbv4Bv41jMc2hH7eFwbD5Ni8y5CfPW7h1LxfggEkGbHtZmW4aR,transfer,2Rpt43Wez9uVjUMA4ByUrAUmqavD38jNY9iNFWAdt5qf,EUGM66iYukLMxzVC32K5Kim2gwMieuWe84VVMJSCz5hQ,4SBqmpo26N4QPcfabN4waNdFZzrbQBfJBm2M6YyTaunU,4GN3P21rRqPTKJ95diJS6gVmWLdaVzFg6cCwXpx6767t,54917000000,549.17,1
204a9aebb65a44366eb295788df86c80,2026-10-02,2026-10-02 23:07:30.000 UTC,452753343,4gpvifXWjWKYkhtwZ8TXB6nBManCTuUdyhGbnA8e6eWYg6p4Z7d2HNKBdwKg6cp7ArCQiNCsncxsTBsPgXAmWQJC,transfer,2Rpt43Wez9uVjUMA4ByUrAUmqavD38jNY9iNFWAdt5qf,BESuBtsXvg89QAjh9zSj2x62mkEvzkUr3UgMVmq6YX1P,4SBqmpo26N4QPcfabN4waNdFZzrbQBfJBm2M6YyTaunU,6eFSqiptri9hPvf3aR8pJJJL8GXVAukfZJhNhtAR46BH,237722000000,2377.22,1
7f7bca1472d628acb9f4b0404af54949,2026-10-02,2026-10-02 23:46:27.000 UTC,452762110,giMivvVd38S1LjwHgeQjukGTMEmdiTyXzLSfVVMPvZEt3x9jHo9W8FMLwFhs8c44JpwZX8dCTRRs1rCNbaqYoU2,transfer,2LNsF1kby2yjTzgSDsYCTiuZSq2NpfJ7pcquNC9oVhTw,6U91aKa8pmMxkJwBCfPTmUEfZi6dHe7DcFq2ALvB2tbB,EzognXoBjXLJ6f4aDLweyrGxs4Jz8GPftWQpLZdFkJoT,8jk4ipjSrvk52xtLa13BCPXLgfYQNc9xgraHi49WPNSu,7333616800000,73336.168,1
5ff87195b30696272b8d1be478f7dc63,2026-10-02,2026-10-02 23:46:27.000 UTC,452762110,giMivvVd38S1LjwHgeQjukGTMEmdiTyXzLSfVVMPvZEt3x9jHo9W8FMLwFhs8c44JpwZX8dCTRRs1rCNbaqYoU2,transfer,6U91aKa8pmMxkJwBCfPTmUEfZi6dHe7DcFq2ALvB2tbB,J3cdRYTeQAnZUhYRcVpk9abqEuRWTrtxb5fUbgh2aADn,8jk4ipjSrvk52xtLa13BCPXLgfYQNc9xgraHi49WPNSu,7r4TcfVhcYuuh3of8S8igoV7AeyNfwcnRhAaA8FfvSgP,7333616800000,73336.168,1
136739cb1f9bac8158f1055dedcc466a,2026-10-02,2026-10-02 23:55:51.000 UTC,452764224,2zN9kwxatg9dX1ncwAQcQm7M9nWm8y3KpyUybxPgFGGEasutVY4Qiss7MyMC4jrXMR8Y9e4Gh5uxacsoc6EQmqh3,transfer,D5YqVMoSxnqeZAKAUUE1Dm3bmjtdxQ5DCF356ozqN9cM,J3cdRYTeQAnZUhYRcVpk9abqEuRWTrtxb5fUbgh2aADn,2KJkRj5rk5ft92WTTT5NYQThgX6SHStiqsyffyhjDWb4,7r4TcfVhcYuuh3of8S8igoV7AeyNfwcnRhAaA8FfvSgP,182731726,1.82731726,1
3b202f7079c2291322111a46678ac934,2026-10-02,2026-10-02 23:55:51.000 UTC,452764224,2zN9kwxatg9dX1ncwAQcQm7M9nWm8y3KpyUybxPgFGGEasutVY4Qiss7MyMC4jrXMR8Y9e4Gh5uxacsoc6EQmqh3,transfer,2Q8tAc9nrQca3tE9KqhnVc9DiBsDPQyqY24rnbRVYv8E,D5YqVMoSxnqeZAKAUUE1Dm3bmjtdxQ5DCF356ozqN9cM,9UK3o1FSN5avmpNmuxkdJWT16YPRjNZ7WvYW3fCcjaw4,2KJkRj5rk5ft92WTTT5NYQThgX6SHStiqsyffyhjDWb4,182731726,1.82731726,1
8deee8be9c1754c38edf166041b8c742,2026-10-02,2026-10-02 23:57:20.000 UTC,452764554,3eikkrRHAKtSh7fgaxQnTTiDzZ4zjuDi5sEBQ9XqRX5Gmn7Xaz9S6NMhJhBS5Y7uNejCWdfEoPFEe6PD9ZHm9sEK,transfer,D5YqVMoSxnqeZAKAUUE1Dm3bmjtdxQ5DCF356ozqN9cM,J3cdRYTeQAnZUhYRcVpk9abqEuRWTrtxb5fUbgh2aADn,2KJkRj5rk5ft92WTTT5NYQThgX6SHStiqsyffyhjDWb4,7r4TcfVhcYuuh3of8S8igoV7AeyNfwcnRhAaA8FfvSgP,182472169,1.82472169,1
f626fb60aa8472df651f57a6d4ed8702,2026-10-02,2026-10-02 23:57:20.000 UTC,452764554,3eikkrRHAKtSh7fgaxQnTTiDzZ4zjuDi5sEBQ9XqRX5Gmn7Xaz9S6NMhJhBS5Y7uNejCWdfEoPFEe6PD9ZHm9sEK,transfer,2Q8tAc9nrQca3tE9KqhnVc9DiBsDPQyqY24rnbRVYv8E,D5YqVMoSxnqeZAKAUUE1Dm3bmjtdxQ5DCF356ozqN9cM,9UK3o1FSN5avmpNmuxkdJWT16YPRjNZ7WvYW3fCcjaw4,2KJkRj5rk5ft92WTTT5NYQThgX6SHStiqsyffyhjDWb4,182472169,1.82472169,1
6e39200fb10b186ddafea74b2f6cd495,2026-10-03,2026-10-03 00:04:29.000 UTC,452766166,3cEPHTDWyPoX5vFAr9sf7hBaKTaCfLy4adBWRjHcmKH3xRtBqmJyhuGe7Ph8fcb8ZwZJVLtfQHuZtVK99BbmDRdT,transfer,2Q8tAc9nrQca3tE9KqhnVc9DiBsDPQyqY24rnbRVYv8E,D5YqVMoSxnqeZAKAUUE1Dm3bmjtdxQ5DCF356ozqN9cM,9UK3o1FSN5avmpNmuxkdJWT16YPRjNZ7WvYW3fCcjaw4,2KJkRj5rk5ft92WTTT5NYQThgX6SHStiqsyffyhjDWb4,182001576,1.82001576,1
222ac4372f2161178ea2d99111001b2b,2026-10-03,2026-10-03 00:04:29.000 UTC,452766166,3cEPHTDWyPoX5vFAr9sf7hBaKTaCfLy4adBWRjHcmKH3xRtBqmJyhuGe7Ph8fcb8ZwZJVLtfQHuZtVK99BbmDRdT,transfer,D5YqVMoSxnqeZAKAUUE1Dm3bmjtdxQ5DCF356ozqN9cM,J3cdRYTeQAnZUhYRcVpk9abqEuRWTrtxb5fUbgh2aADn,2KJkRj5rk5ft92WTTT5NYQThgX6SHStiqsyffyhjDWb4,7r4TcfVhcYuuh3of8S8igoV7AeyNfwcnRhAaA8FfvSgP,182001576,1.82001576,1
0fc86dd04f650c9750bb59157476f6ba,2026-10-03,2026-10-03 00:04:34.000 UTC,452766187,2Eh1iwekrgXe9dsWaVV2AuJoUuPNTKQoktsbXoFCtgrwjb2PCDLhWS2BUuTcync8vmREAErbbbHohDchWtELe8D3,transfer,GpMZbSM2GgvTKHJirzeGfMFoaZ8UR2X7F4v8vHTvxFbL,81RwTUf7ZvM5GpeG5q5aGemnxPQLzKAXEF6qPDzNQKDn,GJrjTyjw8vEL4FUVVnKmfvYKZamyjNgwxxprciNkQ9AE,95BGpzYf6m74RDhE6Y7pSVFPiBKuUvQhoDtf41nZUHcb,120809932435,1208.09932435,1
70cff9697361a6b321e808201bcaeb9c,2026-10-03,2026-10-03 00:04:34.000 UTC,452766187,2Eh1iwekrgXe9dsWaVV2AuJoUuPNTKQoktsbXoFCtgrwjb2PCDLhWS2BUuTcync8vmREAErbbbHohDchWtELe8D3,transfer,81RwTUf7ZvM5GpeG5q5aGemnxPQLzKAXEF6qPDzNQKDn,J3cdRYTeQAnZUhYRcVpk9abqEuRWTrtxb5fUbgh2aADn,95BGpzYf6m74RDhE6Y7pSVFPiBKuUvQhoDtf41nZUHcb,7r4TcfVhcYuuh3of8S8igoV7AeyNfwcnRhAaA8FfvSgP,120809932435,1208.09932435,1
ca7d887159bc6b20fd8c9f941723eb91,2026-10-03,2026-10-03 00:04:35.000 UTC,452766189,2cERWJiQkty8eqTvpCzLmHJheard8D8AnSgQhNcbu4iRJJopMvuuA39SwvZwqGZ36yDFQ1owVaL1xuh4ydFWCE9M,transfer,GpMZbSM2GgvTKHJirzeGfMFoaZ8UR2X7F4v8vHTvxFbL,3nMNd89AxwHUa1AFvQGqohRkxFEQsTsgiEyEyqXFHyyH,GJrjTyjw8vEL4FUVVnKmfvYKZamyjNgwxxprciNkQ9AE,F9eR3BpXB6zJCUDRiy7q4ewPFvmxV9gvZYrSmiXmXdyg,70724635468,707.24635468,1
78b86bc2ce72157cb08e6067b7dd1015,2026-10-03,2026-10-03 00:04:35.000 UTC,452766189,2cERWJiQkty8eqTvpCzLmHJheard8D8AnSgQhNcbu4iRJJopMvuuA39SwvZwqGZ36yDFQ1owVaL1xuh4ydFWCE9M,transfer,3nMNd89AxwHUa1AFvQGqohRkxFEQsTsgiEyEyqXFHyyH,J3cdRYTeQAnZUhYRcVpk9abqEuRWTrtxb5fUbgh2aADn,F9eR3BpXB6zJCUDRiy7q4ewPFvmxV9gvZYrSmiXmXdyg,7r4TcfVhcYuuh3of8S8igoV7AeyNfwcnRhAaA8FfvSgP,70724635468,707.24635468,1
ed1986f0b2c1a12276721675a277e713,2026-10-03,2026-10-03 00:06:45.000 UTC,452766680,rVsqhG9vQcKMU2uPuVFfAeXY3dgEQxoZyiMRWAtrzBA4VBLhffaM2qfceGRo7thXbi7abSPMjU3nxhLkoJzDm8t,transfer,BjQhb8d63a2BgkFgd9jJ4bKqZuNHj5wPE3S1CcjkA7X,4xDsmeTWPNjgSVSS1VTfzFq3iHZhp77ffPkAmkZkdu71,4abPQ9mjvuHqYV3YUjbArxKmU8LVJRysNsyowuP72wo8,6nh19xY4eR2QWhKG1xbsLALzu1bXaaDi8JuRyPpgTTmx,53755017391,537.55017391,1
0bd4614ce253a10830efad50adedbed8,2026-10-03,2026-10-03 00:06:45.000 UTC,452766680,rVsqhG9vQcKMU2uPuVFfAeXY3dgEQxoZyiMRWAtrzBA4VBLhffaM2qfceGRo7thXbi7abSPMjU3nxhLkoJzDm8t,transfer,4xDsmeTWPNjgSVSS1VTfzFq3iHZhp77ffPkAmkZkdu71,J3cdRYTeQAnZUhYRcVpk9abqEuRWTrtxb5fUbgh2aADn,6nh19xY4eR2QWhKG1xbsLALzu1bXaaDi8JuRyPpgTTmx,7r4TcfVhcYuuh3of8S8igoV7AeyNfwcnRhAaA8FfvSgP,53755017391,537.55017391,1
b85fe59da5e4d6669a2190168e685d54,2026-10-03,2026-10-03 00:07:28.000 UTC,452766841,5jCfUC8GjNjNbCLRSjyns9iwNfMbQdoZGBZ5BWFVykEsb1bJ2kNWM2VoMfywbbdj2Uk98PZyXvqVcWX5HNBW8JYv,transfer,78Bo7xxGWBEvqbh3VMKvkFG4Z63cXKSJ2LCEXAanhN7a,J3cdRYTeQAnZUhYRcVpk9abqEuRWTrtxb5fUbgh2aADn,H4dF1Hr9YcAqNEUsfGVnxa9qL3dbgJ5fa6PaffqtR7UD,7r4TcfVhcYuuh3of8S8igoV7AeyNfwcnRhAaA8FfvSgP,84930026300,849.300263,1
2d35292e54de6024ca0e1780f1bb450e,2026-10-03,2026-10-03 00:07:28.000 UTC,452766841,5jCfUC8GjNjNbCLRSjyns9iwNfMbQdoZGBZ5BWFVykEsb1bJ2kNWM2VoMfywbbdj2Uk98PZyXvqVcWX5HNBW8JYv,transfer,GpMZbSM2GgvTKHJirzeGfMFoaZ8UR2X7F4v8vHTvxFbL,78Bo7xxGWBEvqbh3VMKvkFG4Z63cXKSJ2LCEXAanhN7a,GJrjTyjw8vEL4FUVVnKmfvYKZamyjNgwxxprciNkQ9AE,H4dF1Hr9YcAqNEUsfGVnxa9qL3dbgJ5fa6PaffqtR7UD,84930026300,849.300263,1
fd0fd54350a91ea52dcb191e3e7467c9,2026-10-03,2026-10-03 00:27:23.000 UTC,452771324,2LF28Yjm1N1pPk4CvtsE5Gf5a3zk9YVnFu3kWVZa8iFrMNw7hSmot7ZAxTKk5YJLvXEnaxg64thgCZ1GeVZj5oSd,transfer,GpMZbSM2GgvTKHJirzeGfMFoaZ8UR2X7F4v8vHTvxFbL,78Bo7xxGWBEvqbh3VMKvkFG4Z63cXKSJ2LCEXAanhN7a,GJrjTyjw8vEL4FUVVnKmfvYKZamyjNgwxxprciNkQ9AE,H4dF1Hr9YcAqNEUsfGVnxa9qL3dbgJ5fa6PaffqtR7UD,70547342149,705.47342149,1
0c2eaf4dc7638dd44b2539a31ef2de1c,2026-10-03,2026-10-03 00:27:23.000 UTC,452771324,2LF28Yjm1N1pPk4CvtsE5Gf5a3zk9YVnFu3kWVZa8iFrMNw7hSmot7ZAxTKk5YJLvXEnaxg64thgCZ1GeVZj5oSd,transfer,78Bo7xxGWBEvqbh3VMKvkFG4Z63cXKSJ2LCEXAanhN7a,J3cdRYTeQAnZUhYRcVpk9abqEuRWTrtxb5fUbgh2aADn,H4dF1Hr9YcAqNEUsfGVnxa9qL3dbgJ5fa6PaffqtR7UD,7r4TcfVhcYuuh3of8S8igoV7AeyNfwcnRhAaA8FfvSgP,70547342149,705.47342149,1
c5411a409c8118725bfd18ba3aad7fe5,2026-10-03,2026-10-03 00:27:59.000 UTC,452771458,4sh5pyZZc6UJCocd6oJqsJ5MBhgVamkERmj9XDC7kdGTzSwiWqm3MzmokjPbVsdqcHA2Mf1d8ya8PKQ6MFqpeiY6,transfer,GpMZbSM2GgvTKHJirzeGfMFoaZ8UR2X7F4v8vHTvxFbL,78Bo7xxGWBEvqbh3VMKvkFG4Z63cXKSJ2LCEXAanhN7a,GJrjTyjw8vEL4FUVVnKmfvYKZamyjNgwxxprciNkQ9AE,H4dF1Hr9YcAqNEUsfGVnxa9qL3dbgJ5fa6PaffqtR7UD,84405921703,844.05921703,1
051110038fab56dc68c915b74fd7f784,2026-10-03,2026-10-03 00:27:59.000 UTC,452771458,4sh5pyZZc6UJCocd6oJqsJ5MBhgVamkERmj9XDC7kdGTzSwiWqm3MzmokjPbVsdqcHA2Mf1d8ya8PKQ6MFqpeiY6,transfer,78Bo7xxGWBEvqbh3VMKvkFG4Z63cXKSJ2LCEXAanhN7a,J3cdRYTeQAnZUhYRcVpk9abqEuRWTrtxb5fUbgh2aADn,H4dF1Hr9YcAqNEUsfGVnxa9qL3dbgJ5fa6PaffqtR7UD,7r4TcfVhcYuuh3of8S8igoV7AeyNfwcnRhAaA8FfvSgP,84405921703,844.05921703,1
3b6792e1060f91c44878ea6f047b6b41,2026-10-03,2026-10-03 00:29:11.000 UTC,452771721,61oEdthz1jsSGp2HgjRUj3aBXakVHQZV9v93naZsVoLsFSipX6QCUViGDhbMFEoe35KWT8eNpNPrxB7JE9iHGWeT,transfer,NALUnJA2AJUYa6xJL1HsorEeFgxxDsfUgYBCX8Pp2zD,J3cdRYTeQAnZUhYRcVpk9abqEuRWTrtxb5fUbgh2aADn,4sKCpuN1EjauwQaSqE8RN1EaAd8qjDZKCv5Swv7ad7un,7r4TcfVhcYuuh3of8S8igoV7AeyNfwcnRhAaA8FfvSgP,96014811926,960.14811926,1
71da3bce58138c303267db91b260c3af,2026-10-03,2026-10-03 00:29:11.000 UTC,452771721,61oEdthz1jsSGp2HgjRUj3aBXakVHQZV9v93naZsVoLsFSipX6QCUViGDhbMFEoe35KWT8eNpNPrxB7JE9iHGWeT,transfer,GpMZbSM2GgvTKHJirzeGfMFoaZ8UR2X7F4v8vHTvxFbL,NALUnJA2AJUYa6xJL1HsorEeFgxxDsfUgYBCX8Pp2zD,GJrjTyjw8vEL4FUVVnKmfvYKZamyjNgwxxprciNkQ9AE,4sKCpuN1EjauwQaSqE8RN1EaAd8qjDZKCv5Swv7ad7un,96014811926,960.14811926,1
ba85ea9b504a6d16a64afe957f0f8169,2026-10-03,2026-10-03 00:29:59.000 UTC,452771903,jPtyMphh9NurHFeFjAV5fSbzac2XJiSpywtzyTRdGyjpDUoF7bMqTTabaG1aYgYBpMzycY9STnGgwTZidT6fXyd,transfer,78Bo7xxGWBEvqbh3VMKvkFG4Z63cXKSJ2LCEXAanhN7a,J3cdRYTeQAnZUhYRcVpk9abqEuRWTrtxb5fUbgh2aADn,H4dF1Hr9YcAqNEUsfGVnxa9qL3dbgJ5fa6PaffqtR7UD,7r4TcfVhcYuuh3of8S8igoV7AeyNfwcnRhAaA8FfvSgP,52302843498,523.02843498,1
a7c3a6c63fddeafd19b0301eb5b1c8bc,2026-10-03,2026-10-03 00:29:59.000 UTC,452771903,jPtyMphh9NurHFeFjAV5fSbzac2XJiSpywtzyTRdGyjpDUoF7bMqTTabaG1aYgYBpMzycY9STnGgwTZidT6fXyd,transfer,GpMZbSM2GgvTKHJirzeGfMFoaZ8UR2X7F4v8vHTvxFbL,78Bo7xxGWBEvqbh3VMKvkFG4Z63cXKSJ2LCEXAanhN7a,GJrjTyjw8vEL4FUVVnKmfvYKZamyjNgwxxprciNkQ9AE,H4dF1Hr9YcAqNEUsfGVnxa9qL3dbgJ5fa6PaffqtR7UD,52302843498,523.02843498,1
bc415177915c9100f7ce2c1a76eb25e6,2026-10-03,2026-10-03 00:42:04.000 UTC,452774609,2tF6XcQXnEQCR8Bwv2xuBkNsuZk7wCqYc3BLwy6eFpgYYBHSpGqLKgEvSRnjCW5qtdoMoUdrBtBtFNU6ooFMZkRC,transfer,R32xAccFis3YzBzGwZ1C4QkGiehLxSao7gDmErA3kjk,J3cdRYTeQAnZUhYRcVpk9abqEuRWTrtxb5fUbgh2aADn,DGuSLBt7dJYaDkXoT6286dQ3MmezUtKcyEQgg9ESeP7d,7r4TcfVhcYuuh3of8S8igoV7AeyNfwcnRhAaA8FfvSgP,115254423641,1152.54423641,1
1b863a59e9261331605fe9f348003e50,2026-10-03,2026-10-03 00:42:04.000 UTC,452774609,2tF6XcQXnEQCR8Bwv2xuBkNsuZk7wCqYc3BLwy6eFpgYYBHSpGqLKgEvSRnjCW5qtdoMoUdrBtBtFNU6ooFMZkRC,transfer,GpMZbSM2GgvTKHJirzeGfMFoaZ8UR2X7F4v8vHTvxFbL,R32xAccFis3YzBzGwZ1C4QkGiehLxSao7gDmErA3kjk,GJrjTyjw8vEL4FUVVnKmfvYKZamyjNgwxxprciNkQ9AE,DGuSLBt7dJYaDkXoT6286dQ3MmezUtKcyEQgg9ESeP7d,115254423641,1152.54423641,1
758c1b8b3b24342c70cb6c16c813130b,2026-10-03,2026-10-03 00:42:04.000 UTC,452774609,3X8Ka7L8g1QXTVgXjXvYF4V7CUrzcCswz5tps4NFBCfsDvkoRsNnbbLzFe4eHJdTgUSydxoFQryDEMeJz34dBfmF,transfer,GHigB15jr7wZ8GitjD4Hf5naqyUJfMbKa1n1PmSiBhUc,GpMZbSM2GgvTKHJirzeGfMFoaZ8UR2X7F4v8vHTvxFbL,EgBRpA39dPnuPYoitHg21eK83naNQvGwrDjF2HXAV2N9,35hKKpdPTy495wFTybw5wajHp4ZNSyQA5KZXd7cN9hB7,23959936992,239.59936992,1
469638ba92298b4ca741277f271ba54b,2026-10-03,2026-10-03 00:42:04.000 UTC,452774609,3X8Ka7L8g1QXTVgXjXvYF4V7CUrzcCswz5tps4NFBCfsDvkoRsNnbbLzFe4eHJdTgUSydxoFQryDEMeJz34dBfmF,transfer,GpMZbSM2GgvTKHJirzeGfMFoaZ8UR2X7F4v8vHTvxFbL,GHigB15jr7wZ8GitjD4Hf5naqyUJfMbKa1n1PmSiBhUc,GJrjTyjw8vEL4FUVVnKmfvYKZamyjNgwxxprciNkQ9AE,EgBRpA39dPnuPYoitHg21eK83naNQvGwrDjF2HXAV2N9,23959936992,239.59936992,1
f867c78744b792de4e5ea6ca7c173fd2,2026-10-03,2026-10-03 01:12:31.000 UTC,452781439,4a1djcfvAk5xtAwnGEjvgtbfs6XCh6cvJR4dXMXjhfRmaJ5S4VwWkUiTbpgnXJQGTaaA4xGy22dz6gK2f4yP5W6G,transfer,Er2rjAuJMra8ZcKCHtBqKm8tgjY8M67NeMpAGYhTcm2R,GpMZbSM2GgvTKHJirzeGfMFoaZ8UR2X7F4v8vHTvxFbL,AzTqC7bgqJujbj637W3RfpKmfFKZ93TQe2o8Lxb1U2PV,35hKKpdPTy495wFTybw5wajHp4ZNSyQA5KZXd7cN9hB7,544681163758,5446.81163758,1
82e65838a6289bc505f8ad3900867b9c,2026-10-03,2026-10-03 01:12:31.000 UTC,452781439,4a1djcfvAk5xtAwnGEjvgtbfs6XCh6cvJR4dXMXjhfRmaJ5S4VwWkUiTbpgnXJQGTaaA4xGy22dz6gK2f4yP5W6G,transfer,Er2rjAuJMra8ZcKCHtBqKm8tgjY8M67NeMpAGYhTcm2R,J3cdRYTeQAnZUhYRcVpk9abqEuRWTrtxb5fUbgh2aADn,AzTqC7bgqJujbj637W3RfpKmfFKZ93TQe2o8Lxb1U2PV,7r4TcfVhcYuuh3of8S8igoV7AeyNfwcnRhAaA8FfvSgP,3329295815585,33292.95815585,1
40ef4bb876311c7760ac79a511a4e087,2026-10-03,2026-10-03 01:32:23.000 UTC,452785912,38P5HqP82ZgXkttjJj23hHq6SnFpTDudKmoiGfVFzUNerBEgNs4yPJ5PNPL1ixgQDhHNKvAEZYMwdxHCEgCSj8yX,transfer,Er2rjAuJMra8ZcKCHtBqKm8tgjY8M67NeMpAGYhTcm2R,J3cdRYTeQAnZUhYRcVpk9abqEuRWTrtxb5fUbgh2aADn,AzTqC7bgqJujbj637W3RfpKmfFKZ93TQe2o8Lxb1U2PV,7r4TcfVhcYuuh3of8S8igoV7AeyNfwcnRhAaA8FfvSgP,1796305127253,17963.05127253,1
67206c884299bc86b487daa3cd1a4da2,2026-10-03,2026-10-03 01:57:42.000 UTC,452791582,4BN7W4p3bhQeVqTn3avQdZV8J6vCyC9T8oW43tz1Baxxr27Sbyv71SWfgk5hEguew85Ry6oiz34s76SN7PWq5LYJ,transfer,A4ny8hidUy2PzmCBQF6CUjw4B3pgqjBgH1kwHNd66kMr,ARu4n5mFdZogZAravu7CcizaojWnS6oqka37gdLT5SZn,3nB6cy1CUdJoCrc1tuoEtxERycyYjQno6hQXkWrSYdCJ,3CCaDwLVKs3WBE6bFG58Q9qaHmGfRrjUvEnEcuiCbY87,1352529792,13.52529792,1
c53f52245af8619075fab77f5777afaa,2026-10-03,2026-10-03 01:57:42.000 UTC,452791582,4BN7W4p3bhQeVqTn3avQdZV8J6vCyC9T8oW43tz1Baxxr27Sbyv71SWfgk5hEguew85Ry6oiz34s76SN7PWq5LYJ,transfer,ARu4n5mFdZogZAravu7CcizaojWnS6oqka37gdLT5SZn,GpMZbSM2GgvTKHJirzeGfMFoaZ8UR2X7F4v8vHTvxFbL,3CCaDwLVKs3WBE6bFG58Q9qaHmGfRrjUvEnEcuiCbY87,35hKKpdPTy495wFTybw5wajHp4ZNSyQA5KZXd7cN9hB7,906194961,9.06194961,1
84748c28f88ff57743f9fee983efe3f0,2026-10-03,2026-10-03 01:57:42.000 UTC,452791582,4BN7W4p3bhQeVqTn3avQdZV8J6vCyC9T8oW43tz1Baxxr27Sbyv71SWfgk5hEguew85Ry6oiz34s76SN7PWq5LYJ,transfer,ARu4n5mFdZogZAravu7CcizaojWnS6oqka37gdLT5SZn,GpMZbSM2GgvTKHJirzeGfMFoaZ8UR2X7F4v8vHTvxFbL,3CCaDwLVKs3WBE6bFG58Q9qaHmGfRrjUvEnEcuiCbY87,GJrjTyjw8vEL4FUVVnKmfvYKZamyjNgwxxprciNkQ9AE,446334831,4.46334831,1
5679fce9109c21c21b1104cb46ffe761,2026-10-03,2026-10-03 02:25:29.000 UTC,452797829,2QH4Vu1k7s6yogww2oraNwfcpLHS77r1q9kefDGkin4QPQS9LfPd8GjPbrJyv79c5ReBxTrq6zwhZR3w3EHd8kny,transfer,Er2rjAuJMra8ZcKCHtBqKm8tgjY8M67NeMpAGYhTcm2R,ARu4n5mFdZogZAravu7CcizaojWnS6oqka37gdLT5SZn,AzTqC7bgqJujbj637W3RfpKmfFKZ93TQe2o8Lxb1U2PV,3CCaDwLVKs3WBE6bFG58Q9qaHmGfRrjUvEnEcuiCbY87,1807534810937,18075.34810937,1
e87094973001a3a1d359f97fea6e6ec8,2026-10-03,2026-10-03 02:25:29.000 UTC,452797829,2QH4Vu1k7s6yogww2oraNwfcpLHS77r1q9kefDGkin4QPQS9LfPd8GjPbrJyv79c5ReBxTrq6zwhZR3w3EHd8kny,transfer,ARu4n5mFdZogZAravu7CcizaojWnS6oqka37gdLT5SZn,GpMZbSM2GgvTKHJirzeGfMFoaZ8UR2X7F4v8vHTvxFbL,3CCaDwLVKs3WBE6bFG58Q9qaHmGfRrjUvEnEcuiCbY87,35hKKpdPTy495wFTybw5wajHp4ZNSyQA5KZXd7cN9hB7,361506962188,3615.06962188,1
07544df73bbfdfca9fe5cd8b22bd4028,2026-10-03,2026-10-03 02:25:29.000 UTC,452797829,2QH4Vu1k7s6yogww2oraNwfcpLHS77r1q9kefDGkin4QPQS9LfPd8GjPbrJyv79c5ReBxTrq6zwhZR3w3EHd8kny,transfer,ARu4n5mFdZogZAravu7CcizaojWnS6oqka37gdLT5SZn,J3cdRYTeQAnZUhYRcVpk9abqEuRWTrtxb5fUbgh2aADn,3CCaDwLVKs3WBE6bFG58Q9qaHmGfRrjUvEnEcuiCbY87,7r4TcfVhcYuuh3of8S8igoV7AeyNfwcnRhAaA8FfvSgP,1446027848749,14460.27848749,1
37c9dcc3e62a6869cd249fca80dd8013,2026-10-03,2026-10-03 09:15:33.000 UTC,452890166,2CzeW2vT7yEWzfacU6RvR72qCUN87qd4cxLuJp2qsaEuM1tizKRAvRbgG5zYwftdrqQovy6iPh4zbZfNwhCXcxAE,transfer,J3cdRYTeQAnZUhYRcVpk9abqEuRWTrtxb5fUbgh2aADn,78Bo7xxGWBEvqbh3VMKvkFG4Z63cXKSJ2LCEXAanhN7a,7r4TcfVhcYuuh3of8S8igoV7AeyNfwcnRhAaA8FfvSgP,H4dF1Hr9YcAqNEUsfGVnxa9qL3dbgJ5fa6PaffqtR7UD,67626506557,676.26506557,1
549a44b07c55c6e02c5c64f0ad7887c8,2026-10-03,2026-10-03 09:15:33.000 UTC,452890166,2CzeW2vT7yEWzfacU6RvR72qCUN87qd4cxLuJp2qsaEuM1tizKRAvRbgG5zYwftdrqQovy6iPh4zbZfNwhCXcxAE,transfer,78Bo7xxGWBEvqbh3VMKvkFG4Z63cXKSJ2LCEXAanhN7a,GpMZbSM2GgvTKHJirzeGfMFoaZ8UR2X7F4v8vHTvxFbL,H4dF1Hr9YcAqNEUsfGVnxa9qL3dbgJ5fa6PaffqtR7UD,GJrjTyjw8vEL4FUVVnKmfvYKZamyjNgwxxprciNkQ9AE,67626506557,676.26506557,1
7cb23889f6452e42723a48f2ef05ddae,2026-10-03,2026-10-03 09:29:50.000 UTC,452893376,KvcnPYffyHRdX78sexcrrmRu3W5xVBeVaYtd4McArE9BENKdSaeF6dizq24TGPqcH7qFbdAjzNDNYsAgcpGNPPX,transfer,J3cdRYTeQAnZUhYRcVpk9abqEuRWTrtxb5fUbgh2aADn,BQ72nSv9f3PRyRKCBnHLVrerrv37CYTHm5h3s9VSGQDV,7r4TcfVhcYuuh3of8S8igoV7AeyNfwcnRhAaA8FfvSgP,5VgcSx25aaJisJcZTtLw5SPkJesSLZQYw6ceuXzXCpGr,8631647473024,86316.47473024,1
0e7795e4bc98217d100e6b610a38c808,2026-10-03,2026-10-03 09:29:50.000 UTC,452893376,KvcnPYffyHRdX78sexcrrmRu3W5xVBeVaYtd4McArE9BENKdSaeF6dizq24TGPqcH7qFbdAjzNDNYsAgcpGNPPX,transfer,BQ72nSv9f3PRyRKCBnHLVrerrv37CYTHm5h3s9VSGQDV,5QsyByFVJcg7oN76Ma26KEDFQdHt1tsiVExK94zURzfd,5VgcSx25aaJisJcZTtLw5SPkJesSLZQYw6ceuXzXCpGr,8joUsyKkRQzxUWHwuXjLAnnxdR8q4yy6VicKt2mJFCPC,8631647473024,86316.47473024,1
4a85df89131dd3e8b60647e8bc07876a,2026-10-03,2026-10-03 09:29:50.000 UTC,452893377,29agA86Mgs9QgCGXbWdpv1ZxRYsqJwb4sXZ8xwkzLXB2afvbJr3sKCX3AeBUoNH85Gdbr8cb6tScsQkgBzbtxpPm,transfer,RustUSBDaDcRRbT8JRmJ8GpomiXiMdgt3iYwbA59xvB,J3cdRYTeQAnZUhYRcVpk9abqEuRWTrtxb5fUbgh2aADn,7FDjTg3uecMSa7cp4CFtZ67uBaDQS2TbJ3Dj6DYZKDgt,7r4TcfVhcYuuh3of8S8igoV7AeyNfwcnRhAaA8FfvSgP,82027236624,820.27236624,1
1e47da35a7664200031f7659dd9fd604,2026-10-03,2026-10-03 09:29:50.000 UTC,452893377,29agA86Mgs9QgCGXbWdpv1ZxRYsqJwb4sXZ8xwkzLXB2afvbJr3sKCX3AeBUoNH85Gdbr8cb6tScsQkgBzbtxpPm,transfer,GpMZbSM2GgvTKHJirzeGfMFoaZ8UR2X7F4v8vHTvxFbL,RustUSBDaDcRRbT8JRmJ8GpomiXiMdgt3iYwbA59xvB,35hKKpdPTy495wFTybw5wajHp4ZNSyQA5KZXd7cN9hB7,7FDjTg3uecMSa7cp4CFtZ67uBaDQS2TbJ3Dj6DYZKDgt,82027236624,820.27236624,1
ea831a65717d81150fceb3f481bd712a,2026-10-03,2026-10-03 09:30:03.000 UTC,452893429,3YEo5hyD5djY5BA8LzBfiWdirF1er1DW7xPU5kDw8JqBT2DRxA62ujtdqKSg9Ftq4xC1EDk8rvmU1BTgez3RUhpB,burn,5QsyByFVJcg7oN76Ma26KEDFQdHt1tsiVExK94zURzfd,,8joUsyKkRQzxUWHwuXjLAnnxdR8q4yy6VicKt2mJFCPC,,17242201437468,172422.01437468,1
bdd55e330b5441e751442c0f54590ee2,2026-10-03,2026-10-03 09:30:20.000 UTC,452893490,26h1jqFb64KQ1qp3anppdASi7Ko3kyKh85p8U4A2nUacoasApubWgmc4L3eQ4merN25fE7omFMgZTeLHUuJwgd2k,transfer,81RwTUf7ZvM5GpeG5q5aGemnxPQLzKAXEF6qPDzNQKDn,J3cdRYTeQAnZUhYRcVpk9abqEuRWTrtxb5fUbgh2aADn,95BGpzYf6m74RDhE6Y7pSVFPiBKuUvQhoDtf41nZUHcb,7r4TcfVhcYuuh3of8S8igoV7AeyNfwcnRhAaA8FfvSgP,459254833456,4592.54833456,1
dd757a4b1bdef17fd70659618c9ee511,2026-10-03,2026-10-03 09:30:20.000 UTC,452893490,26h1jqFb64KQ1qp3anppdASi7Ko3kyKh85p8U4A2nUacoasApubWgmc4L3eQ4merN25fE7omFMgZTeLHUuJwgd2k,transfer,GpMZbSM2GgvTKHJirzeGfMFoaZ8UR2X7F4v8vHTvxFbL,81RwTUf7ZvM5GpeG5q5aGemnxPQLzKAXEF6qPDzNQKDn,35hKKpdPTy495wFTybw5wajHp4ZNSyQA5KZXd7cN9hB7,95BGpzYf6m74RDhE6Y7pSVFPiBKuUvQhoDtf41nZUHcb,459254833456,4592.54833456,1
47fc1e898439f48d152bb224d715c59d,2026-10-03,2026-10-03 09:30:50.000 UTC,452893603,7FbrV4sR951cRMATnmY19Txi2EFUM5MX369MPUfSEJjYQxHoQcjWRkmGn8EJrNnkDMDuQNwitQxmx3Gr3ECD9UZ,transfer,GpMZbSM2GgvTKHJirzeGfMFoaZ8UR2X7F4v8vHTvxFbL,CrZD39mqZfxBRTJX716fcpnjHoCF2XdUrcZ4FUkPYRcr,35hKKpdPTy495wFTybw5wajHp4ZNSyQA5KZXd7cN9hB7,5GguQ843EmpY9adRo3W7rohPbStXRVVFLbkHWUj9ST39,112990690317,1129.90690317,1
67001e8b561f62db352a3c690258c9a4,2026-10-03,2026-10-03 09:30:50.000 UTC,452893603,7FbrV4sR951cRMATnmY19Txi2EFUM5MX369MPUfSEJjYQxHoQcjWRkmGn8EJrNnkDMDuQNwitQxmx3Gr3ECD9UZ,transfer,CrZD39mqZfxBRTJX716fcpnjHoCF2XdUrcZ4FUkPYRcr,J3cdRYTeQAnZUhYRcVpk9abqEuRWTrtxb5fUbgh2aADn,5GguQ843EmpY9adRo3W7rohPbStXRVVFLbkHWUj9ST39,7r4TcfVhcYuuh3of8S8igoV7AeyNfwcnRhAaA8FfvSgP,112990690317,1129.90690317,1
b2767482f3436a61101875265317b35c,2026-10-03,2026-10-03 09:34:38.000 UTC,452894455,5PVyc1VPUegLyBHdz4ZfgMStEGz6sKet5WGxc77DgrcRYVNeLg1f4VDFscHZEuRhLpvxSos87oGwsTND99f5HH6j,transfer,2Q8tAc9nrQca3tE9KqhnVc9DiBsDPQyqY24rnbRVYv8E,D5YqVMoSxnqeZAKAUUE1Dm3bmjtdxQ5DCF356ozqN9cM,9UK3o1FSN5avmpNmuxkdJWT16YPRjNZ7WvYW3fCcjaw4,2KJkRj5rk5ft92WTTT5NYQThgX6SHStiqsyffyhjDWb4,749225753,7.49225753,1
8365ead11e89e2b1cb6c461a69c34c0d,2026-10-03,2026-10-03 09:34:38.000 UTC,452894455,5PVyc1VPUegLyBHdz4ZfgMStEGz6sKet5WGxc77DgrcRYVNeLg1f4VDFscHZEuRhLpvxSos87oGwsTND99f5HH6j,transfer,D5YqVMoSxnqeZAKAUUE1Dm3bmjtdxQ5DCF356ozqN9cM,GpMZbSM2GgvTKHJirzeGfMFoaZ8UR2X7F4v8vHTvxFbL,2KJkRj5rk5ft92WTTT5NYQThgX6SHStiqsyffyhjDWb4,35hKKpdPTy495wFTybw5wajHp4ZNSyQA5KZXd7cN9hB7,749225753,7.49225753,1
be62a9a64b3f69a0f333b9cad8034c1c,2026-10-03,2026-10-03 09:56:30.000 UTC,452899359,61Q6LogypXG44yxeKPAG5quWQrm1BknUAewrEw9QAdgVSrTz1Ka3mWcLBdqTB1x2WKPm5PsWAwCT4YKtNQePydZx,transfer,J3cdRYTeQAnZUhYRcVpk9abqEuRWTrtxb5fUbgh2aADn,GGztQqQ6pCPaJQnNpXBgELr5cs3WwDakRbh1iEMzjgSJ,7r4TcfVhcYuuh3of8S8igoV7AeyNfwcnRhAaA8FfvSgP,GAGPmq9W6rjGFQEa7qsaPycAyuG6q3gAL8Xv7Po3GpoE,1433930178970,14339.3017897,1
8a9c6816a59e4c710094473d28e1d06e,2026-10-03,2026-10-03 09:56:30.000 UTC,452899359,61Q6LogypXG44yxeKPAG5quWQrm1BknUAewrEw9QAdgVSrTz1Ka3mWcLBdqTB1x2WKPm5PsWAwCT4YKtNQePydZx,transfer,GGztQqQ6pCPaJQnNpXBgELr5cs3WwDakRbh1iEMzjgSJ,5QsyByFVJcg7oN76Ma26KEDFQdHt1tsiVExK94zURzfd,GAGPmq9W6rjGFQEa7qsaPycAyuG6q3gAL8Xv7Po3GpoE,8joUsyKkRQzxUWHwuXjLAnnxdR8q4yy6VicKt2mJFCPC,1433930178970,14339.3017897,1
027f3190cfdd78982d749c01c7f611e2,2026-10-03,2026-10-03 09:57:08.000 UTC,452899500,214qTLUnVQSqn4CG5ks3DfrQyRPzjq3GYHFjYLrW2kjaUTy2cZRbytFJVAuMVuNcfE1KB8y5zJRZuCVKuk4p9z6G,transfer,GpMZbSM2GgvTKHJirzeGfMFoaZ8UR2X7F4v8vHTvxFbL,GxDC9e7SP9mzhDo4re5HbpLa2RW7gB9DtmThx4i4pXSq,35hKKpdPTy495wFTybw5wajHp4ZNSyQA5KZXd7cN9hB7,2QiaipXgmxVQdhS2kFeZJaNS2bQiBfhNGxKzqLJ6YrSs,70208563307,702.08563307,1
d147253e23edd0264814d4eb9c1ed9bf,2026-10-03,2026-10-03 09:57:08.000 UTC,452899500,214qTLUnVQSqn4CG5ks3DfrQyRPzjq3GYHFjYLrW2kjaUTy2cZRbytFJVAuMVuNcfE1KB8y5zJRZuCVKuk4p9z6G,transfer,GxDC9e7SP9mzhDo4re5HbpLa2RW7gB9DtmThx4i4pXSq,J3cdRYTeQAnZUhYRcVpk9abqEuRWTrtxb5fUbgh2aADn,2QiaipXgmxVQdhS2kFeZJaNS2bQiBfhNGxKzqLJ6YrSs,7r4TcfVhcYuuh3of8S8igoV7AeyNfwcnRhAaA8FfvSgP,70208563307,702.08563307,1
af92478223cbfd6b0fc9dfc7b02146a2,2026-10-03,2026-10-03 12:32:15.000 UTC,452934352,36bwBWFK3W5bofskA4ZFVXA18HVn6bFZMJqpNoeaWajBF3P6e9Gy1aA82CWJVDYMZ6nmicMnLP7xjTMywBLmfUrN,transfer,NALUnJA2AJUYa6xJL1HsorEeFgxxDsfUgYBCX8Pp2zD,J3cdRYTeQAnZUhYRcVpk9abqEuRWTrtxb5fUbgh2aADn,4sKCpuN1EjauwQaSqE8RN1EaAd8qjDZKCv5Swv7ad7un,7r4TcfVhcYuuh3of8S8igoV7AeyNfwcnRhAaA8FfvSgP,165579236476,1655.79236476,1
ae785780b487e42c6fe77d183c6597c9,2026-10-03,2026-10-03 12:32:15.000 UTC,452934352,36bwBWFK3W5bofskA4ZFVXA18HVn6bFZMJqpNoeaWajBF3P6e9Gy1aA82CWJVDYMZ6nmicMnLP7xjTMywBLmfUrN,transfer,GpMZbSM2GgvTKHJirzeGfMFoaZ8UR2X7F4v8vHTvxFbL,NALUnJA2AJUYa6xJL1HsorEeFgxxDsfUgYBCX8Pp2zD,35hKKpdPTy495wFTybw5wajHp4ZNSyQA5KZXd7cN9hB7,4sKCpuN1EjauwQaSqE8RN1EaAd8qjDZKCv5Swv7ad7un,165579236476,1655.79236476,1
dbc5a951ce543918b39ece13aa537e3d,2026-10-03,2026-10-03 12:32:15.000 UTC,452934352,PVRbE48UcTtwtVx4FZKVGUM2sk1cTndiFQiRzqjwcaMFRHs7jurYqrrjoyB4mYukiMwVNnSWWFCVcvHcqXAB7Sa,transfer,J3cdRYTeQAnZUhYRcVpk9abqEuRWTrtxb5fUbgh2aADn,2MFoS3MPtvyQ4Wh4M9pdfPjz6UhVoNbFbGJAskCPCj3h,7r4TcfVhcYuuh3of8S8igoV7AeyNfwcnRhAaA8FfvSgP,34Wr317ozaKQEG1pL43nQEmnD97aN1PgDr7DBJFL3Gem,8581882374259,85818.82374259,1
29785b9936127cb39a838d94cfa69e23,2026-10-03,2026-10-03 12:32:15.000 UTC,452934352,PVRbE48UcTtwtVx4FZKVGUM2sk1cTndiFQiRzqjwcaMFRHs7jurYqrrjoyB4mYukiMwVNnSWWFCVcvHcqXAB7Sa,transfer,2MFoS3MPtvyQ4Wh4M9pdfPjz6UhVoNbFbGJAskCPCj3h,5QsyByFVJcg7oN76Ma26KEDFQdHt1tsiVExK94zURzfd,34Wr317ozaKQEG1pL43nQEmnD97aN1PgDr7DBJFL3Gem,8joUsyKkRQzxUWHwuXjLAnnxdR8q4yy6VicKt2mJFCPC,8581882374259,85818.82374259,1
f05f455cdd388b86262ee993e6a2e219,2026-10-03,2026-10-03 12:32:32.000 UTC,452934413,5hkvCQRWYc2CmjtPoQXy3AtgyUaPtfTYxMwtpN1m2ZfawdEu7RQthWbFD4URD5fFE6yDUBzPnPRxm8UqqGQR57T6,burn,5QsyByFVJcg7oN76Ma26KEDFQdHt1tsiVExK94zURzfd,,8joUsyKkRQzxUWHwuXjLAnnxdR8q4yy6VicKt2mJFCPC,,10015812553229,100158.12553229,1
1aa416c4e0e1d9351a1cb5d186db6db0,2026-10-03,2026-10-03 12:45:47.000 UTC,452937397,2DtTjFaesoeVkeFfiNMtQ6WZyaqWdVBuwUzwzY8RWdE3N6WTMrPAEoTAVy3MYBK1CWPjnjR8GcXqgDXKeLnabB4z,transfer,6LXutJvKUw8Q5ue2gCgKHQdAN4suWW8awzFVC6XCguFx,5QsyByFVJcg7oN76Ma26KEDFQdHt1tsiVExK94zURzfd,48y6EEFeeyG47s66EeM6FQgdYVBXHthrCssWiTVJGu3N,8joUsyKkRQzxUWHwuXjLAnnxdR8q4yy6VicKt2mJFCPC,1428679943033,14286.79943033,1
66e8175136e685f416893d5ad8bba711,2026-10-03,2026-10-03 12:45:47.000 UTC,452937397,2DtTjFaesoeVkeFfiNMtQ6WZyaqWdVBuwUzwzY8RWdE3N6WTMrPAEoTAVy3MYBK1CWPjnjR8GcXqgDXKeLnabB4z,transfer,J3cdRYTeQAnZUhYRcVpk9abqEuRWTrtxb5fUbgh2aADn,6LXutJvKUw8Q5ue2gCgKHQdAN4suWW8awzFVC6XCguFx,7r4TcfVhcYuuh3of8S8igoV7AeyNfwcnRhAaA8FfvSgP,48y6EEFeeyG47s66EeM6FQgdYVBXHthrCssWiTVJGu3N,1428679943033,14286.79943033,1
a5766c084c353461a9bbbfc492e11140,2026-10-03,2026-10-03 12:46:12.000 UTC,452937488,52Q8MtX8jyzoK6xnUaj82rTyoB2b2oL6xZKmTDKmcBXq72pKa9HuGwNgW5p8LTW2mFFEvarqnkHajRdFYMrP8yGn,transfer,5QsyByFVJcg7oN76Ma26KEDFQdHt1tsiVExK94zURzfd,GpMZbSM2GgvTKHJirzeGfMFoaZ8UR2X7F4v8vHTvxFbL,8joUsyKkRQzxUWHwuXjLAnnxdR8q4yy6VicKt2mJFCPC,35hKKpdPTy495wFTybw5wajHp4ZNSyQA5KZXd7cN9hB7,591744444974,5917.44444974,1
d2b4f4d5f95baf469d7b92fea07c0070,2026-10-03,2026-10-03 13:04:15.000 UTC,452941547,XDQGui2n2VJQn5oE9YV1sCzpHeP3nqDGhbxQkNvBCB7THzb9TQSDVXnKq1nZ6eNnLH1wppj78JffznFqNx9a5F9,transfer,D5YqVMoSxnqeZAKAUUE1Dm3bmjtdxQ5DCF356ozqN9cM,J3cdRYTeQAnZUhYRcVpk9abqEuRWTrtxb5fUbgh2aADn,2KJkRj5rk5ft92WTTT5NYQThgX6SHStiqsyffyhjDWb4,7r4TcfVhcYuuh3of8S8igoV7AeyNfwcnRhAaA8FfvSgP,192918159,1.92918159,1
62cc7f65285af5b75616a140e451f484,2026-10-03,2026-10-03 13:04:15.000 UTC,452941547,XDQGui2n2VJQn5oE9YV1sCzpHeP3nqDGhbxQkNvBCB7THzb9TQSDVXnKq1nZ6eNnLH1wppj78JffznFqNx9a5F9,transfer,2Q8tAc9nrQca3tE9KqhnVc9DiBsDPQyqY24rnbRVYv8E,D5YqVMoSxnqeZAKAUUE1Dm3bmjtdxQ5DCF356ozqN9cM,9UK3o1FSN5avmpNmuxkdJWT16YPRjNZ7WvYW3fCcjaw4,2KJkRj5rk5ft92WTTT5NYQThgX6SHStiqsyffyhjDWb4,192918159,1.92918159,1
a6dd59119bff12839cbbe3475f174540,2026-10-03,2026-10-03 15:40:46.000 UTC,452976731,3aNsYgdoZKz33cz77fzFbydszbQWxb1RkgKvdRMAHhWtihkxfn88ZCgoEKecu5v2VqrLvssNtSdtYd9RB435yYWM,transfer,H4S1dprQW6HMKwmZuHp4xKx9t5L5TNks97Wgj8FB3JZY,ARu4n5mFdZogZAravu7CcizaojWnS6oqka37gdLT5SZn,7K6rCNDkSCtYjZMtnsSQ2u3X26824LMLiiBzFLFbwCB1,3CCaDwLVKs3WBE6bFG58Q9qaHmGfRrjUvEnEcuiCbY87,1373919384989,13739.19384989,1
a44fb479620e0a7245ccd15ab66daa31,2026-10-03,2026-10-03 15:40:46.000 UTC,452976731,3aNsYgdoZKz33cz77fzFbydszbQWxb1RkgKvdRMAHhWtihkxfn88ZCgoEKecu5v2VqrLvssNtSdtYd9RB435yYWM,transfer,ARu4n5mFdZogZAravu7CcizaojWnS6oqka37gdLT5SZn,8psNvWTrdNTiVRNzAgsou9kETXNJm2SXZyaKuJraVRtf,3CCaDwLVKs3WBE6bFG58Q9qaHmGfRrjUvEnEcuiCbY87,CFYg9oE2LZags4qVGrvvYsEDYAL6mWe7sCYGfWdLLRsY,11678314772,116.78314772,1
81bb205077faf40f8bfb4afed7cf6718,2026-10-03,2026-10-03 15:40:46.000 UTC,452976731,3aNsYgdoZKz33cz77fzFbydszbQWxb1RkgKvdRMAHhWtihkxfn88ZCgoEKecu5v2VqrLvssNtSdtYd9RB435yYWM,transfer,ARu4n5mFdZogZAravu7CcizaojWnS6oqka37gdLT5SZn,J3cdRYTeQAnZUhYRcVpk9abqEuRWTrtxb5fUbgh2aADn,3CCaDwLVKs3WBE6bFG58Q9qaHmGfRrjUvEnEcuiCbY87,7r4TcfVhcYuuh3of8S8igoV7AeyNfwcnRhAaA8FfvSgP,1362241070217,13622.41070217,1
027095383ffe7b2908544b489c49009f,2026-10-03,2026-10-03 16:12:02.000 UTC,452983752,G9DDbL44oqmVkc9M38wNKimXn4hD3yondP6Ks83MoftSdv5XUD4DEuA5FwhxSFegg5VYQK3vk6t29WmtbZ46NmZ,transfer,BQ72nSv9f3PRyRKCBnHLVrerrv37CYTHm5h3s9VSGQDV,5QsyByFVJcg7oN76Ma26KEDFQdHt1tsiVExK94zURzfd,5VgcSx25aaJisJcZTtLw5SPkJesSLZQYw6ceuXzXCpGr,8joUsyKkRQzxUWHwuXjLAnnxdR8q4yy6VicKt2mJFCPC,8538033076363,85380.33076363,1
bd348c7cab698f21d51b66d406bde1a5,2026-10-03,2026-10-03 16:12:02.000 UTC,452983752,G9DDbL44oqmVkc9M38wNKimXn4hD3yondP6Ks83MoftSdv5XUD4DEuA5FwhxSFegg5VYQK3vk6t29WmtbZ46NmZ,transfer,J3cdRYTeQAnZUhYRcVpk9abqEuRWTrtxb5fUbgh2aADn,BQ72nSv9f3PRyRKCBnHLVrerrv37CYTHm5h3s9VSGQDV,7r4TcfVhcYuuh3of8S8igoV7AeyNfwcnRhAaA8FfvSgP,5VgcSx25aaJisJcZTtLw5SPkJesSLZQYw6ceuXzXCpGr,8538033076363,85380.33076363,1
44515a36784e0b33799962defa5cc529,2026-10-03,2026-10-03 16:12:03.000 UTC,452983753,Lzjd7YNcoUtJsjp3TLTtiT7owvZ9WmRoT498g5YDY11PSzt4B3a7U9b9BYcSvhsdujY1wtuZruaxXCtZBJzbFPR,transfer,12BLKXs2JUSzMTq3r5JFor4FBiG4bA3kFpW5LpvMkweT,J3cdRYTeQAnZUhYRcVpk9abqEuRWTrtxb5fUbgh2aADn,EPe8o8NgsjzXrBvMDzSogQBiQPksNF4ZCR18UNz39dpj,7r4TcfVhcYuuh3of8S8igoV7AeyNfwcnRhAaA8FfvSgP,194015392655,1940.15392655,1
c3632d1c46364831c1da5b0c2efa913a,2026-10-03,2026-10-03 16:12:03.000 UTC,452983753,Lzjd7YNcoUtJsjp3TLTtiT7owvZ9WmRoT498g5YDY11PSzt4B3a7U9b9BYcSvhsdujY1wtuZruaxXCtZBJzbFPR,transfer,GpMZbSM2GgvTKHJirzeGfMFoaZ8UR2X7F4v8vHTvxFbL,12BLKXs2JUSzMTq3r5JFor4FBiG4bA3kFpW5LpvMkweT,35hKKpdPTy495wFTybw5wajHp4ZNSyQA5KZXd7cN9hB7,EPe8o8NgsjzXrBvMDzSogQBiQPksNF4ZCR18UNz39dpj,194015392655,1940.15392655,1
570ced3e04e9ab25b56f3255683be79c,2026-10-03,2026-10-03 16:12:14.000 UTC,452983795,4nDk419W7JFxkuBvdw9SB5sJUhv5kp5Jtrkb7nFdJfj36QQ2K2iBDhTKs56GknT9epeqVpx4jyM8jZxzAwQkAoAF,burn,5QsyByFVJcg7oN76Ma26KEDFQdHt1tsiVExK94zURzfd,,8joUsyKkRQzxUWHwuXjLAnnxdR8q4yy6VicKt2mJFCPC,,9374968574422,93749.68574422,1
75c8ba30c2433dcdf624e7fb2c5d6ccb,2026-10-03,2026-10-03 16:12:26.000 UTC,452983842,5eH1zwWj5w5mbfugX6cqUJzkNDShYtzhXnSMEVooEN8fvyge2t1Axf17BRn9YymNyGsGjCwkUQjUsc6hCiYTq51s,transfer,BQ72nSv9f3PRyRKCBnHLVrerrv37CYTHm5h3s9VSGQDV,5QsyByFVJcg7oN76Ma26KEDFQdHt1tsiVExK94zURzfd,5VgcSx25aaJisJcZTtLw5SPkJesSLZQYw6ceuXzXCpGr,8joUsyKkRQzxUWHwuXjLAnnxdR8q4yy6VicKt2mJFCPC,1420170513289,14201.70513289,1
48ebb4a7681ac5172ec750b35848912e,2026-10-03,2026-10-03 16:12:26.000 UTC,452983842,5eH1zwWj5w5mbfugX6cqUJzkNDShYtzhXnSMEVooEN8fvyge2t1Axf17BRn9YymNyGsGjCwkUQjUsc6hCiYTq51s,transfer,J3cdRYTeQAnZUhYRcVpk9abqEuRWTrtxb5fUbgh2aADn,BQ72nSv9f3PRyRKCBnHLVrerrv37CYTHm5h3s9VSGQDV,7r4TcfVhcYuuh3of8S8igoV7AeyNfwcnRhAaA8FfvSgP,5VgcSx25aaJisJcZTtLw5SPkJesSLZQYw6ceuXzXCpGr,1420170513289,14201.70513289,1
638b5ef0db0fa9b971f0306ac91b9e9e,2026-10-03,2026-10-03 16:12:49.000 UTC,452983927,2EjYuMMtyn6pZR37Awtbe4LhR8tzDeRvg41BFkaskk2vaydzNLj4Tm5A9x5Kvsqm7tsEJfPPBawmqt5CwKj7DKGR,transfer,5QsyByFVJcg7oN76Ma26KEDFQdHt1tsiVExK94zURzfd,GpMZbSM2GgvTKHJirzeGfMFoaZ8UR2X7F4v8vHTvxFbL,8joUsyKkRQzxUWHwuXjLAnnxdR8q4yy6VicKt2mJFCPC,35hKKpdPTy495wFTybw5wajHp4ZNSyQA5KZXd7cN9hB7,589480535245,5894.80535245,1
d5d2aca58364d84f3bef88749ca3ee5c,2026-10-03,2026-10-03 17:28:52.000 UTC,453000939,2zCqTMPLQmpp37pZ9fXQHcmgxaAAdj9VfAhkaf53jRGZkpSXfiJkR5Kfu24QBeLyAbK2fKWVP9caNUF6hRXVBVJk,transfer,GpMZbSM2GgvTKHJirzeGfMFoaZ8UR2X7F4v8vHTvxFbL,ARu4n5mFdZogZAravu7CcizaojWnS6oqka37gdLT5SZn,35hKKpdPTy495wFTybw5wajHp4ZNSyQA5KZXd7cN9hB7,3CCaDwLVKs3WBE6bFG58Q9qaHmGfRrjUvEnEcuiCbY87,302091999678,3020.91999678,1
b07f19b808e9c7920f186a43b6c8b752,2026-10-03,2026-10-03 17:28:52.000 UTC,453000939,2zCqTMPLQmpp37pZ9fXQHcmgxaAAdj9VfAhkaf53jRGZkpSXfiJkR5Kfu24QBeLyAbK2fKWVP9caNUF6hRXVBVJk,transfer,ARu4n5mFdZogZAravu7CcizaojWnS6oqka37gdLT5SZn,44Dd5ULxVeLjJikBGZiRWEU2heSsftzY4yJptFEVLfjz,3CCaDwLVKs3WBE6bFG58Q9qaHmGfRrjUvEnEcuiCbY87,3gPbUTFPsf12wjVuNTpK8AE6Hq47TXUZykW8rTyYuYF6,1005713102573,10057.13102573,1
45c98540e4b177f7234cf05ef2a1660a,2026-10-03,2026-10-03 17:28:52.000 UTC,453000939,2zCqTMPLQmpp37pZ9fXQHcmgxaAAdj9VfAhkaf53jRGZkpSXfiJkR5Kfu24QBeLyAbK2fKWVP9caNUF6hRXVBVJk,transfer,J3cdRYTeQAnZUhYRcVpk9abqEuRWTrtxb5fUbgh2aADn,ARu4n5mFdZogZAravu7CcizaojWnS6oqka37gdLT5SZn,7r4TcfVhcYuuh3of8S8igoV7AeyNfwcnRhAaA8FfvSgP,3CCaDwLVKs3WBE6bFG58Q9qaHmGfRrjUvEnEcuiCbY87,703621102895,7036.21102895,1
c61146a115b4b8023386a757a21dda78,2026-10-03,2026-10-03 17:34:13.000 UTC,453002132,39nRCouhZcVfdCiZShzCzy2WJpjrweG5579HJgsmepRMGzJbJf38wQBqSp8LGoGPyAbmhag9HhFJD2qdRj75d66Q,transfer,4xDsmeTWPNjgSVSS1VTfzFq3iHZhp77ffPkAmkZkdu71,J3cdRYTeQAnZUhYRcVpk9abqEuRWTrtxb5fUbgh2aADn,6nh19xY4eR2QWhKG1xbsLALzu1bXaaDi8JuRyPpgTTmx,7r4TcfVhcYuuh3of8S8igoV7AeyNfwcnRhAaA8FfvSgP,3664078811378,36640.78811378,1
fc82ef63f8f78a1e592fe4c8d52d1bf9,2026-10-03,2026-10-03 17:34:13.000 UTC,453002132,39nRCouhZcVfdCiZShzCzy2WJpjrweG5579HJgsmepRMGzJbJf38wQBqSp8LGoGPyAbmhag9HhFJD2qdRj75d66Q,transfer,5cLJnpSPrCpx2hqNYjq6iRtEa8ZW5FZXBn6ecRH39m9x,4xDsmeTWPNjgSVSS1VTfzFq3iHZhp77ffPkAmkZkdu71,H49reFCTCL8aSDmLC4wjGEDg2TEHd3TJq4ByJvXJA1UT,6nh19xY4eR2QWhKG1xbsLALzu1bXaaDi8JuRyPpgTTmx,3664078811378,36640.78811378,1
2ed970671b1de59b60daff55a8ca9b1e,2026-10-03,2026-10-03 17:42:31.000 UTC,453003979,4UvzGjyb7KQnV1iV2Q9KAPiVJhyu5ycRFef6p7DkEQGC2eYmp29493ktJRs2ntvyqecCZ6xsnrFHZNZBH5rYrPWf,transfer,BXkmF1cAJqMwXWeTh4igLjD3XQ7nMw3fbtPRY8RR1DgQ,Er2rjAuJMra8ZcKCHtBqKm8tgjY8M67NeMpAGYhTcm2R,4rRUCG3j7dShZaYDkrex2zedyPsdwHcePwh2P7YjGGZP,AzTqC7bgqJujbj637W3RfpKmfFKZ93TQe2o8Lxb1U2PV,1716696970400,17166.969704,1
918082b5775cd44974bb5abc7acc137b,2026-10-03,2026-10-03 18:53:52.000 UTC,453019902,2bqQtJgvnchLJ2sJcBNFoc2dyUfbmhe9ETMEwh5iwAfD8kiGLzfTUfyiQiNJv1c3dLVdNLyBbzYAdg5QX7gsYo4D,transfer,GpMZbSM2GgvTKHJirzeGfMFoaZ8UR2X7F4v8vHTvxFbL,2QfBNK2WDwSLoUQRb1zAnp3KM12N9hQ8q6ApwUMnWW2T,GJrjTyjw8vEL4FUVVnKmfvYKZamyjNgwxxprciNkQ9AE,Ge8ztRJbMgbCM8ynHbZMPKiYNDzB1jvMUd9gSiDx1kbJ,95562477104,955.62477104,1
0abd4bb6994bb67bf33de1cc4eafa6a6,2026-10-03,2026-10-03 18:53:52.000 UTC,453019902,2bqQtJgvnchLJ2sJcBNFoc2dyUfbmhe9ETMEwh5iwAfD8kiGLzfTUfyiQiNJv1c3dLVdNLyBbzYAdg5QX7gsYo4D,transfer,2QfBNK2WDwSLoUQRb1zAnp3KM12N9hQ8q6ApwUMnWW2T,J3cdRYTeQAnZUhYRcVpk9abqEuRWTrtxb5fUbgh2aADn,Ge8ztRJbMgbCM8ynHbZMPKiYNDzB1jvMUd9gSiDx1kbJ,7r4TcfVhcYuuh3of8S8igoV7AeyNfwcnRhAaA8FfvSgP,95562477104,955.62477104,1
ec1f55d1b2536e54c53fbe1186b7ad5d,2026-10-03,2026-10-03 18:53:52.000 UTC,453019902,2r1Y5c7QEbBAk4wNTWetShXYcVTp6CXqLpaeeVX2L57vkcxWSARz7bd5ZXKptfAY5F1G1yB9hw5bLivWHBAM6x69,transfer,GpMZbSM2GgvTKHJirzeGfMFoaZ8UR2X7F4v8vHTvxFbL,2QfBNK2WDwSLoUQRb1zAnp3KM12N9hQ8q6ApwUMnWW2T,GJrjTyjw8vEL4FUVVnKmfvYKZamyjNgwxxprciNkQ9AE,Ge8ztRJbMgbCM8ynHbZMPKiYNDzB1jvMUd9gSiDx1kbJ,165236173189,1652.36173189,1
e1764383167f095e05fa08ca29b5777e,2026-10-03,2026-10-03 18:53:52.000 UTC,453019902,2r1Y5c7QEbBAk4wNTWetShXYcVTp6CXqLpaeeVX2L57vkcxWSARz7bd5ZXKptfAY5F1G1yB9hw5bLivWHBAM6x69,transfer,2QfBNK2WDwSLoUQRb1zAnp3KM12N9hQ8q6ApwUMnWW2T,GpMZbSM2GgvTKHJirzeGfMFoaZ8UR2X7F4v8vHTvxFbL,Ge8ztRJbMgbCM8ynHbZMPKiYNDzB1jvMUd9gSiDx1kbJ,35hKKpdPTy495wFTybw5wajHp4ZNSyQA5KZXd7cN9hB7,165236173189,1652.36173189,1
dde50c1d804cd23143da4b03f8a699fc,2026-10-03,2026-10-03 18:53:52.000 UTC,453019902,icGkBXqqtLFW5662oW4v5VCasNgFoonXaMHUQwKCWXi6ob5BguGvuseHtyzgc4NSjEETgkYBzTszCTvnnPcLkZM,transfer,GpMZbSM2GgvTKHJirzeGfMFoaZ8UR2X7F4v8vHTvxFbL,HvFdDWS3RqymRAVx1ZdoL2RjiC38r5dtt19Z8op5jqDK,GJrjTyjw8vEL4FUVVnKmfvYKZamyjNgwxxprciNkQ9AE,G1htLa3kFHBueV7h6jzCxFWm46sDnbJ5KXU2c9RikzTQ,994693850176,9946.93850176,1
eb8b6ad591dd99e7e3019cd5e431db01,2026-10-03,2026-10-03 18:53:52.000 UTC,453019902,icGkBXqqtLFW5662oW4v5VCasNgFoonXaMHUQwKCWXi6ob5BguGvuseHtyzgc4NSjEETgkYBzTszCTvnnPcLkZM,transfer,HvFdDWS3RqymRAVx1ZdoL2RjiC38r5dtt19Z8op5jqDK,J3cdRYTeQAnZUhYRcVpk9abqEuRWTrtxb5fUbgh2aADn,G1htLa3kFHBueV7h6jzCxFWm46sDnbJ5KXU2c9RikzTQ,7r4TcfVhcYuuh3of8S8igoV7AeyNfwcnRhAaA8FfvSgP,994693850176,9946.93850176,1
0c9dee56ff8a2283421865292b608fd7,2026-10-03,2026-10-03 18:53:53.000 UTC,453019904,tdKydY15uSM3MTmrATs9jRRx56dkMbNkp2w9p26MCBo6Kb6YpeiFzeYSPpvrJYfY4hanr9dVpNoiyRX5KSMBges,transfer,GpMZbSM2GgvTKHJirzeGfMFoaZ8UR2X7F4v8vHTvxFbL,b619EzHShebQRX7oouwUD5fUo72ai8GgcMLAHkcqfG2,GJrjTyjw8vEL4FUVVnKmfvYKZamyjNgwxxprciNkQ9AE,8YbvFcbDXid4tHt3NnhWS6cYjvBW2STjQ8WaLBvohzAZ,172431551574,1724.31551574,1
0265f3f4479c065a5948473fa0a07fcd,2026-10-03,2026-10-03 18:53:53.000 UTC,453019904,tdKydY15uSM3MTmrATs9jRRx56dkMbNkp2w9p26MCBo6Kb6YpeiFzeYSPpvrJYfY4hanr9dVpNoiyRX5KSMBges,transfer,b619EzHShebQRX7oouwUD5fUo72ai8GgcMLAHkcqfG2,J3cdRYTeQAnZUhYRcVpk9abqEuRWTrtxb5fUbgh2aADn,8YbvFcbDXid4tHt3NnhWS6cYjvBW2STjQ8WaLBvohzAZ,7r4TcfVhcYuuh3of8S8igoV7AeyNfwcnRhAaA8FfvSgP,172431551574,1724.31551574,1
32c22bafecf88ae655ca54b0eca4643b,2026-10-03,2026-10-03 19:28:45.000 UTC,453027719,4g2rQ8dfwExTY8fnpHKE128ij3iszqHVg9s3ChR8UJQ4h8SnuDVrCHMA4KfB2EPLi4uaq4RhKGxCefmBRSaSdsXj,transfer,J3cdRYTeQAnZUhYRcVpk9abqEuRWTrtxb5fUbgh2aADn,GGRx8fFJzFYKAR6qRVdUqo8sZ8fVYradM8YU4Aky3AyE,7r4TcfVhcYuuh3of8S8igoV7AeyNfwcnRhAaA8FfvSgP,5sBg4QCF8eKaRAeqVNmx8ZMnTtBps8ih5oaJCDQ2xRaz,20777351405,207.77351405,1
584974c76d72299ba31d0216e45310d3,2026-10-03,2026-10-03 19:28:45.000 UTC,453027719,4g2rQ8dfwExTY8fnpHKE128ij3iszqHVg9s3ChR8UJQ4h8SnuDVrCHMA4KfB2EPLi4uaq4RhKGxCefmBRSaSdsXj,transfer,J3cdRYTeQAnZUhYRcVpk9abqEuRWTrtxb5fUbgh2aADn,GGRx8fFJzFYKAR6qRVdUqo8sZ8fVYradM8YU4Aky3AyE,7r4TcfVhcYuuh3of8S8igoV7AeyNfwcnRhAaA8FfvSgP,5sBg4QCF8eKaRAeqVNmx8ZMnTtBps8ih5oaJCDQ2xRaz,84695483502900,846954.835029,1
057858b87b9f6efb868639393a3365bf,2026-10-03,2026-10-03 19:31:52.000 UTC,453028419,2xKWXTiXmWRGkH8iAAKJ9BiR92Fyw7cZysvwXDLBEt58YMARgYSiitSTysgTr4i8X8xKTZnyuaaMRK6zzGmBkYW2,transfer,GGRx8fFJzFYKAR6qRVdUqo8sZ8fVYradM8YU4Aky3AyE,J3cdRYTeQAnZUhYRcVpk9abqEuRWTrtxb5fUbgh2aADn,5sBg4QCF8eKaRAeqVNmx8ZMnTtBps8ih5oaJCDQ2xRaz,7r4TcfVhcYuuh3of8S8igoV7AeyNfwcnRhAaA8FfvSgP,84716260854306,847162.60854306,1
38a9c33afe834c4d41341cc587d9d517,2026-10-03,2026-10-03 19:48:24.000 UTC,453032129,4dfteDWbApX9dDapmbesLzu1kisqX3DENkczJRHMQs1pkwkPPX5aanJf9XDBzy1mStXAtZ4f79Lc5pLgDTZU29aP,transfer,J3cdRYTeQAnZUhYRcVpk9abqEuRWTrtxb5fUbgh2aADn,HvFdDWS3RqymRAVx1ZdoL2RjiC38r5dtt19Z8op5jqDK,7r4TcfVhcYuuh3of8S8igoV7AeyNfwcnRhAaA8FfvSgP,G1htLa3kFHBueV7h6jzCxFWm46sDnbJ5KXU2c9RikzTQ,2938850836554,29388.50836554,1
9885bbf9a56f902d35460506c56f512e,2026-10-03,2026-10-03 19:48:24.000 UTC,453032129,4dfteDWbApX9dDapmbesLzu1kisqX3DENkczJRHMQs1pkwkPPX5aanJf9XDBzy1mStXAtZ4f79Lc5pLgDTZU29aP,transfer,HvFdDWS3RqymRAVx1ZdoL2RjiC38r5dtt19Z8op5jqDK,GpMZbSM2GgvTKHJirzeGfMFoaZ8UR2X7F4v8vHTvxFbL,G1htLa3kFHBueV7h6jzCxFWm46sDnbJ5KXU2c9RikzTQ,GJrjTyjw8vEL4FUVVnKmfvYKZamyjNgwxxprciNkQ9AE,2938850836554,29388.50836554,1
c4be0db190de6f92fe402b7c74d9b59f,2026-10-03,2026-10-03 19:48:24.000 UTC,453032129,64knaoCZcab19dnw6X3KFh6eza2Uxnb3VmPuNFNhQNtKAP949YRiA6rWPuiFgty35at1z18i5jm12M1Fq5aKfZkM,transfer,J3cdRYTeQAnZUhYRcVpk9abqEuRWTrtxb5fUbgh2aADn,GxDC9e7SP9mzhDo4re5HbpLa2RW7gB9DtmThx4i4pXSq,7r4TcfVhcYuuh3of8S8igoV7AeyNfwcnRhAaA8FfvSgP,2QiaipXgmxVQdhS2kFeZJaNS2bQiBfhNGxKzqLJ6YrSs,1045541119235,10455.41119235,1
e03ec82250c3c386629eef4056eee931,2026-10-03,2026-10-03 19:48:24.000 UTC,453032129,64knaoCZcab19dnw6X3KFh6eza2Uxnb3VmPuNFNhQNtKAP949YRiA6rWPuiFgty35at1z18i5jm12M1Fq5aKfZkM,transfer,GxDC9e7SP9mzhDo4re5HbpLa2RW7gB9DtmThx4i4pXSq,GpMZbSM2GgvTKHJirzeGfMFoaZ8UR2X7F4v8vHTvxFbL,2QiaipXgmxVQdhS2kFeZJaNS2bQiBfhNGxKzqLJ6YrSs,GJrjTyjw8vEL4FUVVnKmfvYKZamyjNgwxxprciNkQ9AE,1045541119235,10455.41119235,1
b595523090ac124811b9b1a61db41532,2026-10-03,2026-10-03 19:48:24.000 UTC,453032129,LXjFvk2qmHZoYRCKh7kwWJ9LNQSTexJhi7omthxWMYc1ZUinCFwD6BHXMpDTJJum4YYQYfrmH95y7UV5hAkhBmX,transfer,J3cdRYTeQAnZUhYRcVpk9abqEuRWTrtxb5fUbgh2aADn,GxDC9e7SP9mzhDo4re5HbpLa2RW7gB9DtmThx4i4pXSq,7r4TcfVhcYuuh3of8S8igoV7AeyNfwcnRhAaA8FfvSgP,2QiaipXgmxVQdhS2kFeZJaNS2bQiBfhNGxKzqLJ6YrSs,1046751269351,10467.51269351,1
63bb5ce5bfda0dfa4080c5d39c5b143f,2026-10-03,2026-10-03 19:48:24.000 UTC,453032129,LXjFvk2qmHZoYRCKh7kwWJ9LNQSTexJhi7omthxWMYc1ZUinCFwD6BHXMpDTJJum4YYQYfrmH95y7UV5hAkhBmX,transfer,GxDC9e7SP9mzhDo4re5HbpLa2RW7gB9DtmThx4i4pXSq,GpMZbSM2GgvTKHJirzeGfMFoaZ8UR2X7F4v8vHTvxFbL,2QiaipXgmxVQdhS2kFeZJaNS2bQiBfhNGxKzqLJ6YrSs,GJrjTyjw8vEL4FUVVnKmfvYKZamyjNgwxxprciNkQ9AE,1046751269351,10467.51269351,1
c9db0e709c6c3775f7a266ea4046e0d8,2026-10-03,2026-10-03 19:51:07.000 UTC,453032734,hhE9VPXshpwXToG1TvaQPN5q8ApAPotqFEy5PCGhhRrKG4HXXQ738qdaeAkKvHrHSirjEXDYfjKsANRoRypWe2c,transfer,MriyaNN8TMp6qRWjfr723PK7xgQK7yCt7Kg2v2PQu7X,J3cdRYTeQAnZUhYRcVpk9abqEuRWTrtxb5fUbgh2aADn,F7HrfNFMAuDaEkzbBLFnU9fergrTcVMycCoCajiTiD8S,7r4TcfVhcYuuh3of8S8igoV7AeyNfwcnRhAaA8FfvSgP,2041215024076,20412.15024076,1
ac963820ef0536c903250e519019edc7,2026-10-03,2026-10-03 19:51:07.000 UTC,453032734,hhE9VPXshpwXToG1TvaQPN5q8ApAPotqFEy5PCGhhRrKG4HXXQ738qdaeAkKvHrHSirjEXDYfjKsANRoRypWe2c,transfer,GpMZbSM2GgvTKHJirzeGfMFoaZ8UR2X7F4v8vHTvxFbL,MriyaNN8TMp6qRWjfr723PK7xgQK7yCt7Kg2v2PQu7X,GJrjTyjw8vEL4FUVVnKmfvYKZamyjNgwxxprciNkQ9AE,F7HrfNFMAuDaEkzbBLFnU9fergrTcVMycCoCajiTiD8S,2041215024076,20412.15024076,1
9aac98e8ad7402c131b65555877f74a2,2026-10-03,2026-10-03 19:51:52.000 UTC,453032900,5vkv2SJw6xf92abjMCk93HRQEitJVcrxf5zuGkEEyxmW6pVMym7zHZzHY4X1BkFz974QS7DPafMDpEBUqy5uF3bQ,transfer,GpMZbSM2GgvTKHJirzeGfMFoaZ8UR2X7F4v8vHTvxFbL,3T6gxwpMjdT7h4N8i6ucynpe8xXiWj8B1aLKNTS1d3dC,GJrjTyjw8vEL4FUVVnKmfvYKZamyjNgwxxprciNkQ9AE,2f47Qwjhb9Pn1Lv9WUsP5iXBCGWLBjAjcyHd9ebEM98b,98400693761,984.00693761,1
eaf067de61a2ff0455549fa1651aa0c2,2026-10-03,2026-10-03 19:51:52.000 UTC,453032900,5vkv2SJw6xf92abjMCk93HRQEitJVcrxf5zuGkEEyxmW6pVMym7zHZzHY4X1BkFz974QS7DPafMDpEBUqy5uF3bQ,transfer,3T6gxwpMjdT7h4N8i6ucynpe8xXiWj8B1aLKNTS1d3dC,J3cdRYTeQAnZUhYRcVpk9abqEuRWTrtxb5fUbgh2aADn,2f47Qwjhb9Pn1Lv9WUsP5iXBCGWLBjAjcyHd9ebEM98b,7r4TcfVhcYuuh3of8S8igoV7AeyNfwcnRhAaA8FfvSgP,98400693761,984.00693761,1
4047912089344b7d57b8882687e319ac,2026-10-03,2026-10-03 19:54:25.000 UTC,453033473,4aXDHePiFf3M1itcLvnKeDPJJk2mR77ZBSZ1ZxR9hNsyZCxBvojyyMwcL7ZNDtrAHZXYeXjm34fpTpTseUznCNam,transfer,GpMZbSM2GgvTKHJirzeGfMFoaZ8UR2X7F4v8vHTvxFbL,78Bo7xxGWBEvqbh3VMKvkFG4Z63cXKSJ2LCEXAanhN7a,GJrjTyjw8vEL4FUVVnKmfvYKZamyjNgwxxprciNkQ9AE,H4dF1Hr9YcAqNEUsfGVnxa9qL3dbgJ5fa6PaffqtR7UD,70971335625,709.71335625,1
02414097b7f11d5a2cebe1268d2b7c10,2026-10-03,2026-10-03 19:54:25.000 UTC,453033473,4aXDHePiFf3M1itcLvnKeDPJJk2mR77ZBSZ1ZxR9hNsyZCxBvojyyMwcL7ZNDtrAHZXYeXjm34fpTpTseUznCNam,transfer,78Bo7xxGWBEvqbh3VMKvkFG4Z63cXKSJ2LCEXAanhN7a,J3cdRYTeQAnZUhYRcVpk9abqEuRWTrtxb5fUbgh2aADn,H4dF1Hr9YcAqNEUsfGVnxa9qL3dbgJ5fa6PaffqtR7UD,7r4TcfVhcYuuh3of8S8igoV7AeyNfwcnRhAaA8FfvSgP,70971335625,709.71335625,1
5fff67b42ef201442c45a037a23aae08,2026-10-03,2026-10-03 19:54:27.000 UTC,453033478,4JcncDRkbUbBUHLWSWBX23H1y85dcR6vXMML9eBHNhapJQkzhEpU8Y34gzCQYhH4FZd7tEPNKERgxJnuCwBG6GNm,transfer,5cLJnpSPrCpx2hqNYjq6iRtEa8ZW5FZXBn6ecRH39m9x,CapuXNQoDviLvU1PxFiizLgPNQCxrsag1uMeyk6zLVps,H49reFCTCL8aSDmLC4wjGEDg2TEHd3TJq4ByJvXJA1UT,H76YwwgbJnWUonJBggZvHDJHs5uMoWxBUuQ7FFZkP87n,2397965512529,23979.65512529,1
1c71107e1c17746d6d7919dddb82e00b,2026-10-03,2026-10-03 19:54:27.000 UTC,453033478,4JcncDRkbUbBUHLWSWBX23H1y85dcR6vXMML9eBHNhapJQkzhEpU8Y34gzCQYhH4FZd7tEPNKERgxJnuCwBG6GNm,transfer,CapuXNQoDviLvU1PxFiizLgPNQCxrsag1uMeyk6zLVps,J3cdRYTeQAnZUhYRcVpk9abqEuRWTrtxb5fUbgh2aADn,H76YwwgbJnWUonJBggZvHDJHs5uMoWxBUuQ7FFZkP87n,7r4TcfVhcYuuh3of8S8igoV7AeyNfwcnRhAaA8FfvSgP,2397965512529,23979.65512529,1
797a133823e2f24c7777bec1fe99d306,2026-10-03,2026-10-03 20:04:34.000 UTC,453035746,PefAAZwejt9JotjkHcRbiLAZBSXX3N5yZReUvMGzAbHB28yVCnHkkzJVEiT2CzPn6Gnccp4B6d9dnv28YTowCRx,transfer,GpMZbSM2GgvTKHJirzeGfMFoaZ8UR2X7F4v8vHTvxFbL,4XBqViD1XYF1qHrErrsXBzDrCapvP9fEFX4LPjXZi9YU,GJrjTyjw8vEL4FUVVnKmfvYKZamyjNgwxxprciNkQ9AE,JQwrNHishhcbkPuoxn29A79PAA77SuBmYKrGvPCAk5f,203325917169,2033.25917169,1
23e98de81c38c5a5645e920bd78bfff4,2026-10-03,2026-10-03 20:04:34.000 UTC,453035746,PefAAZwejt9JotjkHcRbiLAZBSXX3N5yZReUvMGzAbHB28yVCnHkkzJVEiT2CzPn6Gnccp4B6d9dnv28YTowCRx,transfer,4XBqViD1XYF1qHrErrsXBzDrCapvP9fEFX4LPjXZi9YU,J3cdRYTeQAnZUhYRcVpk9abqEuRWTrtxb5fUbgh2aADn,JQwrNHishhcbkPuoxn29A79PAA77SuBmYKrGvPCAk5f,7r4TcfVhcYuuh3of8S8igoV7AeyNfwcnRhAaA8FfvSgP,203325917169,2033.25917169,1
0867180519d4552d9210a3c420a3a901,2026-10-03,2026-10-03 21:20:13.000 UTC,453052632,5jQY2hA6q7T2sPy1N5mWn5HPpbkywbQSFWWNgFChQ5sV6rw9bRgNG7dhqCoQ4f5718snKiprCc9FGNH64TQQaLBR,transfer,GpMZbSM2GgvTKHJirzeGfMFoaZ8UR2X7F4v8vHTvxFbL,78Bo7xxGWBEvqbh3VMKvkFG4Z63cXKSJ2LCEXAanhN7a,GJrjTyjw8vEL4FUVVnKmfvYKZamyjNgwxxprciNkQ9AE,H4dF1Hr9YcAqNEUsfGVnxa9qL3dbgJ5fa6PaffqtR7UD,65378245418,653.78245418,1
8908c1ef46b969097e8402806f596834,2026-10-03,2026-10-03 21:20:13.000 UTC,453052632,5jQY2hA6q7T2sPy1N5mWn5HPpbkywbQSFWWNgFChQ5sV6rw9bRgNG7dhqCoQ4f5718snKiprCc9FGNH64TQQaLBR,transfer,78Bo7xxGWBEvqbh3VMKvkFG4Z63cXKSJ2LCEXAanhN7a,J3cdRYTeQAnZUhYRcVpk9abqEuRWTrtxb5fUbgh2aADn,H4dF1Hr9YcAqNEUsfGVnxa9qL3dbgJ5fa6PaffqtR7UD,7r4TcfVhcYuuh3of8S8igoV7AeyNfwcnRhAaA8FfvSgP,65378245418,653.78245418,1
738997a0fc40bb5558b5c52898b1e7ed,2026-10-03,2026-10-03 21:36:11.000 UTC,453056190,4MekPWB7rws8qsapus9vouDqfeTnwyR2PrBynFaDccPrCHaHJ2Rhv3wVMiWriciJBNhCXNhuKyFnGFtzXMQNx333,transfer,ARu4n5mFdZogZAravu7CcizaojWnS6oqka37gdLT5SZn,J3cdRYTeQAnZUhYRcVpk9abqEuRWTrtxb5fUbgh2aADn,3CCaDwLVKs3WBE6bFG58Q9qaHmGfRrjUvEnEcuiCbY87,7r4TcfVhcYuuh3of8S8igoV7AeyNfwcnRhAaA8FfvSgP,2211179529543,22111.79529543,1
76b6c7c69daefa77a49896dffa1ba5bf,2026-10-03,2026-10-03 21:36:11.000 UTC,453056190,4MekPWB7rws8qsapus9vouDqfeTnwyR2PrBynFaDccPrCHaHJ2Rhv3wVMiWriciJBNhCXNhuKyFnGFtzXMQNx333,transfer,ARu4n5mFdZogZAravu7CcizaojWnS6oqka37gdLT5SZn,GpMZbSM2GgvTKHJirzeGfMFoaZ8UR2X7F4v8vHTvxFbL,3CCaDwLVKs3WBE6bFG58Q9qaHmGfRrjUvEnEcuiCbY87,35hKKpdPTy495wFTybw5wajHp4ZNSyQA5KZXd7cN9hB7,192276480830,1922.7648083,1
8d46b8e1becb4c6cefcfb12aeb1d8f17,2026-10-03,2026-10-03 21:36:11.000 UTC,453056190,4MekPWB7rws8qsapus9vouDqfeTnwyR2PrBynFaDccPrCHaHJ2Rhv3wVMiWriciJBNhCXNhuKyFnGFtzXMQNx333,transfer,Er2rjAuJMra8ZcKCHtBqKm8tgjY8M67NeMpAGYhTcm2R,ARu4n5mFdZogZAravu7CcizaojWnS6oqka37gdLT5SZn,AzTqC7bgqJujbj637W3RfpKmfFKZ93TQe2o8Lxb1U2PV,3CCaDwLVKs3WBE6bFG58Q9qaHmGfRrjUvEnEcuiCbY87,2403456010373,24034.56010373,1
bfa13347bb0d5ee04f6a6f966ae2bb55,2026-10-04,2026-10-04 05:05:51.000 UTC,453157141,2QNgBBD7bu9zmn2Zcm7iobRTwdkCkgkHNx1HRaVWWmCjbYB33CFCfCVPzAJaHmgJESvqyL3KTAPuXZX7mZ8DBA1P,transfer,2Q8tAc9nrQca3tE9KqhnVc9DiBsDPQyqY24rnbRVYv8E,7VhhRwUA1pHr2MRiaj1MkPz7SvJbUkfPv5Qa6nPHtjfN,9UK3o1FSN5avmpNmuxkdJWT16YPRjNZ7WvYW3fCcjaw4,28YGrutKisppCq1JoqcutXjchs8gp8t2y1d38TLxqgWL,7972623755,79.72623755,1
f2f05e174dcd5bd13055c81e2f232672,2026-10-04,2026-10-04 05:26:43.000 UTC,453161829,4z2fx4fnvFvgmzqmPA8Ux1SUGZRgEswHe11aY4tQUPDJKFE5Jod1biTYpJNv52T45yVLP5Mgj1WwtM6piAa8weCL,transfer,GpMZbSM2GgvTKHJirzeGfMFoaZ8UR2X7F4v8vHTvxFbL,GxDC9e7SP9mzhDo4re5HbpLa2RW7gB9DtmThx4i4pXSq,GJrjTyjw8vEL4FUVVnKmfvYKZamyjNgwxxprciNkQ9AE,2QiaipXgmxVQdhS2kFeZJaNS2bQiBfhNGxKzqLJ6YrSs,291448261862,2914.48261862,1
40e0d8d3c4004ec8e8fce6f378611a96,2026-10-04,2026-10-04 05:26:43.000 UTC,453161829,4z2fx4fnvFvgmzqmPA8Ux1SUGZRgEswHe11aY4tQUPDJKFE5Jod1biTYpJNv52T45yVLP5Mgj1WwtM6piAa8weCL,transfer,GxDC9e7SP9mzhDo4re5HbpLa2RW7gB9DtmThx4i4pXSq,J3cdRYTeQAnZUhYRcVpk9abqEuRWTrtxb5fUbgh2aADn,2QiaipXgmxVQdhS2kFeZJaNS2bQiBfhNGxKzqLJ6YrSs,7r4TcfVhcYuuh3of8S8igoV7AeyNfwcnRhAaA8FfvSgP,291448261862,2914.48261862,1
3a97487d08b65cd994fc163984f6659e,2026-10-04,2026-10-04 05:39:00.000 UTC,453164595,2y7yLhCGtx4xeUNTNfbGoPK9BBanAt2QACibHh1B72xzGKffjwjFyD6CQFxSm5RfKAHkpbWgK5oVcory29hzGHiM,transfer,GpMZbSM2GgvTKHJirzeGfMFoaZ8UR2X7F4v8vHTvxFbL,78Bo7xxGWBEvqbh3VMKvkFG4Z63cXKSJ2LCEXAanhN7a,GJrjTyjw8vEL4FUVVnKmfvYKZamyjNgwxxprciNkQ9AE,H4dF1Hr9YcAqNEUsfGVnxa9qL3dbgJ5fa6PaffqtR7UD,61104781279,611.04781279,1
01fe3c2444cc56e0e570085b71713ff8,2026-10-04,2026-10-04 05:39:00.000 UTC,453164595,2y7yLhCGtx4xeUNTNfbGoPK9BBanAt2QACibHh1B72xzGKffjwjFyD6CQFxSm5RfKAHkpbWgK5oVcory29hzGHiM,transfer,78Bo7xxGWBEvqbh3VMKvkFG4Z63cXKSJ2LCEXAanhN7a,J3cdRYTeQAnZUhYRcVpk9abqEuRWTrtxb5fUbgh2aADn,H4dF1Hr9YcAqNEUsfGVnxa9qL3dbgJ5fa6PaffqtR7UD,7r4TcfVhcYuuh3of8S8igoV7AeyNfwcnRhAaA8FfvSgP,61104781279,611.04781279,1
7d0f7e0d674b957ba22f54e4cd60cb36,2026-10-04,2026-10-04 05:49:10.000 UTC,453166885,34oG6wzhTKRYXiyNMuUozy3cTS7V8CoHqGo2r8YzT3fGCeEcmTuJEZGZyy8BiZrxjkdp4cYiyAw5xCr9w6ghZdHv,transfer,78Bo7xxGWBEvqbh3VMKvkFG4Z63cXKSJ2LCEXAanhN7a,J3cdRYTeQAnZUhYRcVpk9abqEuRWTrtxb5fUbgh2aADn,H4dF1Hr9YcAqNEUsfGVnxa9qL3dbgJ5fa6PaffqtR7UD,7r4TcfVhcYuuh3of8S8igoV7AeyNfwcnRhAaA8FfvSgP,58963178411,589.63178411,1
39697ac0bae2475e5ee729732e870feb,2026-10-04,2026-10-04 05:49:10.000 UTC,453166885,34oG6wzhTKRYXiyNMuUozy3cTS7V8CoHqGo2r8YzT3fGCeEcmTuJEZGZyy8BiZrxjkdp4cYiyAw5xCr9w6ghZdHv,transfer,GpMZbSM2GgvTKHJirzeGfMFoaZ8UR2X7F4v8vHTvxFbL,78Bo7xxGWBEvqbh3VMKvkFG4Z63cXKSJ2LCEXAanhN7a,GJrjTyjw8vEL4FUVVnKmfvYKZamyjNgwxxprciNkQ9AE,H4dF1Hr9YcAqNEUsfGVnxa9qL3dbgJ5fa6PaffqtR7UD,58963178411,589.63178411,1
6e6daa795960511fd49e30cda386b6e7,2026-10-04,2026-10-04 06:09:16.000 UTC,453171401,2rEYQtSxZ1oUJ911NZyKf8FJV7tYoydMcBf6UPvkfiJJMViAJFscNRAKYa9SxBXNhz9tGLpe8jZTy25K8AqbZXqC,transfer,GpMZbSM2GgvTKHJirzeGfMFoaZ8UR2X7F4v8vHTvxFbL,78Bo7xxGWBEvqbh3VMKvkFG4Z63cXKSJ2LCEXAanhN7a,GJrjTyjw8vEL4FUVVnKmfvYKZamyjNgwxxprciNkQ9AE,H4dF1Hr9YcAqNEUsfGVnxa9qL3dbgJ5fa6PaffqtR7UD,51600196867,516.00196867,1
24863a5eb2f29bc48a26413858644d73,2026-10-04,2026-10-04 06:09:16.000 UTC,453171401,2rEYQtSxZ1oUJ911NZyKf8FJV7tYoydMcBf6UPvkfiJJMViAJFscNRAKYa9SxBXNhz9tGLpe8jZTy25K8AqbZXqC,transfer,78Bo7xxGWBEvqbh3VMKvkFG4Z63cXKSJ2LCEXAanhN7a,J3cdRYTeQAnZUhYRcVpk9abqEuRWTrtxb5fUbgh2aADn,H4dF1Hr9YcAqNEUsfGVnxa9qL3dbgJ5fa6PaffqtR7UD,7r4TcfVhcYuuh3of8S8igoV7AeyNfwcnRhAaA8FfvSgP,51600196867,516.00196867,1
025894eed6373f494a27852e1adc46f6,2026-10-04,2026-10-04 07:18:59.000 UTC,453187101,66txDZf1yFYAbBaqqR8vbZHh8zudtFXtVLgJfrbUQ2yTidStUrscknjwgfAW27pg8eF9pqtMVR1a5SPTED2xgnTf,transfer,D5YqVMoSxnqeZAKAUUE1Dm3bmjtdxQ5DCF356ozqN9cM,GpMZbSM2GgvTKHJirzeGfMFoaZ8UR2X7F4v8vHTvxFbL,2KJkRj5rk5ft92WTTT5NYQThgX6SHStiqsyffyhjDWb4,35hKKpdPTy495wFTybw5wajHp4ZNSyQA5KZXd7cN9hB7,98239062691,982.39062691,1
4e90c799be476b6034bb0ac4bca28960,2026-10-04,2026-10-04 07:18:59.000 UTC,453187101,66txDZf1yFYAbBaqqR8vbZHh8zudtFXtVLgJfrbUQ2yTidStUrscknjwgfAW27pg8eF9pqtMVR1a5SPTED2xgnTf,transfer,AiesFKjW47NqUT1UHNZcnjL5GyC6SCmkeyUjXJLpVKYU,D5YqVMoSxnqeZAKAUUE1Dm3bmjtdxQ5DCF356ozqN9cM,9GrZVcSAc6avUKo4UrGJfzfpF4obzKvMTNEattLQ6BRW,2KJkRj5rk5ft92WTTT5NYQThgX6SHStiqsyffyhjDWb4,951417690193,9514.17690193,1
8737812852d23767592725f15ededa6e,2026-10-04,2026-10-04 07:18:59.000 UTC,453187101,66txDZf1yFYAbBaqqR8vbZHh8zudtFXtVLgJfrbUQ2yTidStUrscknjwgfAW27pg8eF9pqtMVR1a5SPTED2xgnTf,transfer,D5YqVMoSxnqeZAKAUUE1Dm3bmjtdxQ5DCF356ozqN9cM,J3cdRYTeQAnZUhYRcVpk9abqEuRWTrtxb5fUbgh2aADn,2KJkRj5rk5ft92WTTT5NYQThgX6SHStiqsyffyhjDWb4,7r4TcfVhcYuuh3of8S8igoV7AeyNfwcnRhAaA8FfvSgP,853178627502,8531.78627502,1
4734398c1ca34357055ef10fe05563bb,2026-10-04,2026-10-04 07:28:03.000 UTC,453189143,3zXCmvjRJZFJiQC2jEV19PiL7SgEaKCfxnysW2gBXtbNRCbVtzgkBbt5n2kt4iAjYXwQDUFweDdw9YTJ7ZsEyx7U,transfer,F7TnCxiDRJifXPK2qXkH3SguqZqEUMroUfAw92QCwUy5,J3cdRYTeQAnZUhYRcVpk9abqEuRWTrtxb5fUbgh2aADn,9Fa32wZcWVHEQJeZs1v4yGPM1nHDpPiHLGLHrFARGb3U,7r4TcfVhcYuuh3of8S8igoV7AeyNfwcnRhAaA8FfvSgP,411484874665,4114.84874665,1
9ae3e25cd44db1413b5805f2f3199221,2026-10-04,2026-10-04 08:31:05.000 UTC,453203298,3oSR3JyTnTkXWUymEhtVageqCc5vNVNgMf4wKhzhyrnBsZakHu2C9pRupvSisXNRiXvuSAywWXqpZ5TeBBwDuepJ,transfer,ARu4n5mFdZogZAravu7CcizaojWnS6oqka37gdLT5SZn,GpMZbSM2GgvTKHJirzeGfMFoaZ8UR2X7F4v8vHTvxFbL,3CCaDwLVKs3WBE6bFG58Q9qaHmGfRrjUvEnEcuiCbY87,35hKKpdPTy495wFTybw5wajHp4ZNSyQA5KZXd7cN9hB7,86444443744,864.44443744,1
75601c8d7526832417cc4a32eae0f103,2026-10-04,2026-10-04 08:31:05.000 UTC,453203298,3oSR3JyTnTkXWUymEhtVageqCc5vNVNgMf4wKhzhyrnBsZakHu2C9pRupvSisXNRiXvuSAywWXqpZ5TeBBwDuepJ,transfer,9ukSRCuYG3xMuzC25rzUKssyTJC5XaATJLztkYmYoVTA,ARu4n5mFdZogZAravu7CcizaojWnS6oqka37gdLT5SZn,4aDKU7QqZkLHR7u85emdfisWeVWVCMqx1GheswQsDbTW,3CCaDwLVKs3WBE6bFG58Q9qaHmGfRrjUvEnEcuiCbY87,348742082678,3487.42082678,1
4aa8c651296db3af29670601298810d6,2026-10-04,2026-10-04 08:31:05.000 UTC,453203298,3oSR3JyTnTkXWUymEhtVageqCc5vNVNgMf4wKhzhyrnBsZakHu2C9pRupvSisXNRiXvuSAywWXqpZ5TeBBwDuepJ,transfer,ARu4n5mFdZogZAravu7CcizaojWnS6oqka37gdLT5SZn,J3cdRYTeQAnZUhYRcVpk9abqEuRWTrtxb5fUbgh2aADn,3CCaDwLVKs3WBE6bFG58Q9qaHmGfRrjUvEnEcuiCbY87,7r4TcfVhcYuuh3of8S8igoV7AeyNfwcnRhAaA8FfvSgP,259333331232,2593.33331232,1
3259d89f3fda8c57905706a3f5d9112c,2026-10-04,2026-10-04 08:31:05.000 UTC,453203298,3oSR3JyTnTkXWUymEhtVageqCc5vNVNgMf4wKhzhyrnBsZakHu2C9pRupvSisXNRiXvuSAywWXqpZ5TeBBwDuepJ,transfer,ARu4n5mFdZogZAravu7CcizaojWnS6oqka37gdLT5SZn,8psNvWTrdNTiVRNzAgsou9kETXNJm2SXZyaKuJraVRtf,3CCaDwLVKs3WBE6bFG58Q9qaHmGfRrjUvEnEcuiCbY87,CFYg9oE2LZags4qVGrvvYsEDYAL6mWe7sCYGfWdLLRsY,2964307702,29.64307702,1
b85d96b2fe8346db80f8997efabecf8d,2026-10-04,2026-10-04 09:31:15.000 UTC,453216754,3SMsQ7USHLaabhKnxQckCHaENaj9XBtb8AsgYvi5TunJHUjmsxcs8v8fNkynKM3RBCPGf3iu7u1vgj2K8CE6y4Yj,transfer,9nnLbotNTcUhvbrsA6Mdkx45Sm82G35zo28AqUvjExn8,5QsyByFVJcg7oN76Ma26KEDFQdHt1tsiVExK94zURzfd,3CMwuMtw9u3VuFyGFJWCaF43wbRkrP1iGtE5FrWKxNQw,8joUsyKkRQzxUWHwuXjLAnnxdR8q4yy6VicKt2mJFCPC,8417489026862,84174.89026862,1
ce92f42948fd2eb6798dd68ce43435e6,2026-10-04,2026-10-04 09:31:15.000 UTC,453216754,3SMsQ7USHLaabhKnxQckCHaENaj9XBtb8AsgYvi5TunJHUjmsxcs8v8fNkynKM3RBCPGf3iu7u1vgj2K8CE6y4Yj,transfer,J3cdRYTeQAnZUhYRcVpk9abqEuRWTrtxb5fUbgh2aADn,9nnLbotNTcUhvbrsA6Mdkx45Sm82G35zo28AqUvjExn8,7r4TcfVhcYuuh3of8S8igoV7AeyNfwcnRhAaA8FfvSgP,3CMwuMtw9u3VuFyGFJWCaF43wbRkrP1iGtE5FrWKxNQw,8417489026862,84174.89026862,1
78b889cd3b0bca3e58b0476af98d417c,2026-10-04,2026-10-04 09:31:45.000 UTC,453216858,4B2YZR6UaT1csX9iPZHSGV2G813Rb4MjxWYSRr6THMQAhoHvKu7mjRa1dFZx4VvLCcf5b96eRZJroS24ZA9EsgtY,transfer,81RwTUf7ZvM5GpeG5q5aGemnxPQLzKAXEF6qPDzNQKDn,J3cdRYTeQAnZUhYRcVpk9abqEuRWTrtxb5fUbgh2aADn,95BGpzYf6m74RDhE6Y7pSVFPiBKuUvQhoDtf41nZUHcb,7r4TcfVhcYuuh3of8S8igoV7AeyNfwcnRhAaA8FfvSgP,244977893788,2449.77893788,1
380bbf338e327d638250f5c552a4618e,2026-10-04,2026-10-04 09:31:45.000 UTC,453216858,4B2YZR6UaT1csX9iPZHSGV2G813Rb4MjxWYSRr6THMQAhoHvKu7mjRa1dFZx4VvLCcf5b96eRZJroS24ZA9EsgtY,transfer,GpMZbSM2GgvTKHJirzeGfMFoaZ8UR2X7F4v8vHTvxFbL,81RwTUf7ZvM5GpeG5q5aGemnxPQLzKAXEF6qPDzNQKDn,35hKKpdPTy495wFTybw5wajHp4ZNSyQA5KZXd7cN9hB7,95BGpzYf6m74RDhE6Y7pSVFPiBKuUvQhoDtf41nZUHcb,244977893788,2449.77893788,1
443457999d15210aceb341321c864a9a,2026-10-04,2026-10-04 09:43:09.000 UTC,453219405,2dZVoKCQJLwuFosv8BnzQU4pXmDq5ur3dMNmqxyM3qU9NpUn8BMT7xZi7d5qPwgFMzYFm7NuUwzNwD3mRSnZ2KJc,transfer,GpMZbSM2GgvTKHJirzeGfMFoaZ8UR2X7F4v8vHTvxFbL,81RwTUf7ZvM5GpeG5q5aGemnxPQLzKAXEF6qPDzNQKDn,GJrjTyjw8vEL4FUVVnKmfvYKZamyjNgwxxprciNkQ9AE,95BGpzYf6m74RDhE6Y7pSVFPiBKuUvQhoDtf41nZUHcb,76389797874,763.89797874,1
9ee89e7b713c97ea2ad612cf0019321c,2026-10-04,2026-10-04 09:43:09.000 UTC,453219405,2dZVoKCQJLwuFosv8BnzQU4pXmDq5ur3dMNmqxyM3qU9NpUn8BMT7xZi7d5qPwgFMzYFm7NuUwzNwD3mRSnZ2KJc,transfer,81RwTUf7ZvM5GpeG5q5aGemnxPQLzKAXEF6qPDzNQKDn,J3cdRYTeQAnZUhYRcVpk9abqEuRWTrtxb5fUbgh2aADn,95BGpzYf6m74RDhE6Y7pSVFPiBKuUvQhoDtf41nZUHcb,7r4TcfVhcYuuh3of8S8igoV7AeyNfwcnRhAaA8FfvSgP,76389797874,763.89797874,1
5965d92d3f1709f4b5ec0cb984b08385,2026-10-04,2026-10-04 09:43:09.000 UTC,453219405,3vNrfF5Qk9tGF8aErhttddLDUAir96ffrgEQw319iU2BBfgk7GSm6YxTP2aneKXVcheVSEsVzaEuXqGDj1BWjRgw,transfer,8pY1AukbuPgUE3EetyLa59rFLMimJGT94ZzbMEZcQF4w,J3cdRYTeQAnZUhYRcVpk9abqEuRWTrtxb5fUbgh2aADn,7cg759yy6Pf7hm5z14UkQeDdxVc73UADZyzGMHQJydzM,7r4TcfVhcYuuh3of8S8igoV7AeyNfwcnRhAaA8FfvSgP,44664297679,446.64297679,1
30a29b7c7f2a408bde9a4cd125d6db89,2026-10-04,2026-10-04 09:43:09.000 UTC,453219405,3vNrfF5Qk9tGF8aErhttddLDUAir96ffrgEQw319iU2BBfgk7GSm6YxTP2aneKXVcheVSEsVzaEuXqGDj1BWjRgw,transfer,GpMZbSM2GgvTKHJirzeGfMFoaZ8UR2X7F4v8vHTvxFbL,8pY1AukbuPgUE3EetyLa59rFLMimJGT94ZzbMEZcQF4w,35hKKpdPTy495wFTybw5wajHp4ZNSyQA5KZXd7cN9hB7,7cg759yy6Pf7hm5z14UkQeDdxVc73UADZyzGMHQJydzM,44664302162,446.64302162,1
9ddee555593d82b77e4613d093959e6f,2026-10-04,2026-10-04 09:43:09.000 UTC,453219405,5SYzmme2hTm6Ejwdb16oGW52bTMjuERtbapPysDRVyaPgiB6GvXFSxYxxMinuWguepV7Gj69PQUZsAjcu4ufxrJD,transfer,GpMZbSM2GgvTKHJirzeGfMFoaZ8UR2X7F4v8vHTvxFbL,MriyaNN8TMp6qRWjfr723PK7xgQK7yCt7Kg2v2PQu7X,GJrjTyjw8vEL4FUVVnKmfvYKZamyjNgwxxprciNkQ9AE,F7HrfNFMAuDaEkzbBLFnU9fergrTcVMycCoCajiTiD8S,775716263506,7757.16263506,1
af83fb8868dc557ddced7e42f65c130a,2026-10-04,2026-10-04 09:43:09.000 UTC,453219405,5SYzmme2hTm6Ejwdb16oGW52bTMjuERtbapPysDRVyaPgiB6GvXFSxYxxMinuWguepV7Gj69PQUZsAjcu4ufxrJD,transfer,MriyaNN8TMp6qRWjfr723PK7xgQK7yCt7Kg2v2PQu7X,J3cdRYTeQAnZUhYRcVpk9abqEuRWTrtxb5fUbgh2aADn,F7HrfNFMAuDaEkzbBLFnU9fergrTcVMycCoCajiTiD8S,7r4TcfVhcYuuh3of8S8igoV7AeyNfwcnRhAaA8FfvSgP,775716263506,7757.16263506,1
20855a2ccb72e32b5e6c9e7f7be4119f,2026-10-04,2026-10-04 09:46:36.000 UTC,453220179,5kZyT3L5eASWPDofmoXHFstpYo4L4JH81ELozVSsLUXHBGZLQVcX5f5Yzy38pyASwBHNcRYsbCWgYT7LXf6Dv8G5,transfer,J3cdRYTeQAnZUhYRcVpk9abqEuRWTrtxb5fUbgh2aADn,4xDsmeTWPNjgSVSS1VTfzFq3iHZhp77ffPkAmkZkdu71,7r4TcfVhcYuuh3of8S8igoV7AeyNfwcnRhAaA8FfvSgP,6nh19xY4eR2QWhKG1xbsLALzu1bXaaDi8JuRyPpgTTmx,1398804349751,13988.04349751,1
9e35ed7edca65144e0edeef9bf944a71,2026-10-04,2026-10-04 09:46:36.000 UTC,453220179,5kZyT3L5eASWPDofmoXHFstpYo4L4JH81ELozVSsLUXHBGZLQVcX5f5Yzy38pyASwBHNcRYsbCWgYT7LXf6Dv8G5,transfer,4xDsmeTWPNjgSVSS1VTfzFq3iHZhp77ffPkAmkZkdu71,5QsyByFVJcg7oN76Ma26KEDFQdHt1tsiVExK94zURzfd,6nh19xY4eR2QWhKG1xbsLALzu1bXaaDi8JuRyPpgTTmx,8joUsyKkRQzxUWHwuXjLAnnxdR8q4yy6VicKt2mJFCPC,1398804349751,13988.04349751,1
3e98a8795db24c8179b5b319e45afbfd,2026-10-04,2026-10-04 09:51:50.000 UTC,453221346,3BLfdhjBgBvFKmk1FPQ4RMXBjpv6i9Q8z1CrZJL2hyiV5ryVPDyrB7vMWuBTC2YBjvX1cwmaSroiFWxyuyb6fcaW,transfer,GpMZbSM2GgvTKHJirzeGfMFoaZ8UR2X7F4v8vHTvxFbL,ARu4n5mFdZogZAravu7CcizaojWnS6oqka37gdLT5SZn,35hKKpdPTy495wFTybw5wajHp4ZNSyQA5KZXd7cN9hB7,3CCaDwLVKs3WBE6bFG58Q9qaHmGfRrjUvEnEcuiCbY87,227226743649,2272.26743649,1
79e3eec4ddaa52fe9963d345ae699c63,2026-10-04,2026-10-04 09:51:50.000 UTC,453221346,3BLfdhjBgBvFKmk1FPQ4RMXBjpv6i9Q8z1CrZJL2hyiV5ryVPDyrB7vMWuBTC2YBjvX1cwmaSroiFWxyuyb6fcaW,transfer,ARu4n5mFdZogZAravu7CcizaojWnS6oqka37gdLT5SZn,GsUTgBa35ejPFFbsPFURmzs4KhbdQ2uxpSSRutahQhpV,3CCaDwLVKs3WBE6bFG58Q9qaHmGfRrjUvEnEcuiCbY87,8We2dwuW7NQteQtkrMXeNxnncNJVvaErkpqtVCxwcUDP,227226743649,2272.26743649,1
fa14055df6dcfd2a5a0a7c62395ff6cb,2026-10-04,2026-10-04 09:56:30.000 UTC,453222397,2DGyNcmT615y9dp3NEaVGfDE419wjk7n1sh2oasZY6NQhw6rKUujVffcx897d69mGF5b9ggFjUET66vXDURinWWH,transfer,GpMZbSM2GgvTKHJirzeGfMFoaZ8UR2X7F4v8vHTvxFbL,D5YqVMoSxnqeZAKAUUE1Dm3bmjtdxQ5DCF356ozqN9cM,35hKKpdPTy495wFTybw5wajHp4ZNSyQA5KZXd7cN9hB7,2KJkRj5rk5ft92WTTT5NYQThgX6SHStiqsyffyhjDWb4,180510359,1.80510359,1
0656b81348f2d79aa255d69935f47780,2026-10-04,2026-10-04 09:56:30.000 UTC,453222397,2DGyNcmT615y9dp3NEaVGfDE419wjk7n1sh2oasZY6NQhw6rKUujVffcx897d69mGF5b9ggFjUET66vXDURinWWH,transfer,D5YqVMoSxnqeZAKAUUE1Dm3bmjtdxQ5DCF356ozqN9cM,2Q8tAc9nrQca3tE9KqhnVc9DiBsDPQyqY24rnbRVYv8E,2KJkRj5rk5ft92WTTT5NYQThgX6SHStiqsyffyhjDWb4,9UK3o1FSN5avmpNmuxkdJWT16YPRjNZ7WvYW3fCcjaw4,180510359,1.80510359,1
0f1d69db978286108b74c23944bcac1f,2026-10-04,2026-10-04 09:56:42.000 UTC,453222443,2Fv24MuwBu95oGrfgYYQs96RnkfYebWp8KbCiFcWBKJWsyLfEcjwY38Mu5xK2MyaFFiA8n6s6Uhetqgko6RWXJJH,transfer,GpMZbSM2GgvTKHJirzeGfMFoaZ8UR2X7F4v8vHTvxFbL,D5YqVMoSxnqeZAKAUUE1Dm3bmjtdxQ5DCF356ozqN9cM,35hKKpdPTy495wFTybw5wajHp4ZNSyQA5KZXd7cN9hB7,2KJkRj5rk5ft92WTTT5NYQThgX6SHStiqsyffyhjDWb4,188031685,1.88031685,1
be5f6c6c6fb04916d5ebb19223e08838,2026-10-04,2026-10-04 09:56:42.000 UTC,453222443,2Fv24MuwBu95oGrfgYYQs96RnkfYebWp8KbCiFcWBKJWsyLfEcjwY38Mu5xK2MyaFFiA8n6s6Uhetqgko6RWXJJH,transfer,D5YqVMoSxnqeZAKAUUE1Dm3bmjtdxQ5DCF356ozqN9cM,2Q8tAc9nrQca3tE9KqhnVc9DiBsDPQyqY24rnbRVYv8E,2KJkRj5rk5ft92WTTT5NYQThgX6SHStiqsyffyhjDWb4,9UK3o1FSN5avmpNmuxkdJWT16YPRjNZ7WvYW3fCcjaw4,188031685,1.88031685,1
0d51963621ed6a3f933aef6892731e33,2026-10-04,2026-10-04 13:11:16.000 UTC,453266176,2Uz4k1wSGzQZ9TM9V8MpgdUrgTqhfph4wtmmLnPUtCscFiB11L5325U9XN7QvNU8Xbz1SDiaSUq3qFQW9z5uuiYd,transfer,J3cdRYTeQAnZUhYRcVpk9abqEuRWTrtxb5fUbgh2aADn,Amy8pSNyx1nnkxVktsPVaFUsDFZvjd18FXLZZpTk3W89,7r4TcfVhcYuuh3of8S8igoV7AeyNfwcnRhAaA8FfvSgP,8K2qCCVf8RTKs5innb4Zzs6Jhav5QDd9Hw3vSR1cpkYx,75659510882,756.59510882,1
972e99ec2b3a586f5f524b1bd971f9cf,2026-10-04,2026-10-04 13:11:50.000 UTC,453266300,5MMLJqVswBEnhZWwbV6JUARu5hFyPaHsCvpy6hCagqrnKU8q3reN6m6QaM1Dg3YGohWg1rok2VczNBicAUnKeuo7,transfer,J3cdRYTeQAnZUhYRcVpk9abqEuRWTrtxb5fUbgh2aADn,2MFoS3MPtvyQ4Wh4M9pdfPjz6UhVoNbFbGJAskCPCj3h,7r4TcfVhcYuuh3of8S8igoV7AeyNfwcnRhAaA8FfvSgP,34Wr317ozaKQEG1pL43nQEmnD97aN1PgDr7DBJFL3Gem,8375560825467,83755.60825467,1
cf783561dd8782cb79e4d1a9f50ffa56,2026-10-04,2026-10-04 13:11:50.000 UTC,453266300,5MMLJqVswBEnhZWwbV6JUARu5hFyPaHsCvpy6hCagqrnKU8q3reN6m6QaM1Dg3YGohWg1rok2VczNBicAUnKeuo7,transfer,2MFoS3MPtvyQ4Wh4M9pdfPjz6UhVoNbFbGJAskCPCj3h,5QsyByFVJcg7oN76Ma26KEDFQdHt1tsiVExK94zURzfd,34Wr317ozaKQEG1pL43nQEmnD97aN1PgDr7DBJFL3Gem,8joUsyKkRQzxUWHwuXjLAnnxdR8q4yy6VicKt2mJFCPC,8375560825467,83755.60825467,1
6c0300baa3feeb477bf6becb43629fd6,2026-10-04,2026-10-04 13:12:01.000 UTC,453266343,5h4Jt4b6B6Ety3xXWsSSK81i3AA2SVAcrdqBCffxkNjS6bXMKgceS17LhUzVfrUWrAxFnnMigvZmKosFYnrW16vc,burn,5QsyByFVJcg7oN76Ma26KEDFQdHt1tsiVExK94zURzfd,,8joUsyKkRQzxUWHwuXjLAnnxdR8q4yy6VicKt2mJFCPC,,19022544180124,190225.44180124,1
15244ba9e3f6a46e0fee1be0311bef14,2026-10-04,2026-10-04 13:12:19.000 UTC,453266409,3ZwnyyN8UEGm7383ZZiqbWzpSKWqS4gzzozEZ27G411YeLtPeNc7B19exSh6yBvwMVdFL4EA6kGa6P2G4KuphJc9,transfer,9nnLbotNTcUhvbrsA6Mdkx45Sm82G35zo28AqUvjExn8,5QsyByFVJcg7oN76Ma26KEDFQdHt1tsiVExK94zURzfd,3CMwuMtw9u3VuFyGFJWCaF43wbRkrP1iGtE5FrWKxNQw,8joUsyKkRQzxUWHwuXjLAnnxdR8q4yy6VicKt2mJFCPC,1391692416220,13916.9241622,1
3d3d6154527dd82c04b11788cf1417aa,2026-10-04,2026-10-04 13:12:19.000 UTC,453266409,3ZwnyyN8UEGm7383ZZiqbWzpSKWqS4gzzozEZ27G411YeLtPeNc7B19exSh6yBvwMVdFL4EA6kGa6P2G4KuphJc9,transfer,J3cdRYTeQAnZUhYRcVpk9abqEuRWTrtxb5fUbgh2aADn,9nnLbotNTcUhvbrsA6Mdkx45Sm82G35zo28AqUvjExn8,7r4TcfVhcYuuh3of8S8igoV7AeyNfwcnRhAaA8FfvSgP,3CMwuMtw9u3VuFyGFJWCaF43wbRkrP1iGtE5FrWKxNQw,1391692416220,13916.9241622,1
12135f66d6378b164cbfbb6ca626ae4e,2026-10-04,2026-10-04 13:12:44.000 UTC,453266502,47NuzGgYti5GDCRVeUThRpSeH8odYycGGu9jcoRHdborAtRpP6bxjk8KRuBu8T6DmtquzXzCStMSzC3z111Ji5Xt,transfer,LionX7R69tL1EEcpRkJ9jRuwV7bi4jFoKmZZnxiVK6y,J3cdRYTeQAnZUhYRcVpk9abqEuRWTrtxb5fUbgh2aADn,FV9KA7rMMNWvxeV5ZKjsKng1awu9znDBuQTpCBXntMNK,7r4TcfVhcYuuh3of8S8igoV7AeyNfwcnRhAaA8FfvSgP,77852702700,778.527027,1
aa0c2bc83c7f408454ac932c41d076d1,2026-10-04,2026-10-04 13:12:44.000 UTC,453266502,47NuzGgYti5GDCRVeUThRpSeH8odYycGGu9jcoRHdborAtRpP6bxjk8KRuBu8T6DmtquzXzCStMSzC3z111Ji5Xt,transfer,GpMZbSM2GgvTKHJirzeGfMFoaZ8UR2X7F4v8vHTvxFbL,LionX7R69tL1EEcpRkJ9jRuwV7bi4jFoKmZZnxiVK6y,35hKKpdPTy495wFTybw5wajHp4ZNSyQA5KZXd7cN9hB7,FV9KA7rMMNWvxeV5ZKjsKng1awu9znDBuQTpCBXntMNK,77852702700,778.527027,1
c2a50540914677abf257205b5029c818,2026-10-04,2026-10-04 13:12:45.000 UTC,453266505,4VkCL6HZYwUCaMMYPWE4H8hdY7SmsD3Wn6dwuwMUiGRHT23jmJ6RQD34pBh42C2TAbTP8KtaAKkTGpABMj65GAGi,transfer,5QsyByFVJcg7oN76Ma26KEDFQdHt1tsiVExK94zURzfd,GpMZbSM2GgvTKHJirzeGfMFoaZ8UR2X7F4v8vHTvxFbL,8joUsyKkRQzxUWHwuXjLAnnxdR8q4yy6VicKt2mJFCPC,35hKKpdPTy495wFTybw5wajHp4ZNSyQA5KZXd7cN9hB7,579262425480,5792.6242548,1
48dd1325194427deeb25a8ad32aa365a,2026-10-04,2026-10-04 13:13:14.000 UTC,453266620,KuYkjVh92zJvUuTpMA16BbaxzMCxzFv517NtSRiR9J7XGBHLRmf9YiFv8QN4qJRAAEtjNMagYDBTfAEXSb96TtC,transfer,J3cdRYTeQAnZUhYRcVpk9abqEuRWTrtxb5fUbgh2aADn,Amy8pSNyx1nnkxVktsPVaFUsDFZvjd18FXLZZpTk3W89,7r4TcfVhcYuuh3of8S8igoV7AeyNfwcnRhAaA8FfvSgP,8K2qCCVf8RTKs5innb4Zzs6Jhav5QDd9Hw3vSR1cpkYx,620142881943,6201.42881943,1
e4cc657c221414118e094f26f1c71dfe,2026-10-04,2026-10-04 14:27:49.000 UTC,453283318,3YsEr4E276GfZuiAzdyvdTsUKXjgHFdLFPbsgGxgpNb8A8f5MxxYShYxYw1mQtXsF3maJsoSPqfvmXLSboeirL3E,transfer,Gsq49YTmSNdFadBVAqmRBGBKYQyZXP3KEf6A2tTgLea7,J3cdRYTeQAnZUhYRcVpk9abqEuRWTrtxb5fUbgh2aADn,4RanSB16mMve7r5Awk5fBYiTCXCsmW4TpJFcsKm4Rd8M,7r4TcfVhcYuuh3of8S8igoV7AeyNfwcnRhAaA8FfvSgP,2987673094075,29876.73094075,1
38363eb2a4fe0535d158dec111f8de38,2026-10-04,2026-10-04 14:28:23.000 UTC,453283446,2imWpVSN5uuZFg857xuzCKjvBLhpW2Z2dru8v6TLj6K2ac4m1Mn8iXEbKkSQXmZnELEc1teVgRQHJZc9xzSobXrX,transfer,A6RQ7VaFkHVfr9rbf4odd8asLf8yrFULqFA2P5TQdDQ7,5F8uDhisZdR7HQU6vBMRr1cMKgrwWpBEVdMDYiJE9TWx,Gs6ASmLxzVapkoE13v1prYfV9JjGgKpuyMDJWjQifVzA,HFEWQF37s3CPTdU5jJpXKhSaezvY8mQ8muob8pANjboa,1745171153612,17451.71153612,1
81e71432b80fa764ca1c7765ebfcdd1a,2026-10-04,2026-10-04 14:30:53.000 UTC,453284008,5SymRaCVsPzKQa9y5wzK5YJu3fMDLHLhGrZ7nptcaVdWjgVcrs1F82CUrq2FmvrDcRfk361EWe6AJky5jA3GC1Sx,transfer,J3cdRYTeQAnZUhYRcVpk9abqEuRWTrtxb5fUbgh2aADn,ARu4n5mFdZogZAravu7CcizaojWnS6oqka37gdLT5SZn,7r4TcfVhcYuuh3of8S8igoV7AeyNfwcnRhAaA8FfvSgP,3CCaDwLVKs3WBE6bFG58Q9qaHmGfRrjUvEnEcuiCbY87,7811521630267,78115.21630267,1
9505be36bc816c3a579fac016c3ad0b8,2026-10-04,2026-10-04 14:30:53.000 UTC,453284008,5SymRaCVsPzKQa9y5wzK5YJu3fMDLHLhGrZ7nptcaVdWjgVcrs1F82CUrq2FmvrDcRfk361EWe6AJky5jA3GC1Sx,transfer,ARu4n5mFdZogZAravu7CcizaojWnS6oqka37gdLT5SZn,5F8uDhisZdR7HQU6vBMRr1cMKgrwWpBEVdMDYiJE9TWx,3CCaDwLVKs3WBE6bFG58Q9qaHmGfRrjUvEnEcuiCbY87,HFEWQF37s3CPTdU5jJpXKhSaezvY8mQ8muob8pANjboa,8223096098246,82230.96098246,1
4be535a4dfe7201b5580b6cd0c7fc43f,2026-10-04,2026-10-04 14:30:53.000 UTC,453284008,5SymRaCVsPzKQa9y5wzK5YJu3fMDLHLhGrZ7nptcaVdWjgVcrs1F82CUrq2FmvrDcRfk361EWe6AJky5jA3GC1Sx,transfer,GpMZbSM2GgvTKHJirzeGfMFoaZ8UR2X7F4v8vHTvxFbL,ARu4n5mFdZogZAravu7CcizaojWnS6oqka37gdLT5SZn,35hKKpdPTy495wFTybw5wajHp4ZNSyQA5KZXd7cN9hB7,3CCaDwLVKs3WBE6bFG58Q9qaHmGfRrjUvEnEcuiCbY87,411574467979,4115.74467979,1
db7973bc4338f9a8b3e09e669282da8f,2026-10-04,2026-10-04 14:31:16.000 UTC,453284096,2ZwTkbTmTiLg2zpyWdGfYCE72LapQLiKtxCzdeDmh6iudCL4mTctHA3jq47ZULuPkyDvTr3AaeUeRkCfUE5ggTGz,transfer,ErfwHA7A4KEiQ4qB3aWBi9RNHgkEa64tvhvG1EF1EdsR,GpMZbSM2GgvTKHJirzeGfMFoaZ8UR2X7F4v8vHTvxFbL,7qT2QpJe7aCdwBP6GC8HHkqzYJC2nUniUwueYm31gMYu,35hKKpdPTy495wFTybw5wajHp4ZNSyQA5KZXd7cN9hB7,1988347296350,19883.4729635,1
360dda56f55cc7d06e038729cc5f56e7,2026-10-04,2026-10-04 14:31:16.000 UTC,453284096,2ZwTkbTmTiLg2zpyWdGfYCE72LapQLiKtxCzdeDmh6iudCL4mTctHA3jq47ZULuPkyDvTr3AaeUeRkCfUE5ggTGz,transfer,GpMZbSM2GgvTKHJirzeGfMFoaZ8UR2X7F4v8vHTvxFbL,ErfwHA7A4KEiQ4qB3aWBi9RNHgkEa64tvhvG1EF1EdsR,GJrjTyjw8vEL4FUVVnKmfvYKZamyjNgwxxprciNkQ9AE,7qT2QpJe7aCdwBP6GC8HHkqzYJC2nUniUwueYm31gMYu,1988347296350,19883.4729635,1
4ed5d9c8052cbc9aeaa1c3544553e48e,2026-10-04,2026-10-04 14:31:16.000 UTC,453284096,e2Sm1F3NH7MVzX43MbUXYSccXeQKGzAdzbA6CZtxaK7bDfvv7yYg5H137nqg5zWeDYrA77p13iDYUhn7A4wQb65,transfer,8oSD5a9EG933qyuL8YdnSy6YPF7peNiXm7PAx19R1phB,GpMZbSM2GgvTKHJirzeGfMFoaZ8UR2X7F4v8vHTvxFbL,Aj3QonSWdzChL9QwJZUXKcyURt116whqtjqMdgeGQkt3,GJrjTyjw8vEL4FUVVnKmfvYKZamyjNgwxxprciNkQ9AE,809655620201,8096.55620201,1
b326cfc19676952e9bd19d50174cd88c,2026-10-04,2026-10-04 14:31:16.000 UTC,453284096,e2Sm1F3NH7MVzX43MbUXYSccXeQKGzAdzbA6CZtxaK7bDfvv7yYg5H137nqg5zWeDYrA77p13iDYUhn7A4wQb65,transfer,GpMZbSM2GgvTKHJirzeGfMFoaZ8UR2X7F4v8vHTvxFbL,8oSD5a9EG933qyuL8YdnSy6YPF7peNiXm7PAx19R1phB,35hKKpdPTy495wFTybw5wajHp4ZNSyQA5KZXd7cN9hB7,Aj3QonSWdzChL9QwJZUXKcyURt116whqtjqMdgeGQkt3,809655620201,8096.55620201,1
982c53106deb7aed2b5a18033f34f6f3,2026-10-04,2026-10-04 14:31:16.000 UTC,453284096,hpnMUg7iYS15EQ2K4xAGvAmGdiHLkAhoM9AeLDo6QxhNoSgjWHhGRzyCFCRMExn7UfAzvxDFtwntHViKQYFGovv,transfer,6AGp6zbGNuyZpmzeswv9KCNU15Rf37UQDqDqFAeHmS8d,J3cdRYTeQAnZUhYRcVpk9abqEuRWTrtxb5fUbgh2aADn,8Xb4D7VQDEj872ZsUwjStnk1icrhj2u9rQytS9fF9AZL,7r4TcfVhcYuuh3of8S8igoV7AeyNfwcnRhAaA8FfvSgP,866405766215,8664.05766215,1
7fd268cb9360fa98667540371fa81d42,2026-10-04,2026-10-04 14:31:16.000 UTC,453284096,hpnMUg7iYS15EQ2K4xAGvAmGdiHLkAhoM9AeLDo6QxhNoSgjWHhGRzyCFCRMExn7UfAzvxDFtwntHViKQYFGovv,transfer,GpMZbSM2GgvTKHJirzeGfMFoaZ8UR2X7F4v8vHTvxFbL,6AGp6zbGNuyZpmzeswv9KCNU15Rf37UQDqDqFAeHmS8d,35hKKpdPTy495wFTybw5wajHp4ZNSyQA5KZXd7cN9hB7,8Xb4D7VQDEj872ZsUwjStnk1icrhj2u9rQytS9fF9AZL,866405766215,8664.05766215,1
2649e99331dcf6e374852f86c1bf082c,2026-10-04,2026-10-04 14:31:17.000 UTC,453284097,296TRgquJJBRpsMQp3yKfAgbj2CkKRA8oSivwfHJiysmrfQDH3FfkSpEKNcd4tkVi4pDsd72LfBiXLWRcWfkQo8s,transfer,GpMZbSM2GgvTKHJirzeGfMFoaZ8UR2X7F4v8vHTvxFbL,2QfBNK2WDwSLoUQRb1zAnp3KM12N9hQ8q6ApwUMnWW2T,35hKKpdPTy495wFTybw5wajHp4ZNSyQA5KZXd7cN9hB7,Ge8ztRJbMgbCM8ynHbZMPKiYNDzB1jvMUd9gSiDx1kbJ,39205993335,392.05993335,1
5294b16cd9e2d5e9017561b6db1c97a0,2026-10-04,2026-10-04 14:31:17.000 UTC,453284097,296TRgquJJBRpsMQp3yKfAgbj2CkKRA8oSivwfHJiysmrfQDH3FfkSpEKNcd4tkVi4pDsd72LfBiXLWRcWfkQo8s,transfer,2QfBNK2WDwSLoUQRb1zAnp3KM12N9hQ8q6ApwUMnWW2T,GpMZbSM2GgvTKHJirzeGfMFoaZ8UR2X7F4v8vHTvxFbL,Ge8ztRJbMgbCM8ynHbZMPKiYNDzB1jvMUd9gSiDx1kbJ,GJrjTyjw8vEL4FUVVnKmfvYKZamyjNgwxxprciNkQ9AE,39205993335,392.05993335,1
74c0dfd59987d21daa637a5d9406c0c4,2026-10-04,2026-10-04 14:36:35.000 UTC,453285303,5NvwdK2RyqsQDi16NNDBWWY56os2Wvn7CaGNAQiFZ45gWgV6sjMaD5iENBix15a1kgD16X6abVtR8zQozk6XdMFr,transfer,NALUnJA2AJUYa6xJL1HsorEeFgxxDsfUgYBCX8Pp2zD,GpMZbSM2GgvTKHJirzeGfMFoaZ8UR2X7F4v8vHTvxFbL,4sKCpuN1EjauwQaSqE8RN1EaAd8qjDZKCv5Swv7ad7un,GJrjTyjw8vEL4FUVVnKmfvYKZamyjNgwxxprciNkQ9AE,94801315721,948.01315721,1
7a5db78870d1b15b7fed014042fb48da,2026-10-04,2026-10-04 14:36:35.000 UTC,453285303,5NvwdK2RyqsQDi16NNDBWWY56os2Wvn7CaGNAQiFZ45gWgV6sjMaD5iENBix15a1kgD16X6abVtR8zQozk6XdMFr,transfer,GpMZbSM2GgvTKHJirzeGfMFoaZ8UR2X7F4v8vHTvxFbL,NALUnJA2AJUYa6xJL1HsorEeFgxxDsfUgYBCX8Pp2zD,35hKKpdPTy495wFTybw5wajHp4ZNSyQA5KZXd7cN9hB7,4sKCpuN1EjauwQaSqE8RN1EaAd8qjDZKCv5Swv7ad7un,94801315721,948.01315721,1
e7bccfa622e71bea450b2de10699e3f9,2026-10-04,2026-10-04 14:46:15.000 UTC,453287484,4n5Qac95Y2fbxSUi2NXv7GvvE49vUkTSzBsHyfNjNTnKwjrne2GuLZYBzReh3uZBYdg6pMoRgPXRtCrzAzfPu2NU,transfer,GpMZbSM2GgvTKHJirzeGfMFoaZ8UR2X7F4v8vHTvxFbL,3nMNd89AxwHUa1AFvQGqohRkxFEQsTsgiEyEyqXFHyyH,35hKKpdPTy495wFTybw5wajHp4ZNSyQA5KZXd7cN9hB7,F9eR3BpXB6zJCUDRiy7q4ewPFvmxV9gvZYrSmiXmXdyg,71964023348,719.64023348,1
657ad863892703df28e0b02ad7c8150c,2026-10-04,2026-10-04 14:46:15.000 UTC,453287484,4n5Qac95Y2fbxSUi2NXv7GvvE49vUkTSzBsHyfNjNTnKwjrne2GuLZYBzReh3uZBYdg6pMoRgPXRtCrzAzfPu2NU,transfer,3nMNd89AxwHUa1AFvQGqohRkxFEQsTsgiEyEyqXFHyyH,GpMZbSM2GgvTKHJirzeGfMFoaZ8UR2X7F4v8vHTvxFbL,F9eR3BpXB6zJCUDRiy7q4ewPFvmxV9gvZYrSmiXmXdyg,GJrjTyjw8vEL4FUVVnKmfvYKZamyjNgwxxprciNkQ9AE,71964023348,719.64023348,1
f7b126e0e59aae1e40eb49d2e15ebda0,2026-10-04,2026-10-04 15:19:22.000 UTC,453294904,5rrxsHeWsk6jMif533qvgSEQx5pg8eRy7gqVVTY78ows4GxBuY4ivib2z37QFwz9cBiJbUoHhECrbVKSEDqyeTjT,transfer,5cLJnpSPrCpx2hqNYjq6iRtEa8ZW5FZXBn6ecRH39m9x,9nnLbotNTcUhvbrsA6Mdkx45Sm82G35zo28AqUvjExn8,H49reFCTCL8aSDmLC4wjGEDg2TEHd3TJq4ByJvXJA1UT,3CMwuMtw9u3VuFyGFJWCaF43wbRkrP1iGtE5FrWKxNQw,1718408018201,17184.08018201,1
0c8a7e563e75c4e1dc9736663ba4d768,2026-10-04,2026-10-04 15:19:22.000 UTC,453294904,5rrxsHeWsk6jMif533qvgSEQx5pg8eRy7gqVVTY78ows4GxBuY4ivib2z37QFwz9cBiJbUoHhECrbVKSEDqyeTjT,transfer,9nnLbotNTcUhvbrsA6Mdkx45Sm82G35zo28AqUvjExn8,J3cdRYTeQAnZUhYRcVpk9abqEuRWTrtxb5fUbgh2aADn,3CMwuMtw9u3VuFyGFJWCaF43wbRkrP1iGtE5FrWKxNQw,7r4TcfVhcYuuh3of8S8igoV7AeyNfwcnRhAaA8FfvSgP,1718408018201,17184.08018201,1
de1d6c1e8332dcdbedd8278684456513,2026-10-04,2026-10-04 16:18:17.000 UTC,453308106,3DgepnWwTsfdkrQxsWyrVY6RTBowiCGV8SxxrFvaqYNk51uP6Y1xc1M8Bg2R88BJqnhpF9xe4HRmADHWRsvtLpCj,transfer,J3cdRYTeQAnZUhYRcVpk9abqEuRWTrtxb5fUbgh2aADn,69yhtoJR4JYPPABZcSNkzuqbaFbwHsCkja1sP1Q2aVT5,7r4TcfVhcYuuh3of8S8igoV7AeyNfwcnRhAaA8FfvSgP,4EEVNFEkQUeRQostqQiyMv25cUwart2AcidUc2FQx9ZY,619046441405,6190.46441405,1
5581724bbaa5e6c87382eb3f6da8f703,2026-10-04,2026-10-04 16:18:17.000 UTC,453308106,3DgepnWwTsfdkrQxsWyrVY6RTBowiCGV8SxxrFvaqYNk51uP6Y1xc1M8Bg2R88BJqnhpF9xe4HRmADHWRsvtLpCj,transfer,69yhtoJR4JYPPABZcSNkzuqbaFbwHsCkja1sP1Q2aVT5,AxQoWvHTPjKRwTThtqURAiBSzF2oDCgU9nnDHptSQbcU,4EEVNFEkQUeRQostqQiyMv25cUwart2AcidUc2FQx9ZY,BUxYDKAiV2PCZMKYZ964s6THqxNYzvBjBtowCq8b8rRe,619046441405,6190.46441405,1
e555e592437516d8a8e1e32961b9c22a,2026-10-04,2026-10-04 16:46:07.000 UTC,453314297,546WrrceWadHq388AkbhzHyFstqoPCLn5r1YofZf6EJPH79jvTocJCThrWDKQ5SdPSPwLdQfom9GazSNT3pek3yk,transfer,GxDC9e7SP9mzhDo4re5HbpLa2RW7gB9DtmThx4i4pXSq,GpMZbSM2GgvTKHJirzeGfMFoaZ8UR2X7F4v8vHTvxFbL,2QiaipXgmxVQdhS2kFeZJaNS2bQiBfhNGxKzqLJ6YrSs,GJrjTyjw8vEL4FUVVnKmfvYKZamyjNgwxxprciNkQ9AE,49084158143,490.84158143,1
b9f5c81c1de039ab519e62ce2159b814,2026-10-04,2026-10-04 16:46:07.000 UTC,453314297,546WrrceWadHq388AkbhzHyFstqoPCLn5r1YofZf6EJPH79jvTocJCThrWDKQ5SdPSPwLdQfom9GazSNT3pek3yk,transfer,J3cdRYTeQAnZUhYRcVpk9abqEuRWTrtxb5fUbgh2aADn,GxDC9e7SP9mzhDo4re5HbpLa2RW7gB9DtmThx4i4pXSq,7r4TcfVhcYuuh3of8S8igoV7AeyNfwcnRhAaA8FfvSgP,2QiaipXgmxVQdhS2kFeZJaNS2bQiBfhNGxKzqLJ6YrSs,49084158143,490.84158143,1
9a272ff6f3adf1d0265ced533737c2df,2026-10-04,2026-10-04 16:49:13.000 UTC,453314985,47GDHyj48SiTqXqBoDwtnBrdVKXiBmhm8RDq3ksYDN5JQd9PdxzWX4FKesAFTH3vbdxd4FWRMBSX1nuqsFZqtp9V,transfer,moodt1QXNtbmiheUJr9EGfch7h5mTxcWqCLyzXxWNu6,GpMZbSM2GgvTKHJirzeGfMFoaZ8UR2X7F4v8vHTvxFbL,2iamhfvXkzB1tomrktZfEreTGL8UsHty4cjywmju6taB,GJrjTyjw8vEL4FUVVnKmfvYKZamyjNgwxxprciNkQ9AE,49083039498,490.83039498,1
b5b5cc7abc831ffda69379427825a39e,2026-10-04,2026-10-04 16:49:13.000 UTC,453314985,47GDHyj48SiTqXqBoDwtnBrdVKXiBmhm8RDq3ksYDN5JQd9PdxzWX4FKesAFTH3vbdxd4FWRMBSX1nuqsFZqtp9V,transfer,J3cdRYTeQAnZUhYRcVpk9abqEuRWTrtxb5fUbgh2aADn,moodt1QXNtbmiheUJr9EGfch7h5mTxcWqCLyzXxWNu6,7r4TcfVhcYuuh3of8S8igoV7AeyNfwcnRhAaA8FfvSgP,2iamhfvXkzB1tomrktZfEreTGL8UsHty4cjywmju6taB,49083039498,490.83039498,1
48a27fe2f900de360380d055b08de5b5,2026-10-04,2026-10-04 16:49:14.000 UTC,453314987,3kTRsjPtfW5gUvQo3fXyMiM4u2tL36RQPEaNVrkF73Sp5kVgXy3tU5ZDj7FzqRwiwGKiKJFbkrXxmBvMbysmRuJS,transfer,J3cdRYTeQAnZUhYRcVpk9abqEuRWTrtxb5fUbgh2aADn,moodt1QXNtbmiheUJr9EGfch7h5mTxcWqCLyzXxWNu6,7r4TcfVhcYuuh3of8S8igoV7AeyNfwcnRhAaA8FfvSgP,2iamhfvXkzB1tomrktZfEreTGL8UsHty4cjywmju6taB,49081920890,490.8192089,1
0e32d916c951f6ba6bbaf1d85bbe2a8c,2026-10-04,2026-10-04 16:49:14.000 UTC,453314987,3kTRsjPtfW5gUvQo3fXyMiM4u2tL36RQPEaNVrkF73Sp5kVgXy3tU5ZDj7FzqRwiwGKiKJFbkrXxmBvMbysmRuJS,transfer,moodt1QXNtbmiheUJr9EGfch7h5mTxcWqCLyzXxWNu6,GpMZbSM2GgvTKHJirzeGfMFoaZ8UR2X7F4v8vHTvxFbL,2iamhfvXkzB1tomrktZfEreTGL8UsHty4cjywmju6taB,GJrjTyjw8vEL4FUVVnKmfvYKZamyjNgwxxprciNkQ9AE,49081920890,490.8192089,1
48d6e243efe1afb55991114b56b37964,2026-10-04,2026-10-04 16:53:38.000 UTC,453315968,LVV6HJAzHd3yHkBVW2hWxRBBBzoBZN3bNvPCYBLpfwY4aP3JZuAQ2RFKJpaRMtYHCaLkqDVttfMYF5bLfKW7ZxL,transfer,J3cdRYTeQAnZUhYRcVpk9abqEuRWTrtxb5fUbgh2aADn,GivZAAPVGa2hMMB8qDvjH7Z62xd7CJjBRB7wHJSpiXT4,7r4TcfVhcYuuh3of8S8igoV7AeyNfwcnRhAaA8FfvSgP,2g8feiSMpHWJyJTnyvRNw1xGJEWeSvCNPs5zTTRfSC1M,3087233611326,30872.33611326,1
2136d79390bb09d9bdaa09bf3886375f,2026-10-04,2026-10-04 16:53:47.000 UTC,453316004,4uDAPgu4cYsJxKoDzaRrPScY2HfqTjpPptrL7X4ELULyoka3ZdqsXm3BEdvTKABhcMMw1MXhChKb4NFxo9Gndwoo,transfer,J3cdRYTeQAnZUhYRcVpk9abqEuRWTrtxb5fUbgh2aADn,GivZAAPVGa2hMMB8qDvjH7Z62xd7CJjBRB7wHJSpiXT4,7r4TcfVhcYuuh3of8S8igoV7AeyNfwcnRhAaA8FfvSgP,2g8feiSMpHWJyJTnyvRNw1xGJEWeSvCNPs5zTTRfSC1M,3083304626019,30833.04626019,1
a704b466a320db883e329b0a20bce044,2026-10-04,2026-10-04 16:53:55.000 UTC,453316034,xN4G6ytqg38ejTuCdVaHioQ42M4UofjYW5HidAcGdJUHgxUHEmbuYz4GGM1EEwPFFbwxEjJyGX1sUWb7fsKrVMA,transfer,HFqp6ErWHY6Uzhj8rFyjYuDya2mXUpYEk8VW75K9PSiY,GivZAAPVGa2hMMB8qDvjH7Z62xd7CJjBRB7wHJSpiXT4,vwSnfKeMpnMRoFDzkzhjuCKX8wDwU1HqpHWm4Vtrmvj,2g8feiSMpHWJyJTnyvRNw1xGJEWeSvCNPs5zTTRfSC1M,3077885091727,30778.85091727,1
b3e05e061cefd23a4039f8f556a9676d,2026-10-04,2026-10-04 16:53:55.000 UTC,453316034,xN4G6ytqg38ejTuCdVaHioQ42M4UofjYW5HidAcGdJUHgxUHEmbuYz4GGM1EEwPFFbwxEjJyGX1sUWb7fsKrVMA,transfer,J3cdRYTeQAnZUhYRcVpk9abqEuRWTrtxb5fUbgh2aADn,HFqp6ErWHY6Uzhj8rFyjYuDya2mXUpYEk8VW75K9PSiY,7r4TcfVhcYuuh3of8S8igoV7AeyNfwcnRhAaA8FfvSgP,vwSnfKeMpnMRoFDzkzhjuCKX8wDwU1HqpHWm4Vtrmvj,3077885091727,30778.85091727,1
af555dd80c4275d0cc9b09c9fb263c63,2026-10-04,2026-10-04 16:54:03.000 UTC,453316063,p8PMFgG259ZCqwzYvvcdGQE9r5b5ai4P8wN5wM2nXRGsQwygrCRWHSxkdpd73bVG83vsT3HZTuW1taQzCYAUNHH,transfer,3LoAYHuSd7Gh8d7RTFnhvYtiTiefdZ5ByamU42vkzd76,GivZAAPVGa2hMMB8qDvjH7Z62xd7CJjBRB7wHJSpiXT4,5q88NgznWDfDA3zQxnkj7AEbEtNP3ydhLe7Fxqf66sLy,2g8feiSMpHWJyJTnyvRNw1xGJEWeSvCNPs5zTTRfSC1M,3072169448404,30721.69448404,1
5199ef236465c355071bfa75c6fc5bc5,2026-10-04,2026-10-04 16:54:03.000 UTC,453316063,p8PMFgG259ZCqwzYvvcdGQE9r5b5ai4P8wN5wM2nXRGsQwygrCRWHSxkdpd73bVG83vsT3HZTuW1taQzCYAUNHH,transfer,J3cdRYTeQAnZUhYRcVpk9abqEuRWTrtxb5fUbgh2aADn,3LoAYHuSd7Gh8d7RTFnhvYtiTiefdZ5ByamU42vkzd76,7r4TcfVhcYuuh3of8S8igoV7AeyNfwcnRhAaA8FfvSgP,5q88NgznWDfDA3zQxnkj7AEbEtNP3ydhLe7Fxqf66sLy,3072169448404,30721.69448404,1
f66a20bb8ec30ecc2166ef71a8eac609,2026-10-04,2026-10-04 16:54:03.000 UTC,453316065,7LvihP9LC9r4t3Fh1yywMLJC9eSKBxshUJoFoyTJonbSctmKsUf3trNNm5QMCJH5bimMvc3iDFqyJudjPyJ2krf,transfer,GpMZbSM2GgvTKHJirzeGfMFoaZ8UR2X7F4v8vHTvxFbL,En3NPq8o9Cynf1Q3eP69AqZmPKmBaDugYnE832o2YuzP,35hKKpdPTy495wFTybw5wajHp4ZNSyQA5KZXd7cN9hB7,4vp1MEFzUxQQh2sKn9M9P15tYKwRr6AirvbzH95Nh1Vz,90343108823,903.43108823,1
36b81ca85fdf3fd294751c8bc8c1638c,2026-10-04,2026-10-04 16:54:03.000 UTC,453316065,7LvihP9LC9r4t3Fh1yywMLJC9eSKBxshUJoFoyTJonbSctmKsUf3trNNm5QMCJH5bimMvc3iDFqyJudjPyJ2krf,transfer,En3NPq8o9Cynf1Q3eP69AqZmPKmBaDugYnE832o2YuzP,J3cdRYTeQAnZUhYRcVpk9abqEuRWTrtxb5fUbgh2aADn,4vp1MEFzUxQQh2sKn9M9P15tYKwRr6AirvbzH95Nh1Vz,7r4TcfVhcYuuh3of8S8igoV7AeyNfwcnRhAaA8FfvSgP,90343108823,903.43108823,1
083c7acb9d98b54bb1246466286dd415,2026-10-04,2026-10-04 16:54:12.000 UTC,453316098,5DxzNGHrx4kT4TWn1GLFTFkiLRDX1buAaE5CJCTW7cZ7d4wv47VpSi2y6DL4PooYMiaedNUVapJdZtunHmXPZ8z5,transfer,J3cdRYTeQAnZUhYRcVpk9abqEuRWTrtxb5fUbgh2aADn,GivZAAPVGa2hMMB8qDvjH7Z62xd7CJjBRB7wHJSpiXT4,7r4TcfVhcYuuh3of8S8igoV7AeyNfwcnRhAaA8FfvSgP,2g8feiSMpHWJyJTnyvRNw1xGJEWeSvCNPs5zTTRfSC1M,3069224853077,30692.24853077,1
30653aec2bd107d9d824f42cd3d78f2d,2026-10-04,2026-10-04 16:54:13.000 UTC,453316100,EyLhiy4YrzMiTqSN4GMqXnpFfvrsHYmh85yHDWWSsexMXZgiebKUzfd7kpvd8Z2nSjjmDrRHAaLzmEQY38oN5E5,transfer,GpMZbSM2GgvTKHJirzeGfMFoaZ8UR2X7F4v8vHTvxFbL,GgGap6tiUKhD8XeUZaHpVB3rerb3zKWNouWQJHozDujt,35hKKpdPTy495wFTybw5wajHp4ZNSyQA5KZXd7cN9hB7,BzF2qmSQj4JAht8P15fMfjsQr1U7bocL55BSrvnE1GMT,103745700579,1037.45700579,1
31fc312ee8f2b3cb056921e16ba4495f,2026-10-04,2026-10-04 16:54:13.000 UTC,453316100,EyLhiy4YrzMiTqSN4GMqXnpFfvrsHYmh85yHDWWSsexMXZgiebKUzfd7kpvd8Z2nSjjmDrRHAaLzmEQY38oN5E5,transfer,GgGap6tiUKhD8XeUZaHpVB3rerb3zKWNouWQJHozDujt,J3cdRYTeQAnZUhYRcVpk9abqEuRWTrtxb5fUbgh2aADn,BzF2qmSQj4JAht8P15fMfjsQr1U7bocL55BSrvnE1GMT,7r4TcfVhcYuuh3of8S8igoV7AeyNfwcnRhAaA8FfvSgP,103745700579,1037.45700579,1
460412e62833dc4457578d27df809b08,2026-10-04,2026-10-04 16:54:20.000 UTC,453316126,5ijKK49KWfp3A9KqAbTHPJfovz2K2jVfvSffo3xHrC6VYFMXuqwierFV3B1haXDRV5VJa8r9M3vvwrrYHffdzyyM,transfer,J3cdRYTeQAnZUhYRcVpk9abqEuRWTrtxb5fUbgh2aADn,HFqp6ErWHY6Uzhj8rFyjYuDya2mXUpYEk8VW75K9PSiY,7r4TcfVhcYuuh3of8S8igoV7AeyNfwcnRhAaA8FfvSgP,vwSnfKeMpnMRoFDzkzhjuCKX8wDwU1HqpHWm4Vtrmvj,3063294427158,30632.94427158,1
bed1e160d96215d5ed30e8ffc4654c5c,2026-10-04,2026-10-04 16:54:20.000 UTC,453316126,5ijKK49KWfp3A9KqAbTHPJfovz2K2jVfvSffo3xHrC6VYFMXuqwierFV3B1haXDRV5VJa8r9M3vvwrrYHffdzyyM,transfer,HFqp6ErWHY6Uzhj8rFyjYuDya2mXUpYEk8VW75K9PSiY,GivZAAPVGa2hMMB8qDvjH7Z62xd7CJjBRB7wHJSpiXT4,vwSnfKeMpnMRoFDzkzhjuCKX8wDwU1HqpHWm4Vtrmvj,2g8feiSMpHWJyJTnyvRNw1xGJEWeSvCNPs5zTTRfSC1M,3063294427158,30632.94427158,1
7fb4e16ca35957698bb5edf12d9a4084,2026-10-04,2026-10-04 16:54:39.000 UTC,453316201,3sn4U6xh2r8Y8KBfnArtW96JJ3waNi5LDUBxfTg1yd88pSNXtFyuf4ejpP9yddTM3Zg5PNr5c3CdWxcWLLBJjjE8,transfer,J3cdRYTeQAnZUhYRcVpk9abqEuRWTrtxb5fUbgh2aADn,69yhtoJR4JYPPABZcSNkzuqbaFbwHsCkja1sP1Q2aVT5,7r4TcfVhcYuuh3of8S8igoV7AeyNfwcnRhAaA8FfvSgP,4EEVNFEkQUeRQostqQiyMv25cUwart2AcidUc2FQx9ZY,3056971438139,30569.71438139,1
07fa5d14210f132ef5d7202dc08bda88,2026-10-04,2026-10-04 16:54:39.000 UTC,453316201,3sn4U6xh2r8Y8KBfnArtW96JJ3waNi5LDUBxfTg1yd88pSNXtFyuf4ejpP9yddTM3Zg5PNr5c3CdWxcWLLBJjjE8,transfer,69yhtoJR4JYPPABZcSNkzuqbaFbwHsCkja1sP1Q2aVT5,GivZAAPVGa2hMMB8qDvjH7Z62xd7CJjBRB7wHJSpiXT4,4EEVNFEkQUeRQostqQiyMv25cUwart2AcidUc2FQx9ZY,2g8feiSMpHWJyJTnyvRNw1xGJEWeSvCNPs5zTTRfSC1M,3056971438139,30569.71438139,1
698c77a5f61beafe76128d24f18e03c2,2026-10-04,2026-10-04 16:54:40.000 UTC,453316204,pTr4cW7Jk38U2NYxEmpCMvNTmbuEU3yB7p8SNn8Q2cLGwWpiJqcBPEWyRW8h2J9cTy8wY9dRCPugrEKCAz5fzsS,transfer,GgGap6tiUKhD8XeUZaHpVB3rerb3zKWNouWQJHozDujt,J3cdRYTeQAnZUhYRcVpk9abqEuRWTrtxb5fUbgh2aADn,BzF2qmSQj4JAht8P15fMfjsQr1U7bocL55BSrvnE1GMT,7r4TcfVhcYuuh3of8S8igoV7AeyNfwcnRhAaA8FfvSgP,84318375023,843.18375023,1
a05c31c5943326dd42a4c9f4dfa1de5f,2026-10-04,2026-10-04 16:54:40.000 UTC,453316204,pTr4cW7Jk38U2NYxEmpCMvNTmbuEU3yB7p8SNn8Q2cLGwWpiJqcBPEWyRW8h2J9cTy8wY9dRCPugrEKCAz5fzsS,transfer,GpMZbSM2GgvTKHJirzeGfMFoaZ8UR2X7F4v8vHTvxFbL,GgGap6tiUKhD8XeUZaHpVB3rerb3zKWNouWQJHozDujt,35hKKpdPTy495wFTybw5wajHp4ZNSyQA5KZXd7cN9hB7,BzF2qmSQj4JAht8P15fMfjsQr1U7bocL55BSrvnE1GMT,84318375023,843.18375023,1
98729290fef8e0fee3c664de478f8f43,2026-10-04,2026-10-04 16:54:42.000 UTC,453316212,JvdqXcu33yDvXgmhRRqGs6CEmwuGwXrryy4BJxpLRCDebJqPJWtdGyTp99FpQa6QxjetQEBvhcHHrfsUJGXRYNr,transfer,CrZD39mqZfxBRTJX716fcpnjHoCF2XdUrcZ4FUkPYRcr,J3cdRYTeQAnZUhYRcVpk9abqEuRWTrtxb5fUbgh2aADn,5GguQ843EmpY9adRo3W7rohPbStXRVVFLbkHWUj9ST39,7r4TcfVhcYuuh3of8S8igoV7AeyNfwcnRhAaA8FfvSgP,91285181357,912.85181357,1
f862decfdba5b9109c1ca33dcd8c0132,2026-10-04,2026-10-04 16:54:42.000 UTC,453316212,JvdqXcu33yDvXgmhRRqGs6CEmwuGwXrryy4BJxpLRCDebJqPJWtdGyTp99FpQa6QxjetQEBvhcHHrfsUJGXRYNr,transfer,GpMZbSM2GgvTKHJirzeGfMFoaZ8UR2X7F4v8vHTvxFbL,CrZD39mqZfxBRTJX716fcpnjHoCF2XdUrcZ4FUkPYRcr,35hKKpdPTy495wFTybw5wajHp4ZNSyQA5KZXd7cN9hB7,5GguQ843EmpY9adRo3W7rohPbStXRVVFLbkHWUj9ST39,91285181357,912.85181357,1
84987c07b70bc715c6108b27bbcee6fb,2026-10-04,2026-10-04 16:54:51.000 UTC,453316243,4qzbzkkiHbEDRrTPxqYVY9XUkYtXHokAMxjN7Qh82gegwTutG8aitG7WNwZmQky1HFuBBwemUGRf3JKbYHfr878u,transfer,J3cdRYTeQAnZUhYRcVpk9abqEuRWTrtxb5fUbgh2aADn,ARu4n5mFdZogZAravu7CcizaojWnS6oqka37gdLT5SZn,7r4TcfVhcYuuh3of8S8igoV7AeyNfwcnRhAaA8FfvSgP,3CCaDwLVKs3WBE6bFG58Q9qaHmGfRrjUvEnEcuiCbY87,2689307371209,26893.07371209,1
08132ed6d8f16d609cb966f884450344,2026-10-04,2026-10-04 16:54:51.000 UTC,453316243,4qzbzkkiHbEDRrTPxqYVY9XUkYtXHokAMxjN7Qh82gegwTutG8aitG7WNwZmQky1HFuBBwemUGRf3JKbYHfr878u,transfer,GpMZbSM2GgvTKHJirzeGfMFoaZ8UR2X7F4v8vHTvxFbL,ARu4n5mFdZogZAravu7CcizaojWnS6oqka37gdLT5SZn,35hKKpdPTy495wFTybw5wajHp4ZNSyQA5KZXd7cN9hB7,3CCaDwLVKs3WBE6bFG58Q9qaHmGfRrjUvEnEcuiCbY87,367430377930,3674.3037793,1
b3d4014984bbce47379be156f99363b8,2026-10-04,2026-10-04 16:54:51.000 UTC,453316243,4qzbzkkiHbEDRrTPxqYVY9XUkYtXHokAMxjN7Qh82gegwTutG8aitG7WNwZmQky1HFuBBwemUGRf3JKbYHfr878u,transfer,ARu4n5mFdZogZAravu7CcizaojWnS6oqka37gdLT5SZn,GivZAAPVGa2hMMB8qDvjH7Z62xd7CJjBRB7wHJSpiXT4,3CCaDwLVKs3WBE6bFG58Q9qaHmGfRrjUvEnEcuiCbY87,2g8feiSMpHWJyJTnyvRNw1xGJEWeSvCNPs5zTTRfSC1M,3056737749139,30567.37749139,1
6fd80c6c6db4c0d1538a8ccc2d74cdbb,2026-10-04,2026-10-04 16:55:00.000 UTC,453316277,3BeMcWzGTefYRiwtBZTT9VZEpWUhhmQ82HqdJQm44SEb8y4tPemCLviDCU3fdx8dLGew1hQwpDYoNCmzynTSNiXg,transfer,7iWnBRRhBCiNXXPhqiGzvvBkKrvFSWqqmxRyu9VyYBxE,GivZAAPVGa2hMMB8qDvjH7Z62xd7CJjBRB7wHJSpiXT4,9aoLQTgULjgfFm4eia8RwWXAZysQFwi2f4PBgcKetWWC,2g8feiSMpHWJyJTnyvRNw1xGJEWeSvCNPs5zTTRfSC1M,3050895735112,30508.95735112,1
8d553e683f0a79932802e52ba380dc44,2026-10-04,2026-10-04 16:55:00.000 UTC,453316277,3BeMcWzGTefYRiwtBZTT9VZEpWUhhmQ82HqdJQm44SEb8y4tPemCLviDCU3fdx8dLGew1hQwpDYoNCmzynTSNiXg,transfer,J3cdRYTeQAnZUhYRcVpk9abqEuRWTrtxb5fUbgh2aADn,7iWnBRRhBCiNXXPhqiGzvvBkKrvFSWqqmxRyu9VyYBxE,7r4TcfVhcYuuh3of8S8igoV7AeyNfwcnRhAaA8FfvSgP,9aoLQTgULjgfFm4eia8RwWXAZysQFwi2f4PBgcKetWWC,3050895735112,30508.95735112,1
d8eff25fe205cd5d8e70a7836ea0ef42,2026-10-04,2026-10-04 16:55:11.000 UTC,453316317,3T9G8kVvGT4cqzeG1GuqbKE6yyxMgCk3iFdeLisA9NTyf6PuYFLrJ3CTXoL7LMePbuVhrettpnmAj3gRA7jBdkVf,transfer,HFqp6ErWHY6Uzhj8rFyjYuDya2mXUpYEk8VW75K9PSiY,GivZAAPVGa2hMMB8qDvjH7Z62xd7CJjBRB7wHJSpiXT4,vwSnfKeMpnMRoFDzkzhjuCKX8wDwU1HqpHWm4Vtrmvj,2g8feiSMpHWJyJTnyvRNw1xGJEWeSvCNPs5zTTRfSC1M,3044246563591,30442.46563591,1
d900b72e8dd12e7972b53057249aff8e,2026-10-04,2026-10-04 16:55:11.000 UTC,453316317,3T9G8kVvGT4cqzeG1GuqbKE6yyxMgCk3iFdeLisA9NTyf6PuYFLrJ3CTXoL7LMePbuVhrettpnmAj3gRA7jBdkVf,transfer,J3cdRYTeQAnZUhYRcVpk9abqEuRWTrtxb5fUbgh2aADn,HFqp6ErWHY6Uzhj8rFyjYuDya2mXUpYEk8VW75K9PSiY,7r4TcfVhcYuuh3of8S8igoV7AeyNfwcnRhAaA8FfvSgP,vwSnfKeMpnMRoFDzkzhjuCKX8wDwU1HqpHWm4Vtrmvj,3044246563591,30442.46563591,1
136f65240e347a4febfcd66359b9ab2f,2026-10-04,2026-10-04 16:56:28.000 UTC,453316606,66M8nfVVQPMJP561jRbZNhnq2AhzRWqpHvMgP8pku9FTo8XUFMz2KVzeji9ZwSYokMfizsM1KsvYWr8WHfH5KnEj,transfer,J3cdRYTeQAnZUhYRcVpk9abqEuRWTrtxb5fUbgh2aADn,GGRx8fFJzFYKAR6qRVdUqo8sZ8fVYradM8YU4Aky3AyE,7r4TcfVhcYuuh3of8S8igoV7AeyNfwcnRhAaA8FfvSgP,5sBg4QCF8eKaRAeqVNmx8ZMnTtBps8ih5oaJCDQ2xRaz,46407860407122,464078.60407122,1
2ef9f57502bf043e072fa8cb0783ef6d,2026-10-04,2026-10-04 16:56:28.000 UTC,453316606,66M8nfVVQPMJP561jRbZNhnq2AhzRWqpHvMgP8pku9FTo8XUFMz2KVzeji9ZwSYokMfizsM1KsvYWr8WHfH5KnEj,transfer,J3cdRYTeQAnZUhYRcVpk9abqEuRWTrtxb5fUbgh2aADn,GGRx8fFJzFYKAR6qRVdUqo8sZ8fVYradM8YU4Aky3AyE,7r4TcfVhcYuuh3of8S8igoV7AeyNfwcnRhAaA8FfvSgP,5sBg4QCF8eKaRAeqVNmx8ZMnTtBps8ih5oaJCDQ2xRaz,14843829011,148.43829011,1
e16206b63f2770f002f87d2b92e71b55,2026-10-04,2026-10-04 16:59:32.000 UTC,453317284,28ftMYcCgHLkKaZE3xFC9mdD5oZKLwqA4r17kfmXsiukpDxTsTJb8dhojdkuA6Tn3YiFeRycyJQCsUuhMsYfXNEs,transfer,GGRx8fFJzFYKAR6qRVdUqo8sZ8fVYradM8YU4Aky3AyE,J3cdRYTeQAnZUhYRcVpk9abqEuRWTrtxb5fUbgh2aADn,5sBg4QCF8eKaRAeqVNmx8ZMnTtBps8ih5oaJCDQ2xRaz,7r4TcfVhcYuuh3of8S8igoV7AeyNfwcnRhAaA8FfvSgP,46422704236132,464227.04236132,1
7b58eafb98be28d76fca8116865338b6,2026-10-04,2026-10-04 17:57:27.000 UTC,453330173,WefDEPgC6JQw9wQoJTtC3mWkCikwA2yp8XApsKZR1AMYAAJhgoUZ33fj34afu5YueTE72pwieFjE8ECqoLU8Axa,transfer,GGztQqQ6pCPaJQnNpXBgELr5cs3WwDakRbh1iEMzjgSJ,5QsyByFVJcg7oN76Ma26KEDFQdHt1tsiVExK94zURzfd,GAGPmq9W6rjGFQEa7qsaPycAyuG6q3gAL8Xv7Po3GpoE,8joUsyKkRQzxUWHwuXjLAnnxdR8q4yy6VicKt2mJFCPC,8163768577122,81637.68577122,1
963424ad89c96d6cc4624dff4f132a32,2026-10-04,2026-10-04 17:57:27.000 UTC,453330173,WefDEPgC6JQw9wQoJTtC3mWkCikwA2yp8XApsKZR1AMYAAJhgoUZ33fj34afu5YueTE72pwieFjE8ECqoLU8Axa,transfer,J3cdRYTeQAnZUhYRcVpk9abqEuRWTrtxb5fUbgh2aADn,GGztQqQ6pCPaJQnNpXBgELr5cs3WwDakRbh1iEMzjgSJ,7r4TcfVhcYuuh3of8S8igoV7AeyNfwcnRhAaA8FfvSgP,GAGPmq9W6rjGFQEa7qsaPycAyuG6q3gAL8Xv7Po3GpoE,8163768577122,81637.68577122,1
75e2a8da8b13df10e8cb9da9742c438d,2026-10-04,2026-10-04 17:57:27.000 UTC,453330174,2jji9Sw8aSZX6Xx8j21winY6RojfsWjRrfBA8wJsfdXF75tmzkgndzuGKxsxzHPLekCEa28yqELwr3nH4tdWUBHw,transfer,GocsRvL8NX1Bwyp7uAbXCstFFTgr5Wywv17DCRNstPGQ,J3cdRYTeQAnZUhYRcVpk9abqEuRWTrtxb5fUbgh2aADn,2q8Ghrauqqx1zNQmhTNrJwkGq9ck5aFqjzwUVqVX7ptp,7r4TcfVhcYuuh3of8S8igoV7AeyNfwcnRhAaA8FfvSgP,172136037295,1721.36037295,1
c89468b84dec85a2d52ef973d6f4b0e4,2026-10-04,2026-10-04 17:57:27.000 UTC,453330174,2jji9Sw8aSZX6Xx8j21winY6RojfsWjRrfBA8wJsfdXF75tmzkgndzuGKxsxzHPLekCEa28yqELwr3nH4tdWUBHw,transfer,GpMZbSM2GgvTKHJirzeGfMFoaZ8UR2X7F4v8vHTvxFbL,GocsRvL8NX1Bwyp7uAbXCstFFTgr5Wywv17DCRNstPGQ,35hKKpdPTy495wFTybw5wajHp4ZNSyQA5KZXd7cN9hB7,2q8Ghrauqqx1zNQmhTNrJwkGq9ck5aFqjzwUVqVX7ptp,172136037295,1721.36037295,1
ef7000eaf49c6867128409d3c6f7de8e,2026-10-04,2026-10-04 17:57:38.000 UTC,453330215,nLVB9w1sJrMrMGvaGe5o8c4f8ihL5wka3Pr1mjVw1cLSbJhCbYhYmaU78tVxqmzA9AU5n5gFGk8jUQjUJRAeDB3,burn,5QsyByFVJcg7oN76Ma26KEDFQdHt1tsiVExK94zURzfd,,8joUsyKkRQzxUWHwuXjLAnnxdR8q4yy6VicKt2mJFCPC,,8976198567862,89761.98567862,1
bb2bc53066337c2907b05a6615395cb4,2026-10-04,2026-10-04 17:57:53.000 UTC,453330273,FPX1Y4BgNhzGV45AYX2DnPx2BVrTLGBK8rWbhJWnBb8zy3riyTFpvwGYZvF3ZvuHD9M7CkdaBuPqrGze3UuryZX,transfer,CapuXNQoDviLvU1PxFiizLgPNQCxrsag1uMeyk6zLVps,5QsyByFVJcg7oN76Ma26KEDFQdHt1tsiVExK94zURzfd,H76YwwgbJnWUonJBggZvHDJHs5uMoWxBUuQ7FFZkP87n,8joUsyKkRQzxUWHwuXjLAnnxdR8q4yy6VicKt2mJFCPC,1355883413872,13558.83413872,1
bdfc453caf8e8acb39d94c3b355bd3c6,2026-10-04,2026-10-04 17:57:53.000 UTC,453330273,FPX1Y4BgNhzGV45AYX2DnPx2BVrTLGBK8rWbhJWnBb8zy3riyTFpvwGYZvF3ZvuHD9M7CkdaBuPqrGze3UuryZX,transfer,J3cdRYTeQAnZUhYRcVpk9abqEuRWTrtxb5fUbgh2aADn,CapuXNQoDviLvU1PxFiizLgPNQCxrsag1uMeyk6zLVps,7r4TcfVhcYuuh3of8S8igoV7AeyNfwcnRhAaA8FfvSgP,H76YwwgbJnWUonJBggZvHDJHs5uMoWxBUuQ7FFZkP87n,1355883413872,13558.83413872,1
485fe2054c47d5887f58afad2337042e,2026-10-04,2026-10-04 17:57:57.000 UTC,453330287,HLjAYKjjw8mmXskrXQmuG3UEqsifYCg9UCuxyN5NG5D1vTDN7i8n9KjXsaqAM2B5CEHomz53fPMGGKRNoFmWpVC,transfer,81RwTUf7ZvM5GpeG5q5aGemnxPQLzKAXEF6qPDzNQKDn,J3cdRYTeQAnZUhYRcVpk9abqEuRWTrtxb5fUbgh2aADn,95BGpzYf6m74RDhE6Y7pSVFPiBKuUvQhoDtf41nZUHcb,7r4TcfVhcYuuh3of8S8igoV7AeyNfwcnRhAaA8FfvSgP,165580404257,1655.80404257,1
b1708f9a60edefb37a23b4b833021773,2026-10-04,2026-10-04 17:57:57.000 UTC,453330287,HLjAYKjjw8mmXskrXQmuG3UEqsifYCg9UCuxyN5NG5D1vTDN7i8n9KjXsaqAM2B5CEHomz53fPMGGKRNoFmWpVC,transfer,GpMZbSM2GgvTKHJirzeGfMFoaZ8UR2X7F4v8vHTvxFbL,81RwTUf7ZvM5GpeG5q5aGemnxPQLzKAXEF6qPDzNQKDn,35hKKpdPTy495wFTybw5wajHp4ZNSyQA5KZXd7cN9hB7,95BGpzYf6m74RDhE6Y7pSVFPiBKuUvQhoDtf41nZUHcb,165580404257,1655.80404257,1
f312664fadbdfce9a9f8248abc2f9a47,2026-10-04,2026-10-04 17:58:20.000 UTC,453330376,5hyK8ptCNfAPwAcyHuTWeiMxdU9CXow76z5FvTZgWBMKjFqzhpaeBigmzhEdZdzbHaXoXGuVc5UJP3fAya5arCgh,transfer,5QsyByFVJcg7oN76Ma26KEDFQdHt1tsiVExK94zURzfd,GpMZbSM2GgvTKHJirzeGfMFoaZ8UR2X7F4v8vHTvxFbL,8joUsyKkRQzxUWHwuXjLAnnxdR8q4yy6VicKt2mJFCPC,35hKKpdPTy495wFTybw5wajHp4ZNSyQA5KZXd7cN9hB7,572025607191,5720.25607191,1
b6e6cb462637b968c679c9b55ecf2a10,2026-10-04,2026-10-04 18:13:52.000 UTC,453333839,2HAb58RtdHDwKofqWfWTdgSDSqBcSmdQmDumJReASdBXQ5g58QCuJ2srBYEBaBPMiLQX7E79KCbY57C3hyYibBBc,transfer,F7TnCxiDRJifXPK2qXkH3SguqZqEUMroUfAw92QCwUy5,J3cdRYTeQAnZUhYRcVpk9abqEuRWTrtxb5fUbgh2aADn,9Fa32wZcWVHEQJeZs1v4yGPM1nHDpPiHLGLHrFARGb3U,7r4TcfVhcYuuh3of8S8igoV7AeyNfwcnRhAaA8FfvSgP,3703363871994,37033.63871994,1
c810a9eb0a9085878d0af2f653a78c43,2026-10-04,2026-10-04 19:06:04.000 UTC,453345462,3Je1xigz9H5A6ksQ165GqdT5ZzGLGD9qo7cHefmmR9bT1VNR91LvZwNkMjzUXPnPHtrT6ecWgVSdA7kAY1MY3kHS,transfer,Cz8rN8RqPee5L6ffrsEpD9tREMAsomNQ2J522rXTfMm2,73Xdxr38MNy4U4Je1JyAcqW8nWaiATJB8Tvkp2JSog5q,4s5CwVM3ZQEa2XeAJnqrwK17Cbz2amkU9JGh19RMnSG8,G1HTFyMDr5b8i66kNcWPBLSjdydKCnrYwf8T5ydycfUd,1215256554,12.15256554,1
2082887980ea5340eea0e6e1ae9f2c47,2026-10-04,2026-10-04 20:07:30.000 UTC,453359192,4y9bCTbXgDRJig5dm4d7Vsf5b8vX1GicmrTmw295Uxu56FiKdaWhyGEkWpGdqtcuFWRwE2YZJnDDue8KaVQsZNvK,transfer,J3cdRYTeQAnZUhYRcVpk9abqEuRWTrtxb5fUbgh2aADn,78Bo7xxGWBEvqbh3VMKvkFG4Z63cXKSJ2LCEXAanhN7a,7r4TcfVhcYuuh3of8S8igoV7AeyNfwcnRhAaA8FfvSgP,H4dF1Hr9YcAqNEUsfGVnxa9qL3dbgJ5fa6PaffqtR7UD,126449337280,1264.4933728,1
6305e083b2f76775ac4738128f99fbba,2026-10-04,2026-10-04 20:07:30.000 UTC,453359192,4y9bCTbXgDRJig5dm4d7Vsf5b8vX1GicmrTmw295Uxu56FiKdaWhyGEkWpGdqtcuFWRwE2YZJnDDue8KaVQsZNvK,transfer,78Bo7xxGWBEvqbh3VMKvkFG4Z63cXKSJ2LCEXAanhN7a,GpMZbSM2GgvTKHJirzeGfMFoaZ8UR2X7F4v8vHTvxFbL,H4dF1Hr9YcAqNEUsfGVnxa9qL3dbgJ5fa6PaffqtR7UD,GJrjTyjw8vEL4FUVVnKmfvYKZamyjNgwxxprciNkQ9AE,126449337280,1264.4933728,1
f6900adeec21f433a69f44806fd96e2b,2026-10-04,2026-10-04 20:07:39.000 UTC,453359227,5qT48f3VZwD6wx1r2Q7fMEpRxYYa3PjHVwbStn97KhFKSRtHaSVpXs5JorkLNF656tXfnNFqan2BFnVYkD7rMCA3,transfer,GpMZbSM2GgvTKHJirzeGfMFoaZ8UR2X7F4v8vHTvxFbL,GLiCiNEnku3pQsmkVkRvnDLbfUN9BWbsrPDWLdPaADng,35hKKpdPTy495wFTybw5wajHp4ZNSyQA5KZXd7cN9hB7,DPyTo4Z4mCfuEeC3w7jHPbECom8tdcy6Q77xgnmSzz2i,63114003451,631.14003451,1
7c519cc192a5a162fa4a4e566c854cb7,2026-10-04,2026-10-04 20:07:39.000 UTC,453359227,5qT48f3VZwD6wx1r2Q7fMEpRxYYa3PjHVwbStn97KhFKSRtHaSVpXs5JorkLNF656tXfnNFqan2BFnVYkD7rMCA3,transfer,GLiCiNEnku3pQsmkVkRvnDLbfUN9BWbsrPDWLdPaADng,GpMZbSM2GgvTKHJirzeGfMFoaZ8UR2X7F4v8vHTvxFbL,DPyTo4Z4mCfuEeC3w7jHPbECom8tdcy6Q77xgnmSzz2i,GJrjTyjw8vEL4FUVVnKmfvYKZamyjNgwxxprciNkQ9AE,63114003451,631.14003451,1
7521aab6946b363a435c09e64f9172ca,2026-10-04,2026-10-04 20:07:39.000 UTC,453359229,R1uaqUgioyTTX753GFSdrD8myp5NcFCvJzYfa1FP1c71JEzUVexjgC1y6CuaayQvKDaSxya4CXKo1JFvLacF51w,transfer,GxDC9e7SP9mzhDo4re5HbpLa2RW7gB9DtmThx4i4pXSq,GpMZbSM2GgvTKHJirzeGfMFoaZ8UR2X7F4v8vHTvxFbL,2QiaipXgmxVQdhS2kFeZJaNS2bQiBfhNGxKzqLJ6YrSs,GJrjTyjw8vEL4FUVVnKmfvYKZamyjNgwxxprciNkQ9AE,649308683511,6493.08683511,1
49ccb33d9621dfbe7a2346a191309809,2026-10-04,2026-10-04 20:07:39.000 UTC,453359229,R1uaqUgioyTTX753GFSdrD8myp5NcFCvJzYfa1FP1c71JEzUVexjgC1y6CuaayQvKDaSxya4CXKo1JFvLacF51w,transfer,J3cdRYTeQAnZUhYRcVpk9abqEuRWTrtxb5fUbgh2aADn,GxDC9e7SP9mzhDo4re5HbpLa2RW7gB9DtmThx4i4pXSq,7r4TcfVhcYuuh3of8S8igoV7AeyNfwcnRhAaA8FfvSgP,2QiaipXgmxVQdhS2kFeZJaNS2bQiBfhNGxKzqLJ6YrSs,649308683511,6493.08683511,1
b395f54f7bb3c09e813220c9ba4c7a73,2026-10-04,2026-10-04 20:08:12.000 UTC,453359353,25WmmKXUDGoc5FpwbcE9L5DrM4CTirt7p9hE86w9WqdUgcCMhq6zUSZcJvxYNxvP1TmbpbdFQF9aufoyD3eYWApA,transfer,J3cdRYTeQAnZUhYRcVpk9abqEuRWTrtxb5fUbgh2aADn,NALUnJA2AJUYa6xJL1HsorEeFgxxDsfUgYBCX8Pp2zD,7r4TcfVhcYuuh3of8S8igoV7AeyNfwcnRhAaA8FfvSgP,4sKCpuN1EjauwQaSqE8RN1EaAd8qjDZKCv5Swv7ad7un,287353031518,2873.53031518,1
02aac54f01d75773a573e1d83676f140,2026-10-04,2026-10-04 20:08:12.000 UTC,453359353,25WmmKXUDGoc5FpwbcE9L5DrM4CTirt7p9hE86w9WqdUgcCMhq6zUSZcJvxYNxvP1TmbpbdFQF9aufoyD3eYWApA,transfer,NALUnJA2AJUYa6xJL1HsorEeFgxxDsfUgYBCX8Pp2zD,GpMZbSM2GgvTKHJirzeGfMFoaZ8UR2X7F4v8vHTvxFbL,4sKCpuN1EjauwQaSqE8RN1EaAd8qjDZKCv5Swv7ad7un,GJrjTyjw8vEL4FUVVnKmfvYKZamyjNgwxxprciNkQ9AE,287353031518,2873.53031518,1
7c09b5ca4767b2eba238ea95209729ee,2026-10-04,2026-10-04 20:08:15.000 UTC,453359363,2RcuUAzs7btzVSf7LwSPeXR6Z24U6oWngtBbqrj5SmL4t46sqszqQ6a1drSVAivFrLUyZv1ZxdDVhB7VdxFCPksB,transfer,J3cdRYTeQAnZUhYRcVpk9abqEuRWTrtxb5fUbgh2aADn,78Bo7xxGWBEvqbh3VMKvkFG4Z63cXKSJ2LCEXAanhN7a,7r4TcfVhcYuuh3of8S8igoV7AeyNfwcnRhAaA8FfvSgP,H4dF1Hr9YcAqNEUsfGVnxa9qL3dbgJ5fa6PaffqtR7UD,61999151503,619.99151503,1
770d5c204e5e2776f578e9dfc4745c71,2026-10-04,2026-10-04 20:08:15.000 UTC,453359363,2RcuUAzs7btzVSf7LwSPeXR6Z24U6oWngtBbqrj5SmL4t46sqszqQ6a1drSVAivFrLUyZv1ZxdDVhB7VdxFCPksB,transfer,78Bo7xxGWBEvqbh3VMKvkFG4Z63cXKSJ2LCEXAanhN7a,GpMZbSM2GgvTKHJirzeGfMFoaZ8UR2X7F4v8vHTvxFbL,H4dF1Hr9YcAqNEUsfGVnxa9qL3dbgJ5fa6PaffqtR7UD,GJrjTyjw8vEL4FUVVnKmfvYKZamyjNgwxxprciNkQ9AE,61999151503,619.99151503,1
5256433aa37dc56998301bb120195a34,2026-10-04,2026-10-04 20:08:18.000 UTC,453359374,4WPhLD7oHikkpAmK1RkM4QRENMNg3Ujam2UncpQozDL7fC3gaqyxMouKzsTEpjYufxBHRTvHWWPJmAaNS2cddiSR,transfer,GpMZbSM2GgvTKHJirzeGfMFoaZ8UR2X7F4v8vHTvxFbL,GLiCiNEnku3pQsmkVkRvnDLbfUN9BWbsrPDWLdPaADng,35hKKpdPTy495wFTybw5wajHp4ZNSyQA5KZXd7cN9hB7,DPyTo4Z4mCfuEeC3w7jHPbECom8tdcy6Q77xgnmSzz2i,47994013008,479.94013008,1
dbda8efccd906f77dbfd20342567901a,2026-10-04,2026-10-04 20:08:18.000 UTC,453359374,4WPhLD7oHikkpAmK1RkM4QRENMNg3Ujam2UncpQozDL7fC3gaqyxMouKzsTEpjYufxBHRTvHWWPJmAaNS2cddiSR,transfer,GLiCiNEnku3pQsmkVkRvnDLbfUN9BWbsrPDWLdPaADng,GpMZbSM2GgvTKHJirzeGfMFoaZ8UR2X7F4v8vHTvxFbL,DPyTo4Z4mCfuEeC3w7jHPbECom8tdcy6Q77xgnmSzz2i,GJrjTyjw8vEL4FUVVnKmfvYKZamyjNgwxxprciNkQ9AE,47994013008,479.94013008,1
3a8a03e0f9c9a13d5a1ffec48be6f004,2026-10-04,2026-10-04 20:08:24.000 UTC,453359397,22x75XddgKNFpdSSWKWq3hw8fogRfjnSvGuDzecmvPh2D8W9hDYf69TNnp1j8knHdrU1ZfqpcXrPqdM914kuJipR,transfer,J3cdRYTeQAnZUhYRcVpk9abqEuRWTrtxb5fUbgh2aADn,78Bo7xxGWBEvqbh3VMKvkFG4Z63cXKSJ2LCEXAanhN7a,7r4TcfVhcYuuh3of8S8igoV7AeyNfwcnRhAaA8FfvSgP,H4dF1Hr9YcAqNEUsfGVnxa9qL3dbgJ5fa6PaffqtR7UD,78360326514,783.60326514,1
ddd26a07a01ac0c2f59e0bd9dffd59c7,2026-10-04,2026-10-04 20:08:24.000 UTC,453359397,22x75XddgKNFpdSSWKWq3hw8fogRfjnSvGuDzecmvPh2D8W9hDYf69TNnp1j8knHdrU1ZfqpcXrPqdM914kuJipR,transfer,78Bo7xxGWBEvqbh3VMKvkFG4Z63cXKSJ2LCEXAanhN7a,GpMZbSM2GgvTKHJirzeGfMFoaZ8UR2X7F4v8vHTvxFbL,H4dF1Hr9YcAqNEUsfGVnxa9qL3dbgJ5fa6PaffqtR7UD,GJrjTyjw8vEL4FUVVnKmfvYKZamyjNgwxxprciNkQ9AE,78360326514,783.60326514,1
1c267447d9c9b34b899712b793430318,2026-10-04,2026-10-04 20:08:31.000 UTC,453359424,2p2Wdu3GHRpp33d1Km74svurG8GAz4kRwAUF2r2449TGjiwBhRL3RGi9H8mj1A2physnVJV5TDNGUxT9GhjAjofH,transfer,J3cdRYTeQAnZUhYRcVpk9abqEuRWTrtxb5fUbgh2aADn,78Bo7xxGWBEvqbh3VMKvkFG4Z63cXKSJ2LCEXAanhN7a,7r4TcfVhcYuuh3of8S8igoV7AeyNfwcnRhAaA8FfvSgP,H4dF1Hr9YcAqNEUsfGVnxa9qL3dbgJ5fa6PaffqtR7UD,114882735157,1148.82735157,1
8883ae9a152514683323ef9fe5cf2a92,2026-10-04,2026-10-04 20:08:31.000 UTC,453359424,2p2Wdu3GHRpp33d1Km74svurG8GAz4kRwAUF2r2449TGjiwBhRL3RGi9H8mj1A2physnVJV5TDNGUxT9GhjAjofH,transfer,78Bo7xxGWBEvqbh3VMKvkFG4Z63cXKSJ2LCEXAanhN7a,GpMZbSM2GgvTKHJirzeGfMFoaZ8UR2X7F4v8vHTvxFbL,H4dF1Hr9YcAqNEUsfGVnxa9qL3dbgJ5fa6PaffqtR7UD,GJrjTyjw8vEL4FUVVnKmfvYKZamyjNgwxxprciNkQ9AE,114882735157,1148.82735157,1
b23fe1abd729a840de81f10f5f1b19b8,2026-10-04,2026-10-04 20:09:23.000 UTC,453359613,4tX2H4DLus8phLkZsDbUHVDRS1bG3LrsiULJUh8SM8VfKpiiGNUr4txvYvb6GiTXwvBYsatoeMjk3gEDeUR665zo,transfer,J3cdRYTeQAnZUhYRcVpk9abqEuRWTrtxb5fUbgh2aADn,NALUnJA2AJUYa6xJL1HsorEeFgxxDsfUgYBCX8Pp2zD,7r4TcfVhcYuuh3of8S8igoV7AeyNfwcnRhAaA8FfvSgP,4sKCpuN1EjauwQaSqE8RN1EaAd8qjDZKCv5Swv7ad7un,108609276754,1086.09276754,1
55bbfa24f7bf48f186dc54c0cfc2e4fc,2026-10-04,2026-10-04 20:09:23.000 UTC,453359613,4tX2H4DLus8phLkZsDbUHVDRS1bG3LrsiULJUh8SM8VfKpiiGNUr4txvYvb6GiTXwvBYsatoeMjk3gEDeUR665zo,transfer,NALUnJA2AJUYa6xJL1HsorEeFgxxDsfUgYBCX8Pp2zD,GpMZbSM2GgvTKHJirzeGfMFoaZ8UR2X7F4v8vHTvxFbL,4sKCpuN1EjauwQaSqE8RN1EaAd8qjDZKCv5Swv7ad7un,GJrjTyjw8vEL4FUVVnKmfvYKZamyjNgwxxprciNkQ9AE,108609276754,1086.09276754,1
32b288affa4ea8317f8dfa7dba62f6bb,2026-10-04,2026-10-04 20:09:32.000 UTC,453359648,miLJxezTCnLTuicJ1MPJYMVKBDBPF8L1FqjsvA67Gp8XuoTzFLKXR2SoGnGmmhJNhjo5WU3NptLtqij4WktMH97,transfer,78Bo7xxGWBEvqbh3VMKvkFG4Z63cXKSJ2LCEXAanhN7a,GpMZbSM2GgvTKHJirzeGfMFoaZ8UR2X7F4v8vHTvxFbL,H4dF1Hr9YcAqNEUsfGVnxa9qL3dbgJ5fa6PaffqtR7UD,GJrjTyjw8vEL4FUVVnKmfvYKZamyjNgwxxprciNkQ9AE,69388866626,693.88866626,1
8eac509ab5ad147a549b4b61d14e2d74,2026-10-04,2026-10-04 20:09:32.000 UTC,453359648,miLJxezTCnLTuicJ1MPJYMVKBDBPF8L1FqjsvA67Gp8XuoTzFLKXR2SoGnGmmhJNhjo5WU3NptLtqij4WktMH97,transfer,J3cdRYTeQAnZUhYRcVpk9abqEuRWTrtxb5fUbgh2aADn,78Bo7xxGWBEvqbh3VMKvkFG4Z63cXKSJ2LCEXAanhN7a,7r4TcfVhcYuuh3of8S8igoV7AeyNfwcnRhAaA8FfvSgP,H4dF1Hr9YcAqNEUsfGVnxa9qL3dbgJ5fa6PaffqtR7UD,69388866626,693.88866626,1
6764c8e095ee2b5122c14269bb8c9fd7,2026-10-04,2026-10-04 20:10:31.000 UTC,453359866,2a5NF5rWAknEYrHzo4yUeyDNvznodqTJQYanHKFR56EXP524jC4cjfNwDQvSszKXH5Hyii2gKDNreg88pGw9NK4E,transfer,81RwTUf7ZvM5GpeG5q5aGemnxPQLzKAXEF6qPDzNQKDn,GpMZbSM2GgvTKHJirzeGfMFoaZ8UR2X7F4v8vHTvxFbL,95BGpzYf6m74RDhE6Y7pSVFPiBKuUvQhoDtf41nZUHcb,GJrjTyjw8vEL4FUVVnKmfvYKZamyjNgwxxprciNkQ9AE,146106354610,1461.0635461,1
5c61983262de650591e4852ba79c7000,2026-10-04,2026-10-04 20:10:31.000 UTC,453359866,2a5NF5rWAknEYrHzo4yUeyDNvznodqTJQYanHKFR56EXP524jC4cjfNwDQvSszKXH5Hyii2gKDNreg88pGw9NK4E,transfer,J3cdRYTeQAnZUhYRcVpk9abqEuRWTrtxb5fUbgh2aADn,81RwTUf7ZvM5GpeG5q5aGemnxPQLzKAXEF6qPDzNQKDn,7r4TcfVhcYuuh3of8S8igoV7AeyNfwcnRhAaA8FfvSgP,95BGpzYf6m74RDhE6Y7pSVFPiBKuUvQhoDtf41nZUHcb,146106354610,1461.0635461,1
78588316f9323d00a2a18c4185257dc4,2026-10-04,2026-10-04 20:10:31.000 UTC,453359867,5bNgGRwjx8p8vkQMGTAyqJsoj68fg3YdcB78uftwCTZpWtgD98mW9tiscPvNDTNs8zSgZxGZ8AC635MjN1hf4ChK,transfer,81RwTUf7ZvM5GpeG5q5aGemnxPQLzKAXEF6qPDzNQKDn,GpMZbSM2GgvTKHJirzeGfMFoaZ8UR2X7F4v8vHTvxFbL,95BGpzYf6m74RDhE6Y7pSVFPiBKuUvQhoDtf41nZUHcb,GJrjTyjw8vEL4FUVVnKmfvYKZamyjNgwxxprciNkQ9AE,66876309789,668.76309789,1
5952ccea9bdc9f2b98a597673bef0ac6,2026-10-04,2026-10-04 20:10:31.000 UTC,453359867,5bNgGRwjx8p8vkQMGTAyqJsoj68fg3YdcB78uftwCTZpWtgD98mW9tiscPvNDTNs8zSgZxGZ8AC635MjN1hf4ChK,transfer,GpMZbSM2GgvTKHJirzeGfMFoaZ8UR2X7F4v8vHTvxFbL,81RwTUf7ZvM5GpeG5q5aGemnxPQLzKAXEF6qPDzNQKDn,35hKKpdPTy495wFTybw5wajHp4ZNSyQA5KZXd7cN9hB7,95BGpzYf6m74RDhE6Y7pSVFPiBKuUvQhoDtf41nZUHcb,66876309789,668.76309789,1
f1ee5388b691cc04d95e7c35baa2b133,2026-10-04,2026-10-04 20:10:32.000 UTC,453359869,4ciR8oQk1qdxGRnN8nnjyDXjxvJJtN9u2FAUV5Ui6Cq9odfb6g77QCTBUtfdQVCfWk2xwyZSZGpboRzUZaRBBt2o,transfer,J3cdRYTeQAnZUhYRcVpk9abqEuRWTrtxb5fUbgh2aADn,DmQSnFzRoENh3weu6EtBBhHTpQBQSsvjpMX8iYKRygQ4,7r4TcfVhcYuuh3of8S8igoV7AeyNfwcnRhAaA8FfvSgP,G7KwUWNqggAepJrHZr51U1YNGCtuheFicbpnqj23Q8W3,146091149051,1460.91149051,1
37f0cace72e3b76f498c7ecaf71a9c4e,2026-10-04,2026-10-04 20:10:32.000 UTC,453359869,4ciR8oQk1qdxGRnN8nnjyDXjxvJJtN9u2FAUV5Ui6Cq9odfb6g77QCTBUtfdQVCfWk2xwyZSZGpboRzUZaRBBt2o,transfer,DmQSnFzRoENh3weu6EtBBhHTpQBQSsvjpMX8iYKRygQ4,GpMZbSM2GgvTKHJirzeGfMFoaZ8UR2X7F4v8vHTvxFbL,G7KwUWNqggAepJrHZr51U1YNGCtuheFicbpnqj23Q8W3,GJrjTyjw8vEL4FUVVnKmfvYKZamyjNgwxxprciNkQ9AE,146091149051,1460.91149051,1
862be1d5a854669fcc40bf5ff319ed56,2026-10-04,2026-10-04 20:10:33.000 UTC,453359872,4iKQWETMKPdzr3DDi4DN7BREhG8M7LTE7jSxkB26SvD6qZKyD18QELD893DjGJ8TyAiEq5hSTyVd8YimZGRCbMZy,transfer,J3cdRYTeQAnZUhYRcVpk9abqEuRWTrtxb5fUbgh2aADn,B3EiKmf4DQBUwWuDvWc7bTztVNL98kngHJ9ZLme5JbCf,7r4TcfVhcYuuh3of8S8igoV7AeyNfwcnRhAaA8FfvSgP,5NuiJri6gh3CZf1BQZRzD8jzmZCk3sanQC2t8i69fZXm,1859657583,18.59657583,1
2def3fccd7e31c585c2d741edf7f0dc9,2026-10-04,2026-10-04 20:10:33.000 UTC,453359872,4iKQWETMKPdzr3DDi4DN7BREhG8M7LTE7jSxkB26SvD6qZKyD18QELD893DjGJ8TyAiEq5hSTyVd8YimZGRCbMZy,transfer,B3EiKmf4DQBUwWuDvWc7bTztVNL98kngHJ9ZLme5JbCf,2Q8tAc9nrQca3tE9KqhnVc9DiBsDPQyqY24rnbRVYv8E,5NuiJri6gh3CZf1BQZRzD8jzmZCk3sanQC2t8i69fZXm,9UK3o1FSN5avmpNmuxkdJWT16YPRjNZ7WvYW3fCcjaw4,1859657583,18.59657583,1
f2805e0592bedb85fb7f2d1315919113,2026-10-04,2026-10-04 20:10:33.000 UTC,453359872,4mCxAJnVLZMjydAzNygrGKWAry6CPGgR3KeFqH4wudffp8hoKB5i4vpx7a8Vh8iNiacywqA6W2Bqns4a5mktHUHH,transfer,3nMNd89AxwHUa1AFvQGqohRkxFEQsTsgiEyEyqXFHyyH,GpMZbSM2GgvTKHJirzeGfMFoaZ8UR2X7F4v8vHTvxFbL,F9eR3BpXB6zJCUDRiy7q4ewPFvmxV9gvZYrSmiXmXdyg,GJrjTyjw8vEL4FUVVnKmfvYKZamyjNgwxxprciNkQ9AE,132348987353,1323.48987353,1
8d436e48c02304719d29047bae056251,2026-10-04,2026-10-04 20:10:33.000 UTC,453359872,4mCxAJnVLZMjydAzNygrGKWAry6CPGgR3KeFqH4wudffp8hoKB5i4vpx7a8Vh8iNiacywqA6W2Bqns4a5mktHUHH,transfer,J3cdRYTeQAnZUhYRcVpk9abqEuRWTrtxb5fUbgh2aADn,3nMNd89AxwHUa1AFvQGqohRkxFEQsTsgiEyEyqXFHyyH,7r4TcfVhcYuuh3of8S8igoV7AeyNfwcnRhAaA8FfvSgP,F9eR3BpXB6zJCUDRiy7q4ewPFvmxV9gvZYrSmiXmXdyg,132348987353,1323.48987353,1
d5a59456a824bb7385d0992cc3fa8c0d,2026-10-04,2026-10-04 20:11:35.000 UTC,453360103,4VaEbcJuFiH5WVEKxSGeF76Zy8s5L3rtJcHiRu2JiDmFqzFDeE6JWzQhFASEeWhv5nCeVJzPb5rqdEQtoYjxb6jE,transfer,J3cdRYTeQAnZUhYRcVpk9abqEuRWTrtxb5fUbgh2aADn,NALUnJA2AJUYa6xJL1HsorEeFgxxDsfUgYBCX8Pp2zD,7r4TcfVhcYuuh3of8S8igoV7AeyNfwcnRhAaA8FfvSgP,4sKCpuN1EjauwQaSqE8RN1EaAd8qjDZKCv5Swv7ad7un,113488023861,1134.88023861,1
dc5490d88cbfbee50e6bde54229e4735,2026-10-04,2026-10-04 20:11:35.000 UTC,453360103,4VaEbcJuFiH5WVEKxSGeF76Zy8s5L3rtJcHiRu2JiDmFqzFDeE6JWzQhFASEeWhv5nCeVJzPb5rqdEQtoYjxb6jE,transfer,NALUnJA2AJUYa6xJL1HsorEeFgxxDsfUgYBCX8Pp2zD,GpMZbSM2GgvTKHJirzeGfMFoaZ8UR2X7F4v8vHTvxFbL,4sKCpuN1EjauwQaSqE8RN1EaAd8qjDZKCv5Swv7ad7un,GJrjTyjw8vEL4FUVVnKmfvYKZamyjNgwxxprciNkQ9AE,113488023861,1134.88023861,1
d45525ea4699473ca1655030dce69c3d,2026-10-04,2026-10-04 20:11:40.000 UTC,453360123,4iuBodnENQN11TBcNHcsCY5kdagj6DVBj6NoiJV18yxjfkHSRZproWnataBdGWr2kVyYZCbUUHDLftVSKJoVUpeB,transfer,J3cdRYTeQAnZUhYRcVpk9abqEuRWTrtxb5fUbgh2aADn,NALUnJA2AJUYa6xJL1HsorEeFgxxDsfUgYBCX8Pp2zD,7r4TcfVhcYuuh3of8S8igoV7AeyNfwcnRhAaA8FfvSgP,4sKCpuN1EjauwQaSqE8RN1EaAd8qjDZKCv5Swv7ad7un,123723827743,1237.23827743,1
69238d9b51ef99af547db2f232f58188,2026-10-04,2026-10-04 20:11:40.000 UTC,453360123,4iuBodnENQN11TBcNHcsCY5kdagj6DVBj6NoiJV18yxjfkHSRZproWnataBdGWr2kVyYZCbUUHDLftVSKJoVUpeB,transfer,NALUnJA2AJUYa6xJL1HsorEeFgxxDsfUgYBCX8Pp2zD,GpMZbSM2GgvTKHJirzeGfMFoaZ8UR2X7F4v8vHTvxFbL,4sKCpuN1EjauwQaSqE8RN1EaAd8qjDZKCv5Swv7ad7un,GJrjTyjw8vEL4FUVVnKmfvYKZamyjNgwxxprciNkQ9AE,123723827743,1237.23827743,1
152393eadd97341e4e7163de3a5c82ae,2026-10-04,2026-10-04 20:11:41.000 UTC,453360125,2p9mezLuZio13dTpqRo4zaHNc3yTgsSVqrVH7g5XrRCTXdYCVRmSa2GVPUzL8yAzTW7zsEHdmhA7iNZjEh7enBEW,transfer,GpMZbSM2GgvTKHJirzeGfMFoaZ8UR2X7F4v8vHTvxFbL,81RwTUf7ZvM5GpeG5q5aGemnxPQLzKAXEF6qPDzNQKDn,35hKKpdPTy495wFTybw5wajHp4ZNSyQA5KZXd7cN9hB7,95BGpzYf6m74RDhE6Y7pSVFPiBKuUvQhoDtf41nZUHcb,49398742476,493.98742476,1
057b014e1eb4ad2eadd420e15d7e0639,2026-10-04,2026-10-04 20:11:41.000 UTC,453360125,2p9mezLuZio13dTpqRo4zaHNc3yTgsSVqrVH7g5XrRCTXdYCVRmSa2GVPUzL8yAzTW7zsEHdmhA7iNZjEh7enBEW,transfer,81RwTUf7ZvM5GpeG5q5aGemnxPQLzKAXEF6qPDzNQKDn,GpMZbSM2GgvTKHJirzeGfMFoaZ8UR2X7F4v8vHTvxFbL,95BGpzYf6m74RDhE6Y7pSVFPiBKuUvQhoDtf41nZUHcb,GJrjTyjw8vEL4FUVVnKmfvYKZamyjNgwxxprciNkQ9AE,49398742476,493.98742476,1
1e0932fad372f10e673730cd79070b40,2026-10-04,2026-10-04 20:11:57.000 UTC,453360185,3oWnmcS1aYAmjPDeQxcT6UZbtjr3Pxeiv6uacAECBDsCHUjgfixoQzTpcQgXy2GqqH2VjtJAnSWsoQkMBL35BFB4,transfer,81RwTUf7ZvM5GpeG5q5aGemnxPQLzKAXEF6qPDzNQKDn,GpMZbSM2GgvTKHJirzeGfMFoaZ8UR2X7F4v8vHTvxFbL,95BGpzYf6m74RDhE6Y7pSVFPiBKuUvQhoDtf41nZUHcb,GJrjTyjw8vEL4FUVVnKmfvYKZamyjNgwxxprciNkQ9AE,116735950593,1167.35950593,1
0f1125afbdbe7990a723e34a03209a06,2026-10-04,2026-10-04 20:11:57.000 UTC,453360185,3oWnmcS1aYAmjPDeQxcT6UZbtjr3Pxeiv6uacAECBDsCHUjgfixoQzTpcQgXy2GqqH2VjtJAnSWsoQkMBL35BFB4,transfer,J3cdRYTeQAnZUhYRcVpk9abqEuRWTrtxb5fUbgh2aADn,81RwTUf7ZvM5GpeG5q5aGemnxPQLzKAXEF6qPDzNQKDn,7r4TcfVhcYuuh3of8S8igoV7AeyNfwcnRhAaA8FfvSgP,95BGpzYf6m74RDhE6Y7pSVFPiBKuUvQhoDtf41nZUHcb,116735950593,1167.35950593,1
f5c00e72a0b6731f8a6cf4b7ab875907,2026-10-04,2026-10-04 20:11:59.000 UTC,453360193,X2Y2B4Jzc6KeY4MrFMn6Rcog3bua7NBUXJGsoiMnn4nacUSNhzQJ8C1C8enuQ59pr8vgAfjXMBN7btajVp1e7TY,transfer,J3cdRYTeQAnZUhYRcVpk9abqEuRWTrtxb5fUbgh2aADn,moodt1QXNtbmiheUJr9EGfch7h5mTxcWqCLyzXxWNu6,7r4TcfVhcYuuh3of8S8igoV7AeyNfwcnRhAaA8FfvSgP,2iamhfvXkzB1tomrktZfEreTGL8UsHty4cjywmju6taB,146010087547,1460.10087547,1
a0935f7ceb44b5057134079d24ba281e,2026-10-04,2026-10-04 20:11:59.000 UTC,453360193,X2Y2B4Jzc6KeY4MrFMn6Rcog3bua7NBUXJGsoiMnn4nacUSNhzQJ8C1C8enuQ59pr8vgAfjXMBN7btajVp1e7TY,transfer,moodt1QXNtbmiheUJr9EGfch7h5mTxcWqCLyzXxWNu6,GpMZbSM2GgvTKHJirzeGfMFoaZ8UR2X7F4v8vHTvxFbL,2iamhfvXkzB1tomrktZfEreTGL8UsHty4cjywmju6taB,GJrjTyjw8vEL4FUVVnKmfvYKZamyjNgwxxprciNkQ9AE,146010087547,1460.10087547,1
5a98a2784473bf07d513cbc5af305cb8,2026-10-04,2026-10-04 20:12:00.000 UTC,453360197,3Jf8xHM9sB8LwsoR2vGwa1yXGHZjE4uzgVz4EhFxV2yuUfJo7fnUfWrrNAcPFGdssjy9xQuRvsVCT2zrqE6yADA4,transfer,7nwPXZNhBj88jcC22VNBQUYLohTsQWh5VGxWqnAAcvMf,GpMZbSM2GgvTKHJirzeGfMFoaZ8UR2X7F4v8vHTvxFbL,HVf2NN8y6CpDA78hbLGErwzuuAhtDoCtj3tsBUSGthQb,GJrjTyjw8vEL4FUVVnKmfvYKZamyjNgwxxprciNkQ9AE,113439934538,1134.39934538,1
1724375360c7d8d818b28690d777e6c2,2026-10-04,2026-10-04 20:12:00.000 UTC,453360197,3Jf8xHM9sB8LwsoR2vGwa1yXGHZjE4uzgVz4EhFxV2yuUfJo7fnUfWrrNAcPFGdssjy9xQuRvsVCT2zrqE6yADA4,transfer,J3cdRYTeQAnZUhYRcVpk9abqEuRWTrtxb5fUbgh2aADn,7nwPXZNhBj88jcC22VNBQUYLohTsQWh5VGxWqnAAcvMf,7r4TcfVhcYuuh3of8S8igoV7AeyNfwcnRhAaA8FfvSgP,HVf2NN8y6CpDA78hbLGErwzuuAhtDoCtj3tsBUSGthQb,113439934538,1134.39934538,1
4394042661dafdef50daf23eba59223a,2026-10-04,2026-10-04 20:12:03.000 UTC,453360209,Tsh5usHXe2TQregiKCR3ThTEqe2Mg1FsnNBNqWk5BhiiKhDAtembJyznAhER3uNmnw63DoEuUKK959xQ3ZK76hv,transfer,J3cdRYTeQAnZUhYRcVpk9abqEuRWTrtxb5fUbgh2aADn,NALUnJA2AJUYa6xJL1HsorEeFgxxDsfUgYBCX8Pp2zD,7r4TcfVhcYuuh3of8S8igoV7AeyNfwcnRhAaA8FfvSgP,4sKCpuN1EjauwQaSqE8RN1EaAd8qjDZKCv5Swv7ad7un,111106223097,1111.06223097,1
083b724d801a7eab84590109d73070a4,2026-10-04,2026-10-04 20:12:03.000 UTC,453360209,Tsh5usHXe2TQregiKCR3ThTEqe2Mg1FsnNBNqWk5BhiiKhDAtembJyznAhER3uNmnw63DoEuUKK959xQ3ZK76hv,transfer,NALUnJA2AJUYa6xJL1HsorEeFgxxDsfUgYBCX8Pp2zD,GpMZbSM2GgvTKHJirzeGfMFoaZ8UR2X7F4v8vHTvxFbL,4sKCpuN1EjauwQaSqE8RN1EaAd8qjDZKCv5Swv7ad7un,GJrjTyjw8vEL4FUVVnKmfvYKZamyjNgwxxprciNkQ9AE,111106223097,1111.06223097,1
f0240b2a421ecea352fb859f39537518,2026-10-04,2026-10-04 20:12:24.000 UTC,453360289,2LkxcfboqXPX2kzugz5xMSwu1ueeen5VRixLFKAbYEZP6F5Tm4DB927NSGeWTAZXUnf3oMgYrrQsqt1LELoFXQKg,transfer,J3cdRYTeQAnZUhYRcVpk9abqEuRWTrtxb5fUbgh2aADn,DcQNaByvstRZCERvb9UJHgHiQe8YX2FMdPptM86psQyz,7r4TcfVhcYuuh3of8S8igoV7AeyNfwcnRhAaA8FfvSgP,99WZFcnXjvVHwfCGpcvtwcoWd8NGVxxHThKWuK8LAZn7,123679505904,1236.79505904,1
fbc503866df20b47b7bfff31fb7f33e7,2026-10-04,2026-10-04 20:12:24.000 UTC,453360289,2LkxcfboqXPX2kzugz5xMSwu1ueeen5VRixLFKAbYEZP6F5Tm4DB927NSGeWTAZXUnf3oMgYrrQsqt1LELoFXQKg,transfer,DcQNaByvstRZCERvb9UJHgHiQe8YX2FMdPptM86psQyz,GpMZbSM2GgvTKHJirzeGfMFoaZ8UR2X7F4v8vHTvxFbL,99WZFcnXjvVHwfCGpcvtwcoWd8NGVxxHThKWuK8LAZn7,GJrjTyjw8vEL4FUVVnKmfvYKZamyjNgwxxprciNkQ9AE,123679505904,1236.79505904,1
2926a571eaacb3d7e988945623003104,2026-10-04,2026-10-04 20:12:24.000 UTC,453360289,5X3WCtAndbQpjVJRgC4fhNHqocWQ2AFC7CBuhST4H8uhTphAtkuGZox245X38WnHVYeE4huLPtbpexG9Pbcgc339,transfer,J3cdRYTeQAnZUhYRcVpk9abqEuRWTrtxb5fUbgh2aADn,81RwTUf7ZvM5GpeG5q5aGemnxPQLzKAXEF6qPDzNQKDn,7r4TcfVhcYuuh3of8S8igoV7AeyNfwcnRhAaA8FfvSgP,95BGpzYf6m74RDhE6Y7pSVFPiBKuUvQhoDtf41nZUHcb,274918089787,2749.18089787,1
e86617f2728713810b8f7d5ec9b57a83,2026-10-04,2026-10-04 20:12:24.000 UTC,453360289,5X3WCtAndbQpjVJRgC4fhNHqocWQ2AFC7CBuhST4H8uhTphAtkuGZox245X38WnHVYeE4huLPtbpexG9Pbcgc339,transfer,81RwTUf7ZvM5GpeG5q5aGemnxPQLzKAXEF6qPDzNQKDn,GpMZbSM2GgvTKHJirzeGfMFoaZ8UR2X7F4v8vHTvxFbL,95BGpzYf6m74RDhE6Y7pSVFPiBKuUvQhoDtf41nZUHcb,GJrjTyjw8vEL4FUVVnKmfvYKZamyjNgwxxprciNkQ9AE,274918089787,2749.18089787,1
10342d8278edb24a2400f436c3883e49,2026-10-04,2026-10-04 20:12:29.000 UTC,453360309,55FL4Np2VSd6DULPFEnwgCMc3XPmJqqPudpAKMfXkgBBkpGVAxwmopefhz1xQJ344tAvnk93jBrvGaUV1rDCAv8c,transfer,J3cdRYTeQAnZUhYRcVpk9abqEuRWTrtxb5fUbgh2aADn,78Bo7xxGWBEvqbh3VMKvkFG4Z63cXKSJ2LCEXAanhN7a,7r4TcfVhcYuuh3of8S8igoV7AeyNfwcnRhAaA8FfvSgP,H4dF1Hr9YcAqNEUsfGVnxa9qL3dbgJ5fa6PaffqtR7UD,115164641728,1151.64641728,1
73b155bb379d2c16aed08883d82a0acf,2026-10-04,2026-10-04 20:12:29.000 UTC,453360309,55FL4Np2VSd6DULPFEnwgCMc3XPmJqqPudpAKMfXkgBBkpGVAxwmopefhz1xQJ344tAvnk93jBrvGaUV1rDCAv8c,transfer,78Bo7xxGWBEvqbh3VMKvkFG4Z63cXKSJ2LCEXAanhN7a,GpMZbSM2GgvTKHJirzeGfMFoaZ8UR2X7F4v8vHTvxFbL,H4dF1Hr9YcAqNEUsfGVnxa9qL3dbgJ5fa6PaffqtR7UD,GJrjTyjw8vEL4FUVVnKmfvYKZamyjNgwxxprciNkQ9AE,115164641728,1151.64641728,1
9d1702a0c22f5fc7c66a9389ef908e05,2026-10-04,2026-10-04 20:12:29.000 UTC,453360310,rsjyicAw3A9Fn85zb5WFaUYgrvPFD5BjGbJoKtwYXMcPyW3faHnKcKBpqBDtFX761ZzSKi8pKmRtKwXChMjCf2X,transfer,81RwTUf7ZvM5GpeG5q5aGemnxPQLzKAXEF6qPDzNQKDn,GpMZbSM2GgvTKHJirzeGfMFoaZ8UR2X7F4v8vHTvxFbL,95BGpzYf6m74RDhE6Y7pSVFPiBKuUvQhoDtf41nZUHcb,GJrjTyjw8vEL4FUVVnKmfvYKZamyjNgwxxprciNkQ9AE,134711886918,1347.11886918,1
e58c7fa76c30adbe340411f79c578f99,2026-10-04,2026-10-04 20:12:29.000 UTC,453360310,rsjyicAw3A9Fn85zb5WFaUYgrvPFD5BjGbJoKtwYXMcPyW3faHnKcKBpqBDtFX761ZzSKi8pKmRtKwXChMjCf2X,transfer,J3cdRYTeQAnZUhYRcVpk9abqEuRWTrtxb5fUbgh2aADn,81RwTUf7ZvM5GpeG5q5aGemnxPQLzKAXEF6qPDzNQKDn,7r4TcfVhcYuuh3of8S8igoV7AeyNfwcnRhAaA8FfvSgP,95BGpzYf6m74RDhE6Y7pSVFPiBKuUvQhoDtf41nZUHcb,134711886918,1347.11886918,1
0b56ec3ac0bf5fb78f86763263ab0ab5,2026-10-04,2026-10-04 20:14:37.000 UTC,453360789,2gnCMUSHyy1RL3TfJd5dMtReoVsYhBzv86R2wUUE1UivsKvo55cbXWsQobLEnMymHieBWkCraseGMWJCXNSb7xZR,transfer,7nwPXZNhBj88jcC22VNBQUYLohTsQWh5VGxWqnAAcvMf,GpMZbSM2GgvTKHJirzeGfMFoaZ8UR2X7F4v8vHTvxFbL,HVf2NN8y6CpDA78hbLGErwzuuAhtDoCtj3tsBUSGthQb,GJrjTyjw8vEL4FUVVnKmfvYKZamyjNgwxxprciNkQ9AE,113380278705,1133.80278705,1
ba08ed8b858235a302c239167acab765,2026-10-04,2026-10-04 20:14:37.000 UTC,453360789,2gnCMUSHyy1RL3TfJd5dMtReoVsYhBzv86R2wUUE1UivsKvo55cbXWsQobLEnMymHieBWkCraseGMWJCXNSb7xZR,transfer,J3cdRYTeQAnZUhYRcVpk9abqEuRWTrtxb5fUbgh2aADn,7nwPXZNhBj88jcC22VNBQUYLohTsQWh5VGxWqnAAcvMf,7r4TcfVhcYuuh3of8S8igoV7AeyNfwcnRhAaA8FfvSgP,HVf2NN8y6CpDA78hbLGErwzuuAhtDoCtj3tsBUSGthQb,113380278705,1133.80278705,1
8746e3713449ff317d73f520b043e606,2026-10-04,2026-10-04 20:14:39.000 UTC,453360795,3jFEFfhN1bKTtu6YTYr7WnLDGYJDQeT2RvnT8zGyojkdg3ACPPKmbanZVErZo8UGSYUfFcUQPcLSJagoEuSDtFAi,transfer,3zdXwWm9GVGzSBmYEtWGBgP9E2A95TbUz7ccGavWMPL8,GpMZbSM2GgvTKHJirzeGfMFoaZ8UR2X7F4v8vHTvxFbL,5ts5DFb1Vk4LTyRMuKjKyN6p57d6xSsfRykqZVQsfj8X,GJrjTyjw8vEL4FUVVnKmfvYKZamyjNgwxxprciNkQ9AE,63005217937,630.05217937,1
1c942928b43a79326082c6593dc6eb91,2026-10-04,2026-10-04 20:14:39.000 UTC,453360795,3jFEFfhN1bKTtu6YTYr7WnLDGYJDQeT2RvnT8zGyojkdg3ACPPKmbanZVErZo8UGSYUfFcUQPcLSJagoEuSDtFAi,transfer,J3cdRYTeQAnZUhYRcVpk9abqEuRWTrtxb5fUbgh2aADn,3zdXwWm9GVGzSBmYEtWGBgP9E2A95TbUz7ccGavWMPL8,7r4TcfVhcYuuh3of8S8igoV7AeyNfwcnRhAaA8FfvSgP,5ts5DFb1Vk4LTyRMuKjKyN6p57d6xSsfRykqZVQsfj8X,63005217937,630.05217937,1
71416ca6d94d0047b916d028209068a0,2026-10-04,2026-10-04 20:14:40.000 UTC,453360799,2JNgbBVHNQApYnECcr96U1wUgWkwvMhV9WkQT129UEvQVnPfGF17oNR8rRvjEqbQZgwFWp16hpZMzum2c9guw6ts,transfer,B3EiKmf4DQBUwWuDvWc7bTztVNL98kngHJ9ZLme5JbCf,2Q8tAc9nrQca3tE9KqhnVc9DiBsDPQyqY24rnbRVYv8E,5NuiJri6gh3CZf1BQZRzD8jzmZCk3sanQC2t8i69fZXm,9UK3o1FSN5avmpNmuxkdJWT16YPRjNZ7WvYW3fCcjaw4,1550113690,15.5011369,1
f83c2eee02f6c7878f56362199b238ad,2026-10-04,2026-10-04 20:14:40.000 UTC,453360799,2JNgbBVHNQApYnECcr96U1wUgWkwvMhV9WkQT129UEvQVnPfGF17oNR8rRvjEqbQZgwFWp16hpZMzum2c9guw6ts,transfer,J3cdRYTeQAnZUhYRcVpk9abqEuRWTrtxb5fUbgh2aADn,B3EiKmf4DQBUwWuDvWc7bTztVNL98kngHJ9ZLme5JbCf,7r4TcfVhcYuuh3of8S8igoV7AeyNfwcnRhAaA8FfvSgP,5NuiJri6gh3CZf1BQZRzD8jzmZCk3sanQC2t8i69fZXm,1550113690,15.5011369,1
f75765c2da7a7b577670018cc3832bc1,2026-10-04,2026-10-04 20:14:54.000 UTC,453360850,4ekTK47V2eZ5DwnUoHpZnMgm41bxhQ2TRRsq3HJdYow7JpNpxPctZbAVqGXW636APR4NzoQo1TyfnTeVcprBXZFg,transfer,J3cdRYTeQAnZUhYRcVpk9abqEuRWTrtxb5fUbgh2aADn,78Bo7xxGWBEvqbh3VMKvkFG4Z63cXKSJ2LCEXAanhN7a,7r4TcfVhcYuuh3of8S8igoV7AeyNfwcnRhAaA8FfvSgP,H4dF1Hr9YcAqNEUsfGVnxa9qL3dbgJ5fa6PaffqtR7UD,67315498622,673.15498622,1
4b402293cf3d35d65a53c229cea2f8b3,2026-10-04,2026-10-04 20:14:54.000 UTC,453360850,4ekTK47V2eZ5DwnUoHpZnMgm41bxhQ2TRRsq3HJdYow7JpNpxPctZbAVqGXW636APR4NzoQo1TyfnTeVcprBXZFg,transfer,78Bo7xxGWBEvqbh3VMKvkFG4Z63cXKSJ2LCEXAanhN7a,GpMZbSM2GgvTKHJirzeGfMFoaZ8UR2X7F4v8vHTvxFbL,H4dF1Hr9YcAqNEUsfGVnxa9qL3dbgJ5fa6PaffqtR7UD,GJrjTyjw8vEL4FUVVnKmfvYKZamyjNgwxxprciNkQ9AE,67315498622,673.15498622,1
3bd2a2e6e0054c6297e656a7c6f64e17,2026-10-04,2026-10-04 20:44:50.000 UTC,453367574,2fZrSfwWCnq3JTv93AsEJpzib8eyFVysMjamhhBc4r9BELqrBVHTeCvRSBPQ13ZjeNRsn5dvCXRWADwDqk2FQaMA,transfer,81RwTUf7ZvM5GpeG5q5aGemnxPQLzKAXEF6qPDzNQKDn,GpMZbSM2GgvTKHJirzeGfMFoaZ8UR2X7F4v8vHTvxFbL,95BGpzYf6m74RDhE6Y7pSVFPiBKuUvQhoDtf41nZUHcb,GJrjTyjw8vEL4FUVVnKmfvYKZamyjNgwxxprciNkQ9AE,49072858156,490.72858156,1
8f39670d8a40e9c082a6c451485a436b,2026-10-04,2026-10-04 20:44:50.000 UTC,453367574,2fZrSfwWCnq3JTv93AsEJpzib8eyFVysMjamhhBc4r9BELqrBVHTeCvRSBPQ13ZjeNRsn5dvCXRWADwDqk2FQaMA,transfer,GpMZbSM2GgvTKHJirzeGfMFoaZ8UR2X7F4v8vHTvxFbL,81RwTUf7ZvM5GpeG5q5aGemnxPQLzKAXEF6qPDzNQKDn,35hKKpdPTy495wFTybw5wajHp4ZNSyQA5KZXd7cN9hB7,95BGpzYf6m74RDhE6Y7pSVFPiBKuUvQhoDtf41nZUHcb,49072858156,490.72858156,1
11cbd0d6fee9dd6876cbf6b74258c707,2026-10-04,2026-10-04 20:46:03.000 UTC,453367848,39uhbjTZ8RrGfnNQwyWVEnN9AFB4cFoZtUD5TPEQ7Kmk9AQaMEtzzr2TRwnwKjvf8GZRzhPadyghFxPPhNCxXjgG,transfer,J3cdRYTeQAnZUhYRcVpk9abqEuRWTrtxb5fUbgh2aADn,78Bo7xxGWBEvqbh3VMKvkFG4Z63cXKSJ2LCEXAanhN7a,7r4TcfVhcYuuh3of8S8igoV7AeyNfwcnRhAaA8FfvSgP,H4dF1Hr9YcAqNEUsfGVnxa9qL3dbgJ5fa6PaffqtR7UD,127011001755,1270.11001755,1
bfa7f4897ea33b7595eec8183212c3b1,2026-10-04,2026-10-04 20:46:03.000 UTC,453367848,39uhbjTZ8RrGfnNQwyWVEnN9AFB4cFoZtUD5TPEQ7Kmk9AQaMEtzzr2TRwnwKjvf8GZRzhPadyghFxPPhNCxXjgG,transfer,78Bo7xxGWBEvqbh3VMKvkFG4Z63cXKSJ2LCEXAanhN7a,GpMZbSM2GgvTKHJirzeGfMFoaZ8UR2X7F4v8vHTvxFbL,H4dF1Hr9YcAqNEUsfGVnxa9qL3dbgJ5fa6PaffqtR7UD,GJrjTyjw8vEL4FUVVnKmfvYKZamyjNgwxxprciNkQ9AE,127011001755,1270.11001755,1
7c20468856ccb371187cd1c1e6ca6ec1,2026-10-04,2026-10-04 20:46:15.000 UTC,453367891,61Y6QPJMfs94KowGFozoumSpdQgoFNWgWUhMNnDVwnnuv96tpArY7oWXWpdeh5woHHRsZrFDESKdc4ukT2xTGSq6,transfer,78Bo7xxGWBEvqbh3VMKvkFG4Z63cXKSJ2LCEXAanhN7a,GpMZbSM2GgvTKHJirzeGfMFoaZ8UR2X7F4v8vHTvxFbL,H4dF1Hr9YcAqNEUsfGVnxa9qL3dbgJ5fa6PaffqtR7UD,GJrjTyjw8vEL4FUVVnKmfvYKZamyjNgwxxprciNkQ9AE,90010871482,900.10871482,1
34dcbb55a2bf4be4b87674c20eefbaed,2026-10-04,2026-10-04 20:46:15.000 UTC,453367891,61Y6QPJMfs94KowGFozoumSpdQgoFNWgWUhMNnDVwnnuv96tpArY7oWXWpdeh5woHHRsZrFDESKdc4ukT2xTGSq6,transfer,J3cdRYTeQAnZUhYRcVpk9abqEuRWTrtxb5fUbgh2aADn,78Bo7xxGWBEvqbh3VMKvkFG4Z63cXKSJ2LCEXAanhN7a,7r4TcfVhcYuuh3of8S8igoV7AeyNfwcnRhAaA8FfvSgP,H4dF1Hr9YcAqNEUsfGVnxa9qL3dbgJ5fa6PaffqtR7UD,90010871482,900.10871482,1
211e8b8b73ebc1feadd9bc6a71ec0d1d,2026-10-04,2026-10-04 20:46:51.000 UTC,453368030,N138xhDBVyixGxejdS7yqEqiCdHQsgJ5rXtkTLznC5bbkEt9Q1B8yCJ5T1Ybw2JNtRs1AATK9EtukGQVY2odNPu,transfer,J3cdRYTeQAnZUhYRcVpk9abqEuRWTrtxb5fUbgh2aADn,8L2y55D11k63CAftvW7uMM2mBhtMxLoLnivG9uY2bt8j,7r4TcfVhcYuuh3of8S8igoV7AeyNfwcnRhAaA8FfvSgP,HMM7irT5srZyM5LaAekNzEkQLQFkniNZdBxAvVvfBDxX,177896249089,1778.96249089,1
01392f7a1223001d34c4ef5c6817533a,2026-10-04,2026-10-04 20:46:51.000 UTC,453368030,N138xhDBVyixGxejdS7yqEqiCdHQsgJ5rXtkTLznC5bbkEt9Q1B8yCJ5T1Ybw2JNtRs1AATK9EtukGQVY2odNPu,transfer,8L2y55D11k63CAftvW7uMM2mBhtMxLoLnivG9uY2bt8j,GpMZbSM2GgvTKHJirzeGfMFoaZ8UR2X7F4v8vHTvxFbL,HMM7irT5srZyM5LaAekNzEkQLQFkniNZdBxAvVvfBDxX,GJrjTyjw8vEL4FUVVnKmfvYKZamyjNgwxxprciNkQ9AE,177896249089,1778.96249089,1
cc5ed14938aca524415bcaa30fe4557a,2026-10-04,2026-10-04 20:46:52.000 UTC,453368033,4QjJWtHAjGFoPPRk6G7Kf9P1xtUisRsBnf3LusGtjwyso73xvoVvvd5RJcvcCEyxHan3B9PowmJNcNpgozULjrw8,transfer,J3cdRYTeQAnZUhYRcVpk9abqEuRWTrtxb5fUbgh2aADn,D9Ew95W9qBLu6Ku8GupFQCawqhmDUqTgysR7aKja6nW,7r4TcfVhcYuuh3of8S8igoV7AeyNfwcnRhAaA8FfvSgP,2LsuPhUq6tebS9w1VBXEKhUhYWRZKytRwWseMjuMzPo1,1550125471,15.50125471,1
dfbeacc6cd11e20494fe39ccbb916d26,2026-10-04,2026-10-04 20:46:52.000 UTC,453368033,4QjJWtHAjGFoPPRk6G7Kf9P1xtUisRsBnf3LusGtjwyso73xvoVvvd5RJcvcCEyxHan3B9PowmJNcNpgozULjrw8,transfer,D9Ew95W9qBLu6Ku8GupFQCawqhmDUqTgysR7aKja6nW,2Q8tAc9nrQca3tE9KqhnVc9DiBsDPQyqY24rnbRVYv8E,2LsuPhUq6tebS9w1VBXEKhUhYWRZKytRwWseMjuMzPo1,9UK3o1FSN5avmpNmuxkdJWT16YPRjNZ7WvYW3fCcjaw4,1550125471,15.50125471,1
9ac83814e05f5910d51bff1d598c7cce,2026-10-04,2026-10-04 20:47:00.000 UTC,453368063,2rwELXRZuag1tffhf77HvzGuxxs6tVRLuVC4KLii8VzFXcFyVV1EckxyHiAxnZxbm3bNK38ZZ43XLp4QCHdaNudw,transfer,J3cdRYTeQAnZUhYRcVpk9abqEuRWTrtxb5fUbgh2aADn,78Bo7xxGWBEvqbh3VMKvkFG4Z63cXKSJ2LCEXAanhN7a,7r4TcfVhcYuuh3of8S8igoV7AeyNfwcnRhAaA8FfvSgP,H4dF1Hr9YcAqNEUsfGVnxa9qL3dbgJ5fa6PaffqtR7UD,62273431091,622.73431091,1
698808d0503d864076839b261ea591f3,2026-10-04,2026-10-04 20:47:00.000 UTC,453368063,2rwELXRZuag1tffhf77HvzGuxxs6tVRLuVC4KLii8VzFXcFyVV1EckxyHiAxnZxbm3bNK38ZZ43XLp4QCHdaNudw,transfer,78Bo7xxGWBEvqbh3VMKvkFG4Z63cXKSJ2LCEXAanhN7a,GpMZbSM2GgvTKHJirzeGfMFoaZ8UR2X7F4v8vHTvxFbL,H4dF1Hr9YcAqNEUsfGVnxa9qL3dbgJ5fa6PaffqtR7UD,GJrjTyjw8vEL4FUVVnKmfvYKZamyjNgwxxprciNkQ9AE,62273431091,622.73431091,1
686bf43d8e6e76f84f3fdac74ffb8311,2026-10-04,2026-10-04 20:47:01.000 UTC,453368069,zici1o78RBmzTiBZ2ncRY4HBD5rrXMxA9VbmWRJsTVipozoNsKS3QhYZT1Yy6d54XZYGDEHyqF3aPfnKopkPjrA,transfer,78Bo7xxGWBEvqbh3VMKvkFG4Z63cXKSJ2LCEXAanhN7a,GpMZbSM2GgvTKHJirzeGfMFoaZ8UR2X7F4v8vHTvxFbL,H4dF1Hr9YcAqNEUsfGVnxa9qL3dbgJ5fa6PaffqtR7UD,GJrjTyjw8vEL4FUVVnKmfvYKZamyjNgwxxprciNkQ9AE,50506615159,505.06615159,1
a47735cb97ee655312731af30b6f415f,2026-10-04,2026-10-04 20:47:01.000 UTC,453368069,zici1o78RBmzTiBZ2ncRY4HBD5rrXMxA9VbmWRJsTVipozoNsKS3QhYZT1Yy6d54XZYGDEHyqF3aPfnKopkPjrA,transfer,J3cdRYTeQAnZUhYRcVpk9abqEuRWTrtxb5fUbgh2aADn,78Bo7xxGWBEvqbh3VMKvkFG4Z63cXKSJ2LCEXAanhN7a,7r4TcfVhcYuuh3of8S8igoV7AeyNfwcnRhAaA8FfvSgP,H4dF1Hr9YcAqNEUsfGVnxa9qL3dbgJ5fa6PaffqtR7UD,50506615159,505.06615159,1
6305e47d4131fcb1651718cc710d6969,2026-10-04,2026-10-04 20:47:03.000 UTC,453368076,2sCVz5q7S9dJogLTAD6VzvUpJuRxmENXjuhSdVtoYY4swCCp3CfaFBw4grm8vAomZKbzeraD2ptL6LzC2mQEw9bN,transfer,J3cdRYTeQAnZUhYRcVpk9abqEuRWTrtxb5fUbgh2aADn,78Bo7xxGWBEvqbh3VMKvkFG4Z63cXKSJ2LCEXAanhN7a,7r4TcfVhcYuuh3of8S8igoV7AeyNfwcnRhAaA8FfvSgP,H4dF1Hr9YcAqNEUsfGVnxa9qL3dbgJ5fa6PaffqtR7UD,66334614898,663.34614898,1
3d896ce9d89168f252ebbeef855f9349,2026-10-04,2026-10-04 20:47:03.000 UTC,453368076,2sCVz5q7S9dJogLTAD6VzvUpJuRxmENXjuhSdVtoYY4swCCp3CfaFBw4grm8vAomZKbzeraD2ptL6LzC2mQEw9bN,transfer,78Bo7xxGWBEvqbh3VMKvkFG4Z63cXKSJ2LCEXAanhN7a,GpMZbSM2GgvTKHJirzeGfMFoaZ8UR2X7F4v8vHTvxFbL,H4dF1Hr9YcAqNEUsfGVnxa9qL3dbgJ5fa6PaffqtR7UD,GJrjTyjw8vEL4FUVVnKmfvYKZamyjNgwxxprciNkQ9AE,66334614898,663.34614898,1
613fd1402f9407325fe8a38845b8aad2,2026-10-04,2026-10-04 20:47:12.000 UTC,453368111,3LSSCw5kzpRiR1ByuLNQFV2kEsx8RZhuCRcqER6TiWnVswAPzMfdENVj7HAfATSP2MYRzmfvAha78mMFRnTFPP1Z,transfer,J3cdRYTeQAnZUhYRcVpk9abqEuRWTrtxb5fUbgh2aADn,78Bo7xxGWBEvqbh3VMKvkFG4Z63cXKSJ2LCEXAanhN7a,7r4TcfVhcYuuh3of8S8igoV7AeyNfwcnRhAaA8FfvSgP,H4dF1Hr9YcAqNEUsfGVnxa9qL3dbgJ5fa6PaffqtR7UD,90627426457,906.27426457,1
93b42378aa7d64398d205202e736c79f,2026-10-04,2026-10-04 20:47:12.000 UTC,453368111,3LSSCw5kzpRiR1ByuLNQFV2kEsx8RZhuCRcqER6TiWnVswAPzMfdENVj7HAfATSP2MYRzmfvAha78mMFRnTFPP1Z,transfer,78Bo7xxGWBEvqbh3VMKvkFG4Z63cXKSJ2LCEXAanhN7a,GpMZbSM2GgvTKHJirzeGfMFoaZ8UR2X7F4v8vHTvxFbL,H4dF1Hr9YcAqNEUsfGVnxa9qL3dbgJ5fa6PaffqtR7UD,GJrjTyjw8vEL4FUVVnKmfvYKZamyjNgwxxprciNkQ9AE,90627426457,906.27426457,1
a8f73347d80a157bffe218360feb54d2,2026-10-04,2026-10-04 20:47:26.000 UTC,453368161,vRrcYeX63RkXXpj8Mbd5teebYSGTVFYvhEJvaPheBbvSZqUkabd9ycerxF6q5ydxpmSnSuMZvfUBYMhLjnVNxrC,transfer,J3cdRYTeQAnZUhYRcVpk9abqEuRWTrtxb5fUbgh2aADn,78Bo7xxGWBEvqbh3VMKvkFG4Z63cXKSJ2LCEXAanhN7a,7r4TcfVhcYuuh3of8S8igoV7AeyNfwcnRhAaA8FfvSgP,H4dF1Hr9YcAqNEUsfGVnxa9qL3dbgJ5fa6PaffqtR7UD,53625640559,536.25640559,1
7a28d427049deb05dbf9b76ee48afa70,2026-10-04,2026-10-04 20:47:26.000 UTC,453368161,vRrcYeX63RkXXpj8Mbd5teebYSGTVFYvhEJvaPheBbvSZqUkabd9ycerxF6q5ydxpmSnSuMZvfUBYMhLjnVNxrC,transfer,78Bo7xxGWBEvqbh3VMKvkFG4Z63cXKSJ2LCEXAanhN7a,GpMZbSM2GgvTKHJirzeGfMFoaZ8UR2X7F4v8vHTvxFbL,H4dF1Hr9YcAqNEUsfGVnxa9qL3dbgJ5fa6PaffqtR7UD,GJrjTyjw8vEL4FUVVnKmfvYKZamyjNgwxxprciNkQ9AE,53625640559,536.25640559,1
dc2359b9d87ecd13b0753665f5dd3d46,2026-10-04,2026-10-04 20:47:31.000 UTC,453368178,3ebzow4gwh84isiUFTsY5Z8bvzW8EJEFCYpBXSNBpz7GyAGzesdV6wqQmp6iWF5PbavMG5NC37eyBjVHKy8qR8Ne,transfer,DcQNaByvstRZCERvb9UJHgHiQe8YX2FMdPptM86psQyz,GpMZbSM2GgvTKHJirzeGfMFoaZ8UR2X7F4v8vHTvxFbL,99WZFcnXjvVHwfCGpcvtwcoWd8NGVxxHThKWuK8LAZn7,GJrjTyjw8vEL4FUVVnKmfvYKZamyjNgwxxprciNkQ9AE,49032883584,490.32883584,1
5bc738031af3f6abe047056ba6ce98ac,2026-10-04,2026-10-04 20:47:31.000 UTC,453368178,3ebzow4gwh84isiUFTsY5Z8bvzW8EJEFCYpBXSNBpz7GyAGzesdV6wqQmp6iWF5PbavMG5NC37eyBjVHKy8qR8Ne,transfer,GpMZbSM2GgvTKHJirzeGfMFoaZ8UR2X7F4v8vHTvxFbL,DcQNaByvstRZCERvb9UJHgHiQe8YX2FMdPptM86psQyz,35hKKpdPTy495wFTybw5wajHp4ZNSyQA5KZXd7cN9hB7,99WZFcnXjvVHwfCGpcvtwcoWd8NGVxxHThKWuK8LAZn7,49032883584,490.32883584,1
819cb187764cd902ddfe1f1adc95c32c,2026-10-04,2026-10-04 20:47:32.000 UTC,453368179,in8C7uZz3Dcwffke4fdisoVeCZsx6NPzuL1VKCp3XcxQ4GiaoU74x7Lec4CdE7WuqdB4unfXgPQvVCtcr4PU1ye,transfer,J3cdRYTeQAnZUhYRcVpk9abqEuRWTrtxb5fUbgh2aADn,shakRDxyKwaBbduqZTZt8Q4etTALbDLnAANStv9TLH3,7r4TcfVhcYuuh3of8S8igoV7AeyNfwcnRhAaA8FfvSgP,6hstNFmQnsazPrFatvzVrgjsD8uc2rWH2J2VNxhkdXw2,151453179770,1514.5317977,1
2ddba0891088294b4574b8e91a0d2646,2026-10-04,2026-10-04 20:47:32.000 UTC,453368179,in8C7uZz3Dcwffke4fdisoVeCZsx6NPzuL1VKCp3XcxQ4GiaoU74x7Lec4CdE7WuqdB4unfXgPQvVCtcr4PU1ye,transfer,shakRDxyKwaBbduqZTZt8Q4etTALbDLnAANStv9TLH3,GpMZbSM2GgvTKHJirzeGfMFoaZ8UR2X7F4v8vHTvxFbL,6hstNFmQnsazPrFatvzVrgjsD8uc2rWH2J2VNxhkdXw2,GJrjTyjw8vEL4FUVVnKmfvYKZamyjNgwxxprciNkQ9AE,151453179770,1514.5317977,1
596a3317aff19e771a2e32b09face53c,2026-10-04,2026-10-04 20:47:42.000 UTC,453368219,3nyz9wZdej3HjFQmekKwmV484whu5KTzKhJZpQkPrGvsKtjkZyxDANCtASgt53dYiGVGNrJn68YTintSUmF4i7dx,transfer,78Bo7xxGWBEvqbh3VMKvkFG4Z63cXKSJ2LCEXAanhN7a,GpMZbSM2GgvTKHJirzeGfMFoaZ8UR2X7F4v8vHTvxFbL,H4dF1Hr9YcAqNEUsfGVnxa9qL3dbgJ5fa6PaffqtR7UD,GJrjTyjw8vEL4FUVVnKmfvYKZamyjNgwxxprciNkQ9AE,83945678639,839.45678639,1
a8c5946a6cac7c9ce948922b49caca88,2026-10-04,2026-10-04 20:47:42.000 UTC,453368219,3nyz9wZdej3HjFQmekKwmV484whu5KTzKhJZpQkPrGvsKtjkZyxDANCtASgt53dYiGVGNrJn68YTintSUmF4i7dx,transfer,J3cdRYTeQAnZUhYRcVpk9abqEuRWTrtxb5fUbgh2aADn,78Bo7xxGWBEvqbh3VMKvkFG4Z63cXKSJ2LCEXAanhN7a,7r4TcfVhcYuuh3of8S8igoV7AeyNfwcnRhAaA8FfvSgP,H4dF1Hr9YcAqNEUsfGVnxa9qL3dbgJ5fa6PaffqtR7UD,83945678639,839.45678639,1
48d85bdf225aca5d7777998c6fb21b3f,2026-10-04,2026-10-04 20:53:25.000 UTC,453369496,4SWFTczR14kZCxZN1NdYHyi4mqJBLGWAnmwZhjcaqHm46w6E3eSpGtUxnHWMAjza4k1zdmjCxQ2XoEkjRU5o7Dri,transfer,78Bo7xxGWBEvqbh3VMKvkFG4Z63cXKSJ2LCEXAanhN7a,GpMZbSM2GgvTKHJirzeGfMFoaZ8UR2X7F4v8vHTvxFbL,H4dF1Hr9YcAqNEUsfGVnxa9qL3dbgJ5fa6PaffqtR7UD,GJrjTyjw8vEL4FUVVnKmfvYKZamyjNgwxxprciNkQ9AE,68203483116,682.03483116,1
eac351d6c6207794306ae0292b18110c,2026-10-04,2026-10-04 20:53:25.000 UTC,453369496,4SWFTczR14kZCxZN1NdYHyi4mqJBLGWAnmwZhjcaqHm46w6E3eSpGtUxnHWMAjza4k1zdmjCxQ2XoEkjRU5o7Dri,transfer,J3cdRYTeQAnZUhYRcVpk9abqEuRWTrtxb5fUbgh2aADn,78Bo7xxGWBEvqbh3VMKvkFG4Z63cXKSJ2LCEXAanhN7a,7r4TcfVhcYuuh3of8S8igoV7AeyNfwcnRhAaA8FfvSgP,H4dF1Hr9YcAqNEUsfGVnxa9qL3dbgJ5fa6PaffqtR7UD,68203483116,682.03483116,1
55335ae4e2caa56aeb662e0c9a06ee9e,2026-10-04,2026-10-04 20:53:28.000 UTC,453369509,34tg11MFyDfpqCEX5xQXUuJwyRMTzgUtaK81UQBFzho2fRZFYwM79XoBynKayYFFif5Gyr5JokCDACNjuiT53gVh,transfer,78Bo7xxGWBEvqbh3VMKvkFG4Z63cXKSJ2LCEXAanhN7a,GpMZbSM2GgvTKHJirzeGfMFoaZ8UR2X7F4v8vHTvxFbL,H4dF1Hr9YcAqNEUsfGVnxa9qL3dbgJ5fa6PaffqtR7UD,GJrjTyjw8vEL4FUVVnKmfvYKZamyjNgwxxprciNkQ9AE,97668991829,976.68991829,1
21ca73c542dfb3eb72abc8803ce255e7,2026-10-04,2026-10-04 20:53:28.000 UTC,453369509,34tg11MFyDfpqCEX5xQXUuJwyRMTzgUtaK81UQBFzho2fRZFYwM79XoBynKayYFFif5Gyr5JokCDACNjuiT53gVh,transfer,J3cdRYTeQAnZUhYRcVpk9abqEuRWTrtxb5fUbgh2aADn,78Bo7xxGWBEvqbh3VMKvkFG4Z63cXKSJ2LCEXAanhN7a,7r4TcfVhcYuuh3of8S8igoV7AeyNfwcnRhAaA8FfvSgP,H4dF1Hr9YcAqNEUsfGVnxa9qL3dbgJ5fa6PaffqtR7UD,97668991829,976.68991829,1
d64613e334a7f6d62e45d7de579be6f2,2026-10-04,2026-10-04 20:53:28.000 UTC,453369509,e3zrCmxeskFuMFGB4e8a2VuxHjm2ZMNfn3zc695LqzKssNCRcfvNZFvxuNoW3b8SwB4JUecaTH8vgSaTu8uhTit,transfer,J3cdRYTeQAnZUhYRcVpk9abqEuRWTrtxb5fUbgh2aADn,shakRDxyKwaBbduqZTZt8Q4etTALbDLnAANStv9TLH3,7r4TcfVhcYuuh3of8S8igoV7AeyNfwcnRhAaA8FfvSgP,6hstNFmQnsazPrFatvzVrgjsD8uc2rWH2J2VNxhkdXw2,162149740214,1621.49740214,1
b9ff3224171f525c451d125e6f04ff70,2026-10-04,2026-10-04 20:53:28.000 UTC,453369509,e3zrCmxeskFuMFGB4e8a2VuxHjm2ZMNfn3zc695LqzKssNCRcfvNZFvxuNoW3b8SwB4JUecaTH8vgSaTu8uhTit,transfer,shakRDxyKwaBbduqZTZt8Q4etTALbDLnAANStv9TLH3,GpMZbSM2GgvTKHJirzeGfMFoaZ8UR2X7F4v8vHTvxFbL,6hstNFmQnsazPrFatvzVrgjsD8uc2rWH2J2VNxhkdXw2,GJrjTyjw8vEL4FUVVnKmfvYKZamyjNgwxxprciNkQ9AE,162149740214,1621.49740214,1
fa2b5105a482c83313a3fb7a61c6667c,2026-10-04,2026-10-04 20:53:29.000 UTC,453369512,jvPRtiMRBproWhgDzGPv9N4xde5M1crxpDcrriagAy8UUgiEbxtdiZw5ffN1ktipAEFfbWrELjBLUQ5GcTmXFh9,transfer,shakRDxyKwaBbduqZTZt8Q4etTALbDLnAANStv9TLH3,GpMZbSM2GgvTKHJirzeGfMFoaZ8UR2X7F4v8vHTvxFbL,6hstNFmQnsazPrFatvzVrgjsD8uc2rWH2J2VNxhkdXw2,GJrjTyjw8vEL4FUVVnKmfvYKZamyjNgwxxprciNkQ9AE,146734424080,1467.3442408,1
0dd6af603c7dc497ffef3a4f0eb193de,2026-10-04,2026-10-04 20:53:29.000 UTC,453369512,jvPRtiMRBproWhgDzGPv9N4xde5M1crxpDcrriagAy8UUgiEbxtdiZw5ffN1ktipAEFfbWrELjBLUQ5GcTmXFh9,transfer,J3cdRYTeQAnZUhYRcVpk9abqEuRWTrtxb5fUbgh2aADn,shakRDxyKwaBbduqZTZt8Q4etTALbDLnAANStv9TLH3,7r4TcfVhcYuuh3of8S8igoV7AeyNfwcnRhAaA8FfvSgP,6hstNFmQnsazPrFatvzVrgjsD8uc2rWH2J2VNxhkdXw2,146734424080,1467.3442408,1
eb11c237cb6f854de9ce7e7ac3a437b7,2026-10-04,2026-10-04 20:53:30.000 UTC,453369518,5sJQH4ogUgtB7AfV38fhv7cXWrKFG2Qrn4GScEks3YDr8e12hUkvs5BtT2bH2pBQRoCpEGJ3jqSTGqaKvbPtqaTC,transfer,B3EiKmf4DQBUwWuDvWc7bTztVNL98kngHJ9ZLme5JbCf,2Q8tAc9nrQca3tE9KqhnVc9DiBsDPQyqY24rnbRVYv8E,5NuiJri6gh3CZf1BQZRzD8jzmZCk3sanQC2t8i69fZXm,9UK3o1FSN5avmpNmuxkdJWT16YPRjNZ7WvYW3fCcjaw4,1577032220,15.7703222,1
ff5f4a191fa1c133216689bf9aa64838,2026-10-04,2026-10-04 20:53:30.000 UTC,453369518,5sJQH4ogUgtB7AfV38fhv7cXWrKFG2Qrn4GScEks3YDr8e12hUkvs5BtT2bH2pBQRoCpEGJ3jqSTGqaKvbPtqaTC,transfer,J3cdRYTeQAnZUhYRcVpk9abqEuRWTrtxb5fUbgh2aADn,B3EiKmf4DQBUwWuDvWc7bTztVNL98kngHJ9ZLme5JbCf,7r4TcfVhcYuuh3of8S8igoV7AeyNfwcnRhAaA8FfvSgP,5NuiJri6gh3CZf1BQZRzD8jzmZCk3sanQC2t8i69fZXm,1577032220,15.7703222,1
0c95d86f761e769c887ce1afb39efde7,2026-10-04,2026-10-04 20:53:33.000 UTC,453369528,3K6HfKkcpe9WSUPCzyyjJMmF3exLqDv4P5m1EJ8dxZpCfkWtvAwpJP3iRRFKo3S375qjyagUSZC1SqzDKkWUvchu,transfer,J3cdRYTeQAnZUhYRcVpk9abqEuRWTrtxb5fUbgh2aADn,78Bo7xxGWBEvqbh3VMKvkFG4Z63cXKSJ2LCEXAanhN7a,7r4TcfVhcYuuh3of8S8igoV7AeyNfwcnRhAaA8FfvSgP,H4dF1Hr9YcAqNEUsfGVnxa9qL3dbgJ5fa6PaffqtR7UD,71671602079,716.71602079,1
1caa171979c0c6c77bcd7ce2b4c9e856,2026-10-04,2026-10-04 20:53:33.000 UTC,453369528,3K6HfKkcpe9WSUPCzyyjJMmF3exLqDv4P5m1EJ8dxZpCfkWtvAwpJP3iRRFKo3S375qjyagUSZC1SqzDKkWUvchu,transfer,78Bo7xxGWBEvqbh3VMKvkFG4Z63cXKSJ2LCEXAanhN7a,GpMZbSM2GgvTKHJirzeGfMFoaZ8UR2X7F4v8vHTvxFbL,H4dF1Hr9YcAqNEUsfGVnxa9qL3dbgJ5fa6PaffqtR7UD,GJrjTyjw8vEL4FUVVnKmfvYKZamyjNgwxxprciNkQ9AE,71671602079,716.71602079,1
c61d8d1a3c8e40a55b982aacb04d6f42,2026-10-04,2026-10-04 20:53:42.000 UTC,453369562,2T3YA4jvQMjV8xgoBc9gSJ7BFpXKaJruJaXv4GFhsrxoQvR2PWwXx6qMRAjik9xNTjGFBJC6t4Yi3Rzp2BUssMZo,transfer,J3cdRYTeQAnZUhYRcVpk9abqEuRWTrtxb5fUbgh2aADn,78Bo7xxGWBEvqbh3VMKvkFG4Z63cXKSJ2LCEXAanhN7a,7r4TcfVhcYuuh3of8S8igoV7AeyNfwcnRhAaA8FfvSgP,H4dF1Hr9YcAqNEUsfGVnxa9qL3dbgJ5fa6PaffqtR7UD,101514782176,1015.14782176,1
33c575fbb2537bfc624a8c404726d4a9,2026-10-04,2026-10-04 20:53:42.000 UTC,453369562,2T3YA4jvQMjV8xgoBc9gSJ7BFpXKaJruJaXv4GFhsrxoQvR2PWwXx6qMRAjik9xNTjGFBJC6t4Yi3Rzp2BUssMZo,transfer,78Bo7xxGWBEvqbh3VMKvkFG4Z63cXKSJ2LCEXAanhN7a,GpMZbSM2GgvTKHJirzeGfMFoaZ8UR2X7F4v8vHTvxFbL,H4dF1Hr9YcAqNEUsfGVnxa9qL3dbgJ5fa6PaffqtR7UD,GJrjTyjw8vEL4FUVVnKmfvYKZamyjNgwxxprciNkQ9AE,101514782176,1015.14782176,1
90492a01cd62b65856813ce7681686be,2026-10-04,2026-10-04 20:53:59.000 UTC,453369624,3rq6ZqJ4Js54phLAhegpF6jB8dw9LNyyhbxRm7s6inPh1RzkbVPFQxjEnUpw3DGuJxXb7vZVtSX6ozTE5CWQp35i,transfer,J3cdRYTeQAnZUhYRcVpk9abqEuRWTrtxb5fUbgh2aADn,78Bo7xxGWBEvqbh3VMKvkFG4Z63cXKSJ2LCEXAanhN7a,7r4TcfVhcYuuh3of8S8igoV7AeyNfwcnRhAaA8FfvSgP,H4dF1Hr9YcAqNEUsfGVnxa9qL3dbgJ5fa6PaffqtR7UD,109342751328,1093.42751328,1
56f932fae90acc54ab27ec03442513fc,2026-10-04,2026-10-04 20:53:59.000 UTC,453369624,3rq6ZqJ4Js54phLAhegpF6jB8dw9LNyyhbxRm7s6inPh1RzkbVPFQxjEnUpw3DGuJxXb7vZVtSX6ozTE5CWQp35i,transfer,78Bo7xxGWBEvqbh3VMKvkFG4Z63cXKSJ2LCEXAanhN7a,GpMZbSM2GgvTKHJirzeGfMFoaZ8UR2X7F4v8vHTvxFbL,H4dF1Hr9YcAqNEUsfGVnxa9qL3dbgJ5fa6PaffqtR7UD,GJrjTyjw8vEL4FUVVnKmfvYKZamyjNgwxxprciNkQ9AE,109342751328,1093.42751328,1
012562b37fbdad0fbc8aabaebac74ef2,2026-10-04,2026-10-04 20:53:59.000 UTC,453369626,5m73aSrSQZbexP5bvuHRMWVwRw7DN4PnpnzQgzbiyJZV4ZXFkfxzJTzDtLdqCEB35P29HbBEGmgTgSw1XZWcuxg6,transfer,NALUnJA2AJUYa6xJL1HsorEeFgxxDsfUgYBCX8Pp2zD,GpMZbSM2GgvTKHJirzeGfMFoaZ8UR2X7F4v8vHTvxFbL,4sKCpuN1EjauwQaSqE8RN1EaAd8qjDZKCv5Swv7ad7un,GJrjTyjw8vEL4FUVVnKmfvYKZamyjNgwxxprciNkQ9AE,163433811570,1634.3381157,1
370235d22f5515ed597ad6cbca92490a,2026-10-04,2026-10-04 20:53:59.000 UTC,453369626,5m73aSrSQZbexP5bvuHRMWVwRw7DN4PnpnzQgzbiyJZV4ZXFkfxzJTzDtLdqCEB35P29HbBEGmgTgSw1XZWcuxg6,transfer,J3cdRYTeQAnZUhYRcVpk9abqEuRWTrtxb5fUbgh2aADn,NALUnJA2AJUYa6xJL1HsorEeFgxxDsfUgYBCX8Pp2zD,7r4TcfVhcYuuh3of8S8igoV7AeyNfwcnRhAaA8FfvSgP,4sKCpuN1EjauwQaSqE8RN1EaAd8qjDZKCv5Swv7ad7un,163433811570,1634.3381157,1
2c52699cc3fb7301f70c62fa307ab115,2026-10-04,2026-10-04 20:54:00.000 UTC,453369630,2fFHGzfWs9fF7v3qD9WKcUXW1GNr76EbFAB6RebPN4CupMwMxVa6v3uDRYYuZ5LtUAXZv7o9k9Psu9ZzhYveDmST,transfer,J3cdRYTeQAnZUhYRcVpk9abqEuRWTrtxb5fUbgh2aADn,DcQNaByvstRZCERvb9UJHgHiQe8YX2FMdPptM86psQyz,7r4TcfVhcYuuh3of8S8igoV7AeyNfwcnRhAaA8FfvSgP,99WZFcnXjvVHwfCGpcvtwcoWd8NGVxxHThKWuK8LAZn7,163414760163,1634.14760163,1
e896fb06e96462a02d44f35263cd0b2a,2026-10-04,2026-10-04 20:54:00.000 UTC,453369630,2fFHGzfWs9fF7v3qD9WKcUXW1GNr76EbFAB6RebPN4CupMwMxVa6v3uDRYYuZ5LtUAXZv7o9k9Psu9ZzhYveDmST,transfer,DcQNaByvstRZCERvb9UJHgHiQe8YX2FMdPptM86psQyz,GpMZbSM2GgvTKHJirzeGfMFoaZ8UR2X7F4v8vHTvxFbL,99WZFcnXjvVHwfCGpcvtwcoWd8NGVxxHThKWuK8LAZn7,GJrjTyjw8vEL4FUVVnKmfvYKZamyjNgwxxprciNkQ9AE,163414760163,1634.14760163,1
558e1685bacd1500c618209d48d04639,2026-10-04,2026-10-04 20:54:40.000 UTC,453369782,26haCY81LDH8RHWo7iThxKG4TTVS3njAwHkPcef6s5SwmGsbzdHKUokWaPCnb5EucaUubNXwoDAJZK7Ywdwa4uoA,transfer,J3cdRYTeQAnZUhYRcVpk9abqEuRWTrtxb5fUbgh2aADn,DcQNaByvstRZCERvb9UJHgHiQe8YX2FMdPptM86psQyz,7r4TcfVhcYuuh3of8S8igoV7AeyNfwcnRhAaA8FfvSgP,99WZFcnXjvVHwfCGpcvtwcoWd8NGVxxHThKWuK8LAZn7,163396530573,1633.96530573,1
342d73db03319dc606fddde2ee9e8e2d,2026-10-04,2026-10-04 20:54:40.000 UTC,453369782,26haCY81LDH8RHWo7iThxKG4TTVS3njAwHkPcef6s5SwmGsbzdHKUokWaPCnb5EucaUubNXwoDAJZK7Ywdwa4uoA,transfer,DcQNaByvstRZCERvb9UJHgHiQe8YX2FMdPptM86psQyz,GpMZbSM2GgvTKHJirzeGfMFoaZ8UR2X7F4v8vHTvxFbL,99WZFcnXjvVHwfCGpcvtwcoWd8NGVxxHThKWuK8LAZn7,GJrjTyjw8vEL4FUVVnKmfvYKZamyjNgwxxprciNkQ9AE,163396530573,1633.96530573,1
54e41fdf45fc09b8322206d1769378c4,2026-10-04,2026-10-04 20:54:43.000 UTC,453369793,3G2qSMzVNLUXNXWsWPwbwcUk6DGvQDHWbTb5qvWXi9KjxvbmYKbpLnt8sLRE9wceiFDdQojrDRnq9QcML7Fm6exL,transfer,J3cdRYTeQAnZUhYRcVpk9abqEuRWTrtxb5fUbgh2aADn,81RwTUf7ZvM5GpeG5q5aGemnxPQLzKAXEF6qPDzNQKDn,7r4TcfVhcYuuh3of8S8igoV7AeyNfwcnRhAaA8FfvSgP,95BGpzYf6m74RDhE6Y7pSVFPiBKuUvQhoDtf41nZUHcb,135152938751,1351.52938751,1
f4ad128bceae1c91e8abe6516b9e9573,2026-10-04,2026-10-04 20:54:43.000 UTC,453369793,3G2qSMzVNLUXNXWsWPwbwcUk6DGvQDHWbTb5qvWXi9KjxvbmYKbpLnt8sLRE9wceiFDdQojrDRnq9QcML7Fm6exL,transfer,81RwTUf7ZvM5GpeG5q5aGemnxPQLzKAXEF6qPDzNQKDn,GpMZbSM2GgvTKHJirzeGfMFoaZ8UR2X7F4v8vHTvxFbL,95BGpzYf6m74RDhE6Y7pSVFPiBKuUvQhoDtf41nZUHcb,GJrjTyjw8vEL4FUVVnKmfvYKZamyjNgwxxprciNkQ9AE,135152938751,1351.52938751,1
57dfe7e2529c9d101ceeef8f59a8ac01,2026-10-04,2026-10-04 20:54:58.000 UTC,453369850,5oS5MHQkQ6vtmtrxUgaM9bmoJ4jZrofknTySAD9XzFpW4XJD11pby6bCTCw8bbmi73hjyiwsHnDzyGaHJuDt8iqU,transfer,J3cdRYTeQAnZUhYRcVpk9abqEuRWTrtxb5fUbgh2aADn,3nMNd89AxwHUa1AFvQGqohRkxFEQsTsgiEyEyqXFHyyH,7r4TcfVhcYuuh3of8S8igoV7AeyNfwcnRhAaA8FfvSgP,F9eR3BpXB6zJCUDRiy7q4ewPFvmxV9gvZYrSmiXmXdyg,49538120977,495.38120977,1
f89e02c17d80b6c8e977fa64178d5a86,2026-10-04,2026-10-04 20:54:58.000 UTC,453369850,5oS5MHQkQ6vtmtrxUgaM9bmoJ4jZrofknTySAD9XzFpW4XJD11pby6bCTCw8bbmi73hjyiwsHnDzyGaHJuDt8iqU,transfer,3nMNd89AxwHUa1AFvQGqohRkxFEQsTsgiEyEyqXFHyyH,GpMZbSM2GgvTKHJirzeGfMFoaZ8UR2X7F4v8vHTvxFbL,F9eR3BpXB6zJCUDRiy7q4ewPFvmxV9gvZYrSmiXmXdyg,GJrjTyjw8vEL4FUVVnKmfvYKZamyjNgwxxprciNkQ9AE,49538120977,495.38120977,1
f3f92a1d6f6df0b6cb764b8ba227ff2f,2026-10-04,2026-10-04 20:55:26.000 UTC,453369952,3F3S1xVsRZUiWWWVt4uUdCBaWfLJciC5vtS1MZZXHbed8DvEebNw1YEZeBY4Z9B1oRCH1bzJza2WxHF9f1an2om1,transfer,J3cdRYTeQAnZUhYRcVpk9abqEuRWTrtxb5fUbgh2aADn,78Bo7xxGWBEvqbh3VMKvkFG4Z63cXKSJ2LCEXAanhN7a,7r4TcfVhcYuuh3of8S8igoV7AeyNfwcnRhAaA8FfvSgP,H4dF1Hr9YcAqNEUsfGVnxa9qL3dbgJ5fa6PaffqtR7UD,92844562085,928.44562085,1
8613f9385bcc6aec8b9b431b525bdb29,2026-10-04,2026-10-04 20:55:26.000 UTC,453369952,3F3S1xVsRZUiWWWVt4uUdCBaWfLJciC5vtS1MZZXHbed8DvEebNw1YEZeBY4Z9B1oRCH1bzJza2WxHF9f1an2om1,transfer,78Bo7xxGWBEvqbh3VMKvkFG4Z63cXKSJ2LCEXAanhN7a,GpMZbSM2GgvTKHJirzeGfMFoaZ8UR2X7F4v8vHTvxFbL,H4dF1Hr9YcAqNEUsfGVnxa9qL3dbgJ5fa6PaffqtR7UD,GJrjTyjw8vEL4FUVVnKmfvYKZamyjNgwxxprciNkQ9AE,92844562085,928.44562085,1
02660970d2c8ba70742709dab2267e80,2026-10-04,2026-10-04 20:56:23.000 UTC,453370166,2SS3DK6mpAxHPUuNEq8ttxgBzubd727Rmnfqab9P1eyX5DBWpNHudQBL1GSe2JXUR4fnV6nhxTFK9CL3LRChnZWL,transfer,GpMZbSM2GgvTKHJirzeGfMFoaZ8UR2X7F4v8vHTvxFbL,D5YqVMoSxnqeZAKAUUE1Dm3bmjtdxQ5DCF356ozqN9cM,35hKKpdPTy495wFTybw5wajHp4ZNSyQA5KZXd7cN9hB7,2KJkRj5rk5ft92WTTT5NYQThgX6SHStiqsyffyhjDWb4,1604317716,16.04317716,1
1bfed790186b1ba2b75403033693eb94,2026-10-04,2026-10-04 20:56:23.000 UTC,453370166,2SS3DK6mpAxHPUuNEq8ttxgBzubd727Rmnfqab9P1eyX5DBWpNHudQBL1GSe2JXUR4fnV6nhxTFK9CL3LRChnZWL,transfer,D5YqVMoSxnqeZAKAUUE1Dm3bmjtdxQ5DCF356ozqN9cM,2Q8tAc9nrQca3tE9KqhnVc9DiBsDPQyqY24rnbRVYv8E,2KJkRj5rk5ft92WTTT5NYQThgX6SHStiqsyffyhjDWb4,9UK3o1FSN5avmpNmuxkdJWT16YPRjNZ7WvYW3fCcjaw4,1604317716,16.04317716,1
286ddaca7b39a370436f23a5e25716a8,2026-10-04,2026-10-04 21:00:00.000 UTC,453370960,5t3MHcpGtZVTvTAVdVpjeB4JeS1kZnpemrJ2tNFH1zjhZj79XhP5pM2d4g73VmGZBLBFbS741MBoBqySfwHiPwkt,transfer,DcQNaByvstRZCERvb9UJHgHiQe8YX2FMdPptM86psQyz,GpMZbSM2GgvTKHJirzeGfMFoaZ8UR2X7F4v8vHTvxFbL,99WZFcnXjvVHwfCGpcvtwcoWd8NGVxxHThKWuK8LAZn7,GJrjTyjw8vEL4FUVVnKmfvYKZamyjNgwxxprciNkQ9AE,49533140504,495.33140504,1
56654aaa8bc0b81dfed1c4803a5d4159,2026-10-04,2026-10-04 21:00:00.000 UTC,453370960,5t3MHcpGtZVTvTAVdVpjeB4JeS1kZnpemrJ2tNFH1zjhZj79XhP5pM2d4g73VmGZBLBFbS741MBoBqySfwHiPwkt,transfer,J3cdRYTeQAnZUhYRcVpk9abqEuRWTrtxb5fUbgh2aADn,DcQNaByvstRZCERvb9UJHgHiQe8YX2FMdPptM86psQyz,7r4TcfVhcYuuh3of8S8igoV7AeyNfwcnRhAaA8FfvSgP,99WZFcnXjvVHwfCGpcvtwcoWd8NGVxxHThKWuK8LAZn7,49533140504,495.33140504,1
dde6966f69929ed2dfb5ef3accafea80,2026-10-04,2026-10-04 21:00:03.000 UTC,453370970,3pDAKgNHwVP8wtm1PsSu6hR9JnGmAyw1UYP7fvHpxWRvQfgWgmpMnJALCVtxghgKdT29Rn2m1L1QrGegd92XL6XB,transfer,5vfCdYZ8Q4yrgGgXA9ZC25U5zqFMFbiPHugYtGQ8R2fY,GpMZbSM2GgvTKHJirzeGfMFoaZ8UR2X7F4v8vHTvxFbL,9WqzEca4oHdcyPnyfxoyUpwjVFeZGQqGXbZxQtwjTXh7,GJrjTyjw8vEL4FUVVnKmfvYKZamyjNgwxxprciNkQ9AE,15038077113,150.38077113,1
8ea138190e48fe98fe1c3ab6ae4341a4,2026-10-04,2026-10-04 21:00:03.000 UTC,453370970,3pDAKgNHwVP8wtm1PsSu6hR9JnGmAyw1UYP7fvHpxWRvQfgWgmpMnJALCVtxghgKdT29Rn2m1L1QrGegd92XL6XB,transfer,J3cdRYTeQAnZUhYRcVpk9abqEuRWTrtxb5fUbgh2aADn,5vfCdYZ8Q4yrgGgXA9ZC25U5zqFMFbiPHugYtGQ8R2fY,7r4TcfVhcYuuh3of8S8igoV7AeyNfwcnRhAaA8FfvSgP,9WqzEca4oHdcyPnyfxoyUpwjVFeZGQqGXbZxQtwjTXh7,15038077113,150.38077113,1
3e8e2eaef285abcb3e23030a8ff2964b,2026-10-04,2026-10-04 21:00:03.000 UTC,453370970,NTzbhDAAiXELAL4iX14ZjSudCcunJD6FbrkTU8YoJi3ZTfX4yPAKSK8rsELFAMPbQMwoZE2sTscqYYktgS637Ct,transfer,4XBqViD1XYF1qHrErrsXBzDrCapvP9fEFX4LPjXZi9YU,GpMZbSM2GgvTKHJirzeGfMFoaZ8UR2X7F4v8vHTvxFbL,JQwrNHishhcbkPuoxn29A79PAA77SuBmYKrGvPCAk5f,GJrjTyjw8vEL4FUVVnKmfvYKZamyjNgwxxprciNkQ9AE,179668835757,1796.68835757,1
f6f31e92dd3d17d1ebf9e1d77f3e8d4c,2026-10-04,2026-10-04 21:00:03.000 UTC,453370970,NTzbhDAAiXELAL4iX14ZjSudCcunJD6FbrkTU8YoJi3ZTfX4yPAKSK8rsELFAMPbQMwoZE2sTscqYYktgS637Ct,transfer,J3cdRYTeQAnZUhYRcVpk9abqEuRWTrtxb5fUbgh2aADn,4XBqViD1XYF1qHrErrsXBzDrCapvP9fEFX4LPjXZi9YU,7r4TcfVhcYuuh3of8S8igoV7AeyNfwcnRhAaA8FfvSgP,JQwrNHishhcbkPuoxn29A79PAA77SuBmYKrGvPCAk5f,179668835757,1796.68835757,1
b473a5855353779899cc02c1ccaa0b2e,2026-10-04,2026-10-04 21:00:38.000 UTC,453371103,PguFHhbGCHU6HvJojq8yMFbTBTWEHr3gbbj7eeVxVAiwwq3yJNjwp5oQrjLgwCyLJ8MypxqsX8wAcYNjmW4zhYc,transfer,DcQNaByvstRZCERvb9UJHgHiQe8YX2FMdPptM86psQyz,GpMZbSM2GgvTKHJirzeGfMFoaZ8UR2X7F4v8vHTvxFbL,99WZFcnXjvVHwfCGpcvtwcoWd8NGVxxHThKWuK8LAZn7,GJrjTyjw8vEL4FUVVnKmfvYKZamyjNgwxxprciNkQ9AE,49524509178,495.24509178,1
7ca1bf85a3554ade1bf6f7c13c17f3b7,2026-10-04,2026-10-04 21:00:38.000 UTC,453371103,PguFHhbGCHU6HvJojq8yMFbTBTWEHr3gbbj7eeVxVAiwwq3yJNjwp5oQrjLgwCyLJ8MypxqsX8wAcYNjmW4zhYc,transfer,J3cdRYTeQAnZUhYRcVpk9abqEuRWTrtxb5fUbgh2aADn,DcQNaByvstRZCERvb9UJHgHiQe8YX2FMdPptM86psQyz,7r4TcfVhcYuuh3of8S8igoV7AeyNfwcnRhAaA8FfvSgP,99WZFcnXjvVHwfCGpcvtwcoWd8NGVxxHThKWuK8LAZn7,49524509178,495.24509178,1
b81736525d8e8451ed09627835f6dc74,2026-10-04,2026-10-04 21:00:54.000 UTC,453371157,3izLpXLiVKBX1uxtkoQpSahrtdQAdCznKhfM1chQGp4gRxCRciijfZVnZptYUVYvmeaDsFGHnmFXgkxKafUjz3LD,transfer,GocsRvL8NX1Bwyp7uAbXCstFFTgr5Wywv17DCRNstPGQ,GpMZbSM2GgvTKHJirzeGfMFoaZ8UR2X7F4v8vHTvxFbL,2q8Ghrauqqx1zNQmhTNrJwkGq9ck5aFqjzwUVqVX7ptp,GJrjTyjw8vEL4FUVVnKmfvYKZamyjNgwxxprciNkQ9AE,158435517570,1584.3551757,1
15b2828217bdec6a414caaa26d65e3df,2026-10-04,2026-10-04 21:00:54.000 UTC,453371157,3izLpXLiVKBX1uxtkoQpSahrtdQAdCznKhfM1chQGp4gRxCRciijfZVnZptYUVYvmeaDsFGHnmFXgkxKafUjz3LD,transfer,GpMZbSM2GgvTKHJirzeGfMFoaZ8UR2X7F4v8vHTvxFbL,GocsRvL8NX1Bwyp7uAbXCstFFTgr5Wywv17DCRNstPGQ,35hKKpdPTy495wFTybw5wajHp4ZNSyQA5KZXd7cN9hB7,2q8Ghrauqqx1zNQmhTNrJwkGq9ck5aFqjzwUVqVX7ptp,158435517570,1584.3551757,1
d658308673383a5db1e46f3ec9976c25,2026-10-04,2026-10-04 21:17:25.000 UTC,453374842,3ti4mGDLnjaFxxoSmDNzWUim9K2L6Vt1CRDc88C2GoVUhPTDLPDZes98peZH515wjXPg498M7dYc7HgA9GGCPar7,transfer,GpMZbSM2GgvTKHJirzeGfMFoaZ8UR2X7F4v8vHTvxFbL,HL2kH8yaDDQZxA35uc6TFTBoLpes731WKoPZUM2wUWVA,GJrjTyjw8vEL4FUVVnKmfvYKZamyjNgwxxprciNkQ9AE,9AaesEYP7JuqhK71K6S8oUkse3w3HmjwGM4KgXX8JExh,316892438131,3168.92438131,1
936ae0826b15ca04c8b95e19e2f9a021,2026-10-04,2026-10-04 21:17:25.000 UTC,453374842,3ti4mGDLnjaFxxoSmDNzWUim9K2L6Vt1CRDc88C2GoVUhPTDLPDZes98peZH515wjXPg498M7dYc7HgA9GGCPar7,transfer,HL2kH8yaDDQZxA35uc6TFTBoLpes731WKoPZUM2wUWVA,J3cdRYTeQAnZUhYRcVpk9abqEuRWTrtxb5fUbgh2aADn,9AaesEYP7JuqhK71K6S8oUkse3w3HmjwGM4KgXX8JExh,7r4TcfVhcYuuh3of8S8igoV7AeyNfwcnRhAaA8FfvSgP,316892438131,3168.92438131,1
17c82806d58efb7a60a0d890239259df,2026-10-04,2026-10-04 21:17:46.000 UTC,453374924,5HMNsKmrTyuy7E4ETKvUmS7g3yTmEyr4XRgKB29GTcGzPxcBcF8C3HqD4NNDde7dj6nVB8nNWqWpCD4YwFQ2ZrFE,transfer,GpMZbSM2GgvTKHJirzeGfMFoaZ8UR2X7F4v8vHTvxFbL,ProCXqRcXJjoUd1RNoo28bSizAA6EEqt9wURZYPDc5u,GJrjTyjw8vEL4FUVVnKmfvYKZamyjNgwxxprciNkQ9AE,5ZVM1SciqiANCLKAKLjH6KE1tPWYcPHmmn4YjGL9yuSd,113496477199,1134.96477199,1
d3deb98df56fc639615021e1004d8e39,2026-10-04,2026-10-04 21:17:52.000 UTC,453374945,5nak4dN35NWgTjwGg19WdG7TtysSWMVjAmDSh73k3MWAgqQNNfXpmkBHHtTuvPKBYQVMFXJd7q8BSZmyuUherbxQ,transfer,ProCXqRcXJjoUd1RNoo28bSizAA6EEqt9wURZYPDc5u,GpMZbSM2GgvTKHJirzeGfMFoaZ8UR2X7F4v8vHTvxFbL,5ZVM1SciqiANCLKAKLjH6KE1tPWYcPHmmn4YjGL9yuSd,35hKKpdPTy495wFTybw5wajHp4ZNSyQA5KZXd7cN9hB7,113496477199,1134.96477199,1
5e6ee29d4b7f8f8f90c93a178d12f72b,2026-10-04,2026-10-04 21:22:48.000 UTC,453376051,L4WSHncxYstMCqs9LaQZqXeYvLMwjikVVTHFiHtLBVLK1HrXiwLukSXP8vTy3Se8XzuLD7iR4FGGqANZfab3iD4,transfer,81RwTUf7ZvM5GpeG5q5aGemnxPQLzKAXEF6qPDzNQKDn,J3cdRYTeQAnZUhYRcVpk9abqEuRWTrtxb5fUbgh2aADn,95BGpzYf6m74RDhE6Y7pSVFPiBKuUvQhoDtf41nZUHcb,7r4TcfVhcYuuh3of8S8igoV7AeyNfwcnRhAaA8FfvSgP,147903996412,1479.03996412,1
7a2d5e2ae3a78cd55c9ffcde991f0233,2026-10-04,2026-10-04 21:22:48.000 UTC,453376051,L4WSHncxYstMCqs9LaQZqXeYvLMwjikVVTHFiHtLBVLK1HrXiwLukSXP8vTy3Se8XzuLD7iR4FGGqANZfab3iD4,transfer,GpMZbSM2GgvTKHJirzeGfMFoaZ8UR2X7F4v8vHTvxFbL,81RwTUf7ZvM5GpeG5q5aGemnxPQLzKAXEF6qPDzNQKDn,GJrjTyjw8vEL4FUVVnKmfvYKZamyjNgwxxprciNkQ9AE,95BGpzYf6m74RDhE6Y7pSVFPiBKuUvQhoDtf41nZUHcb,147903996412,1479.03996412,1
797b5c14449de2b619e5403c4a071ad7,2026-10-04,2026-10-04 21:22:55.000 UTC,453376074,4oAkdBwacnWkQYU1eaYevjgnGJ4jmEybBu2bBCoQGNmasjGpKBzx3kCkbjgsbSxgtUtNRrmAuAH9SP6t3XewcTqB,transfer,78Bo7xxGWBEvqbh3VMKvkFG4Z63cXKSJ2LCEXAanhN7a,J3cdRYTeQAnZUhYRcVpk9abqEuRWTrtxb5fUbgh2aADn,H4dF1Hr9YcAqNEUsfGVnxa9qL3dbgJ5fa6PaffqtR7UD,7r4TcfVhcYuuh3of8S8igoV7AeyNfwcnRhAaA8FfvSgP,61341327945,613.41327945,1
78d2ea18e749ae6dd0a72448871ecfcb,2026-10-04,2026-10-04 21:22:55.000 UTC,453376074,4oAkdBwacnWkQYU1eaYevjgnGJ4jmEybBu2bBCoQGNmasjGpKBzx3kCkbjgsbSxgtUtNRrmAuAH9SP6t3XewcTqB,transfer,GpMZbSM2GgvTKHJirzeGfMFoaZ8UR2X7F4v8vHTvxFbL,78Bo7xxGWBEvqbh3VMKvkFG4Z63cXKSJ2LCEXAanhN7a,GJrjTyjw8vEL4FUVVnKmfvYKZamyjNgwxxprciNkQ9AE,H4dF1Hr9YcAqNEUsfGVnxa9qL3dbgJ5fa6PaffqtR7UD,61341327945,613.41327945,1
8466fd79cbb5034b9f201fb48c9bed01,2026-10-04,2026-10-04 21:23:09.000 UTC,453376127,33jYVdejEozeyrUdRvfhbAVeGUccMUR9yGELKkbdZeqoVx4sqZaU2FycJfajbG9F4f5BB6i4zXuVTo4drVVhcPup,transfer,78Bo7xxGWBEvqbh3VMKvkFG4Z63cXKSJ2LCEXAanhN7a,J3cdRYTeQAnZUhYRcVpk9abqEuRWTrtxb5fUbgh2aADn,H4dF1Hr9YcAqNEUsfGVnxa9qL3dbgJ5fa6PaffqtR7UD,7r4TcfVhcYuuh3of8S8igoV7AeyNfwcnRhAaA8FfvSgP,106039253008,1060.39253008,1
d98930fdab56973f4184f796c211180f,2026-10-04,2026-10-04 21:23:09.000 UTC,453376127,33jYVdejEozeyrUdRvfhbAVeGUccMUR9yGELKkbdZeqoVx4sqZaU2FycJfajbG9F4f5BB6i4zXuVTo4drVVhcPup,transfer,GpMZbSM2GgvTKHJirzeGfMFoaZ8UR2X7F4v8vHTvxFbL,78Bo7xxGWBEvqbh3VMKvkFG4Z63cXKSJ2LCEXAanhN7a,GJrjTyjw8vEL4FUVVnKmfvYKZamyjNgwxxprciNkQ9AE,H4dF1Hr9YcAqNEUsfGVnxa9qL3dbgJ5fa6PaffqtR7UD,106039253008,1060.39253008,1
dc1882c9a688c3432fb327ec5c86aa75,2026-10-04,2026-10-04 21:27:42.000 UTC,453377144,5piRdpGnEHnuKXCujqdi2NaoeJtmx4KD8wxnNKwuaR8UVwKU1GhD8zJiGWz4VfaxHG4PUC4A1ZpAt36fxXZykAaB,transfer,GpMZbSM2GgvTKHJirzeGfMFoaZ8UR2X7F4v8vHTvxFbL,78Bo7xxGWBEvqbh3VMKvkFG4Z63cXKSJ2LCEXAanhN7a,GJrjTyjw8vEL4FUVVnKmfvYKZamyjNgwxxprciNkQ9AE,H4dF1Hr9YcAqNEUsfGVnxa9qL3dbgJ5fa6PaffqtR7UD,63615496699,636.15496699,1
9223cc0b979cb042c3a7a0b075aadfb1,2026-10-04,2026-10-04 21:27:42.000 UTC,453377144,5piRdpGnEHnuKXCujqdi2NaoeJtmx4KD8wxnNKwuaR8UVwKU1GhD8zJiGWz4VfaxHG4PUC4A1ZpAt36fxXZykAaB,transfer,78Bo7xxGWBEvqbh3VMKvkFG4Z63cXKSJ2LCEXAanhN7a,J3cdRYTeQAnZUhYRcVpk9abqEuRWTrtxb5fUbgh2aADn,H4dF1Hr9YcAqNEUsfGVnxa9qL3dbgJ5fa6PaffqtR7UD,7r4TcfVhcYuuh3of8S8igoV7AeyNfwcnRhAaA8FfvSgP,63615496699,636.15496699,1
53a6c0d9d5691f303f691f1b242832ca,2026-10-04,2026-10-04 21:28:09.000 UTC,453377245,2HKdFH2GTwWvGXAac7b4pFYFQ3g4CHQqkECAUX7A1f6pfWL89ZaWYKP7tMHbJhXX817RqUgQgPYMwFNGVNGUPptY,transfer,GpMZbSM2GgvTKHJirzeGfMFoaZ8UR2X7F4v8vHTvxFbL,81RwTUf7ZvM5GpeG5q5aGemnxPQLzKAXEF6qPDzNQKDn,GJrjTyjw8vEL4FUVVnKmfvYKZamyjNgwxxprciNkQ9AE,95BGpzYf6m74RDhE6Y7pSVFPiBKuUvQhoDtf41nZUHcb,118700184723,1187.00184723,1
97adab93ce22fd6cd55c39d19f3181ea,2026-10-04,2026-10-04 21:28:09.000 UTC,453377245,2HKdFH2GTwWvGXAac7b4pFYFQ3g4CHQqkECAUX7A1f6pfWL89ZaWYKP7tMHbJhXX817RqUgQgPYMwFNGVNGUPptY,transfer,81RwTUf7ZvM5GpeG5q5aGemnxPQLzKAXEF6qPDzNQKDn,J3cdRYTeQAnZUhYRcVpk9abqEuRWTrtxb5fUbgh2aADn,95BGpzYf6m74RDhE6Y7pSVFPiBKuUvQhoDtf41nZUHcb,7r4TcfVhcYuuh3of8S8igoV7AeyNfwcnRhAaA8FfvSgP,118700184723,1187.00184723,1
abef026661682f50261471e43d5ccc0e,2026-10-04,2026-10-04 21:29:53.000 UTC,453377634,289zKe7BtDDNCuivtxSoJcnwmcFp1Gy8J8ySbANamaHv1bCpHzwYuJrKry8SqSywk3YtGBBoeMoT9suvZNunwJah,transfer,GpMZbSM2GgvTKHJirzeGfMFoaZ8UR2X7F4v8vHTvxFbL,NALUnJA2AJUYa6xJL1HsorEeFgxxDsfUgYBCX8Pp2zD,GJrjTyjw8vEL4FUVVnKmfvYKZamyjNgwxxprciNkQ9AE,4sKCpuN1EjauwQaSqE8RN1EaAd8qjDZKCv5Swv7ad7un,164263090389,1642.63090389,1
b4e2b560e30f9b193f9fdc7c088a8834,2026-10-04,2026-10-04 21:29:53.000 UTC,453377634,289zKe7BtDDNCuivtxSoJcnwmcFp1Gy8J8ySbANamaHv1bCpHzwYuJrKry8SqSywk3YtGBBoeMoT9suvZNunwJah,transfer,NALUnJA2AJUYa6xJL1HsorEeFgxxDsfUgYBCX8Pp2zD,J3cdRYTeQAnZUhYRcVpk9abqEuRWTrtxb5fUbgh2aADn,4sKCpuN1EjauwQaSqE8RN1EaAd8qjDZKCv5Swv7ad7un,7r4TcfVhcYuuh3of8S8igoV7AeyNfwcnRhAaA8FfvSgP,164263090389,1642.63090389,1
95086ba1b3db380b8daa641d48df32ad,2026-10-04,2026-10-04 21:30:48.000 UTC,453377841,2DyYCTQDfNCvx1DcRvGHNbwJnDgoepi4cWcHchjn4ivqiZ85T8Db1hJFh7dT99gtmdQCfP9kV2vw38cAof6HUYuL,transfer,78Bo7xxGWBEvqbh3VMKvkFG4Z63cXKSJ2LCEXAanhN7a,J3cdRYTeQAnZUhYRcVpk9abqEuRWTrtxb5fUbgh2aADn,H4dF1Hr9YcAqNEUsfGVnxa9qL3dbgJ5fa6PaffqtR7UD,7r4TcfVhcYuuh3of8S8igoV7AeyNfwcnRhAaA8FfvSgP,73940228002,739.40228002,1
3cd605129b56335769bed0d5dfce4c2f,2026-10-04,2026-10-04 21:30:48.000 UTC,453377841,2DyYCTQDfNCvx1DcRvGHNbwJnDgoepi4cWcHchjn4ivqiZ85T8Db1hJFh7dT99gtmdQCfP9kV2vw38cAof6HUYuL,transfer,GpMZbSM2GgvTKHJirzeGfMFoaZ8UR2X7F4v8vHTvxFbL,78Bo7xxGWBEvqbh3VMKvkFG4Z63cXKSJ2LCEXAanhN7a,GJrjTyjw8vEL4FUVVnKmfvYKZamyjNgwxxprciNkQ9AE,H4dF1Hr9YcAqNEUsfGVnxa9qL3dbgJ5fa6PaffqtR7UD,73940228002,739.40228002,1
f79bc3443ee40c927ca21b1a27197a23,2026-10-04,2026-10-04 21:33:37.000 UTC,453378470,3piZPGuEUX3rEFktPLm9SxjbfDdvCPYdneRKWHLhFMSHaGDnUDJ48UWtZQXVd5zwvRqwpYJynFw5faPyAyfdc71q,transfer,GpMZbSM2GgvTKHJirzeGfMFoaZ8UR2X7F4v8vHTvxFbL,78Bo7xxGWBEvqbh3VMKvkFG4Z63cXKSJ2LCEXAanhN7a,GJrjTyjw8vEL4FUVVnKmfvYKZamyjNgwxxprciNkQ9AE,H4dF1Hr9YcAqNEUsfGVnxa9qL3dbgJ5fa6PaffqtR7UD,104071907713,1040.71907713,1
1ca70aad522f957fab4415eb415ef7ec,2026-10-04,2026-10-04 21:33:37.000 UTC,453378470,3piZPGuEUX3rEFktPLm9SxjbfDdvCPYdneRKWHLhFMSHaGDnUDJ48UWtZQXVd5zwvRqwpYJynFw5faPyAyfdc71q,transfer,78Bo7xxGWBEvqbh3VMKvkFG4Z63cXKSJ2LCEXAanhN7a,J3cdRYTeQAnZUhYRcVpk9abqEuRWTrtxb5fUbgh2aADn,H4dF1Hr9YcAqNEUsfGVnxa9qL3dbgJ5fa6PaffqtR7UD,7r4TcfVhcYuuh3of8S8igoV7AeyNfwcnRhAaA8FfvSgP,104071907713,1040.71907713,1
9fc86d4d9b1f999f8efcc36adb9829c8,2026-10-04,2026-10-04 21:33:40.000 UTC,453378483,37h1evc1LFX4i4MehtfKA5TmoWphd424b2gNRMh3vdqkUVBctUoswyeVd7UiyZvC4YMUVHFb9CwJgbpuruRBifKR,transfer,81RwTUf7ZvM5GpeG5q5aGemnxPQLzKAXEF6qPDzNQKDn,J3cdRYTeQAnZUhYRcVpk9abqEuRWTrtxb5fUbgh2aADn,95BGpzYf6m74RDhE6Y7pSVFPiBKuUvQhoDtf41nZUHcb,7r4TcfVhcYuuh3of8S8igoV7AeyNfwcnRhAaA8FfvSgP,213112460573,2131.12460573,1
913cbae8d40b79f71484a4dc637589ba,2026-10-04,2026-10-04 21:33:40.000 UTC,453378483,37h1evc1LFX4i4MehtfKA5TmoWphd424b2gNRMh3vdqkUVBctUoswyeVd7UiyZvC4YMUVHFb9CwJgbpuruRBifKR,transfer,GpMZbSM2GgvTKHJirzeGfMFoaZ8UR2X7F4v8vHTvxFbL,81RwTUf7ZvM5GpeG5q5aGemnxPQLzKAXEF6qPDzNQKDn,GJrjTyjw8vEL4FUVVnKmfvYKZamyjNgwxxprciNkQ9AE,95BGpzYf6m74RDhE6Y7pSVFPiBKuUvQhoDtf41nZUHcb,213112460573,2131.12460573,1
e05d7c7a9873ebc1056a15b5c08d5593,2026-10-04,2026-10-04 21:35:38.000 UTC,453378917,3YZRWGVGKDMzq2BrG5ciem2cZh4NqhfZq78o9WbascYeSMvLDxki4LFeU2r6t3MiX5sx6aK3VSYBfuZ9JV98L4az,transfer,78Bo7xxGWBEvqbh3VMKvkFG4Z63cXKSJ2LCEXAanhN7a,J3cdRYTeQAnZUhYRcVpk9abqEuRWTrtxb5fUbgh2aADn,H4dF1Hr9YcAqNEUsfGVnxa9qL3dbgJ5fa6PaffqtR7UD,7r4TcfVhcYuuh3of8S8igoV7AeyNfwcnRhAaA8FfvSgP,82687201350,826.8720135,1
674d6a33f1289da8e6af94130fecd238,2026-10-04,2026-10-04 21:35:38.000 UTC,453378917,3YZRWGVGKDMzq2BrG5ciem2cZh4NqhfZq78o9WbascYeSMvLDxki4LFeU2r6t3MiX5sx6aK3VSYBfuZ9JV98L4az,transfer,GpMZbSM2GgvTKHJirzeGfMFoaZ8UR2X7F4v8vHTvxFbL,78Bo7xxGWBEvqbh3VMKvkFG4Z63cXKSJ2LCEXAanhN7a,GJrjTyjw8vEL4FUVVnKmfvYKZamyjNgwxxprciNkQ9AE,H4dF1Hr9YcAqNEUsfGVnxa9qL3dbgJ5fa6PaffqtR7UD,82687201350,826.8720135,1
2a7851fa01ba7e90037c2fe5f74ff525,2026-10-04,2026-10-04 21:37:16.000 UTC,453379272,4eDGMXHBU6oP1qwutos1dzbCjX2DAAaKVfu1Fwz3Dcksx8HkZJ3rkziEciuZrCis8sGU6LVoV6ddyB9tFCRSbJPE,transfer,6LXutJvKUw8Q5ue2gCgKHQdAN4suWW8awzFVC6XCguFx,J3cdRYTeQAnZUhYRcVpk9abqEuRWTrtxb5fUbgh2aADn,48y6EEFeeyG47s66EeM6FQgdYVBXHthrCssWiTVJGu3N,7r4TcfVhcYuuh3of8S8igoV7AeyNfwcnRhAaA8FfvSgP,2902641713905,29026.41713905,1
cdcf64a0293dd1678e7f6d8e1a7962db,2026-10-04,2026-10-04 21:37:16.000 UTC,453379272,4eDGMXHBU6oP1qwutos1dzbCjX2DAAaKVfu1Fwz3Dcksx8HkZJ3rkziEciuZrCis8sGU6LVoV6ddyB9tFCRSbJPE,transfer,5cLJnpSPrCpx2hqNYjq6iRtEa8ZW5FZXBn6ecRH39m9x,6LXutJvKUw8Q5ue2gCgKHQdAN4suWW8awzFVC6XCguFx,H49reFCTCL8aSDmLC4wjGEDg2TEHd3TJq4ByJvXJA1UT,48y6EEFeeyG47s66EeM6FQgdYVBXHthrCssWiTVJGu3N,2902641713905,29026.41713905,1
b9f365834730f784e10ae4b658f44d36,2026-10-04,2026-10-04 21:42:24.000 UTC,453380429,5eTZVi56YjJ79PhDxkycALeVHNNo4qmXfGEuLNkdHzjS6X1GRVLM7AX4Z7Gi7bxGnavFgcPPgFqkVikhv4ZYUESe,transfer,NALUnJA2AJUYa6xJL1HsorEeFgxxDsfUgYBCX8Pp2zD,GpMZbSM2GgvTKHJirzeGfMFoaZ8UR2X7F4v8vHTvxFbL,4sKCpuN1EjauwQaSqE8RN1EaAd8qjDZKCv5Swv7ad7un,35hKKpdPTy495wFTybw5wajHp4ZNSyQA5KZXd7cN9hB7,107142986760,1071.4298676,1
3adc2514ba0f70140bcd63261f591dd7,2026-10-04,2026-10-04 21:42:24.000 UTC,453380429,5eTZVi56YjJ79PhDxkycALeVHNNo4qmXfGEuLNkdHzjS6X1GRVLM7AX4Z7Gi7bxGnavFgcPPgFqkVikhv4ZYUESe,transfer,GpMZbSM2GgvTKHJirzeGfMFoaZ8UR2X7F4v8vHTvxFbL,NALUnJA2AJUYa6xJL1HsorEeFgxxDsfUgYBCX8Pp2zD,GJrjTyjw8vEL4FUVVnKmfvYKZamyjNgwxxprciNkQ9AE,4sKCpuN1EjauwQaSqE8RN1EaAd8qjDZKCv5Swv7ad7un,107142986760,1071.4298676,1
a02ca6095fc1118169dacd6ff966aaf8,2026-10-04,2026-10-04 21:42:34.000 UTC,453380467,33iDJWYiH1qSdrHEAS7V42qTgjqr9raPAKPR9TNMN1XbT2w6xEqEu4KXCBSoxpZBnJUEjFENi6tGREQ2Nv2aCwrg,transfer,78Bo7xxGWBEvqbh3VMKvkFG4Z63cXKSJ2LCEXAanhN7a,J3cdRYTeQAnZUhYRcVpk9abqEuRWTrtxb5fUbgh2aADn,H4dF1Hr9YcAqNEUsfGVnxa9qL3dbgJ5fa6PaffqtR7UD,7r4TcfVhcYuuh3of8S8igoV7AeyNfwcnRhAaA8FfvSgP,65137340523,651.37340523,1
32a5296bfaf4e5ae91e32a3fa1b676a3,2026-10-04,2026-10-04 21:42:34.000 UTC,453380467,33iDJWYiH1qSdrHEAS7V42qTgjqr9raPAKPR9TNMN1XbT2w6xEqEu4KXCBSoxpZBnJUEjFENi6tGREQ2Nv2aCwrg,transfer,GpMZbSM2GgvTKHJirzeGfMFoaZ8UR2X7F4v8vHTvxFbL,78Bo7xxGWBEvqbh3VMKvkFG4Z63cXKSJ2LCEXAanhN7a,GJrjTyjw8vEL4FUVVnKmfvYKZamyjNgwxxprciNkQ9AE,H4dF1Hr9YcAqNEUsfGVnxa9qL3dbgJ5fa6PaffqtR7UD,65137340523,651.37340523,1
ff4e5d0b538cb92cc9e236e6c3402763,2026-10-04,2026-10-04 21:42:55.000 UTC,453380546,2PZp65pNcwnYnRdkVwEGcQiwgXS43vry1vhyrzBExh89zq9bFdqPcNew9pfzy1Vi9Db8FRXABc7GMexn3Zs5dk4r,transfer,78Bo7xxGWBEvqbh3VMKvkFG4Z63cXKSJ2LCEXAanhN7a,J3cdRYTeQAnZUhYRcVpk9abqEuRWTrtxb5fUbgh2aADn,H4dF1Hr9YcAqNEUsfGVnxa9qL3dbgJ5fa6PaffqtR7UD,7r4TcfVhcYuuh3of8S8igoV7AeyNfwcnRhAaA8FfvSgP,62734863961,627.34863961,1
1e10058d2d1ae2ed57c0008a5c4283cd,2026-10-04,2026-10-04 21:42:55.000 UTC,453380546,2PZp65pNcwnYnRdkVwEGcQiwgXS43vry1vhyrzBExh89zq9bFdqPcNew9pfzy1Vi9Db8FRXABc7GMexn3Zs5dk4r,transfer,GpMZbSM2GgvTKHJirzeGfMFoaZ8UR2X7F4v8vHTvxFbL,78Bo7xxGWBEvqbh3VMKvkFG4Z63cXKSJ2LCEXAanhN7a,GJrjTyjw8vEL4FUVVnKmfvYKZamyjNgwxxprciNkQ9AE,H4dF1Hr9YcAqNEUsfGVnxa9qL3dbgJ5fa6PaffqtR7UD,62734863961,627.34863961,1
039800eb14e82298762264a2f7d79e26,2026-10-04,2026-10-04 21:43:51.000 UTC,453380748,5G6cn8TaJhZnoecCvZgUoKvqGtmapqUrKw9AXcDN96XkAyBQFSWkVXzk8REXj4o7XB8z28KXFUQDSsgvmkpu7yuL,transfer,81RwTUf7ZvM5GpeG5q5aGemnxPQLzKAXEF6qPDzNQKDn,J3cdRYTeQAnZUhYRcVpk9abqEuRWTrtxb5fUbgh2aADn,95BGpzYf6m74RDhE6Y7pSVFPiBKuUvQhoDtf41nZUHcb,7r4TcfVhcYuuh3of8S8igoV7AeyNfwcnRhAaA8FfvSgP,119007481680,1190.0748168,1
a4c92380ec46ab4f404a5a1329f69360,2026-10-04,2026-10-04 21:43:51.000 UTC,453380748,5G6cn8TaJhZnoecCvZgUoKvqGtmapqUrKw9AXcDN96XkAyBQFSWkVXzk8REXj4o7XB8z28KXFUQDSsgvmkpu7yuL,transfer,GpMZbSM2GgvTKHJirzeGfMFoaZ8UR2X7F4v8vHTvxFbL,81RwTUf7ZvM5GpeG5q5aGemnxPQLzKAXEF6qPDzNQKDn,GJrjTyjw8vEL4FUVVnKmfvYKZamyjNgwxxprciNkQ9AE,95BGpzYf6m74RDhE6Y7pSVFPiBKuUvQhoDtf41nZUHcb,119007481680,1190.0748168,1
7e654faf3969e366ccd92d28700914a7,2026-10-04,2026-10-04 21:45:54.000 UTC,453381209,2YAbfon38F2qqG1hvXf4hfJUquui7hbQKHh248HEiz87PaUKbvE4ufvubAK6B1j6Meiw3NGY2yf2aBm5dPeQqBvJ,transfer,81RwTUf7ZvM5GpeG5q5aGemnxPQLzKAXEF6qPDzNQKDn,J3cdRYTeQAnZUhYRcVpk9abqEuRWTrtxb5fUbgh2aADn,95BGpzYf6m74RDhE6Y7pSVFPiBKuUvQhoDtf41nZUHcb,7r4TcfVhcYuuh3of8S8igoV7AeyNfwcnRhAaA8FfvSgP,123047133913,1230.47133913,1
e5294bc66f21ddf082d32acd993bb280,2026-10-04,2026-10-04 21:45:54.000 UTC,453381209,2YAbfon38F2qqG1hvXf4hfJUquui7hbQKHh248HEiz87PaUKbvE4ufvubAK6B1j6Meiw3NGY2yf2aBm5dPeQqBvJ,transfer,GpMZbSM2GgvTKHJirzeGfMFoaZ8UR2X7F4v8vHTvxFbL,81RwTUf7ZvM5GpeG5q5aGemnxPQLzKAXEF6qPDzNQKDn,GJrjTyjw8vEL4FUVVnKmfvYKZamyjNgwxxprciNkQ9AE,95BGpzYf6m74RDhE6Y7pSVFPiBKuUvQhoDtf41nZUHcb,123047133913,1230.47133913,1
59a37dfb9c975729753841337b42d840,2026-10-04,2026-10-04 21:59:20.000 UTC,453384219,4kVuYtRN88H4JbwNfuDpLrGfUbiqx2JsEfP3GUjrEWZzeXCxSxFM9pHSBdU88nAf2pvV4hMueg4Gp6FX2RqPKDfE,transfer,2Q8tAc9nrQca3tE9KqhnVc9DiBsDPQyqY24rnbRVYv8E,D5YqVMoSxnqeZAKAUUE1Dm3bmjtdxQ5DCF356ozqN9cM,9UK3o1FSN5avmpNmuxkdJWT16YPRjNZ7WvYW3fCcjaw4,2KJkRj5rk5ft92WTTT5NYQThgX6SHStiqsyffyhjDWb4,782434370,7.8243437,1
5083975c70e9d707de9d8edcfc185ffe,2026-10-04,2026-10-04 21:59:20.000 UTC,453384219,4kVuYtRN88H4JbwNfuDpLrGfUbiqx2JsEfP3GUjrEWZzeXCxSxFM9pHSBdU88nAf2pvV4hMueg4Gp6FX2RqPKDfE,transfer,D5YqVMoSxnqeZAKAUUE1Dm3bmjtdxQ5DCF356ozqN9cM,J3cdRYTeQAnZUhYRcVpk9abqEuRWTrtxb5fUbgh2aADn,2KJkRj5rk5ft92WTTT5NYQThgX6SHStiqsyffyhjDWb4,7r4TcfVhcYuuh3of8S8igoV7AeyNfwcnRhAaA8FfvSgP,782434370,7.8243437,1
fa2dfe8242a4512fca23b4e086adcfc4,2026-10-04,2026-10-04 22:31:18.000 UTC,453391348,2mBu9LxHNCCQJbWDqcd51yK984wZEqfpz7arGNBDq3jCYgVXsDU1UXSNAqgRWEkNm7uE9eJc9dieXWsfFnUQsBwA,transfer,2Q8tAc9nrQca3tE9KqhnVc9DiBsDPQyqY24rnbRVYv8E,7VhhRwUA1pHr2MRiaj1MkPz7SvJbUkfPv5Qa6nPHtjfN,9UK3o1FSN5avmpNmuxkdJWT16YPRjNZ7WvYW3fCcjaw4,28YGrutKisppCq1JoqcutXjchs8gp8t2y1d38TLxqgWL,168435544,1.68435544,1
198ef6b0cc37c102ab2ef481fb65ef6a,2026-10-04,2026-10-04 22:44:55.000 UTC,453394390,2g3hEYHrhiftuW5kRoz2CsQ8kihmpfVuyFJm8J6hjBu7jgFZQFRra81dQvwsrcrm8V2VknmdT9NHjpYz9JJF4CB8,transfer,AS5YTnPk6nzmTibfJiH6dFvULXschnkXBKFTv8RrkyHa,GivZAAPVGa2hMMB8qDvjH7Z62xd7CJjBRB7wHJSpiXT4,ChoRAmEY89wx4H8NSFefziD195h33gAKg3AbUng8rrRE,2g8feiSMpHWJyJTnyvRNw1xGJEWeSvCNPs5zTTRfSC1M,100000000000000,1000000,1
ff1d50151fa52e0a8312b3b99973ac43,2026-10-04,2026-10-04 22:54:19.000 UTC,453396492,6247UAEK8fhXmCVN34EwkgkuDZxmMiD5kNvSpv5mD6mraPhxC6fAuJ5tt9Ljcsa46Sufn43GACzJe6CEYwVqMrsv,transfer,GxDC9e7SP9mzhDo4re5HbpLa2RW7gB9DtmThx4i4pXSq,J3cdRYTeQAnZUhYRcVpk9abqEuRWTrtxb5fUbgh2aADn,2QiaipXgmxVQdhS2kFeZJaNS2bQiBfhNGxKzqLJ6YrSs,7r4TcfVhcYuuh3of8S8igoV7AeyNfwcnRhAaA8FfvSgP,1109068379069,11090.68379069,1
17f12e9f27e9e3bc56d2c08cab271320,2026-10-04,2026-10-04 22:54:19.000 UTC,453396492,6247UAEK8fhXmCVN34EwkgkuDZxmMiD5kNvSpv5mD6mraPhxC6fAuJ5tt9Ljcsa46Sufn43GACzJe6CEYwVqMrsv,transfer,GpMZbSM2GgvTKHJirzeGfMFoaZ8UR2X7F4v8vHTvxFbL,GxDC9e7SP9mzhDo4re5HbpLa2RW7gB9DtmThx4i4pXSq,GJrjTyjw8vEL4FUVVnKmfvYKZamyjNgwxxprciNkQ9AE,2QiaipXgmxVQdhS2kFeZJaNS2bQiBfhNGxKzqLJ6YrSs,1109068379069,11090.68379069,1
f10cea59ba22296b6c0377f0baed084f,2026-10-04,2026-10-04 22:55:37.000 UTC,453396778,4Uv9Yi3Hpdcydk2VhxmjZGxU3RvRDm2jZDsXKXBnW1BGB3KnChcE1SS45PADUghGaDYjAPwDQv7krLcYUqCgT9cU,transfer,gtagyESa99t49VmUqnnfsuowYnigSNKuYXdXWyXWNdd,J3cdRYTeQAnZUhYRcVpk9abqEuRWTrtxb5fUbgh2aADn,BgxSqsxb3K9Ygu9fQhJZFnLPoENLnz6NTTYtf763vtT5,7r4TcfVhcYuuh3of8S8igoV7AeyNfwcnRhAaA8FfvSgP,1250802229367,12508.02229367,1
19e05a5174e9e8c08c34896cb8ad1982,2026-10-04,2026-10-04 22:55:37.000 UTC,453396778,4Uv9Yi3Hpdcydk2VhxmjZGxU3RvRDm2jZDsXKXBnW1BGB3KnChcE1SS45PADUghGaDYjAPwDQv7krLcYUqCgT9cU,transfer,GpMZbSM2GgvTKHJirzeGfMFoaZ8UR2X7F4v8vHTvxFbL,gtagyESa99t49VmUqnnfsuowYnigSNKuYXdXWyXWNdd,GJrjTyjw8vEL4FUVVnKmfvYKZamyjNgwxxprciNkQ9AE,BgxSqsxb3K9Ygu9fQhJZFnLPoENLnz6NTTYtf763vtT5,1250802229367,12508.02229367,1
40a15183f0f09c02ed1222e5d4714b20,2026-10-04,2026-10-04 22:55:37.000 UTC,453396779,4aSp4wS9MbBy3WvrNfyiEKjGQ1JzftdKXsQSeyZWxZRxW4KLXCzPNS628bwwFQkzwNumcrX3oAG4MdUQn9Hgchuz,transfer,GpMZbSM2GgvTKHJirzeGfMFoaZ8UR2X7F4v8vHTvxFbL,7PTnZawFu5sdJhPdSRem9JwfZPc3fSac8ZKwbfgq5RUm,GJrjTyjw8vEL4FUVVnKmfvYKZamyjNgwxxprciNkQ9AE,GwZRK94CGHfoRo33eLTfseqVMJEjnGBNrrEua8wT8UTe,346154532092,3461.54532092,1
139a119476187ef58f6373ad324fd5fc,2026-10-04,2026-10-04 22:55:37.000 UTC,453396779,4aSp4wS9MbBy3WvrNfyiEKjGQ1JzftdKXsQSeyZWxZRxW4KLXCzPNS628bwwFQkzwNumcrX3oAG4MdUQn9Hgchuz,transfer,7PTnZawFu5sdJhPdSRem9JwfZPc3fSac8ZKwbfgq5RUm,GpMZbSM2GgvTKHJirzeGfMFoaZ8UR2X7F4v8vHTvxFbL,GwZRK94CGHfoRo33eLTfseqVMJEjnGBNrrEua8wT8UTe,35hKKpdPTy495wFTybw5wajHp4ZNSyQA5KZXd7cN9hB7,346154532092,3461.54532092,1
e0351bf83ef3848e29c9958cd6ab0b78,2026-10-04,2026-10-04 22:55:38.000 UTC,453396782,2qUyTi6w6hxBFGjLDgfUZPAJRfe4cB8adg1h5mSgKKQTQi9nu91Qr84AMjJ9p5zeiekByAUavYw48bVH687bxd6d,transfer,GpMZbSM2GgvTKHJirzeGfMFoaZ8UR2X7F4v8vHTvxFbL,6AGp6zbGNuyZpmzeswv9KCNU15Rf37UQDqDqFAeHmS8d,35hKKpdPTy495wFTybw5wajHp4ZNSyQA5KZXd7cN9hB7,8Xb4D7VQDEj872ZsUwjStnk1icrhj2u9rQytS9fF9AZL,327091668887,3270.91668887,1
95883eb767d53b2645e5bcf87d88f6f4,2026-10-04,2026-10-04 22:55:38.000 UTC,453396782,2qUyTi6w6hxBFGjLDgfUZPAJRfe4cB8adg1h5mSgKKQTQi9nu91Qr84AMjJ9p5zeiekByAUavYw48bVH687bxd6d,transfer,6AGp6zbGNuyZpmzeswv9KCNU15Rf37UQDqDqFAeHmS8d,GpMZbSM2GgvTKHJirzeGfMFoaZ8UR2X7F4v8vHTvxFbL,8Xb4D7VQDEj872ZsUwjStnk1icrhj2u9rQytS9fF9AZL,GJrjTyjw8vEL4FUVVnKmfvYKZamyjNgwxxprciNkQ9AE,327091668887,3270.91668887,1
5c9642545745e40dedab5638438fad25,2026-10-04,2026-10-04 22:55:39.000 UTC,453396787,2eFFeSBswgk67RB7b2ZFGFisd1TSCue1d2WsSqxzB2UXqw1jac97A7XYsbyMxNPNqUSoMW5fDNyM8vRqYrMfc6dJ,transfer,J3cdRYTeQAnZUhYRcVpk9abqEuRWTrtxb5fUbgh2aADn,kass1i6gAww4sXUAZ6tMJY91Xdbb2p23FbZamf4tfWz,7r4TcfVhcYuuh3of8S8igoV7AeyNfwcnRhAaA8FfvSgP,FYKoKmATmrMSVdEWX4NMySPQ2UCGGU74ep1kkCyV9nJE,50057802032,500.57802032,1
1ec26e1cb4d06022b0cb5c5fb43e7d03,2026-10-04,2026-10-04 22:55:39.000 UTC,453396787,2eFFeSBswgk67RB7b2ZFGFisd1TSCue1d2WsSqxzB2UXqw1jac97A7XYsbyMxNPNqUSoMW5fDNyM8vRqYrMfc6dJ,transfer,kass1i6gAww4sXUAZ6tMJY91Xdbb2p23FbZamf4tfWz,GpMZbSM2GgvTKHJirzeGfMFoaZ8UR2X7F4v8vHTvxFbL,FYKoKmATmrMSVdEWX4NMySPQ2UCGGU74ep1kkCyV9nJE,GJrjTyjw8vEL4FUVVnKmfvYKZamyjNgwxxprciNkQ9AE,50057802032,500.57802032,1
d9665fbe6d6e4ac37f84e6ad168fbcda,2026-10-04,2026-10-04 22:55:42.000 UTC,453396800,3Qii3wpNxZ8je3WaRpGoTUziphTXEDPJXiwKKpG8hyuR31NNCuwobFa4UCrqaxRXTewMMYfxYf4bYtoaz5gtGy8j,transfer,78Bo7xxGWBEvqbh3VMKvkFG4Z63cXKSJ2LCEXAanhN7a,GpMZbSM2GgvTKHJirzeGfMFoaZ8UR2X7F4v8vHTvxFbL,H4dF1Hr9YcAqNEUsfGVnxa9qL3dbgJ5fa6PaffqtR7UD,GJrjTyjw8vEL4FUVVnKmfvYKZamyjNgwxxprciNkQ9AE,93127124603,931.27124603,1
74cc7649d07149005b56a1b854323b82,2026-10-04,2026-10-04 22:55:42.000 UTC,453396800,3Qii3wpNxZ8je3WaRpGoTUziphTXEDPJXiwKKpG8hyuR31NNCuwobFa4UCrqaxRXTewMMYfxYf4bYtoaz5gtGy8j,transfer,J3cdRYTeQAnZUhYRcVpk9abqEuRWTrtxb5fUbgh2aADn,78Bo7xxGWBEvqbh3VMKvkFG4Z63cXKSJ2LCEXAanhN7a,7r4TcfVhcYuuh3of8S8igoV7AeyNfwcnRhAaA8FfvSgP,H4dF1Hr9YcAqNEUsfGVnxa9qL3dbgJ5fa6PaffqtR7UD,93127124603,931.27124603,1
ae5dfbefd7d41f88f0cabc132948cdda,2026-10-04,2026-10-04 22:56:58.000 UTC,453397081,35qBbGX69WF7knPTGWLixbYcg9UUJB5qQtsfqnCU8tdkPpZE7nevfJv4MEbMkJjV59EeyzWAAjM62my2ZY9E2B55,transfer,J3cdRYTeQAnZUhYRcVpk9abqEuRWTrtxb5fUbgh2aADn,78Bo7xxGWBEvqbh3VMKvkFG4Z63cXKSJ2LCEXAanhN7a,7r4TcfVhcYuuh3of8S8igoV7AeyNfwcnRhAaA8FfvSgP,H4dF1Hr9YcAqNEUsfGVnxa9qL3dbgJ5fa6PaffqtR7UD,63337642239,633.37642239,1
3e9c1aa4444a0c39f1937ea6425cc1e1,2026-10-04,2026-10-04 22:56:58.000 UTC,453397081,35qBbGX69WF7knPTGWLixbYcg9UUJB5qQtsfqnCU8tdkPpZE7nevfJv4MEbMkJjV59EeyzWAAjM62my2ZY9E2B55,transfer,78Bo7xxGWBEvqbh3VMKvkFG4Z63cXKSJ2LCEXAanhN7a,GpMZbSM2GgvTKHJirzeGfMFoaZ8UR2X7F4v8vHTvxFbL,H4dF1Hr9YcAqNEUsfGVnxa9qL3dbgJ5fa6PaffqtR7UD,GJrjTyjw8vEL4FUVVnKmfvYKZamyjNgwxxprciNkQ9AE,63337642239,633.37642239,1
2c0b8efc873bd7114fb92ba6bb4f094b,2026-10-04,2026-10-04 23:01:30.000 UTC,453398089,3soaUjmWAtGm91WJtVMfi17LdG7Yc9ZGvEuQtxFBCP2BC7s8mCobdY89FeLVQS6TX2SA8hKjUEeNQWVbP9wKvzJ5,transfer,J3cdRYTeQAnZUhYRcVpk9abqEuRWTrtxb5fUbgh2aADn,DmQSnFzRoENh3weu6EtBBhHTpQBQSsvjpMX8iYKRygQ4,7r4TcfVhcYuuh3of8S8igoV7AeyNfwcnRhAaA8FfvSgP,G7KwUWNqggAepJrHZr51U1YNGCtuheFicbpnqj23Q8W3,146318486051,1463.18486051,1
b8bfdf53d55186a204ca90ee3a5e9e9c,2026-10-04,2026-10-04 23:01:30.000 UTC,453398089,3soaUjmWAtGm91WJtVMfi17LdG7Yc9ZGvEuQtxFBCP2BC7s8mCobdY89FeLVQS6TX2SA8hKjUEeNQWVbP9wKvzJ5,transfer,DmQSnFzRoENh3weu6EtBBhHTpQBQSsvjpMX8iYKRygQ4,GpMZbSM2GgvTKHJirzeGfMFoaZ8UR2X7F4v8vHTvxFbL,G7KwUWNqggAepJrHZr51U1YNGCtuheFicbpnqj23Q8W3,GJrjTyjw8vEL4FUVVnKmfvYKZamyjNgwxxprciNkQ9AE,146318486051,1463.18486051,1
f8c125e99e8f41a9284a16cd9017a169,2026-10-04,2026-10-04 23:03:44.000 UTC,453398586,4KcQzXggEV68j6njFXCNbn5iz1wjfWX6NXFFURLpn2mWJLtAr4VNDdaNv2Eqrox8o5nEfXAyw6bdpPJwPUWth1b1,transfer,78Bo7xxGWBEvqbh3VMKvkFG4Z63cXKSJ2LCEXAanhN7a,GpMZbSM2GgvTKHJirzeGfMFoaZ8UR2X7F4v8vHTvxFbL,H4dF1Hr9YcAqNEUsfGVnxa9qL3dbgJ5fa6PaffqtR7UD,GJrjTyjw8vEL4FUVVnKmfvYKZamyjNgwxxprciNkQ9AE,106749511563,1067.49511563,1
19ec610652d393a2b5dc31e63c93448f,2026-10-04,2026-10-04 23:03:44.000 UTC,453398586,4KcQzXggEV68j6njFXCNbn5iz1wjfWX6NXFFURLpn2mWJLtAr4VNDdaNv2Eqrox8o5nEfXAyw6bdpPJwPUWth1b1,transfer,J3cdRYTeQAnZUhYRcVpk9abqEuRWTrtxb5fUbgh2aADn,78Bo7xxGWBEvqbh3VMKvkFG4Z63cXKSJ2LCEXAanhN7a,7r4TcfVhcYuuh3of8S8igoV7AeyNfwcnRhAaA8FfvSgP,H4dF1Hr9YcAqNEUsfGVnxa9qL3dbgJ5fa6PaffqtR7UD,106749511563,1067.49511563,1
c8dde693f9b61a9a16f89d9f2cab6242,2026-10-04,2026-10-04 23:11:30.000 UTC,453400316,4o3nuYaxNDiUhrZy9yv6zeZ4YRMhymof2EGaHPcsjZixknFUj73FdFfLhjrFXhFx9rmwnCcrCJNEzHcaWtQ3QjyR,transfer,J3cdRYTeQAnZUhYRcVpk9abqEuRWTrtxb5fUbgh2aADn,78Bo7xxGWBEvqbh3VMKvkFG4Z63cXKSJ2LCEXAanhN7a,7r4TcfVhcYuuh3of8S8igoV7AeyNfwcnRhAaA8FfvSgP,H4dF1Hr9YcAqNEUsfGVnxa9qL3dbgJ5fa6PaffqtR7UD,95916216013,959.16216013,1
fc083134da2413819878d07d9a9c99a9,2026-10-04,2026-10-04 23:11:30.000 UTC,453400316,4o3nuYaxNDiUhrZy9yv6zeZ4YRMhymof2EGaHPcsjZixknFUj73FdFfLhjrFXhFx9rmwnCcrCJNEzHcaWtQ3QjyR,transfer,78Bo7xxGWBEvqbh3VMKvkFG4Z63cXKSJ2LCEXAanhN7a,GpMZbSM2GgvTKHJirzeGfMFoaZ8UR2X7F4v8vHTvxFbL,H4dF1Hr9YcAqNEUsfGVnxa9qL3dbgJ5fa6PaffqtR7UD,GJrjTyjw8vEL4FUVVnKmfvYKZamyjNgwxxprciNkQ9AE,95916216013,959.16216013,1
c8a2386fb273ecb6c04dc663c403ea89,2026-10-04,2026-10-04 23:12:47.000 UTC,453400605,3xSB4TN3E3ZH7uGgevnkSnmtR8WMgzhRhTJkYN2Pxo89CazcthzbaQ37n5sUgxE5D8WNdUwqey6G2oKjBk7rMcZh,transfer,J3cdRYTeQAnZUhYRcVpk9abqEuRWTrtxb5fUbgh2aADn,78Bo7xxGWBEvqbh3VMKvkFG4Z63cXKSJ2LCEXAanhN7a,7r4TcfVhcYuuh3of8S8igoV7AeyNfwcnRhAaA8FfvSgP,H4dF1Hr9YcAqNEUsfGVnxa9qL3dbgJ5fa6PaffqtR7UD,97605007501,976.05007501,1
a0bb4bf1ada2cc3d510347a57ecabf46,2026-10-04,2026-10-04 23:12:47.000 UTC,453400605,3xSB4TN3E3ZH7uGgevnkSnmtR8WMgzhRhTJkYN2Pxo89CazcthzbaQ37n5sUgxE5D8WNdUwqey6G2oKjBk7rMcZh,transfer,78Bo7xxGWBEvqbh3VMKvkFG4Z63cXKSJ2LCEXAanhN7a,GpMZbSM2GgvTKHJirzeGfMFoaZ8UR2X7F4v8vHTvxFbL,H4dF1Hr9YcAqNEUsfGVnxa9qL3dbgJ5fa6PaffqtR7UD,GJrjTyjw8vEL4FUVVnKmfvYKZamyjNgwxxprciNkQ9AE,97605007501,976.05007501,1
c120d79ffc91400f0e1be387081414c8,2026-10-04,2026-10-04 23:15:21.000 UTC,453401185,4u2XdVaoJPLA2z3nEH5PNj5uBTL4GSUeomSD3KQWcZGggSUNjBL5yucvMC387MSd8gsGc47PDWLf5bU8DUF59JS1,transfer,J3cdRYTeQAnZUhYRcVpk9abqEuRWTrtxb5fUbgh2aADn,NALUnJA2AJUYa6xJL1HsorEeFgxxDsfUgYBCX8Pp2zD,7r4TcfVhcYuuh3of8S8igoV7AeyNfwcnRhAaA8FfvSgP,4sKCpuN1EjauwQaSqE8RN1EaAd8qjDZKCv5Swv7ad7un,251095367622,2510.95367622,1
c51de4baa04498eaead38b8e72f344e7,2026-10-04,2026-10-04 23:15:21.000 UTC,453401185,4u2XdVaoJPLA2z3nEH5PNj5uBTL4GSUeomSD3KQWcZGggSUNjBL5yucvMC387MSd8gsGc47PDWLf5bU8DUF59JS1,transfer,NALUnJA2AJUYa6xJL1HsorEeFgxxDsfUgYBCX8Pp2zD,GpMZbSM2GgvTKHJirzeGfMFoaZ8UR2X7F4v8vHTvxFbL,4sKCpuN1EjauwQaSqE8RN1EaAd8qjDZKCv5Swv7ad7un,GJrjTyjw8vEL4FUVVnKmfvYKZamyjNgwxxprciNkQ9AE,251095367622,2510.95367622,1
bb9007036e83aee740a4e9ae67692e58,2026-10-04,2026-10-04 23:15:22.000 UTC,453401189,5Ax2SsyPuT2xXeYvLBf1S45ePZvDDU9g76YwUcmUDZBdhZJwG2xJEeuagyxyFHwDhdZexLYVFR2rhyojXfC4iuSQ,transfer,78Bo7xxGWBEvqbh3VMKvkFG4Z63cXKSJ2LCEXAanhN7a,GpMZbSM2GgvTKHJirzeGfMFoaZ8UR2X7F4v8vHTvxFbL,H4dF1Hr9YcAqNEUsfGVnxa9qL3dbgJ5fa6PaffqtR7UD,GJrjTyjw8vEL4FUVVnKmfvYKZamyjNgwxxprciNkQ9AE,97595710981,975.95710981,1
eb304a734ef23de45b7c3ae0df7b5af2,2026-10-04,2026-10-04 23:15:22.000 UTC,453401189,5Ax2SsyPuT2xXeYvLBf1S45ePZvDDU9g76YwUcmUDZBdhZJwG2xJEeuagyxyFHwDhdZexLYVFR2rhyojXfC4iuSQ,transfer,J3cdRYTeQAnZUhYRcVpk9abqEuRWTrtxb5fUbgh2aADn,78Bo7xxGWBEvqbh3VMKvkFG4Z63cXKSJ2LCEXAanhN7a,7r4TcfVhcYuuh3of8S8igoV7AeyNfwcnRhAaA8FfvSgP,H4dF1Hr9YcAqNEUsfGVnxa9qL3dbgJ5fa6PaffqtR7UD,97595710981,975.95710981,1
2910a5c028342c88e886178e52eecc6f,2026-10-04,2026-10-04 23:15:42.000 UTC,453401264,4Vpq6vy2iKuhRQ1pioRZqpJ5QUFJndZoK8xWjrxCC2g9sFnjruaeyKSjGBbFhCerRCDQtqH13T1vonFb7fgWpMmy,transfer,J3cdRYTeQAnZUhYRcVpk9abqEuRWTrtxb5fUbgh2aADn,shakRDxyKwaBbduqZTZt8Q4etTALbDLnAANStv9TLH3,7r4TcfVhcYuuh3of8S8igoV7AeyNfwcnRhAaA8FfvSgP,6hstNFmQnsazPrFatvzVrgjsD8uc2rWH2J2VNxhkdXw2,260675372944,2606.75372944,1
adcdfa560fdf226a47dbe48ec0247c9a,2026-10-04,2026-10-04 23:15:42.000 UTC,453401264,4Vpq6vy2iKuhRQ1pioRZqpJ5QUFJndZoK8xWjrxCC2g9sFnjruaeyKSjGBbFhCerRCDQtqH13T1vonFb7fgWpMmy,transfer,shakRDxyKwaBbduqZTZt8Q4etTALbDLnAANStv9TLH3,GpMZbSM2GgvTKHJirzeGfMFoaZ8UR2X7F4v8vHTvxFbL,6hstNFmQnsazPrFatvzVrgjsD8uc2rWH2J2VNxhkdXw2,GJrjTyjw8vEL4FUVVnKmfvYKZamyjNgwxxprciNkQ9AE,260675372944,2606.75372944,1
170c5f54ea73be680a19df479fbf23d3,2026-10-04,2026-10-04 23:15:44.000 UTC,453401272,2dvEYEk74YD3zQoipq2gut4uKwDrmV5totBH33MmHYuiN6XcUPzgtJ6XAsibQoWaFvkvBf1vGpKTZ7C4ZXruw76x,transfer,J3cdRYTeQAnZUhYRcVpk9abqEuRWTrtxb5fUbgh2aADn,78Bo7xxGWBEvqbh3VMKvkFG4Z63cXKSJ2LCEXAanhN7a,7r4TcfVhcYuuh3of8S8igoV7AeyNfwcnRhAaA8FfvSgP,H4dF1Hr9YcAqNEUsfGVnxa9qL3dbgJ5fa6PaffqtR7UD,83834395627,838.34395627,1
cb2e23d91b7e5c3d88a409276a99431d,2026-10-04,2026-10-04 23:15:44.000 UTC,453401272,2dvEYEk74YD3zQoipq2gut4uKwDrmV5totBH33MmHYuiN6XcUPzgtJ6XAsibQoWaFvkvBf1vGpKTZ7C4ZXruw76x,transfer,78Bo7xxGWBEvqbh3VMKvkFG4Z63cXKSJ2LCEXAanhN7a,GpMZbSM2GgvTKHJirzeGfMFoaZ8UR2X7F4v8vHTvxFbL,H4dF1Hr9YcAqNEUsfGVnxa9qL3dbgJ5fa6PaffqtR7UD,GJrjTyjw8vEL4FUVVnKmfvYKZamyjNgwxxprciNkQ9AE,83834395627,838.34395627,1
8eeefeeccbac9f0be7349ba36cdff092,2026-10-04,2026-10-04 23:21:43.000 UTC,453402619,4VbTdfcrPuwTJ4dFmK3PKxmnzY6JmEykcdkpyuHaPPrLVWmTUPxWrKVkk9X4KC7wedkHbHk5671eqmEe6HUCS4ac,transfer,J3cdRYTeQAnZUhYRcVpk9abqEuRWTrtxb5fUbgh2aADn,78Bo7xxGWBEvqbh3VMKvkFG4Z63cXKSJ2LCEXAanhN7a,7r4TcfVhcYuuh3of8S8igoV7AeyNfwcnRhAaA8FfvSgP,H4dF1Hr9YcAqNEUsfGVnxa9qL3dbgJ5fa6PaffqtR7UD,140345756306,1403.45756306,1
58260db8e9606c1364518e1dc5ae9040,2026-10-04,2026-10-04 23:21:43.000 UTC,453402619,4VbTdfcrPuwTJ4dFmK3PKxmnzY6JmEykcdkpyuHaPPrLVWmTUPxWrKVkk9X4KC7wedkHbHk5671eqmEe6HUCS4ac,transfer,78Bo7xxGWBEvqbh3VMKvkFG4Z63cXKSJ2LCEXAanhN7a,GpMZbSM2GgvTKHJirzeGfMFoaZ8UR2X7F4v8vHTvxFbL,H4dF1Hr9YcAqNEUsfGVnxa9qL3dbgJ5fa6PaffqtR7UD,GJrjTyjw8vEL4FUVVnKmfvYKZamyjNgwxxprciNkQ9AE,140345756306,1403.45756306,1
abc1509fab76e08dabba83a5020838ba,2026-10-04,2026-10-04 23:22:12.000 UTC,453402731,4Tp5zCPCePnyNABzjXng13PX56UjR8USkmLKniCEwrozN9VaQMWxFtK615AdJdraDmDyFuSsvzNgSCB2wJzyrsE4,transfer,78Bo7xxGWBEvqbh3VMKvkFG4Z63cXKSJ2LCEXAanhN7a,GpMZbSM2GgvTKHJirzeGfMFoaZ8UR2X7F4v8vHTvxFbL,H4dF1Hr9YcAqNEUsfGVnxa9qL3dbgJ5fa6PaffqtR7UD,GJrjTyjw8vEL4FUVVnKmfvYKZamyjNgwxxprciNkQ9AE,65696876021,656.96876021,1
64bf1ca342596fde91b3ad80e7232028,2026-10-04,2026-10-04 23:22:12.000 UTC,453402731,4Tp5zCPCePnyNABzjXng13PX56UjR8USkmLKniCEwrozN9VaQMWxFtK615AdJdraDmDyFuSsvzNgSCB2wJzyrsE4,transfer,J3cdRYTeQAnZUhYRcVpk9abqEuRWTrtxb5fUbgh2aADn,78Bo7xxGWBEvqbh3VMKvkFG4Z63cXKSJ2LCEXAanhN7a,7r4TcfVhcYuuh3of8S8igoV7AeyNfwcnRhAaA8FfvSgP,H4dF1Hr9YcAqNEUsfGVnxa9qL3dbgJ5fa6PaffqtR7UD,65696876021,656.96876021,1
1926bb021306439c54ccc5d5cf880126,2026-10-04,2026-10-04 23:22:20.000 UTC,453402760,LHkq58wpVU64BQL6FKa7ehNe5tgRkWcESdeubzPT7wcFTakXWoQnKXLU4DjMyVNsi7a1R4jmfyriNdn4AAyT9JZ,transfer,J3cdRYTeQAnZUhYRcVpk9abqEuRWTrtxb5fUbgh2aADn,78Bo7xxGWBEvqbh3VMKvkFG4Z63cXKSJ2LCEXAanhN7a,7r4TcfVhcYuuh3of8S8igoV7AeyNfwcnRhAaA8FfvSgP,H4dF1Hr9YcAqNEUsfGVnxa9qL3dbgJ5fa6PaffqtR7UD,66757217454,667.57217454,1
ce9eb969f55a9f415195351351e3025d,2026-10-04,2026-10-04 23:22:20.000 UTC,453402760,LHkq58wpVU64BQL6FKa7ehNe5tgRkWcESdeubzPT7wcFTakXWoQnKXLU4DjMyVNsi7a1R4jmfyriNdn4AAyT9JZ,transfer,78Bo7xxGWBEvqbh3VMKvkFG4Z63cXKSJ2LCEXAanhN7a,GpMZbSM2GgvTKHJirzeGfMFoaZ8UR2X7F4v8vHTvxFbL,H4dF1Hr9YcAqNEUsfGVnxa9qL3dbgJ5fa6PaffqtR7UD,GJrjTyjw8vEL4FUVVnKmfvYKZamyjNgwxxprciNkQ9AE,66757217454,667.57217454,1
1c129c45ee21945f3fbe6ed8f1f0ad75,2026-10-04,2026-10-04 23:22:37.000 UTC,453402819,ZimZtBPfffGBQfzeU6SxHTu2TTRK4D5h8iEm4jnL8vg236dhD2sQakkkbVJra3kciQe2PdrcTMSafp7RmJTuHZi,transfer,J3cdRYTeQAnZUhYRcVpk9abqEuRWTrtxb5fUbgh2aADn,78Bo7xxGWBEvqbh3VMKvkFG4Z63cXKSJ2LCEXAanhN7a,7r4TcfVhcYuuh3of8S8igoV7AeyNfwcnRhAaA8FfvSgP,H4dF1Hr9YcAqNEUsfGVnxa9qL3dbgJ5fa6PaffqtR7UD,77109631925,771.09631925,1
5b18a44e346837e812ae8b17132a25a1,2026-10-04,2026-10-04 23:22:37.000 UTC,453402819,ZimZtBPfffGBQfzeU6SxHTu2TTRK4D5h8iEm4jnL8vg236dhD2sQakkkbVJra3kciQe2PdrcTMSafp7RmJTuHZi,transfer,78Bo7xxGWBEvqbh3VMKvkFG4Z63cXKSJ2LCEXAanhN7a,GpMZbSM2GgvTKHJirzeGfMFoaZ8UR2X7F4v8vHTvxFbL,H4dF1Hr9YcAqNEUsfGVnxa9qL3dbgJ5fa6PaffqtR7UD,GJrjTyjw8vEL4FUVVnKmfvYKZamyjNgwxxprciNkQ9AE,77109631925,771.09631925,1
ed4b0f1cf5e52072a2764f07b97a8213,2026-10-04,2026-10-04 23:22:45.000 UTC,453402849,4nA4H97BSey8AcX6BqrWLhHeRWESYdtEw9mcYkZtrmajiRPqbdq7De43tfU8aMCMSpdCXVDjwLEnQ5bESqjbSoDQ,transfer,78Bo7xxGWBEvqbh3VMKvkFG4Z63cXKSJ2LCEXAanhN7a,GpMZbSM2GgvTKHJirzeGfMFoaZ8UR2X7F4v8vHTvxFbL,H4dF1Hr9YcAqNEUsfGVnxa9qL3dbgJ5fa6PaffqtR7UD,GJrjTyjw8vEL4FUVVnKmfvYKZamyjNgwxxprciNkQ9AE,65676121822,656.76121822,1
8b0a1199995dcbe41d0c8260aaa8a3a5,2026-10-04,2026-10-04 23:22:45.000 UTC,453402849,4nA4H97BSey8AcX6BqrWLhHeRWESYdtEw9mcYkZtrmajiRPqbdq7De43tfU8aMCMSpdCXVDjwLEnQ5bESqjbSoDQ,transfer,J3cdRYTeQAnZUhYRcVpk9abqEuRWTrtxb5fUbgh2aADn,78Bo7xxGWBEvqbh3VMKvkFG4Z63cXKSJ2LCEXAanhN7a,7r4TcfVhcYuuh3of8S8igoV7AeyNfwcnRhAaA8FfvSgP,H4dF1Hr9YcAqNEUsfGVnxa9qL3dbgJ5fa6PaffqtR7UD,65676121822,656.76121822,1
89bb550904120c286e7a355103b35ceb,2026-10-04,2026-10-04 23:22:48.000 UTC,453402858,3BDBqnoPvA59Wa2bF9xnJ3ZWksZitZsdE88jiMSdYWXDe7X2BwAPE2whu6ErgA4fTTzug5jYjaJqb7SnT9JYNAgL,transfer,78Bo7xxGWBEvqbh3VMKvkFG4Z63cXKSJ2LCEXAanhN7a,GpMZbSM2GgvTKHJirzeGfMFoaZ8UR2X7F4v8vHTvxFbL,H4dF1Hr9YcAqNEUsfGVnxa9qL3dbgJ5fa6PaffqtR7UD,GJrjTyjw8vEL4FUVVnKmfvYKZamyjNgwxxprciNkQ9AE,167508750124,1675.08750124,1
c9f0952f50a98eb510a1d014eb5d0f8d,2026-10-04,2026-10-04 23:22:48.000 UTC,453402858,3BDBqnoPvA59Wa2bF9xnJ3ZWksZitZsdE88jiMSdYWXDe7X2BwAPE2whu6ErgA4fTTzug5jYjaJqb7SnT9JYNAgL,transfer,J3cdRYTeQAnZUhYRcVpk9abqEuRWTrtxb5fUbgh2aADn,78Bo7xxGWBEvqbh3VMKvkFG4Z63cXKSJ2LCEXAanhN7a,7r4TcfVhcYuuh3of8S8igoV7AeyNfwcnRhAaA8FfvSgP,H4dF1Hr9YcAqNEUsfGVnxa9qL3dbgJ5fa6PaffqtR7UD,167508750124,1675.08750124,1
51d06949c0d4700c86d5302b44bd14b4,2026-10-04,2026-10-04 23:22:49.000 UTC,453402863,4s3EGEydi6thykCT9PHygTy4fgWjTXfs4TSyK5uQ6V6EWosmbiwcois5Jt6cngZqmmAis2EvwhKGr2MKZFp4Q4Nz,transfer,J3cdRYTeQAnZUhYRcVpk9abqEuRWTrtxb5fUbgh2aADn,78Bo7xxGWBEvqbh3VMKvkFG4Z63cXKSJ2LCEXAanhN7a,7r4TcfVhcYuuh3of8S8igoV7AeyNfwcnRhAaA8FfvSgP,H4dF1Hr9YcAqNEUsfGVnxa9qL3dbgJ5fa6PaffqtR7UD,96014515009,960.14515009,1
0fa979c72b4708fce1918a62ee0a208f,2026-10-04,2026-10-04 23:22:49.000 UTC,453402863,4s3EGEydi6thykCT9PHygTy4fgWjTXfs4TSyK5uQ6V6EWosmbiwcois5Jt6cngZqmmAis2EvwhKGr2MKZFp4Q4Nz,transfer,78Bo7xxGWBEvqbh3VMKvkFG4Z63cXKSJ2LCEXAanhN7a,GpMZbSM2GgvTKHJirzeGfMFoaZ8UR2X7F4v8vHTvxFbL,H4dF1Hr9YcAqNEUsfGVnxa9qL3dbgJ5fa6PaffqtR7UD,GJrjTyjw8vEL4FUVVnKmfvYKZamyjNgwxxprciNkQ9AE,96014515009,960.14515009,1
e4de51e51a1877e983aa094003aa3930,2026-10-04,2026-10-04 23:23:12.000 UTC,453402948,5WXnDbJGtYJw5JbyQpF5DSyyhoZfhAhPgqaEUjo7Lp44FX4nzbCCUeuzqjsFEqYsJo4HTu1ACzLHefSm4tE4Cd4A,transfer,78Bo7xxGWBEvqbh3VMKvkFG4Z63cXKSJ2LCEXAanhN7a,GpMZbSM2GgvTKHJirzeGfMFoaZ8UR2X7F4v8vHTvxFbL,H4dF1Hr9YcAqNEUsfGVnxa9qL3dbgJ5fa6PaffqtR7UD,GJrjTyjw8vEL4FUVVnKmfvYKZamyjNgwxxprciNkQ9AE,89097451346,890.97451346,1
785f034b2eab3ec6f723a4425e827bad,2026-10-04,2026-10-04 23:23:12.000 UTC,453402948,5WXnDbJGtYJw5JbyQpF5DSyyhoZfhAhPgqaEUjo7Lp44FX4nzbCCUeuzqjsFEqYsJo4HTu1ACzLHefSm4tE4Cd4A,transfer,J3cdRYTeQAnZUhYRcVpk9abqEuRWTrtxb5fUbgh2aADn,78Bo7xxGWBEvqbh3VMKvkFG4Z63cXKSJ2LCEXAanhN7a,7r4TcfVhcYuuh3of8S8igoV7AeyNfwcnRhAaA8FfvSgP,H4dF1Hr9YcAqNEUsfGVnxa9qL3dbgJ5fa6PaffqtR7UD,89097451346,890.97451346,1
f4e78dd704df607f9ff8fc2f436f25b2,2026-10-04,2026-10-04 23:25:12.000 UTC,453403400,5Tof9GrKmo4ory3X7EU9bbMT1WMUMdHhPvfdRBtLGCcLnqHjWMmJF2mKQcUZGCp5TDBTmgvg5buUq31YjMo4bB73,transfer,J3cdRYTeQAnZUhYRcVpk9abqEuRWTrtxb5fUbgh2aADn,NALUnJA2AJUYa6xJL1HsorEeFgxxDsfUgYBCX8Pp2zD,7r4TcfVhcYuuh3of8S8igoV7AeyNfwcnRhAaA8FfvSgP,4sKCpuN1EjauwQaSqE8RN1EaAd8qjDZKCv5Swv7ad7un,119907839727,1199.07839727,1
30f58e5753d0f9361eb5413a99119c82,2026-10-04,2026-10-04 23:25:12.000 UTC,453403400,5Tof9GrKmo4ory3X7EU9bbMT1WMUMdHhPvfdRBtLGCcLnqHjWMmJF2mKQcUZGCp5TDBTmgvg5buUq31YjMo4bB73,transfer,NALUnJA2AJUYa6xJL1HsorEeFgxxDsfUgYBCX8Pp2zD,GpMZbSM2GgvTKHJirzeGfMFoaZ8UR2X7F4v8vHTvxFbL,4sKCpuN1EjauwQaSqE8RN1EaAd8qjDZKCv5Swv7ad7un,GJrjTyjw8vEL4FUVVnKmfvYKZamyjNgwxxprciNkQ9AE,119907839727,1199.07839727,1
949a1a57ac545bb45e90064d6551cb73,2026-10-04,2026-10-04 23:33:30.000 UTC,453405261,5WahibudbMiZQkUy4kJsiHv1P8RgUUScEXxJiZau1YcZgzDi2du3Unm7vBWzeVLsjVv8AS2mhy381pu2sWdZozYL,transfer,78Bo7xxGWBEvqbh3VMKvkFG4Z63cXKSJ2LCEXAanhN7a,GpMZbSM2GgvTKHJirzeGfMFoaZ8UR2X7F4v8vHTvxFbL,H4dF1Hr9YcAqNEUsfGVnxa9qL3dbgJ5fa6PaffqtR7UD,GJrjTyjw8vEL4FUVVnKmfvYKZamyjNgwxxprciNkQ9AE,62969859731,629.69859731,1
9a9e659debe3b8b67ab18fb52bd29db3,2026-10-04,2026-10-04 23:33:30.000 UTC,453405261,5WahibudbMiZQkUy4kJsiHv1P8RgUUScEXxJiZau1YcZgzDi2du3Unm7vBWzeVLsjVv8AS2mhy381pu2sWdZozYL,transfer,J3cdRYTeQAnZUhYRcVpk9abqEuRWTrtxb5fUbgh2aADn,78Bo7xxGWBEvqbh3VMKvkFG4Z63cXKSJ2LCEXAanhN7a,7r4TcfVhcYuuh3of8S8igoV7AeyNfwcnRhAaA8FfvSgP,H4dF1Hr9YcAqNEUsfGVnxa9qL3dbgJ5fa6PaffqtR7UD,62969859731,629.69859731,1
d2b782e7b4ba7e95dda04df2f0e5786d,2026-10-04,2026-10-04 23:33:57.000 UTC,453405361,5JuNkYE7j36wuM1xZxcnFYELgowiAmUKMvfvYTgvbhZyHMyZrTJT4hKWizKhnqzeS5djMMrvecgVzUB534coWRov,transfer,J3cdRYTeQAnZUhYRcVpk9abqEuRWTrtxb5fUbgh2aADn,78Bo7xxGWBEvqbh3VMKvkFG4Z63cXKSJ2LCEXAanhN7a,7r4TcfVhcYuuh3of8S8igoV7AeyNfwcnRhAaA8FfvSgP,H4dF1Hr9YcAqNEUsfGVnxa9qL3dbgJ5fa6PaffqtR7UD,63409496913,634.09496913,1
1e938be5e4551693a15c64bad2b43613,2026-10-04,2026-10-04 23:33:57.000 UTC,453405361,5JuNkYE7j36wuM1xZxcnFYELgowiAmUKMvfvYTgvbhZyHMyZrTJT4hKWizKhnqzeS5djMMrvecgVzUB534coWRov,transfer,78Bo7xxGWBEvqbh3VMKvkFG4Z63cXKSJ2LCEXAanhN7a,GpMZbSM2GgvTKHJirzeGfMFoaZ8UR2X7F4v8vHTvxFbL,H4dF1Hr9YcAqNEUsfGVnxa9qL3dbgJ5fa6PaffqtR7UD,GJrjTyjw8vEL4FUVVnKmfvYKZamyjNgwxxprciNkQ9AE,63409496913,634.09496913,1
e609658192c37f6aae28d97b2f3afa82,2026-10-04,2026-10-04 23:33:57.000 UTC,453405362,4ofsKCbMUmc9MdTmJsE7mUJn96EZ8nTEH9RRb6sA1GLqdfNdJwc1Xn8Jt2jBxjFGuPycev7fkWb5kGdJUHT1jS6C,transfer,J3cdRYTeQAnZUhYRcVpk9abqEuRWTrtxb5fUbgh2aADn,78Bo7xxGWBEvqbh3VMKvkFG4Z63cXKSJ2LCEXAanhN7a,7r4TcfVhcYuuh3of8S8igoV7AeyNfwcnRhAaA8FfvSgP,H4dF1Hr9YcAqNEUsfGVnxa9qL3dbgJ5fa6PaffqtR7UD,76100030659,761.00030659,1
180d02ab848ed11c9c1c228307896173,2026-10-04,2026-10-04 23:33:57.000 UTC,453405362,4ofsKCbMUmc9MdTmJsE7mUJn96EZ8nTEH9RRb6sA1GLqdfNdJwc1Xn8Jt2jBxjFGuPycev7fkWb5kGdJUHT1jS6C,transfer,78Bo7xxGWBEvqbh3VMKvkFG4Z63cXKSJ2LCEXAanhN7a,GpMZbSM2GgvTKHJirzeGfMFoaZ8UR2X7F4v8vHTvxFbL,H4dF1Hr9YcAqNEUsfGVnxa9qL3dbgJ5fa6PaffqtR7UD,GJrjTyjw8vEL4FUVVnKmfvYKZamyjNgwxxprciNkQ9AE,76100030659,761.00030659,1
a55f34de449304f4c08489509361cb12,2026-10-04,2026-10-04 23:34:18.000 UTC,453405435,5hr2bZ3F7jSQ8dBrAhXuUToRa4PsgXMks7LJXhufmrb3iqBmE9PmNeEwx4pf8pVHtGG986nQB8zt6Sw7e9PSgMUm,transfer,J3cdRYTeQAnZUhYRcVpk9abqEuRWTrtxb5fUbgh2aADn,78Bo7xxGWBEvqbh3VMKvkFG4Z63cXKSJ2LCEXAanhN7a,7r4TcfVhcYuuh3of8S8igoV7AeyNfwcnRhAaA8FfvSgP,H4dF1Hr9YcAqNEUsfGVnxa9qL3dbgJ5fa6PaffqtR7UD,125963261440,1259.6326144,1
39ef44f0f1e52d21aa285cbd3d1eb839,2026-10-04,2026-10-04 23:34:18.000 UTC,453405435,5hr2bZ3F7jSQ8dBrAhXuUToRa4PsgXMks7LJXhufmrb3iqBmE9PmNeEwx4pf8pVHtGG986nQB8zt6Sw7e9PSgMUm,transfer,78Bo7xxGWBEvqbh3VMKvkFG4Z63cXKSJ2LCEXAanhN7a,GpMZbSM2GgvTKHJirzeGfMFoaZ8UR2X7F4v8vHTvxFbL,H4dF1Hr9YcAqNEUsfGVnxa9qL3dbgJ5fa6PaffqtR7UD,GJrjTyjw8vEL4FUVVnKmfvYKZamyjNgwxxprciNkQ9AE,125963261440,1259.6326144,1
447d9d18db5318adc47b286f64bcba9e,2026-10-05,2026-10-05 01:32:04.000 UTC,453431780,2ZhS4EekUpStz28ka6YNNBYw3tT9xppvuxy22Kg3hQrX2zBZhsd2TCBJJQqbti7UJEpEW1C4cAeAUdime6jMdvjt,transfer,5cLJnpSPrCpx2hqNYjq6iRtEa8ZW5FZXBn6ecRH39m9x,J3cdRYTeQAnZUhYRcVpk9abqEuRWTrtxb5fUbgh2aADn,H49reFCTCL8aSDmLC4wjGEDg2TEHd3TJq4ByJvXJA1UT,7r4TcfVhcYuuh3of8S8igoV7AeyNfwcnRhAaA8FfvSgP,4307173906708,43071.73906708,1
438ff14fae8376a2c6d8bbd016d6d464,2026-10-05,2026-10-05 01:33:21.000 UTC,453432066,3b9EPxKmhadERdGoDD7GntpfSC45BEdbsgSxaZdKPc6TqM935AxAkg2ZQ3cJd2UjvJ4zuoxWvBjaRq9KdU6QUiHQ,transfer,78Bo7xxGWBEvqbh3VMKvkFG4Z63cXKSJ2LCEXAanhN7a,GpMZbSM2GgvTKHJirzeGfMFoaZ8UR2X7F4v8vHTvxFbL,H4dF1Hr9YcAqNEUsfGVnxa9qL3dbgJ5fa6PaffqtR7UD,GJrjTyjw8vEL4FUVVnKmfvYKZamyjNgwxxprciNkQ9AE,97276749068,972.76749068,1
a2622668c23ac988bcc99192e0793013,2026-10-05,2026-10-05 01:33:21.000 UTC,453432066,3b9EPxKmhadERdGoDD7GntpfSC45BEdbsgSxaZdKPc6TqM935AxAkg2ZQ3cJd2UjvJ4zuoxWvBjaRq9KdU6QUiHQ,transfer,J3cdRYTeQAnZUhYRcVpk9abqEuRWTrtxb5fUbgh2aADn,78Bo7xxGWBEvqbh3VMKvkFG4Z63cXKSJ2LCEXAanhN7a,7r4TcfVhcYuuh3of8S8igoV7AeyNfwcnRhAaA8FfvSgP,H4dF1Hr9YcAqNEUsfGVnxa9qL3dbgJ5fa6PaffqtR7UD,97276749068,972.76749068,1
003390618b77b404c180310355e3db17,2026-10-05,2026-10-05 01:33:54.000 UTC,453432192,5EnBUJnAD1yQDfZstPPsaF2omJcLsHFYCJmHbYkknxGwa1vWV766HMT58pGGgy67DwdwYCMMSKQCLkqSJW9VDoPt,transfer,78Bo7xxGWBEvqbh3VMKvkFG4Z63cXKSJ2LCEXAanhN7a,GpMZbSM2GgvTKHJirzeGfMFoaZ8UR2X7F4v8vHTvxFbL,H4dF1Hr9YcAqNEUsfGVnxa9qL3dbgJ5fa6PaffqtR7UD,GJrjTyjw8vEL4FUVVnKmfvYKZamyjNgwxxprciNkQ9AE,63198013443,631.98013443,1
3f9373ddb3f3ebe174382695a553a7fd,2026-10-05,2026-10-05 01:33:54.000 UTC,453432192,5EnBUJnAD1yQDfZstPPsaF2omJcLsHFYCJmHbYkknxGwa1vWV766HMT58pGGgy67DwdwYCMMSKQCLkqSJW9VDoPt,transfer,J3cdRYTeQAnZUhYRcVpk9abqEuRWTrtxb5fUbgh2aADn,78Bo7xxGWBEvqbh3VMKvkFG4Z63cXKSJ2LCEXAanhN7a,7r4TcfVhcYuuh3of8S8igoV7AeyNfwcnRhAaA8FfvSgP,H4dF1Hr9YcAqNEUsfGVnxa9qL3dbgJ5fa6PaffqtR7UD,63198013443,631.98013443,1
8ecf5b1f0cf47323fc0d1ee723871e04,2026-10-05,2026-10-05 01:34:00.000 UTC,453432215,65WRmb9iL5iWDsc14Y4xd65gFfc1f9sYs3dgKYJJwtDX6r2FE9QnZnQ7vgZqhVvgmkVca5dCsz87Pz4KkgNGzYwu,transfer,78Bo7xxGWBEvqbh3VMKvkFG4Z63cXKSJ2LCEXAanhN7a,GpMZbSM2GgvTKHJirzeGfMFoaZ8UR2X7F4v8vHTvxFbL,H4dF1Hr9YcAqNEUsfGVnxa9qL3dbgJ5fa6PaffqtR7UD,GJrjTyjw8vEL4FUVVnKmfvYKZamyjNgwxxprciNkQ9AE,73257791256,732.57791256,1
cc1d6d3ae41bf21c2925297ada56a4ce,2026-10-05,2026-10-05 01:34:00.000 UTC,453432215,65WRmb9iL5iWDsc14Y4xd65gFfc1f9sYs3dgKYJJwtDX6r2FE9QnZnQ7vgZqhVvgmkVca5dCsz87Pz4KkgNGzYwu,transfer,J3cdRYTeQAnZUhYRcVpk9abqEuRWTrtxb5fUbgh2aADn,78Bo7xxGWBEvqbh3VMKvkFG4Z63cXKSJ2LCEXAanhN7a,7r4TcfVhcYuuh3of8S8igoV7AeyNfwcnRhAaA8FfvSgP,H4dF1Hr9YcAqNEUsfGVnxa9qL3dbgJ5fa6PaffqtR7UD,73257791256,732.57791256,1
9bc36adfe53a4633a2d715a089025405,2026-10-05,2026-10-05 01:34:01.000 UTC,453432219,5tZZvxTxfqkrLcCw2fdk2QwtuQgFktxZ1wmaGQVYk6bfF3vdP9inmwc6ssahVwN4d3gjrn8LLyZ9LvEzzguKdxyP,transfer,J3cdRYTeQAnZUhYRcVpk9abqEuRWTrtxb5fUbgh2aADn,78Bo7xxGWBEvqbh3VMKvkFG4Z63cXKSJ2LCEXAanhN7a,7r4TcfVhcYuuh3of8S8igoV7AeyNfwcnRhAaA8FfvSgP,H4dF1Hr9YcAqNEUsfGVnxa9qL3dbgJ5fa6PaffqtR7UD,68616186886,686.16186886,1
9856317bded70cd7074486a33b859a5f,2026-10-05,2026-10-05 01:34:01.000 UTC,453432219,5tZZvxTxfqkrLcCw2fdk2QwtuQgFktxZ1wmaGQVYk6bfF3vdP9inmwc6ssahVwN4d3gjrn8LLyZ9LvEzzguKdxyP,transfer,78Bo7xxGWBEvqbh3VMKvkFG4Z63cXKSJ2LCEXAanhN7a,GpMZbSM2GgvTKHJirzeGfMFoaZ8UR2X7F4v8vHTvxFbL,H4dF1Hr9YcAqNEUsfGVnxa9qL3dbgJ5fa6PaffqtR7UD,GJrjTyjw8vEL4FUVVnKmfvYKZamyjNgwxxprciNkQ9AE,68616186886,686.16186886,1
1743c754055789740633ae2cb89ddc8d,2026-10-05,2026-10-05 01:49:10.000 UTC,453435634,62QJdssxQoubmnwoaVWoTWgU2PfVPmLY2K7MJoSTu2fDs6DAPmuuGGM3ujqYqximB5uHUg6KzxZHSE7andosLeBx,transfer,81RwTUf7ZvM5GpeG5q5aGemnxPQLzKAXEF6qPDzNQKDn,GpMZbSM2GgvTKHJirzeGfMFoaZ8UR2X7F4v8vHTvxFbL,95BGpzYf6m74RDhE6Y7pSVFPiBKuUvQhoDtf41nZUHcb,GJrjTyjw8vEL4FUVVnKmfvYKZamyjNgwxxprciNkQ9AE,185425293746,1854.25293746,1
8c8b26cb63809e29302dc0572272370a,2026-10-05,2026-10-05 01:49:10.000 UTC,453435634,62QJdssxQoubmnwoaVWoTWgU2PfVPmLY2K7MJoSTu2fDs6DAPmuuGGM3ujqYqximB5uHUg6KzxZHSE7andosLeBx,transfer,J3cdRYTeQAnZUhYRcVpk9abqEuRWTrtxb5fUbgh2aADn,81RwTUf7ZvM5GpeG5q5aGemnxPQLzKAXEF6qPDzNQKDn,7r4TcfVhcYuuh3of8S8igoV7AeyNfwcnRhAaA8FfvSgP,95BGpzYf6m74RDhE6Y7pSVFPiBKuUvQhoDtf41nZUHcb,185425293746,1854.25293746,1
c4d9e7b7ff927a6f0aabde3d140f2197,2026-10-05,2026-10-05 01:49:29.000 UTC,453435705,61XwENJXsd4qdYgRvM8jg47QgdXqNxWFc2oszoZrWV4fL2F5dxAT75G3QvAEJ7KGJXbwtK6Bj69i6iZxWxASCvsN,transfer,J3cdRYTeQAnZUhYRcVpk9abqEuRWTrtxb5fUbgh2aADn,78Bo7xxGWBEvqbh3VMKvkFG4Z63cXKSJ2LCEXAanhN7a,7r4TcfVhcYuuh3of8S8igoV7AeyNfwcnRhAaA8FfvSgP,H4dF1Hr9YcAqNEUsfGVnxa9qL3dbgJ5fa6PaffqtR7UD,89420064638,894.20064638,1
e6e5aa4fce8e144a31d15bc8ac2b67aa,2026-10-05,2026-10-05 01:49:29.000 UTC,453435705,61XwENJXsd4qdYgRvM8jg47QgdXqNxWFc2oszoZrWV4fL2F5dxAT75G3QvAEJ7KGJXbwtK6Bj69i6iZxWxASCvsN,transfer,78Bo7xxGWBEvqbh3VMKvkFG4Z63cXKSJ2LCEXAanhN7a,GpMZbSM2GgvTKHJirzeGfMFoaZ8UR2X7F4v8vHTvxFbL,H4dF1Hr9YcAqNEUsfGVnxa9qL3dbgJ5fa6PaffqtR7UD,GJrjTyjw8vEL4FUVVnKmfvYKZamyjNgwxxprciNkQ9AE,89420064638,894.20064638,1
bf3444cc5a13140d7e4033140ab64159,2026-10-05,2026-10-05 01:54:59.000 UTC,453436937,5WcptHUaZsnLnd5wx9oWK2KfJbX1cBcYf4KrnRct7PiYuhMMbJ82c2C5jyYzcQXYa8KyiUdhfusk5yXQxmZkiCqA,transfer,J3cdRYTeQAnZUhYRcVpk9abqEuRWTrtxb5fUbgh2aADn,78Bo7xxGWBEvqbh3VMKvkFG4Z63cXKSJ2LCEXAanhN7a,7r4TcfVhcYuuh3of8S8igoV7AeyNfwcnRhAaA8FfvSgP,H4dF1Hr9YcAqNEUsfGVnxa9qL3dbgJ5fa6PaffqtR7UD,98676091661,986.76091661,1
c1a4c7d3edbdc12e1d29cb1f8e2a8d30,2026-10-05,2026-10-05 01:54:59.000 UTC,453436937,5WcptHUaZsnLnd5wx9oWK2KfJbX1cBcYf4KrnRct7PiYuhMMbJ82c2C5jyYzcQXYa8KyiUdhfusk5yXQxmZkiCqA,transfer,78Bo7xxGWBEvqbh3VMKvkFG4Z63cXKSJ2LCEXAanhN7a,GpMZbSM2GgvTKHJirzeGfMFoaZ8UR2X7F4v8vHTvxFbL,H4dF1Hr9YcAqNEUsfGVnxa9qL3dbgJ5fa6PaffqtR7UD,GJrjTyjw8vEL4FUVVnKmfvYKZamyjNgwxxprciNkQ9AE,98676091661,986.76091661,1
ac9ad9e284515a67a72480e9871f3976,2026-10-05,2026-10-05 01:54:59.000 UTC,453436938,3E9WZr4pTDoqqwA1rz6G1MfyiywC2wqGFrdJgou8vQ43yYmPqVxnxUTEm4958UhyWfE6qnMEiTAEcV8Q6sFfQG6Q,transfer,sy88tvipKfaCTuVVeU2PczPa88hqgPfKnYQyCHboHP8,GpMZbSM2GgvTKHJirzeGfMFoaZ8UR2X7F4v8vHTvxFbL,y2x3VJ1xz8R4j68eiwGoZLmXKhLf2UX6FbwYuowza4C,GJrjTyjw8vEL4FUVVnKmfvYKZamyjNgwxxprciNkQ9AE,44409730715,444.09730715,1
ff221c000718e892a2b3e199914a0cfa,2026-10-05,2026-10-05 01:54:59.000 UTC,453436938,3E9WZr4pTDoqqwA1rz6G1MfyiywC2wqGFrdJgou8vQ43yYmPqVxnxUTEm4958UhyWfE6qnMEiTAEcV8Q6sFfQG6Q,transfer,J3cdRYTeQAnZUhYRcVpk9abqEuRWTrtxb5fUbgh2aADn,sy88tvipKfaCTuVVeU2PczPa88hqgPfKnYQyCHboHP8,7r4TcfVhcYuuh3of8S8igoV7AeyNfwcnRhAaA8FfvSgP,y2x3VJ1xz8R4j68eiwGoZLmXKhLf2UX6FbwYuowza4C,44409730715,444.09730715,1
76e68e200ad42446d6eb4f7f888decd0,2026-10-05,2026-10-05 01:55:32.000 UTC,453437063,4XmaabTAjjFR8irpACQvyP7o8JVM9CgKqx5riYjgXp9af6u3mfk9a2GGYeVtCpBsdQUucNok6dvtmpDxYJUQzvjM,transfer,J3cdRYTeQAnZUhYRcVpk9abqEuRWTrtxb5fUbgh2aADn,D5YqVMoSxnqeZAKAUUE1Dm3bmjtdxQ5DCF356ozqN9cM,7r4TcfVhcYuuh3of8S8igoV7AeyNfwcnRhAaA8FfvSgP,2KJkRj5rk5ft92WTTT5NYQThgX6SHStiqsyffyhjDWb4,33980554801,339.80554801,1
a45a1ae525997904636d9df7819b8818,2026-10-05,2026-10-05 01:55:32.000 UTC,453437063,4XmaabTAjjFR8irpACQvyP7o8JVM9CgKqx5riYjgXp9af6u3mfk9a2GGYeVtCpBsdQUucNok6dvtmpDxYJUQzvjM,transfer,D5YqVMoSxnqeZAKAUUE1Dm3bmjtdxQ5DCF356ozqN9cM,GpMZbSM2GgvTKHJirzeGfMFoaZ8UR2X7F4v8vHTvxFbL,2KJkRj5rk5ft92WTTT5NYQThgX6SHStiqsyffyhjDWb4,GJrjTyjw8vEL4FUVVnKmfvYKZamyjNgwxxprciNkQ9AE,33980554801,339.80554801,1
5698bd37dde672b5ccd96a80bb505f16,2026-10-05,2026-10-05 01:55:38.000 UTC,453437083,5vvXf3jRZvg4vxZVXWLp1urgMzixMU3kuJysewumRxRKSbkFYGkNJcPwLp8s7zanTTX1zbASor6sneFySgv5N7nW,transfer,78Bo7xxGWBEvqbh3VMKvkFG4Z63cXKSJ2LCEXAanhN7a,GpMZbSM2GgvTKHJirzeGfMFoaZ8UR2X7F4v8vHTvxFbL,H4dF1Hr9YcAqNEUsfGVnxa9qL3dbgJ5fa6PaffqtR7UD,GJrjTyjw8vEL4FUVVnKmfvYKZamyjNgwxxprciNkQ9AE,141019659622,1410.19659622,1
72b8219cb57572825a136128eb77639c,2026-10-05,2026-10-05 01:55:38.000 UTC,453437083,5vvXf3jRZvg4vxZVXWLp1urgMzixMU3kuJysewumRxRKSbkFYGkNJcPwLp8s7zanTTX1zbASor6sneFySgv5N7nW,transfer,J3cdRYTeQAnZUhYRcVpk9abqEuRWTrtxb5fUbgh2aADn,78Bo7xxGWBEvqbh3VMKvkFG4Z63cXKSJ2LCEXAanhN7a,7r4TcfVhcYuuh3of8S8igoV7AeyNfwcnRhAaA8FfvSgP,H4dF1Hr9YcAqNEUsfGVnxa9qL3dbgJ5fa6PaffqtR7UD,141019659622,1410.19659622,1
03a03985f008a3d7f75858a461d0997e,2026-10-05,2026-10-05 01:56:05.000 UTC,453437183,2sF1r7jKvPd9zxwyQmi8mKEk1M3DQEAn7ePQ1VHmbT9mPZHHAQESYoiZR3RqHqtC4zZgUAP1QwVL85cmBBbzHuJL,transfer,J3cdRYTeQAnZUhYRcVpk9abqEuRWTrtxb5fUbgh2aADn,8L2y55D11k63CAftvW7uMM2mBhtMxLoLnivG9uY2bt8j,7r4TcfVhcYuuh3of8S8igoV7AeyNfwcnRhAaA8FfvSgP,HMM7irT5srZyM5LaAekNzEkQLQFkniNZdBxAvVvfBDxX,148322425141,1483.22425141,1
af74015d89d0c85b4c9dabfc4f46c34c,2026-10-05,2026-10-05 01:56:05.000 UTC,453437183,2sF1r7jKvPd9zxwyQmi8mKEk1M3DQEAn7ePQ1VHmbT9mPZHHAQESYoiZR3RqHqtC4zZgUAP1QwVL85cmBBbzHuJL,transfer,8L2y55D11k63CAftvW7uMM2mBhtMxLoLnivG9uY2bt8j,GpMZbSM2GgvTKHJirzeGfMFoaZ8UR2X7F4v8vHTvxFbL,HMM7irT5srZyM5LaAekNzEkQLQFkniNZdBxAvVvfBDxX,GJrjTyjw8vEL4FUVVnKmfvYKZamyjNgwxxprciNkQ9AE,148322425141,1483.22425141,1
1d22c30e2f84bcdbc4afbf28c84ef362,2026-10-05,2026-10-05 02:26:34.000 UTC,453444021,3SVo4JhRVGWC7CUKiRNcyDbx3eBeDTf2A7gBRVgvBZs7pKTbvGRSh59SB8AHTA1rQenn5wwjTL2JNTy4RYMWdtKM,transfer,GpMZbSM2GgvTKHJirzeGfMFoaZ8UR2X7F4v8vHTvxFbL,D9Ew95W9qBLu6Ku8GupFQCawqhmDUqTgysR7aKja6nW,GJrjTyjw8vEL4FUVVnKmfvYKZamyjNgwxxprciNkQ9AE,2LsuPhUq6tebS9w1VBXEKhUhYWRZKytRwWseMjuMzPo1,36780944956,367.80944956,1
bf57289286794e4fbc7307e9a2aaa394,2026-10-05,2026-10-05 02:26:34.000 UTC,453444021,3SVo4JhRVGWC7CUKiRNcyDbx3eBeDTf2A7gBRVgvBZs7pKTbvGRSh59SB8AHTA1rQenn5wwjTL2JNTy4RYMWdtKM,transfer,D9Ew95W9qBLu6Ku8GupFQCawqhmDUqTgysR7aKja6nW,GpMZbSM2GgvTKHJirzeGfMFoaZ8UR2X7F4v8vHTvxFbL,2LsuPhUq6tebS9w1VBXEKhUhYWRZKytRwWseMjuMzPo1,35hKKpdPTy495wFTybw5wajHp4ZNSyQA5KZXd7cN9hB7,36780944956,367.80944956,1
67efb10900d7c426f581c131d864ce12,2026-10-05,2026-10-05 02:26:36.000 UTC,453444030,f1guBkg2asKmKXLKSJ49HrwWZEofkj9btuXNaQPirsvHnVtrie6PMcJfUaNwfK94GF3L4H9tYPV57qfSiA8QYFV,transfer,81RwTUf7ZvM5GpeG5q5aGemnxPQLzKAXEF6qPDzNQKDn,GpMZbSM2GgvTKHJirzeGfMFoaZ8UR2X7F4v8vHTvxFbL,95BGpzYf6m74RDhE6Y7pSVFPiBKuUvQhoDtf41nZUHcb,35hKKpdPTy495wFTybw5wajHp4ZNSyQA5KZXd7cN9hB7,49282028905,492.82028905,1
7f7722027b17792d91410676c230ed82,2026-10-05,2026-10-05 02:26:36.000 UTC,453444030,f1guBkg2asKmKXLKSJ49HrwWZEofkj9btuXNaQPirsvHnVtrie6PMcJfUaNwfK94GF3L4H9tYPV57qfSiA8QYFV,transfer,GpMZbSM2GgvTKHJirzeGfMFoaZ8UR2X7F4v8vHTvxFbL,81RwTUf7ZvM5GpeG5q5aGemnxPQLzKAXEF6qPDzNQKDn,GJrjTyjw8vEL4FUVVnKmfvYKZamyjNgwxxprciNkQ9AE,95BGpzYf6m74RDhE6Y7pSVFPiBKuUvQhoDtf41nZUHcb,49282028905,492.82028905,1
210f6d17b657ae27e99ffef9e19c680b,2026-10-05,2026-10-05 02:26:38.000 UTC,453444038,5YpKQXgdZR5fY4PJRftPezAAYEyxXhibwtrGDxfExZv2onELpr82aSch2dpEDRy3uJv1Nqgm2BPDRdtuxZeuN7cT,transfer,GpMZbSM2GgvTKHJirzeGfMFoaZ8UR2X7F4v8vHTvxFbL,78Bo7xxGWBEvqbh3VMKvkFG4Z63cXKSJ2LCEXAanhN7a,GJrjTyjw8vEL4FUVVnKmfvYKZamyjNgwxxprciNkQ9AE,H4dF1Hr9YcAqNEUsfGVnxa9qL3dbgJ5fa6PaffqtR7UD,121505681895,1215.05681895,1
183deb87e95a8126907136834a8eff66,2026-10-05,2026-10-05 02:26:38.000 UTC,453444038,5YpKQXgdZR5fY4PJRftPezAAYEyxXhibwtrGDxfExZv2onELpr82aSch2dpEDRy3uJv1Nqgm2BPDRdtuxZeuN7cT,transfer,78Bo7xxGWBEvqbh3VMKvkFG4Z63cXKSJ2LCEXAanhN7a,J3cdRYTeQAnZUhYRcVpk9abqEuRWTrtxb5fUbgh2aADn,H4dF1Hr9YcAqNEUsfGVnxa9qL3dbgJ5fa6PaffqtR7UD,7r4TcfVhcYuuh3of8S8igoV7AeyNfwcnRhAaA8FfvSgP,121505681895,1215.05681895,1
815fa41421792bb3dafd189d2b09d691,2026-10-05,2026-10-05 02:26:39.000 UTC,453444042,2JkxB7n22BjbdazuidrEFy2Y3zqZS6aPXyrjSoJ1ACrbLETfFkwxncUQ7Ck37pQdCX7SSAdoUqxQuWfZMbwW7awe,transfer,GpMZbSM2GgvTKHJirzeGfMFoaZ8UR2X7F4v8vHTvxFbL,78Bo7xxGWBEvqbh3VMKvkFG4Z63cXKSJ2LCEXAanhN7a,GJrjTyjw8vEL4FUVVnKmfvYKZamyjNgwxxprciNkQ9AE,H4dF1Hr9YcAqNEUsfGVnxa9qL3dbgJ5fa6PaffqtR7UD,64638418184,646.38418184,1
ad648459ccb4666219b3ce63283b33cf,2026-10-05,2026-10-05 02:26:39.000 UTC,453444042,2JkxB7n22BjbdazuidrEFy2Y3zqZS6aPXyrjSoJ1ACrbLETfFkwxncUQ7Ck37pQdCX7SSAdoUqxQuWfZMbwW7awe,transfer,78Bo7xxGWBEvqbh3VMKvkFG4Z63cXKSJ2LCEXAanhN7a,J3cdRYTeQAnZUhYRcVpk9abqEuRWTrtxb5fUbgh2aADn,H4dF1Hr9YcAqNEUsfGVnxa9qL3dbgJ5fa6PaffqtR7UD,7r4TcfVhcYuuh3of8S8igoV7AeyNfwcnRhAaA8FfvSgP,64638418184,646.38418184,1
3c4c62ea64caedeafdfac2785a4d7e5b,2026-10-05,2026-10-05 02:28:03.000 UTC,453444355,GQXiDrYQvt2mBtEwg7c917Yv4aWbE3ZdDb7QuNb8KAwHExG7Lt5RqowGsGRYS83s4FMZdn68QYBTFEBkRiUR26w,transfer,NALUnJA2AJUYa6xJL1HsorEeFgxxDsfUgYBCX8Pp2zD,J3cdRYTeQAnZUhYRcVpk9abqEuRWTrtxb5fUbgh2aADn,4sKCpuN1EjauwQaSqE8RN1EaAd8qjDZKCv5Swv7ad7un,7r4TcfVhcYuuh3of8S8igoV7AeyNfwcnRhAaA8FfvSgP,128109741704,1281.09741704,1
64fb344767385f2abd10a3ec2404b2f7,2026-10-05,2026-10-05 02:28:03.000 UTC,453444355,GQXiDrYQvt2mBtEwg7c917Yv4aWbE3ZdDb7QuNb8KAwHExG7Lt5RqowGsGRYS83s4FMZdn68QYBTFEBkRiUR26w,transfer,GpMZbSM2GgvTKHJirzeGfMFoaZ8UR2X7F4v8vHTvxFbL,NALUnJA2AJUYa6xJL1HsorEeFgxxDsfUgYBCX8Pp2zD,GJrjTyjw8vEL4FUVVnKmfvYKZamyjNgwxxprciNkQ9AE,4sKCpuN1EjauwQaSqE8RN1EaAd8qjDZKCv5Swv7ad7un,128109741704,1281.09741704,1
5bded7b216ae5cd2ae96fb1573f65562,2026-10-05,2026-10-05 03:24:16.000 UTC,453456980,3qxnBBEw2sqGo13V8BDZHpUXqTL5LUMak5YCbStyPFBqRjcm7kq1kLWoYbbJBi3t6ggjNR1o2S5j1AFhRmkmgCkB,transfer,GpMZbSM2GgvTKHJirzeGfMFoaZ8UR2X7F4v8vHTvxFbL,NALUnJA2AJUYa6xJL1HsorEeFgxxDsfUgYBCX8Pp2zD,GJrjTyjw8vEL4FUVVnKmfvYKZamyjNgwxxprciNkQ9AE,4sKCpuN1EjauwQaSqE8RN1EaAd8qjDZKCv5Swv7ad7un,190763058940,1907.6305894,1
4b86423e6a640579dc936c0a43171682,2026-10-05,2026-10-05 03:24:16.000 UTC,453456980,3qxnBBEw2sqGo13V8BDZHpUXqTL5LUMak5YCbStyPFBqRjcm7kq1kLWoYbbJBi3t6ggjNR1o2S5j1AFhRmkmgCkB,transfer,NALUnJA2AJUYa6xJL1HsorEeFgxxDsfUgYBCX8Pp2zD,J3cdRYTeQAnZUhYRcVpk9abqEuRWTrtxb5fUbgh2aADn,4sKCpuN1EjauwQaSqE8RN1EaAd8qjDZKCv5Swv7ad7un,7r4TcfVhcYuuh3of8S8igoV7AeyNfwcnRhAaA8FfvSgP,190763058940,1907.6305894,1
05146765c8acde0bdade2a8f7e775c50,2026-10-05,2026-10-05 03:26:06.000 UTC,453457391,2f9D531BfCq3emZrKrPZnMKY34eDyQcpiVsNsCHuXm62vg9w7qC1JSgn9fTmUoTRPYLPLHB4hLznrePgnm2YXYTF,transfer,81RwTUf7ZvM5GpeG5q5aGemnxPQLzKAXEF6qPDzNQKDn,GpMZbSM2GgvTKHJirzeGfMFoaZ8UR2X7F4v8vHTvxFbL,95BGpzYf6m74RDhE6Y7pSVFPiBKuUvQhoDtf41nZUHcb,35hKKpdPTy495wFTybw5wajHp4ZNSyQA5KZXd7cN9hB7,49325450185,493.25450185,1
bfdef909a9b892f74ad287336f9c23e8,2026-10-05,2026-10-05 03:26:06.000 UTC,453457391,2f9D531BfCq3emZrKrPZnMKY34eDyQcpiVsNsCHuXm62vg9w7qC1JSgn9fTmUoTRPYLPLHB4hLznrePgnm2YXYTF,transfer,GpMZbSM2GgvTKHJirzeGfMFoaZ8UR2X7F4v8vHTvxFbL,81RwTUf7ZvM5GpeG5q5aGemnxPQLzKAXEF6qPDzNQKDn,GJrjTyjw8vEL4FUVVnKmfvYKZamyjNgwxxprciNkQ9AE,95BGpzYf6m74RDhE6Y7pSVFPiBKuUvQhoDtf41nZUHcb,49325450185,493.25450185,1
0bd30452d9ef1215802234e9860ebc9d,2026-10-05,2026-10-05 03:27:33.000 UTC,453457711,5E41pcBM8rkTkqF3VWromQCftA8KeRvPUPmxdbzGfPnV4X9x8xoGNb19Hgf7U7sjYEtH3M9AbFCSSH2KLExTjnsF,transfer,DcQNaByvstRZCERvb9UJHgHiQe8YX2FMdPptM86psQyz,GpMZbSM2GgvTKHJirzeGfMFoaZ8UR2X7F4v8vHTvxFbL,99WZFcnXjvVHwfCGpcvtwcoWd8NGVxxHThKWuK8LAZn7,35hKKpdPTy495wFTybw5wajHp4ZNSyQA5KZXd7cN9hB7,49357290321,493.57290321,1
fc1be86575b2e66558bc3547d0c3ad50,2026-10-05,2026-10-05 03:27:33.000 UTC,453457711,5E41pcBM8rkTkqF3VWromQCftA8KeRvPUPmxdbzGfPnV4X9x8xoGNb19Hgf7U7sjYEtH3M9AbFCSSH2KLExTjnsF,transfer,GpMZbSM2GgvTKHJirzeGfMFoaZ8UR2X7F4v8vHTvxFbL,DcQNaByvstRZCERvb9UJHgHiQe8YX2FMdPptM86psQyz,GJrjTyjw8vEL4FUVVnKmfvYKZamyjNgwxxprciNkQ9AE,99WZFcnXjvVHwfCGpcvtwcoWd8NGVxxHThKWuK8LAZn7,49357290321,493.57290321,1
c9cbb30bf51b98cce336da1a883395ff,2026-10-05,2026-10-05 03:56:17.000 UTC,453464170,2FYPayNt3sMWStuh54VjExXtYJS4uWXA2Mg2aXk8b8r23RBXXizgvffU8FaYGc8tFVkegS1oxVvS7vUzdvzCRn2r,transfer,ARu4n5mFdZogZAravu7CcizaojWnS6oqka37gdLT5SZn,J3cdRYTeQAnZUhYRcVpk9abqEuRWTrtxb5fUbgh2aADn,3CCaDwLVKs3WBE6bFG58Q9qaHmGfRrjUvEnEcuiCbY87,7r4TcfVhcYuuh3of8S8igoV7AeyNfwcnRhAaA8FfvSgP,91387524371,913.87524371,1
6daac5ccea8b66016df7313d6f13f5f9,2026-10-05,2026-10-05 03:56:17.000 UTC,453464170,2FYPayNt3sMWStuh54VjExXtYJS4uWXA2Mg2aXk8b8r23RBXXizgvffU8FaYGc8tFVkegS1oxVvS7vUzdvzCRn2r,transfer,Dipds2rVP8VcPBMUuVCTyDSFs3oVmNQ65MgvfUij99EH,ARu4n5mFdZogZAravu7CcizaojWnS6oqka37gdLT5SZn,5XaPyWpF6ZPCM5vGMJE5gaWwXLjtceTqHrokrFT8XRQX,3CCaDwLVKs3WBE6bFG58Q9qaHmGfRrjUvEnEcuiCbY87,91387524371,913.87524371,1
838e7b8f3a4672b7284af83bf2171f00,2026-10-05,2026-10-05 04:22:44.000 UTC,453470113,2uJRbFTfC3WyZw2GFwWZfdHRtx4guZuc7JweV6LkQLspp4xVwg8hHzaPqGiLg31UFqw5iUmoEw6UgN52zkk4MJdB,transfer,EcMei17FWWhu4jQsKq7ZaucsoRvv6AUubn5DfwrZp7Zy,3BYffMWkY93hB5rYdEQaeDxVgP6M1hJ4FxvpWewTVdV9,85uvvZbdb61mbrv5Pb8Zr98gdgpX2pMoWCbWyh44Hd1w,5nYVRyNJmPt7AuhPN8GqU9jMWV3oUDxTXfAk5HdA1xRU,20070360,0.2007036,1
4b15e1424b283fe80ebaaf6e26b01686,2026-10-05,2026-10-05 04:33:27.000 UTC,453472520,4bv6phVsF9xAFARQQypciEayJjotaKgZpJz8Y3TjNAeBvXpeQdV7ostLatGekWkXt54vFBcGNcgdE5sfPjP2F8j1,transfer,9ukSRCuYG3xMuzC25rzUKssyTJC5XaATJLztkYmYoVTA,ARu4n5mFdZogZAravu7CcizaojWnS6oqka37gdLT5SZn,4aDKU7QqZkLHR7u85emdfisWeVWVCMqx1GheswQsDbTW,3CCaDwLVKs3WBE6bFG58Q9qaHmGfRrjUvEnEcuiCbY87,49331387945,493.31387945,1
cbb4d928eb83b43aabbe0a39924121f9,2026-10-05,2026-10-05 04:33:27.000 UTC,453472520,4bv6phVsF9xAFARQQypciEayJjotaKgZpJz8Y3TjNAeBvXpeQdV7ostLatGekWkXt54vFBcGNcgdE5sfPjP2F8j1,transfer,ARu4n5mFdZogZAravu7CcizaojWnS6oqka37gdLT5SZn,8psNvWTrdNTiVRNzAgsou9kETXNJm2SXZyaKuJraVRtf,3CCaDwLVKs3WBE6bFG58Q9qaHmGfRrjUvEnEcuiCbY87,CFYg9oE2LZags4qVGrvvYsEDYAL6mWe7sCYGfWdLLRsY,419316797,4.19316797,1
2a413c28cdc63e5cffd927f3e446e501,2026-10-05,2026-10-05 04:33:27.000 UTC,453472520,4bv6phVsF9xAFARQQypciEayJjotaKgZpJz8Y3TjNAeBvXpeQdV7ostLatGekWkXt54vFBcGNcgdE5sfPjP2F8j1,transfer,ARu4n5mFdZogZAravu7CcizaojWnS6oqka37gdLT5SZn,J3cdRYTeQAnZUhYRcVpk9abqEuRWTrtxb5fUbgh2aADn,3CCaDwLVKs3WBE6bFG58Q9qaHmGfRrjUvEnEcuiCbY87,7r4TcfVhcYuuh3of8S8igoV7AeyNfwcnRhAaA8FfvSgP,48912071148,489.12071148,1
19cb9f2b1d07d7cc4e201619eb831504,2026-10-05,2026-10-05 04:58:26.000 UTC,453478137,2cPnWyeXEkZfFuDeorhm4tKopGbyxBphQHBoornvy19grb35MPBJ3yyHTTdspkRBzfZqv9ze33Xm8LxkQJLYw4jX,transfer,ARu4n5mFdZogZAravu7CcizaojWnS6oqka37gdLT5SZn,J3cdRYTeQAnZUhYRcVpk9abqEuRWTrtxb5fUbgh2aADn,3CCaDwLVKs3WBE6bFG58Q9qaHmGfRrjUvEnEcuiCbY87,7r4TcfVhcYuuh3of8S8igoV7AeyNfwcnRhAaA8FfvSgP,616815624609,6168.15624609,1
ab6b2dd14c024955fac0b943e3bba4d1,2026-10-05,2026-10-05 04:58:26.000 UTC,453478137,2cPnWyeXEkZfFuDeorhm4tKopGbyxBphQHBoornvy19grb35MPBJ3yyHTTdspkRBzfZqv9ze33Xm8LxkQJLYw4jX,transfer,AiesFKjW47NqUT1UHNZcnjL5GyC6SCmkeyUjXJLpVKYU,ARu4n5mFdZogZAravu7CcizaojWnS6oqka37gdLT5SZn,9GrZVcSAc6avUKo4UrGJfzfpF4obzKvMTNEattLQ6BRW,3CCaDwLVKs3WBE6bFG58Q9qaHmGfRrjUvEnEcuiCbY87,616815624609,6168.15624609,1
e9225d4e369e8e68cde45c48707c1c71,2026-10-05,2026-10-05 05:11:04.000 UTC,453480991,5kyXguQApXsX5R4SYzQKJsUFduAJnZLGgZ9SBJk7gHo4MkNgJXByFruJz5J3vrpF1QNfYQPDzFWTWj2mQUNgh2kS,transfer,2Q8tAc9nrQca3tE9KqhnVc9DiBsDPQyqY24rnbRVYv8E,D5YqVMoSxnqeZAKAUUE1Dm3bmjtdxQ5DCF356ozqN9cM,9UK3o1FSN5avmpNmuxkdJWT16YPRjNZ7WvYW3fCcjaw4,2KJkRj5rk5ft92WTTT5NYQThgX6SHStiqsyffyhjDWb4,815475403,8.15475403,1
bd03503fb35fa59671cfbd21312b0e3d,2026-10-05,2026-10-05 05:11:04.000 UTC,453480991,5kyXguQApXsX5R4SYzQKJsUFduAJnZLGgZ9SBJk7gHo4MkNgJXByFruJz5J3vrpF1QNfYQPDzFWTWj2mQUNgh2kS,transfer,D5YqVMoSxnqeZAKAUUE1Dm3bmjtdxQ5DCF356ozqN9cM,J3cdRYTeQAnZUhYRcVpk9abqEuRWTrtxb5fUbgh2aADn,2KJkRj5rk5ft92WTTT5NYQThgX6SHStiqsyffyhjDWb4,7r4TcfVhcYuuh3of8S8igoV7AeyNfwcnRhAaA8FfvSgP,815475403,8.15475403,1
406e8cb7038e237b2e7dc8101521004d,2026-10-05,2026-10-05 05:53:46.000 UTC,453490606,3kbqsCLhdAPAiYoxTt2S1aJjwSWNR7FZDAkrRrVvH7cyRcDNsqZhkmTJ6P5FCBSisradmEGSLrqBSgHcYLBoXGHw,transfer,GpMZbSM2GgvTKHJirzeGfMFoaZ8UR2X7F4v8vHTvxFbL,78Bo7xxGWBEvqbh3VMKvkFG4Z63cXKSJ2LCEXAanhN7a,GJrjTyjw8vEL4FUVVnKmfvYKZamyjNgwxxprciNkQ9AE,H4dF1Hr9YcAqNEUsfGVnxa9qL3dbgJ5fa6PaffqtR7UD,70554204083,705.54204083,1
e1da97f69633794131940b6b72933af9,2026-10-05,2026-10-05 05:53:46.000 UTC,453490606,3kbqsCLhdAPAiYoxTt2S1aJjwSWNR7FZDAkrRrVvH7cyRcDNsqZhkmTJ6P5FCBSisradmEGSLrqBSgHcYLBoXGHw,transfer,78Bo7xxGWBEvqbh3VMKvkFG4Z63cXKSJ2LCEXAanhN7a,J3cdRYTeQAnZUhYRcVpk9abqEuRWTrtxb5fUbgh2aADn,H4dF1Hr9YcAqNEUsfGVnxa9qL3dbgJ5fa6PaffqtR7UD,7r4TcfVhcYuuh3of8S8igoV7AeyNfwcnRhAaA8FfvSgP,70554204083,705.54204083,1
5321783b3e1bfcdde94eaae13afec348,2026-10-05,2026-10-05 05:56:51.000 UTC,453491297,5tQN5LnYcCUaCy877GTfLhC7tAJhmAin6JEVsmi9uPiaCScRSvmmTytiNE1baNPKjCxsuxPz6zizibwX6Hz187JS,transfer,NALUnJA2AJUYa6xJL1HsorEeFgxxDsfUgYBCX8Pp2zD,J3cdRYTeQAnZUhYRcVpk9abqEuRWTrtxb5fUbgh2aADn,4sKCpuN1EjauwQaSqE8RN1EaAd8qjDZKCv5Swv7ad7un,7r4TcfVhcYuuh3of8S8igoV7AeyNfwcnRhAaA8FfvSgP,131534802294,1315.34802294,1
71fccdc0101c31031d347218e72c152f,2026-10-05,2026-10-05 05:56:51.000 UTC,453491297,5tQN5LnYcCUaCy877GTfLhC7tAJhmAin6JEVsmi9uPiaCScRSvmmTytiNE1baNPKjCxsuxPz6zizibwX6Hz187JS,transfer,GpMZbSM2GgvTKHJirzeGfMFoaZ8UR2X7F4v8vHTvxFbL,NALUnJA2AJUYa6xJL1HsorEeFgxxDsfUgYBCX8Pp2zD,GJrjTyjw8vEL4FUVVnKmfvYKZamyjNgwxxprciNkQ9AE,4sKCpuN1EjauwQaSqE8RN1EaAd8qjDZKCv5Swv7ad7un,131534802294,1315.34802294,1
d39262b6fc32dfe7d57e9e70e0b018c6,2026-10-05,2026-10-05 06:01:56.000 UTC,453492439,4G856TBV3FgDGhvKS6d4MVmH9bivjNTMoAajdEPFa9LApRgAKLxPa5jDQLDvsLZT4m1NjV9ngw6hxrrEPTEoKfV9,transfer,D5YqVMoSxnqeZAKAUUE1Dm3bmjtdxQ5DCF356ozqN9cM,J3cdRYTeQAnZUhYRcVpk9abqEuRWTrtxb5fUbgh2aADn,2KJkRj5rk5ft92WTTT5NYQThgX6SHStiqsyffyhjDWb4,7r4TcfVhcYuuh3of8S8igoV7AeyNfwcnRhAaA8FfvSgP,1390377519,13.90377519,1
e03b67d11c7774aa894e6369bdf23760,2026-10-05,2026-10-05 06:01:56.000 UTC,453492439,4G856TBV3FgDGhvKS6d4MVmH9bivjNTMoAajdEPFa9LApRgAKLxPa5jDQLDvsLZT4m1NjV9ngw6hxrrEPTEoKfV9,transfer,2Q8tAc9nrQca3tE9KqhnVc9DiBsDPQyqY24rnbRVYv8E,D5YqVMoSxnqeZAKAUUE1Dm3bmjtdxQ5DCF356ozqN9cM,9UK3o1FSN5avmpNmuxkdJWT16YPRjNZ7WvYW3fCcjaw4,2KJkRj5rk5ft92WTTT5NYQThgX6SHStiqsyffyhjDWb4,1390377519,13.90377519,1
94a2e80e8cb5dfbe67bf5e8ac224a43f,2026-10-05,2026-10-05 07:15:20.000 UTC,453508914,44EQGMaxTmButq6ucKHMstX45cf4axJE7vAFisTRvZxq9ERU1AxAH164SBvZzWvRw3hBK2XUrZ4Hw4qeZ95o35Sa,transfer,78Bo7xxGWBEvqbh3VMKvkFG4Z63cXKSJ2LCEXAanhN7a,J3cdRYTeQAnZUhYRcVpk9abqEuRWTrtxb5fUbgh2aADn,H4dF1Hr9YcAqNEUsfGVnxa9qL3dbgJ5fa6PaffqtR7UD,7r4TcfVhcYuuh3of8S8igoV7AeyNfwcnRhAaA8FfvSgP,72047804073,720.47804073,1
18047e597287841c70d1925ece007a69,2026-10-05,2026-10-05 07:15:20.000 UTC,453508914,44EQGMaxTmButq6ucKHMstX45cf4axJE7vAFisTRvZxq9ERU1AxAH164SBvZzWvRw3hBK2XUrZ4Hw4qeZ95o35Sa,transfer,GpMZbSM2GgvTKHJirzeGfMFoaZ8UR2X7F4v8vHTvxFbL,78Bo7xxGWBEvqbh3VMKvkFG4Z63cXKSJ2LCEXAanhN7a,GJrjTyjw8vEL4FUVVnKmfvYKZamyjNgwxxprciNkQ9AE,H4dF1Hr9YcAqNEUsfGVnxa9qL3dbgJ5fa6PaffqtR7UD,72047804073,720.47804073,1
cbe064a77867fbf79311d7d46d96b228,2026-10-05,2026-10-05 07:16:00.000 UTC,453509068,5HHtYaQiMz3vVp7BP6pJGW9iRkCoDgSdG4Y4z6HXkWHy33mu2pPzSDnoHvSCYJTbrAPs5BfLgtQRWrZ8dtwy7a7T,transfer,78Bo7xxGWBEvqbh3VMKvkFG4Z63cXKSJ2LCEXAanhN7a,J3cdRYTeQAnZUhYRcVpk9abqEuRWTrtxb5fUbgh2aADn,H4dF1Hr9YcAqNEUsfGVnxa9qL3dbgJ5fa6PaffqtR7UD,7r4TcfVhcYuuh3of8S8igoV7AeyNfwcnRhAaA8FfvSgP,59447681020,594.4768102,1
382e2cf7c509619f77f2bfcedd7767c5,2026-10-05,2026-10-05 07:16:00.000 UTC,453509068,5HHtYaQiMz3vVp7BP6pJGW9iRkCoDgSdG4Y4z6HXkWHy33mu2pPzSDnoHvSCYJTbrAPs5BfLgtQRWrZ8dtwy7a7T,transfer,GpMZbSM2GgvTKHJirzeGfMFoaZ8UR2X7F4v8vHTvxFbL,78Bo7xxGWBEvqbh3VMKvkFG4Z63cXKSJ2LCEXAanhN7a,GJrjTyjw8vEL4FUVVnKmfvYKZamyjNgwxxprciNkQ9AE,H4dF1Hr9YcAqNEUsfGVnxa9qL3dbgJ5fa6PaffqtR7UD,59447681020,594.4768102,1
3d86a1f21aca6832b46bcf8c14b33a5a,2026-10-05,2026-10-05 07:17:10.000 UTC,453509326,3Lnfa6a7tVn2jxp85yypWdzRNcWdx1ZRcdzHPC4gTKD6V8dYExWh7yCHHvzAyA5waY8i75FgGNCQG4og7XHSW9rt,transfer,81RwTUf7ZvM5GpeG5q5aGemnxPQLzKAXEF6qPDzNQKDn,J3cdRYTeQAnZUhYRcVpk9abqEuRWTrtxb5fUbgh2aADn,95BGpzYf6m74RDhE6Y7pSVFPiBKuUvQhoDtf41nZUHcb,7r4TcfVhcYuuh3of8S8igoV7AeyNfwcnRhAaA8FfvSgP,119376920510,1193.7692051,1
c5e14389c3286c08b2a4d10ec77188da,2026-10-05,2026-10-05 07:17:10.000 UTC,453509326,3Lnfa6a7tVn2jxp85yypWdzRNcWdx1ZRcdzHPC4gTKD6V8dYExWh7yCHHvzAyA5waY8i75FgGNCQG4og7XHSW9rt,transfer,GpMZbSM2GgvTKHJirzeGfMFoaZ8UR2X7F4v8vHTvxFbL,81RwTUf7ZvM5GpeG5q5aGemnxPQLzKAXEF6qPDzNQKDn,GJrjTyjw8vEL4FUVVnKmfvYKZamyjNgwxxprciNkQ9AE,95BGpzYf6m74RDhE6Y7pSVFPiBKuUvQhoDtf41nZUHcb,119376920510,1193.7692051,1
a3d65666ef22ac871076063cd514fe4e,2026-10-05,2026-10-05 07:29:13.000 UTC,453512057,3vdobHrNTJmQcFJ3EePqWSs5CuLuMMgbBD9xQB9rutjQkPCZkfVQN92J748gYM1Jyik7kMpLsDhjDegwHbcUkUR9,transfer,GpMZbSM2GgvTKHJirzeGfMFoaZ8UR2X7F4v8vHTvxFbL,78Bo7xxGWBEvqbh3VMKvkFG4Z63cXKSJ2LCEXAanhN7a,GJrjTyjw8vEL4FUVVnKmfvYKZamyjNgwxxprciNkQ9AE,H4dF1Hr9YcAqNEUsfGVnxa9qL3dbgJ5fa6PaffqtR7UD,83561353418,835.61353418,1
3bb6c86c672bf0a7f9ba8d5254cfbb3b,2026-10-05,2026-10-05 07:29:13.000 UTC,453512057,3vdobHrNTJmQcFJ3EePqWSs5CuLuMMgbBD9xQB9rutjQkPCZkfVQN92J748gYM1Jyik7kMpLsDhjDegwHbcUkUR9,transfer,78Bo7xxGWBEvqbh3VMKvkFG4Z63cXKSJ2LCEXAanhN7a,J3cdRYTeQAnZUhYRcVpk9abqEuRWTrtxb5fUbgh2aADn,H4dF1Hr9YcAqNEUsfGVnxa9qL3dbgJ5fa6PaffqtR7UD,7r4TcfVhcYuuh3of8S8igoV7AeyNfwcnRhAaA8FfvSgP,83561353418,835.61353418,1
d5115fd1c663c0646b383d5162f3ecfa,2026-10-05,2026-10-05 07:29:50.000 UTC,453512200,353KPi7SwGYzS8E7YBWzPo939sU5XUCRH4BnUqKwU8Qho4LsQP1SeyUsM2PrpRVMehunFpRq6TeDeG2Kgvj9giHF,transfer,9nnLbotNTcUhvbrsA6Mdkx45Sm82G35zo28AqUvjExn8,EBxnKrLp5cpbmQZu5NRUQxyAbnwjB68tnuEEGBnASMsa,3CMwuMtw9u3VuFyGFJWCaF43wbRkrP1iGtE5FrWKxNQw,GKKpZgw8YFDvgxLBtEnLzWbdiJrC1fUbosy4pPMCYvMB,676902507334,6769.02507334,1
ca46d7bbe97ff942be906feba11445b0,2026-10-05,2026-10-05 07:29:50.000 UTC,453512200,353KPi7SwGYzS8E7YBWzPo939sU5XUCRH4BnUqKwU8Qho4LsQP1SeyUsM2PrpRVMehunFpRq6TeDeG2Kgvj9giHF,transfer,J3cdRYTeQAnZUhYRcVpk9abqEuRWTrtxb5fUbgh2aADn,9nnLbotNTcUhvbrsA6Mdkx45Sm82G35zo28AqUvjExn8,7r4TcfVhcYuuh3of8S8igoV7AeyNfwcnRhAaA8FfvSgP,3CMwuMtw9u3VuFyGFJWCaF43wbRkrP1iGtE5FrWKxNQw,676902507334,6769.02507334,1
f0252afadaada3025c0020cdbdb646bc,2026-10-05,2026-10-05 07:29:59.000 UTC,453512232,3oFveve8dRTeixGNRyYmXm57AVKyAPfnFpZT7ZAwkfhbYL6GUA8HdrFmwvXFew8mpSXdV5196BVvW6cubb8P3A1z,transfer,GpMZbSM2GgvTKHJirzeGfMFoaZ8UR2X7F4v8vHTvxFbL,78Bo7xxGWBEvqbh3VMKvkFG4Z63cXKSJ2LCEXAanhN7a,GJrjTyjw8vEL4FUVVnKmfvYKZamyjNgwxxprciNkQ9AE,H4dF1Hr9YcAqNEUsfGVnxa9qL3dbgJ5fa6PaffqtR7UD,91248684755,912.48684755,1
41ebae83967b28af896f1bf61a5e67aa,2026-10-05,2026-10-05 07:29:59.000 UTC,453512232,3oFveve8dRTeixGNRyYmXm57AVKyAPfnFpZT7ZAwkfhbYL6GUA8HdrFmwvXFew8mpSXdV5196BVvW6cubb8P3A1z,transfer,78Bo7xxGWBEvqbh3VMKvkFG4Z63cXKSJ2LCEXAanhN7a,J3cdRYTeQAnZUhYRcVpk9abqEuRWTrtxb5fUbgh2aADn,H4dF1Hr9YcAqNEUsfGVnxa9qL3dbgJ5fa6PaffqtR7UD,7r4TcfVhcYuuh3of8S8igoV7AeyNfwcnRhAaA8FfvSgP,91248684755,912.48684755,1
f19001668b22176cc9933893b56e0ad9,2026-10-05,2026-10-05 07:41:10.000 UTC,453514747,5rdtHEpMPFTrs7kjt9Yw3qMqbu1rJMEgsMCZZK2jR4dksRm3mAAirdkgeEkxrRAJ6Vv7dMaXmRRGZJLPtu6YV9ks,transfer,78Bo7xxGWBEvqbh3VMKvkFG4Z63cXKSJ2LCEXAanhN7a,J3cdRYTeQAnZUhYRcVpk9abqEuRWTrtxb5fUbgh2aADn,H4dF1Hr9YcAqNEUsfGVnxa9qL3dbgJ5fa6PaffqtR7UD,7r4TcfVhcYuuh3of8S8igoV7AeyNfwcnRhAaA8FfvSgP,61365626282,613.65626282,1
70dc7e79f060461c0f28b601f63a73af,2026-10-05,2026-10-05 07:41:10.000 UTC,453514747,5rdtHEpMPFTrs7kjt9Yw3qMqbu1rJMEgsMCZZK2jR4dksRm3mAAirdkgeEkxrRAJ6Vv7dMaXmRRGZJLPtu6YV9ks,transfer,GpMZbSM2GgvTKHJirzeGfMFoaZ8UR2X7F4v8vHTvxFbL,78Bo7xxGWBEvqbh3VMKvkFG4Z63cXKSJ2LCEXAanhN7a,GJrjTyjw8vEL4FUVVnKmfvYKZamyjNgwxxprciNkQ9AE,H4dF1Hr9YcAqNEUsfGVnxa9qL3dbgJ5fa6PaffqtR7UD,61365626282,613.65626282,1
2dffada080d0715c9c6f2ab5fd4dcc79,2026-10-05,2026-10-05 07:41:54.000 UTC,453514913,j1gtuLz5o1vjEBELHFfziZwe8NavdsftFwAwa1FysnjKP5hziyePmC1GP5PigAmtQM6qGHLcZzieyN4veVzwJ7D,transfer,78Bo7xxGWBEvqbh3VMKvkFG4Z63cXKSJ2LCEXAanhN7a,J3cdRYTeQAnZUhYRcVpk9abqEuRWTrtxb5fUbgh2aADn,H4dF1Hr9YcAqNEUsfGVnxa9qL3dbgJ5fa6PaffqtR7UD,7r4TcfVhcYuuh3of8S8igoV7AeyNfwcnRhAaA8FfvSgP,62482795080,624.8279508,1
51b84f8960cbf2ac0087b5891f3806d5,2026-10-05,2026-10-05 07:41:54.000 UTC,453514913,j1gtuLz5o1vjEBELHFfziZwe8NavdsftFwAwa1FysnjKP5hziyePmC1GP5PigAmtQM6qGHLcZzieyN4veVzwJ7D,transfer,GpMZbSM2GgvTKHJirzeGfMFoaZ8UR2X7F4v8vHTvxFbL,78Bo7xxGWBEvqbh3VMKvkFG4Z63cXKSJ2LCEXAanhN7a,GJrjTyjw8vEL4FUVVnKmfvYKZamyjNgwxxprciNkQ9AE,H4dF1Hr9YcAqNEUsfGVnxa9qL3dbgJ5fa6PaffqtR7UD,62482795080,624.8279508,1
b7b12664eeaf5821bf14a24d3510f799,2026-10-05,2026-10-05 07:42:58.000 UTC,453515156,4ZUq2k3qT1M5Z6b7jrtCmmHRv3haVA6NssyDqjp336pQNnxVvugvBeLV6xP7BqRn3WyHRcAsBzNLZTRHQyPs2qtx,transfer,GpMZbSM2GgvTKHJirzeGfMFoaZ8UR2X7F4v8vHTvxFbL,81RwTUf7ZvM5GpeG5q5aGemnxPQLzKAXEF6qPDzNQKDn,GJrjTyjw8vEL4FUVVnKmfvYKZamyjNgwxxprciNkQ9AE,95BGpzYf6m74RDhE6Y7pSVFPiBKuUvQhoDtf41nZUHcb,171783212996,1717.83212996,1
a21de1c1626e5754d446a9f78aebde2c,2026-10-05,2026-10-05 07:42:58.000 UTC,453515156,4ZUq2k3qT1M5Z6b7jrtCmmHRv3haVA6NssyDqjp336pQNnxVvugvBeLV6xP7BqRn3WyHRcAsBzNLZTRHQyPs2qtx,transfer,81RwTUf7ZvM5GpeG5q5aGemnxPQLzKAXEF6qPDzNQKDn,J3cdRYTeQAnZUhYRcVpk9abqEuRWTrtxb5fUbgh2aADn,95BGpzYf6m74RDhE6Y7pSVFPiBKuUvQhoDtf41nZUHcb,7r4TcfVhcYuuh3of8S8igoV7AeyNfwcnRhAaA8FfvSgP,171783212996,1717.83212996,1
fc74d58d9b7cda9aadcf2959c909a424,2026-10-05,2026-10-05 07:42:59.000 UTC,453515159,3jgcfadvEvzRD5cydxidVg1wXSzoNVMDFjZbsVRQrNbMdqr6YsuP78XMhaBgppkMo5KautJjqm3SVP9h9pfYgvA3,transfer,GpMZbSM2GgvTKHJirzeGfMFoaZ8UR2X7F4v8vHTvxFbL,81RwTUf7ZvM5GpeG5q5aGemnxPQLzKAXEF6qPDzNQKDn,GJrjTyjw8vEL4FUVVnKmfvYKZamyjNgwxxprciNkQ9AE,95BGpzYf6m74RDhE6Y7pSVFPiBKuUvQhoDtf41nZUHcb,132519239463,1325.19239463,1
887f0e5ed931ef1761d4b3c7404c2ebb,2026-10-05,2026-10-05 07:42:59.000 UTC,453515159,3jgcfadvEvzRD5cydxidVg1wXSzoNVMDFjZbsVRQrNbMdqr6YsuP78XMhaBgppkMo5KautJjqm3SVP9h9pfYgvA3,transfer,81RwTUf7ZvM5GpeG5q5aGemnxPQLzKAXEF6qPDzNQKDn,J3cdRYTeQAnZUhYRcVpk9abqEuRWTrtxb5fUbgh2aADn,95BGpzYf6m74RDhE6Y7pSVFPiBKuUvQhoDtf41nZUHcb,7r4TcfVhcYuuh3of8S8igoV7AeyNfwcnRhAaA8FfvSgP,132519239463,1325.19239463,1
72a0721290f1a6b3df735dc36875627a,2026-10-05,2026-10-05 07:43:00.000 UTC,453515163,33mSfqBm5bscgMAcZWpd3Z6YLFSejQQoG71M87f5kdeLx87SsdZCcWRgz2fishAovwEczzt7HtgybbAyZsYHoHD5,transfer,GpMZbSM2GgvTKHJirzeGfMFoaZ8UR2X7F4v8vHTvxFbL,81RwTUf7ZvM5GpeG5q5aGemnxPQLzKAXEF6qPDzNQKDn,GJrjTyjw8vEL4FUVVnKmfvYKZamyjNgwxxprciNkQ9AE,95BGpzYf6m74RDhE6Y7pSVFPiBKuUvQhoDtf41nZUHcb,148828449308,1488.28449308,1
e72b485a2d5dec7cbbfe4e6e4d5ca6ef,2026-10-05,2026-10-05 07:43:00.000 UTC,453515163,33mSfqBm5bscgMAcZWpd3Z6YLFSejQQoG71M87f5kdeLx87SsdZCcWRgz2fishAovwEczzt7HtgybbAyZsYHoHD5,transfer,81RwTUf7ZvM5GpeG5q5aGemnxPQLzKAXEF6qPDzNQKDn,J3cdRYTeQAnZUhYRcVpk9abqEuRWTrtxb5fUbgh2aADn,95BGpzYf6m74RDhE6Y7pSVFPiBKuUvQhoDtf41nZUHcb,7r4TcfVhcYuuh3of8S8igoV7AeyNfwcnRhAaA8FfvSgP,148828449308,1488.28449308,1
9ddbd12bad40fa487c8c0945a8f50474,2026-10-05,2026-10-05 07:43:01.000 UTC,453515164,5CHjLEcESN7VBX62ENrKaWqGWGp5gLKWtanZiFZRU4ipY7cBA6BvX4xUuezsUxpFPv9B1r2FusCSZSKJR4RuGqz6,transfer,29eV5LuZwwVaoufKr5ShBejYVP6N4JZ14U3M5rffXsjp,J3cdRYTeQAnZUhYRcVpk9abqEuRWTrtxb5fUbgh2aADn,6CypLSF6navn6qvRVpGBVKGd14QqDFK5fMPa9zAEFTBr,7r4TcfVhcYuuh3of8S8igoV7AeyNfwcnRhAaA8FfvSgP,148889160703,1488.89160703,1
0dd4ba59387708198d0cbd494905ebe6,2026-10-05,2026-10-05 07:43:01.000 UTC,453515164,5CHjLEcESN7VBX62ENrKaWqGWGp5gLKWtanZiFZRU4ipY7cBA6BvX4xUuezsUxpFPv9B1r2FusCSZSKJR4RuGqz6,transfer,GpMZbSM2GgvTKHJirzeGfMFoaZ8UR2X7F4v8vHTvxFbL,29eV5LuZwwVaoufKr5ShBejYVP6N4JZ14U3M5rffXsjp,GJrjTyjw8vEL4FUVVnKmfvYKZamyjNgwxxprciNkQ9AE,6CypLSF6navn6qvRVpGBVKGd14QqDFK5fMPa9zAEFTBr,148889160703,1488.89160703,1
c56c3a9099ce12edc9d0c098b77ed4d7,2026-10-05,2026-10-05 08:03:33.000 UTC,453519779,44b1M9xUVrw8Xk1ChzmKU14VN7o8n1YDTnDyrueQFxwQ1gpVbQPW7YfYZxJoAZd1KtgztTCN4wtcC1JboRR7vYEQ,transfer,D5YqVMoSxnqeZAKAUUE1Dm3bmjtdxQ5DCF356ozqN9cM,J3cdRYTeQAnZUhYRcVpk9abqEuRWTrtxb5fUbgh2aADn,2KJkRj5rk5ft92WTTT5NYQThgX6SHStiqsyffyhjDWb4,7r4TcfVhcYuuh3of8S8igoV7AeyNfwcnRhAaA8FfvSgP,192880119,1.92880119,1
8e3cf7a4133548feacb5e9d8c277ef3f,2026-10-05,2026-10-05 08:03:33.000 UTC,453519779,44b1M9xUVrw8Xk1ChzmKU14VN7o8n1YDTnDyrueQFxwQ1gpVbQPW7YfYZxJoAZd1KtgztTCN4wtcC1JboRR7vYEQ,transfer,2Q8tAc9nrQca3tE9KqhnVc9DiBsDPQyqY24rnbRVYv8E,D5YqVMoSxnqeZAKAUUE1Dm3bmjtdxQ5DCF356ozqN9cM,9UK3o1FSN5avmpNmuxkdJWT16YPRjNZ7WvYW3fCcjaw4,2KJkRj5rk5ft92WTTT5NYQThgX6SHStiqsyffyhjDWb4,192880119,1.92880119,1
c54e636bd4dd5a680af5ba5ed669c8fc,2026-10-05,2026-10-05 08:06:41.000 UTC,453520479,5aGHJAHgzg9MojaY7cArTFN2qLKE2LsGM2nF7M7RmHsmhJmdaEjtPeR9oYse4xbonkekag7NipiwLaUM7HdbwkgU,transfer,2Q8tAc9nrQca3tE9KqhnVc9DiBsDPQyqY24rnbRVYv8E,D5YqVMoSxnqeZAKAUUE1Dm3bmjtdxQ5DCF356ozqN9cM,9UK3o1FSN5avmpNmuxkdJWT16YPRjNZ7WvYW3fCcjaw4,2KJkRj5rk5ft92WTTT5NYQThgX6SHStiqsyffyhjDWb4,192638176,1.92638176,1
a6cef931ee430a6a59d61c81982007b6,2026-10-05,2026-10-05 08:06:41.000 UTC,453520479,5aGHJAHgzg9MojaY7cArTFN2qLKE2LsGM2nF7M7RmHsmhJmdaEjtPeR9oYse4xbonkekag7NipiwLaUM7HdbwkgU,transfer,D5YqVMoSxnqeZAKAUUE1Dm3bmjtdxQ5DCF356ozqN9cM,J3cdRYTeQAnZUhYRcVpk9abqEuRWTrtxb5fUbgh2aADn,2KJkRj5rk5ft92WTTT5NYQThgX6SHStiqsyffyhjDWb4,7r4TcfVhcYuuh3of8S8igoV7AeyNfwcnRhAaA8FfvSgP,192638176,1.92638176,1
ec5d96d5e495ff93418df65ec6ec2c8a,2026-10-05,2026-10-05 08:09:35.000 UTC,453521130,5AtVoCV9wgJScsBF2TdmY56cqtVSyicpDBKvTi9o6y2z5gPv1ztGXAVZDAzroSgkpQX29NPPtLHgNvY373S4phN2,transfer,D5YqVMoSxnqeZAKAUUE1Dm3bmjtdxQ5DCF356ozqN9cM,J3cdRYTeQAnZUhYRcVpk9abqEuRWTrtxb5fUbgh2aADn,2KJkRj5rk5ft92WTTT5NYQThgX6SHStiqsyffyhjDWb4,7r4TcfVhcYuuh3of8S8igoV7AeyNfwcnRhAaA8FfvSgP,192119531,1.92119531,1
e90443bababc45fcf63538e16c623322,2026-10-05,2026-10-05 08:09:35.000 UTC,453521130,5AtVoCV9wgJScsBF2TdmY56cqtVSyicpDBKvTi9o6y2z5gPv1ztGXAVZDAzroSgkpQX29NPPtLHgNvY373S4phN2,transfer,2Q8tAc9nrQca3tE9KqhnVc9DiBsDPQyqY24rnbRVYv8E,D5YqVMoSxnqeZAKAUUE1Dm3bmjtdxQ5DCF356ozqN9cM,9UK3o1FSN5avmpNmuxkdJWT16YPRjNZ7WvYW3fCcjaw4,2KJkRj5rk5ft92WTTT5NYQThgX6SHStiqsyffyhjDWb4,192119531,1.92119531,1
e409b3fadd60d39c1e6094fa372d80ac,2026-10-05,2026-10-05 08:34:32.000 UTC,453526754,434Hzbnr2hNhLN924GYWcvxJdMXkMa9xWrxEFvZ3yEHfmcMWJZKSzvGZZxm9Q96kr7ygmcJ1KjnXvf95KnbTtmpQ,transfer,2Q8tAc9nrQca3tE9KqhnVc9DiBsDPQyqY24rnbRVYv8E,7VhhRwUA1pHr2MRiaj1MkPz7SvJbUkfPv5Qa6nPHtjfN,9UK3o1FSN5avmpNmuxkdJWT16YPRjNZ7WvYW3fCcjaw4,28YGrutKisppCq1JoqcutXjchs8gp8t2y1d38TLxqgWL,0,0,1
e1264429c37fe83d0c70734e0011e2f0,2026-10-05,2026-10-05 09:21:10.000 UTC,453537226,4MzuXPN8QYm3GArC3a1kWHzPiBCpV13DSAVc5BCk8UrHxysW77XUSYwFA8rezWT7esz22JiEJMRztkXZz6p84Fgr,transfer,78Bo7xxGWBEvqbh3VMKvkFG4Z63cXKSJ2LCEXAanhN7a,J3cdRYTeQAnZUhYRcVpk9abqEuRWTrtxb5fUbgh2aADn,H4dF1Hr9YcAqNEUsfGVnxa9qL3dbgJ5fa6PaffqtR7UD,7r4TcfVhcYuuh3of8S8igoV7AeyNfwcnRhAaA8FfvSgP,67879858058,678.79858058,1
f300578021dcae8cfd4dfd6dd6caa344,2026-10-05,2026-10-05 09:21:10.000 UTC,453537226,4MzuXPN8QYm3GArC3a1kWHzPiBCpV13DSAVc5BCk8UrHxysW77XUSYwFA8rezWT7esz22JiEJMRztkXZz6p84Fgr,transfer,GpMZbSM2GgvTKHJirzeGfMFoaZ8UR2X7F4v8vHTvxFbL,78Bo7xxGWBEvqbh3VMKvkFG4Z63cXKSJ2LCEXAanhN7a,GJrjTyjw8vEL4FUVVnKmfvYKZamyjNgwxxprciNkQ9AE,H4dF1Hr9YcAqNEUsfGVnxa9qL3dbgJ5fa6PaffqtR7UD,67879858058,678.79858058,1
03a8d9bb4b7ae3e6793541cbbd6d28ef,2026-10-05,2026-10-05 09:43:38.000 UTC,453542298,2Hx6kZEYeetgHBNyUJe4oaSyiiu9EvDTxknJpiTXs1ZHPcurt1E6RyjiMgJzcEMMmdsZnBXLMpqS9wGm8w51QCG5,transfer,D5YqVMoSxnqeZAKAUUE1Dm3bmjtdxQ5DCF356ozqN9cM,J3cdRYTeQAnZUhYRcVpk9abqEuRWTrtxb5fUbgh2aADn,2KJkRj5rk5ft92WTTT5NYQThgX6SHStiqsyffyhjDWb4,7r4TcfVhcYuuh3of8S8igoV7AeyNfwcnRhAaA8FfvSgP,640184842,6.40184842,1
3f1cf36b0e12327ace0ab23cbb1db386,2026-10-05,2026-10-05 09:43:38.000 UTC,453542298,2Hx6kZEYeetgHBNyUJe4oaSyiiu9EvDTxknJpiTXs1ZHPcurt1E6RyjiMgJzcEMMmdsZnBXLMpqS9wGm8w51QCG5,transfer,2Q8tAc9nrQca3tE9KqhnVc9DiBsDPQyqY24rnbRVYv8E,D5YqVMoSxnqeZAKAUUE1Dm3bmjtdxQ5DCF356ozqN9cM,9UK3o1FSN5avmpNmuxkdJWT16YPRjNZ7WvYW3fCcjaw4,2KJkRj5rk5ft92WTTT5NYQThgX6SHStiqsyffyhjDWb4,640184842,6.40184842,1
cd3b8b910b1a9ba2dad59df1be83ee0e,2026-10-05,2026-10-05 09:46:06.000 UTC,453542852,2ABkrBtPkVxQLeE9Lzu7THWpn7i8JRYsYZkMC1ZRLZMUhAhLwaE9ZQ1siF9TBwWsB2LfgGkCSeEjGqASBvZzUefj,transfer,81RwTUf7ZvM5GpeG5q5aGemnxPQLzKAXEF6qPDzNQKDn,J3cdRYTeQAnZUhYRcVpk9abqEuRWTrtxb5fUbgh2aADn,95BGpzYf6m74RDhE6Y7pSVFPiBKuUvQhoDtf41nZUHcb,7r4TcfVhcYuuh3of8S8igoV7AeyNfwcnRhAaA8FfvSgP,114096813724,1140.96813724,1
d752bdb28a6b8a0311eae1e4a191b1e2,2026-10-05,2026-10-05 09:46:06.000 UTC,453542852,2ABkrBtPkVxQLeE9Lzu7THWpn7i8JRYsYZkMC1ZRLZMUhAhLwaE9ZQ1siF9TBwWsB2LfgGkCSeEjGqASBvZzUefj,transfer,GpMZbSM2GgvTKHJirzeGfMFoaZ8UR2X7F4v8vHTvxFbL,81RwTUf7ZvM5GpeG5q5aGemnxPQLzKAXEF6qPDzNQKDn,GJrjTyjw8vEL4FUVVnKmfvYKZamyjNgwxxprciNkQ9AE,95BGpzYf6m74RDhE6Y7pSVFPiBKuUvQhoDtf41nZUHcb,114096813724,1140.96813724,1
f72e03346ee80f256ae11eda63002034,2026-10-05,2026-10-05 12:08:00.000 UTC,453574739,3ric2tVDnvNtVHVeELspLrMdDdZLeajis9m5zD5sLVmta5BThX1A8JPL35THkS4CqcNE7kRxP3Lydp1u1hE2dw8D,transfer,AiesFKjW47NqUT1UHNZcnjL5GyC6SCmkeyUjXJLpVKYU,D5YqVMoSxnqeZAKAUUE1Dm3bmjtdxQ5DCF356ozqN9cM,9GrZVcSAc6avUKo4UrGJfzfpF4obzKvMTNEattLQ6BRW,2KJkRj5rk5ft92WTTT5NYQThgX6SHStiqsyffyhjDWb4,924209661607,9242.09661607,1
6e6e6e0b18f8c4b1005b815e58200a6e,2026-10-05,2026-10-05 12:08:00.000 UTC,453574739,3ric2tVDnvNtVHVeELspLrMdDdZLeajis9m5zD5sLVmta5BThX1A8JPL35THkS4CqcNE7kRxP3Lydp1u1hE2dw8D,transfer,D5YqVMoSxnqeZAKAUUE1Dm3bmjtdxQ5DCF356ozqN9cM,J3cdRYTeQAnZUhYRcVpk9abqEuRWTrtxb5fUbgh2aADn,2KJkRj5rk5ft92WTTT5NYQThgX6SHStiqsyffyhjDWb4,7r4TcfVhcYuuh3of8S8igoV7AeyNfwcnRhAaA8FfvSgP,924209661607,9242.09661607,1
29e93627668d2464937a781a546a98f6,2026-10-05,2026-10-05 12:11:08.000 UTC,453575438,4TEk69pDkKxXyMXET37ZHaa5Qgkf3V7NT7Ra6kxbwCDytkSht7y34N853j6ECWW3DGUT28pS5KJzyGnbQQUtQZjX,burn,26ooGGTHJwqr56cNg68oQge98LHw7Gq6HQw4grycFtEb,,6g8Hrb69iVPhnkjoWgdnX1ViB3zcSM2UoBSh9AcZRNQx,,4809983,0.04809983,1
fa8c53833206632283d987be9a41b333,2026-10-05,2026-10-05 12:20:33.000 UTC,453577552,4fY2mgKPpD5DDMSavsFTX571QRpUrig7DonxNrFzfiCVUk3HfAyJWp8eUXDPMv12eczTm4DXENPGFtcnZnoFr6fx,transfer,GpMZbSM2GgvTKHJirzeGfMFoaZ8UR2X7F4v8vHTvxFbL,81RwTUf7ZvM5GpeG5q5aGemnxPQLzKAXEF6qPDzNQKDn,GJrjTyjw8vEL4FUVVnKmfvYKZamyjNgwxxprciNkQ9AE,95BGpzYf6m74RDhE6Y7pSVFPiBKuUvQhoDtf41nZUHcb,177127097728,1771.27097728,1
35af963069ac0afa36e442e10a2c2bc9,2026-10-05,2026-10-05 12:20:33.000 UTC,453577552,4fY2mgKPpD5DDMSavsFTX571QRpUrig7DonxNrFzfiCVUk3HfAyJWp8eUXDPMv12eczTm4DXENPGFtcnZnoFr6fx,transfer,81RwTUf7ZvM5GpeG5q5aGemnxPQLzKAXEF6qPDzNQKDn,J3cdRYTeQAnZUhYRcVpk9abqEuRWTrtxb5fUbgh2aADn,95BGpzYf6m74RDhE6Y7pSVFPiBKuUvQhoDtf41nZUHcb,7r4TcfVhcYuuh3of8S8igoV7AeyNfwcnRhAaA8FfvSgP,177127097728,1771.27097728,1
7cf30a8d18b467ba134d572e5cce0a9b,2026-10-05,2026-10-05 12:38:43.000 UTC,453581636,5pyoSULHSFEw2ype1GbLWxKAnnFGzvPPtbhqohPDjzvwRH1X2BSM7jXYCMmyXrE85uxGNzKXATKZgZKrm4t6GWRw,transfer,GpMZbSM2GgvTKHJirzeGfMFoaZ8UR2X7F4v8vHTvxFbL,GxDC9e7SP9mzhDo4re5HbpLa2RW7gB9DtmThx4i4pXSq,GJrjTyjw8vEL4FUVVnKmfvYKZamyjNgwxxprciNkQ9AE,2QiaipXgmxVQdhS2kFeZJaNS2bQiBfhNGxKzqLJ6YrSs,434263806985,4342.63806985,1
cae30f22add9ace5444a33401b53c601,2026-10-05,2026-10-05 12:38:43.000 UTC,453581636,5pyoSULHSFEw2ype1GbLWxKAnnFGzvPPtbhqohPDjzvwRH1X2BSM7jXYCMmyXrE85uxGNzKXATKZgZKrm4t6GWRw,transfer,GxDC9e7SP9mzhDo4re5HbpLa2RW7gB9DtmThx4i4pXSq,J3cdRYTeQAnZUhYRcVpk9abqEuRWTrtxb5fUbgh2aADn,2QiaipXgmxVQdhS2kFeZJaNS2bQiBfhNGxKzqLJ6YrSs,7r4TcfVhcYuuh3of8S8igoV7AeyNfwcnRhAaA8FfvSgP,434263806985,4342.63806985,1
1f8d7206f5d942e2312f02967397fd3c,2026-10-05,2026-10-05 12:40:38.000 UTC,453582065,4JBM8mBbKmV6XipAjbMB4Xet8kCmhpu5DdEckHQFNNykTAJ1md4S6Wm3tzLRvSPt3PAmG1NpCDaYXEBowYKUfqoz,burn,3BYffMWkY93hB5rYdEQaeDxVgP6M1hJ4FxvpWewTVdV9,,5nYVRyNJmPt7AuhPN8GqU9jMWV3oUDxTXfAk5HdA1xRU,,20070360,0.2007036,1
33d5e15b48e282199566be2687d0765f,2026-10-05,2026-10-05 12:42:36.000 UTC,453582513,3GjPqeor2UaBt1QTBaqs9tztjV5Dy7szLscsXrDmqCVDvhzGZn8DBVi4YfVwEsJM4WhehqsUHva9iHQB8Q2X3x1w,transfer,GxDC9e7SP9mzhDo4re5HbpLa2RW7gB9DtmThx4i4pXSq,GpMZbSM2GgvTKHJirzeGfMFoaZ8UR2X7F4v8vHTvxFbL,2QiaipXgmxVQdhS2kFeZJaNS2bQiBfhNGxKzqLJ6YrSs,35hKKpdPTy495wFTybw5wajHp4ZNSyQA5KZXd7cN9hB7,48613822519,486.13822519,1
0a9471f1499cd388b5f44a5a61fc6104,2026-10-05,2026-10-05 12:42:36.000 UTC,453582513,3GjPqeor2UaBt1QTBaqs9tztjV5Dy7szLscsXrDmqCVDvhzGZn8DBVi4YfVwEsJM4WhehqsUHva9iHQB8Q2X3x1w,transfer,GpMZbSM2GgvTKHJirzeGfMFoaZ8UR2X7F4v8vHTvxFbL,GxDC9e7SP9mzhDo4re5HbpLa2RW7gB9DtmThx4i4pXSq,GJrjTyjw8vEL4FUVVnKmfvYKZamyjNgwxxprciNkQ9AE,2QiaipXgmxVQdhS2kFeZJaNS2bQiBfhNGxKzqLJ6YrSs,48613822519,486.13822519,1
f66d4ad1775dcdf77d70e02c83c58a6d,2026-10-05,2026-10-05 12:43:29.000 UTC,453582705,3KpaT1qczijCKaqgunE7nVEYsC5YjAB1D9qaoo8VtJya1znoK1rCL7if3eemHu83UFWZjZaFu22SoxbrtUv9csWH,transfer,81RwTUf7ZvM5GpeG5q5aGemnxPQLzKAXEF6qPDzNQKDn,J3cdRYTeQAnZUhYRcVpk9abqEuRWTrtxb5fUbgh2aADn,95BGpzYf6m74RDhE6Y7pSVFPiBKuUvQhoDtf41nZUHcb,7r4TcfVhcYuuh3of8S8igoV7AeyNfwcnRhAaA8FfvSgP,223842533202,2238.42533202,1
c01bf0dcd307e802d5f5cc8f6795da42,2026-10-05,2026-10-05 12:43:29.000 UTC,453582705,3KpaT1qczijCKaqgunE7nVEYsC5YjAB1D9qaoo8VtJya1znoK1rCL7if3eemHu83UFWZjZaFu22SoxbrtUv9csWH,transfer,GpMZbSM2GgvTKHJirzeGfMFoaZ8UR2X7F4v8vHTvxFbL,81RwTUf7ZvM5GpeG5q5aGemnxPQLzKAXEF6qPDzNQKDn,GJrjTyjw8vEL4FUVVnKmfvYKZamyjNgwxxprciNkQ9AE,95BGpzYf6m74RDhE6Y7pSVFPiBKuUvQhoDtf41nZUHcb,223842533202,2238.42533202,1
7edaa4958174a2b5d20685f254829d93,2026-10-05,2026-10-05 14:19:01.000 UTC,453604113,ydPBCsJ1tcjsHqmzDmd9CJgxzeM3VnMpMo3Mw5tWfNgznUaEgYG3f5M3yy5WNroPciGQ5NYr3GFpxEh3WruccLu,transfer,D5YqVMoSxnqeZAKAUUE1Dm3bmjtdxQ5DCF356ozqN9cM,GpMZbSM2GgvTKHJirzeGfMFoaZ8UR2X7F4v8vHTvxFbL,2KJkRj5rk5ft92WTTT5NYQThgX6SHStiqsyffyhjDWb4,35hKKpdPTy495wFTybw5wajHp4ZNSyQA5KZXd7cN9hB7,1022347760,10.2234776,1
bbb6d4ff34b87b4e790f9b087bfd7d3b,2026-10-05,2026-10-05 14:19:01.000 UTC,453604113,ydPBCsJ1tcjsHqmzDmd9CJgxzeM3VnMpMo3Mw5tWfNgznUaEgYG3f5M3yy5WNroPciGQ5NYr3GFpxEh3WruccLu,transfer,2Q8tAc9nrQca3tE9KqhnVc9DiBsDPQyqY24rnbRVYv8E,D5YqVMoSxnqeZAKAUUE1Dm3bmjtdxQ5DCF356ozqN9cM,9UK3o1FSN5avmpNmuxkdJWT16YPRjNZ7WvYW3fCcjaw4,2KJkRj5rk5ft92WTTT5NYQThgX6SHStiqsyffyhjDWb4,1022347760,10.2234776,1
deaafb899da98f98ac6b194cf14be961,2026-10-05,2026-10-05 14:51:47.000 UTC,453611412,5jRsLj4AoAJE3hHACGZmKysp56u5AdHWhmdt3AC94haajBj3mcQs895A3H7HRoH4js6bcWuRkryWAvbwKu49jeT1,transfer,HTmUCEu1nTupigpytY5QYdW6rKzZ3VZ1k8G9ynoCDWd,J3cdRYTeQAnZUhYRcVpk9abqEuRWTrtxb5fUbgh2aADn,ETttZDUbLgkEhg9ybRQHKtuXt5vEyCca4g69tpHAdjX3,7r4TcfVhcYuuh3of8S8igoV7AeyNfwcnRhAaA8FfvSgP,4172582276773,41725.82276773,1
bc3648ae3e652d53ec90c60701e36564,2026-10-05,2026-10-05 14:51:47.000 UTC,453611412,5jRsLj4AoAJE3hHACGZmKysp56u5AdHWhmdt3AC94haajBj3mcQs895A3H7HRoH4js6bcWuRkryWAvbwKu49jeT1,transfer,HTmUCEu1nTupigpytY5QYdW6rKzZ3VZ1k8G9ynoCDWd,GpMZbSM2GgvTKHJirzeGfMFoaZ8UR2X7F4v8vHTvxFbL,ETttZDUbLgkEhg9ybRQHKtuXt5vEyCca4g69tpHAdjX3,35hKKpdPTy495wFTybw5wajHp4ZNSyQA5KZXd7cN9hB7,871032224367,8710.32224367,1
3ac19899ae2f2971bae732ff0e06ba61,2026-10-05,2026-10-05 14:53:35.000 UTC,453611814,5uGGKrQqFu1Lnpub4tYJRFhdEPgo2KTCeEuCooCzA8oSodDQ4vDbrk3fGH3e7tomKhedLPFWTbvMH8uWTZx2mhzt,transfer,J3cdRYTeQAnZUhYRcVpk9abqEuRWTrtxb5fUbgh2aADn,GGztQqQ6pCPaJQnNpXBgELr5cs3WwDakRbh1iEMzjgSJ,7r4TcfVhcYuuh3of8S8igoV7AeyNfwcnRhAaA8FfvSgP,GAGPmq9W6rjGFQEa7qsaPycAyuG6q3gAL8Xv7Po3GpoE,8303673790041,83036.73790041,1
6556ef100834a5f2820a07fdbc248260,2026-10-05,2026-10-05 14:53:35.000 UTC,453611814,5uGGKrQqFu1Lnpub4tYJRFhdEPgo2KTCeEuCooCzA8oSodDQ4vDbrk3fGH3e7tomKhedLPFWTbvMH8uWTZx2mhzt,transfer,GGztQqQ6pCPaJQnNpXBgELr5cs3WwDakRbh1iEMzjgSJ,5QsyByFVJcg7oN76Ma26KEDFQdHt1tsiVExK94zURzfd,GAGPmq9W6rjGFQEa7qsaPycAyuG6q3gAL8Xv7Po3GpoE,8joUsyKkRQzxUWHwuXjLAnnxdR8q4yy6VicKt2mJFCPC,8303673790041,83036.73790041,1
437f44de17d8d7d92f92f54c24481182,2026-10-05,2026-10-05 14:53:47.000 UTC,453611860,3s2GcaozPTNBNyMYKzcTB2DvLv4a5Zo8j5xG9tJ9jL1rp6TtjRygepcENs87VE6adFwDeNeizwhX1TgjsftZiVda,burn,5QsyByFVJcg7oN76Ma26KEDFQdHt1tsiVExK94zURzfd,,8joUsyKkRQzxUWHwuXjLAnnxdR8q4yy6VicKt2mJFCPC,,9087531596722,90875.31596722,1
4c02f291d496cf2c732226f4985754ed,2026-10-05,2026-10-05 14:54:05.000 UTC,453611928,4MtNhTKPS9mMXpj9SYinQDx7vWMvAMwJbwK6v6mjLbgKmXWWuNLv4PVitBjmZQdmmWX3WfLQh929WBvxJoFhReNB,transfer,81RwTUf7ZvM5GpeG5q5aGemnxPQLzKAXEF6qPDzNQKDn,J3cdRYTeQAnZUhYRcVpk9abqEuRWTrtxb5fUbgh2aADn,95BGpzYf6m74RDhE6Y7pSVFPiBKuUvQhoDtf41nZUHcb,7r4TcfVhcYuuh3of8S8igoV7AeyNfwcnRhAaA8FfvSgP,475478154067,4754.78154067,1
14a18639889aa8c69382638521a4715e,2026-10-05,2026-10-05 14:54:05.000 UTC,453611928,4MtNhTKPS9mMXpj9SYinQDx7vWMvAMwJbwK6v6mjLbgKmXWWuNLv4PVitBjmZQdmmWX3WfLQh929WBvxJoFhReNB,transfer,GpMZbSM2GgvTKHJirzeGfMFoaZ8UR2X7F4v8vHTvxFbL,81RwTUf7ZvM5GpeG5q5aGemnxPQLzKAXEF6qPDzNQKDn,35hKKpdPTy495wFTybw5wajHp4ZNSyQA5KZXd7cN9hB7,95BGpzYf6m74RDhE6Y7pSVFPiBKuUvQhoDtf41nZUHcb,475478154067,4754.78154067,1
50c629b07b2429688ff98880c80bef9a,2026-10-05,2026-10-05 14:54:36.000 UTC,453612044,CvKSzsEWXsr9vVcoBF5dQZQmvMN3eE3XzuEB5jzjRrq6pXFggk9hEemLE7eu1E9YMH3Rxh5J7Df7tgCH5J5AZnM,transfer,GpMZbSM2GgvTKHJirzeGfMFoaZ8UR2X7F4v8vHTvxFbL,CrZD39mqZfxBRTJX716fcpnjHoCF2XdUrcZ4FUkPYRcr,35hKKpdPTy495wFTybw5wajHp4ZNSyQA5KZXd7cN9hB7,5GguQ843EmpY9adRo3W7rohPbStXRVVFLbkHWUj9ST39,135833026851,1358.33026851,1
5477ad159ef6f91b611b8c1ada279f96,2026-10-05,2026-10-05 14:54:36.000 UTC,453612044,CvKSzsEWXsr9vVcoBF5dQZQmvMN3eE3XzuEB5jzjRrq6pXFggk9hEemLE7eu1E9YMH3Rxh5J7Df7tgCH5J5AZnM,transfer,CrZD39mqZfxBRTJX716fcpnjHoCF2XdUrcZ4FUkPYRcr,J3cdRYTeQAnZUhYRcVpk9abqEuRWTrtxb5fUbgh2aADn,5GguQ843EmpY9adRo3W7rohPbStXRVVFLbkHWUj9ST39,7r4TcfVhcYuuh3of8S8igoV7AeyNfwcnRhAaA8FfvSgP,135833026851,1358.33026851,1
67b64e43037302719b522f924b1298a4,2026-10-05,2026-10-05 15:06:45.000 UTC,453614697,2eBFFY3Cpqwba4vN3XXRczUXE8HTZPdfoiVQA2DQYs1aYaJ32hQeU9vk8kBsNF6b2R1WKou8scmv6iMaELHDJi7z,transfer,GpMZbSM2GgvTKHJirzeGfMFoaZ8UR2X7F4v8vHTvxFbL,CrZD39mqZfxBRTJX716fcpnjHoCF2XdUrcZ4FUkPYRcr,35hKKpdPTy495wFTybw5wajHp4ZNSyQA5KZXd7cN9hB7,5GguQ843EmpY9adRo3W7rohPbStXRVVFLbkHWUj9ST39,100750987782,1007.50987782,1
217b533ab40d52441e71a9456386179e,2026-10-05,2026-10-05 15:06:45.000 UTC,453614697,2eBFFY3Cpqwba4vN3XXRczUXE8HTZPdfoiVQA2DQYs1aYaJ32hQeU9vk8kBsNF6b2R1WKou8scmv6iMaELHDJi7z,transfer,CrZD39mqZfxBRTJX716fcpnjHoCF2XdUrcZ4FUkPYRcr,J3cdRYTeQAnZUhYRcVpk9abqEuRWTrtxb5fUbgh2aADn,5GguQ843EmpY9adRo3W7rohPbStXRVVFLbkHWUj9ST39,7r4TcfVhcYuuh3of8S8igoV7AeyNfwcnRhAaA8FfvSgP,100750987782,1007.50987782,1
ca6c4289ba678dea17ae80a2e9a99e02,2026-10-05,2026-10-05 15:06:45.000 UTC,453614697,3yJgiJSaF6aapR3CPE9mkqUUesJC2soWjnkYaAGbeLuRNkK2UwUqWKB9y38LyL1xmjV3mhUnGg1o6soK91tGyd78,transfer,6U91aKa8pmMxkJwBCfPTmUEfZi6dHe7DcFq2ALvB2tbB,5QsyByFVJcg7oN76Ma26KEDFQdHt1tsiVExK94zURzfd,8jk4ipjSrvk52xtLa13BCPXLgfYQNc9xgraHi49WPNSu,8joUsyKkRQzxUWHwuXjLAnnxdR8q4yy6VicKt2mJFCPC,1384422074318,13844.22074318,1
fa00a68bbed63393ee521c7ed30d96a2,2026-10-05,2026-10-05 15:06:45.000 UTC,453614697,3yJgiJSaF6aapR3CPE9mkqUUesJC2soWjnkYaAGbeLuRNkK2UwUqWKB9y38LyL1xmjV3mhUnGg1o6soK91tGyd78,transfer,J3cdRYTeQAnZUhYRcVpk9abqEuRWTrtxb5fUbgh2aADn,6U91aKa8pmMxkJwBCfPTmUEfZi6dHe7DcFq2ALvB2tbB,7r4TcfVhcYuuh3of8S8igoV7AeyNfwcnRhAaA8FfvSgP,8jk4ipjSrvk52xtLa13BCPXLgfYQNc9xgraHi49WPNSu,1384422074318,13844.22074318,1
2a3f68c45ed3e4387f1c66354c7b102a,2026-10-05,2026-10-05 15:07:10.000 UTC,453614789,369tRBMu3ncYHpLzwsqmz3JyDkLBjxoarwUSQhyGpy83ewuiRMoQGMfW99siTar8evmu62wTdb7qJk8MoXnGcBtC,transfer,5QsyByFVJcg7oN76Ma26KEDFQdHt1tsiVExK94zURzfd,GpMZbSM2GgvTKHJirzeGfMFoaZ8UR2X7F4v8vHTvxFbL,8joUsyKkRQzxUWHwuXjLAnnxdR8q4yy6VicKt2mJFCPC,35hKKpdPTy495wFTybw5wajHp4ZNSyQA5KZXd7cN9hB7,581527047117,5815.27047117,1
c13e79dd283e47f1c207dfd558956948,2026-10-05,2026-10-05 17:15:07.000 UTC,453643329,3qnLQ3dRJq9YVm99jXz1nNSvjfZ3B8ZW9r1NizKY6BiDRfWynMKxjQgnxb3bEqVRRxdBZT9FVcPiHDcbfw17rwyx,transfer,GpMZbSM2GgvTKHJirzeGfMFoaZ8UR2X7F4v8vHTvxFbL,FUBVxWEmxHbm3H9TbLgEQQ6d8bvsdw4sgkNJysFeSLRG,GJrjTyjw8vEL4FUVVnKmfvYKZamyjNgwxxprciNkQ9AE,FuiUWR4eoEAFGKMrLHZw48876vYGLnMQ3YjEkyisy8gB,66890933400,668.909334,1
6b7ed82dd3475b77e6f3dce320884213,2026-10-05,2026-10-05 17:15:07.000 UTC,453643329,3qnLQ3dRJq9YVm99jXz1nNSvjfZ3B8ZW9r1NizKY6BiDRfWynMKxjQgnxb3bEqVRRxdBZT9FVcPiHDcbfw17rwyx,transfer,FUBVxWEmxHbm3H9TbLgEQQ6d8bvsdw4sgkNJysFeSLRG,J3cdRYTeQAnZUhYRcVpk9abqEuRWTrtxb5fUbgh2aADn,FuiUWR4eoEAFGKMrLHZw48876vYGLnMQ3YjEkyisy8gB,7r4TcfVhcYuuh3of8S8igoV7AeyNfwcnRhAaA8FfvSgP,66890933400,668.909334,1
a5e4acc4ed99f0acf608aacb5d894946,2026-10-05,2026-10-05 17:15:07.000 UTC,453643329,66ZrK6LPEG8f3Q1SVmbxh7DSWeExzi7fWjCEUPQcbCFtdPBNApHRUf842HJacdXbyvj316WQetUxhMzS4yXKfcpn,transfer,J3cdRYTeQAnZUhYRcVpk9abqEuRWTrtxb5fUbgh2aADn,4xDsmeTWPNjgSVSS1VTfzFq3iHZhp77ffPkAmkZkdu71,7r4TcfVhcYuuh3of8S8igoV7AeyNfwcnRhAaA8FfvSgP,6nh19xY4eR2QWhKG1xbsLALzu1bXaaDi8JuRyPpgTTmx,8280124514879,82801.24514879,1
37ba3e487f0c0551db892b63862d3e5a,2026-10-05,2026-10-05 17:15:07.000 UTC,453643329,66ZrK6LPEG8f3Q1SVmbxh7DSWeExzi7fWjCEUPQcbCFtdPBNApHRUf842HJacdXbyvj316WQetUxhMzS4yXKfcpn,transfer,4xDsmeTWPNjgSVSS1VTfzFq3iHZhp77ffPkAmkZkdu71,5QsyByFVJcg7oN76Ma26KEDFQdHt1tsiVExK94zURzfd,6nh19xY4eR2QWhKG1xbsLALzu1bXaaDi8JuRyPpgTTmx,8joUsyKkRQzxUWHwuXjLAnnxdR8q4yy6VicKt2mJFCPC,8280124514879,82801.24514879,1
6b4e30a7c18b1ddd99ba2e8b614c78bb,2026-10-05,2026-10-05 17:15:07.000 UTC,453643329,Cm4WP7PHSLEfrNZh8vrZWWf32kFBohLphJLCkkxVbWa44yMqUKKrrdLeRrmXTtiYpCu4bw4Uw2tB1XmKGfGkKZP,transfer,6AGp6zbGNuyZpmzeswv9KCNU15Rf37UQDqDqFAeHmS8d,J3cdRYTeQAnZUhYRcVpk9abqEuRWTrtxb5fUbgh2aADn,8Xb4D7VQDEj872ZsUwjStnk1icrhj2u9rQytS9fF9AZL,7r4TcfVhcYuuh3of8S8igoV7AeyNfwcnRhAaA8FfvSgP,248365645790,2483.6564579,1
6d1ecb6d7005cee1f98730746804b9a7,2026-10-05,2026-10-05 17:15:07.000 UTC,453643329,Cm4WP7PHSLEfrNZh8vrZWWf32kFBohLphJLCkkxVbWa44yMqUKKrrdLeRrmXTtiYpCu4bw4Uw2tB1XmKGfGkKZP,transfer,GpMZbSM2GgvTKHJirzeGfMFoaZ8UR2X7F4v8vHTvxFbL,6AGp6zbGNuyZpmzeswv9KCNU15Rf37UQDqDqFAeHmS8d,35hKKpdPTy495wFTybw5wajHp4ZNSyQA5KZXd7cN9hB7,8Xb4D7VQDEj872ZsUwjStnk1icrhj2u9rQytS9fF9AZL,248365645790,2483.6564579,1
ec618f59aba27cc8f0b100aa88aa2328,2026-10-05,2026-10-05 17:15:19.000 UTC,453643371,2putuGrdyVK34jJVR4DDEv8qc4h98TVJaXe5UzwbhbF541aUbDTkpaQ1gGyL81Lfu5TzKjMxZdoKFQfa9RTKnDbu,burn,5QsyByFVJcg7oN76Ma26KEDFQdHt1tsiVExK94zURzfd,,8joUsyKkRQzxUWHwuXjLAnnxdR8q4yy6VicKt2mJFCPC,,9083019542080,90830.1954208,1
dd718b5dd9fd600352fcaced78c73003,2026-10-05,2026-10-05 17:19:45.000 UTC,453644365,5yM7mKgg93EiegVmF4qZXYrumS7EKX3GD2baf8txGXiKhetzt2yorS1DwFau7aGgGBY5Jdu5EZp4SYcNYgnJbfDz,transfer,8L2y55D11k63CAftvW7uMM2mBhtMxLoLnivG9uY2bt8j,J3cdRYTeQAnZUhYRcVpk9abqEuRWTrtxb5fUbgh2aADn,HMM7irT5srZyM5LaAekNzEkQLQFkniNZdBxAvVvfBDxX,7r4TcfVhcYuuh3of8S8igoV7AeyNfwcnRhAaA8FfvSgP,152730926850,1527.3092685,1
ebfb1936d30ffc52191e3e4c0a9009a5,2026-10-05,2026-10-05 17:19:45.000 UTC,453644365,5yM7mKgg93EiegVmF4qZXYrumS7EKX3GD2baf8txGXiKhetzt2yorS1DwFau7aGgGBY5Jdu5EZp4SYcNYgnJbfDz,transfer,GpMZbSM2GgvTKHJirzeGfMFoaZ8UR2X7F4v8vHTvxFbL,8L2y55D11k63CAftvW7uMM2mBhtMxLoLnivG9uY2bt8j,GJrjTyjw8vEL4FUVVnKmfvYKZamyjNgwxxprciNkQ9AE,HMM7irT5srZyM5LaAekNzEkQLQFkniNZdBxAvVvfBDxX,152730926850,1527.3092685,1
00615606d4d3ee5f080674d1d8bad603,2026-10-05,2026-10-05 17:20:15.000 UTC,453644477,4afxf3Fm8nEnEyubQWpfpcPuX17S8tgfDUYGyHeCxQaA478PCd7SqNtc9iLjTZJC8TvD5ugGudA4tYmXY1FrZw1d,transfer,GpMZbSM2GgvTKHJirzeGfMFoaZ8UR2X7F4v8vHTvxFbL,ESuvjvsQtjuxC4XGsDeMhx8Wp5yjQcCFGncGhupcJbg8,35hKKpdPTy495wFTybw5wajHp4ZNSyQA5KZXd7cN9hB7,Ca7ReVakXwC2k3zznXsiiSY1PkKDW8Nk3Rh986zKmWzb,80126649246,801.26649246,1
0c4ace8581e6040f0ccdec3a2edbb7a1,2026-10-05,2026-10-05 17:20:15.000 UTC,453644477,4afxf3Fm8nEnEyubQWpfpcPuX17S8tgfDUYGyHeCxQaA478PCd7SqNtc9iLjTZJC8TvD5ugGudA4tYmXY1FrZw1d,transfer,ESuvjvsQtjuxC4XGsDeMhx8Wp5yjQcCFGncGhupcJbg8,J3cdRYTeQAnZUhYRcVpk9abqEuRWTrtxb5fUbgh2aADn,Ca7ReVakXwC2k3zznXsiiSY1PkKDW8Nk3Rh986zKmWzb,7r4TcfVhcYuuh3of8S8igoV7AeyNfwcnRhAaA8FfvSgP,80126649246,801.26649246,1
78dd304f993bc13293ff3e37f73077a5,2026-10-05,2026-10-05 17:28:53.000 UTC,453646389,3NrhtMFX1fzTGctfb1LWT7vdusLdWGUi9DR2UiEwak8wo5xoBejmeGfPcG6ak4FqWZJ6x5trj9x8EUTD4kfo3BLi,transfer,2MFoS3MPtvyQ4Wh4M9pdfPjz6UhVoNbFbGJAskCPCj3h,5QsyByFVJcg7oN76Ma26KEDFQdHt1tsiVExK94zURzfd,34Wr317ozaKQEG1pL43nQEmnD97aN1PgDr7DBJFL3Gem,8joUsyKkRQzxUWHwuXjLAnnxdR8q4yy6VicKt2mJFCPC,1373196830055,13731.96830055,1
adcda66de4d3a4c0c89bea60ff0d195b,2026-10-05,2026-10-05 17:28:53.000 UTC,453646389,3NrhtMFX1fzTGctfb1LWT7vdusLdWGUi9DR2UiEwak8wo5xoBejmeGfPcG6ak4FqWZJ6x5trj9x8EUTD4kfo3BLi,transfer,J3cdRYTeQAnZUhYRcVpk9abqEuRWTrtxb5fUbgh2aADn,2MFoS3MPtvyQ4Wh4M9pdfPjz6UhVoNbFbGJAskCPCj3h,7r4TcfVhcYuuh3of8S8igoV7AeyNfwcnRhAaA8FfvSgP,34Wr317ozaKQEG1pL43nQEmnD97aN1PgDr7DBJFL3Gem,1373196830055,13731.96830055,1
4d27e1ab7d52f96b237ddc0bd8b0474b,2026-10-05,2026-10-05 17:29:16.000 UTC,453646475,zgLj8TmAC86THvS4NLdW2EB6dTeYkG7Aemon99PmENMcGRzLDJ15YBrWSDC5SCKMsWEi7vZtyxcoMJuLAcv7yrk,transfer,5QsyByFVJcg7oN76Ma26KEDFQdHt1tsiVExK94zURzfd,GpMZbSM2GgvTKHJirzeGfMFoaZ8UR2X7F4v8vHTvxFbL,8joUsyKkRQzxUWHwuXjLAnnxdR8q4yy6VicKt2mJFCPC,35hKKpdPTy495wFTybw5wajHp4ZNSyQA5KZXd7cN9hB7,580128136522,5801.28136522,1
920f7dca0cb67a5b2c917e1cb8daf36c,2026-10-05,2026-10-05 18:10:55.000 UTC,453655744,fXYaaX23DWwHDRtZGtFAAGBAQj8rwEmgxoWrUu9K7KafjJmU4i9erZmEprqwMffxVSxZUxwewiaR1az5UqshKsA,burn,BH4fUbDTsFJ9815FPYQ2tCzG4wxm1tN7E74nKtnzPYQD,,EJ2A4YAT5ByUdDGhBNNhUeVdxbMd9dU9i4YcmR89Whx4,,539249483,5.39249483,1
c12f3b7b4f49f59f3c97da32271532c9,2026-10-05,2026-10-05 18:37:24.000 UTC,453661658,61UWWYQt2vuUrnsxEHhtmKZntqH9NGZk94WkLJXnE4CdzDe6xKYEuCYzzpKhmQa9g4LkqieuEQfNzweugHCr6T1Z,transfer,ATmkAJuCP117WTRLXZ9L5SBrMJpkcQoSGDgNf7rhGMaV,J3cdRYTeQAnZUhYRcVpk9abqEuRWTrtxb5fUbgh2aADn,DRer9YXxFkXJBKsb7R6c7xgt1uRgku6WbNwMcMisbyQN,7r4TcfVhcYuuh3of8S8igoV7AeyNfwcnRhAaA8FfvSgP,333300000000,3333,1
4c8652408d57a66d5317ce3b5292ca77,2026-10-05,2026-10-05 18:42:53.000 UTC,453662865,Gv7mu3a4JpaV7e3pBq74gLA1wCG6edihbcBR1fpq4RTQLAxwyhQxijqZcynWWgK7mnuknTDAWmAQx4S2yGjRWfJ,transfer,2Q8tAc9nrQca3tE9KqhnVc9DiBsDPQyqY24rnbRVYv8E,D5YqVMoSxnqeZAKAUUE1Dm3bmjtdxQ5DCF356ozqN9cM,9UK3o1FSN5avmpNmuxkdJWT16YPRjNZ7WvYW3fCcjaw4,2KJkRj5rk5ft92WTTT5NYQThgX6SHStiqsyffyhjDWb4,894681757,8.94681757,1
c33aa97cb10fb24173398be0881405ba,2026-10-05,2026-10-05 18:42:53.000 UTC,453662865,Gv7mu3a4JpaV7e3pBq74gLA1wCG6edihbcBR1fpq4RTQLAxwyhQxijqZcynWWgK7mnuknTDAWmAQx4S2yGjRWfJ,transfer,D5YqVMoSxnqeZAKAUUE1Dm3bmjtdxQ5DCF356ozqN9cM,J3cdRYTeQAnZUhYRcVpk9abqEuRWTrtxb5fUbgh2aADn,2KJkRj5rk5ft92WTTT5NYQThgX6SHStiqsyffyhjDWb4,7r4TcfVhcYuuh3of8S8igoV7AeyNfwcnRhAaA8FfvSgP,894681757,8.94681757,1
ad42839fc1c2ff59463f30d2775f60fc,2026-10-05,2026-10-05 18:47:14.000 UTC,453663829,4VVDi6dENCP7Xosnf2WEqsjetfFxvVoqhEZ5ojzyWaF7HUf747LdjBiNRnCiYHo8haFqoPw46mqmRs5mwiHohH7G,transfer,GpMZbSM2GgvTKHJirzeGfMFoaZ8UR2X7F4v8vHTvxFbL,78Bo7xxGWBEvqbh3VMKvkFG4Z63cXKSJ2LCEXAanhN7a,GJrjTyjw8vEL4FUVVnKmfvYKZamyjNgwxxprciNkQ9AE,H4dF1Hr9YcAqNEUsfGVnxa9qL3dbgJ5fa6PaffqtR7UD,63408745161,634.08745161,1
f56b3d85df3ac9e9a86e54439d41c328,2026-10-05,2026-10-05 18:47:14.000 UTC,453663829,4VVDi6dENCP7Xosnf2WEqsjetfFxvVoqhEZ5ojzyWaF7HUf747LdjBiNRnCiYHo8haFqoPw46mqmRs5mwiHohH7G,transfer,78Bo7xxGWBEvqbh3VMKvkFG4Z63cXKSJ2LCEXAanhN7a,J3cdRYTeQAnZUhYRcVpk9abqEuRWTrtxb5fUbgh2aADn,H4dF1Hr9YcAqNEUsfGVnxa9qL3dbgJ5fa6PaffqtR7UD,7r4TcfVhcYuuh3of8S8igoV7AeyNfwcnRhAaA8FfvSgP,63408745161,634.08745161,1
d4f35b3009cb839b5d766163c3780db2,2026-10-05,2026-10-05 19:02:48.000 UTC,453667305,63aQLFjBvUCYpvUuLksNJQmTPpWp7giuPRHdG2rrAo7SupbFifX6MLGKkexSutGupiptrszn5EYqtuDYB4LsgCMb,transfer,GpMZbSM2GgvTKHJirzeGfMFoaZ8UR2X7F4v8vHTvxFbL,78Bo7xxGWBEvqbh3VMKvkFG4Z63cXKSJ2LCEXAanhN7a,GJrjTyjw8vEL4FUVVnKmfvYKZamyjNgwxxprciNkQ9AE,H4dF1Hr9YcAqNEUsfGVnxa9qL3dbgJ5fa6PaffqtR7UD,48653232478,486.53232478,1
7d30d1bfe7f1145379fe671efa56c158,2026-10-05,2026-10-05 19:02:48.000 UTC,453667305,63aQLFjBvUCYpvUuLksNJQmTPpWp7giuPRHdG2rrAo7SupbFifX6MLGKkexSutGupiptrszn5EYqtuDYB4LsgCMb,transfer,78Bo7xxGWBEvqbh3VMKvkFG4Z63cXKSJ2LCEXAanhN7a,J3cdRYTeQAnZUhYRcVpk9abqEuRWTrtxb5fUbgh2aADn,H4dF1Hr9YcAqNEUsfGVnxa9qL3dbgJ5fa6PaffqtR7UD,7r4TcfVhcYuuh3of8S8igoV7AeyNfwcnRhAaA8FfvSgP,48653232478,486.53232478,1
fd8cb23b7946b60bfcfdbfc96cabd8dd,2026-10-05,2026-10-05 19:03:23.000 UTC,453667432,5dnrtmjRGhBJkHcrsL3wLn1BKKCAfY2M7rDLbgJVYPaDNS9VFg9axitDk46aKpX7gQ9P7FWV4ZGiqhvriDj57To2,transfer,GpMZbSM2GgvTKHJirzeGfMFoaZ8UR2X7F4v8vHTvxFbL,BSfQT2AmdxQfpsGQANrcYEUcwta5PWuTfBkHxqsZ3Gz8,GJrjTyjw8vEL4FUVVnKmfvYKZamyjNgwxxprciNkQ9AE,4C5UhQAcVqQxVizAfKMuB1nVqBKZPcekVreKbJ1i8u3Z,294517997466,2945.17997466,1
3939a0d2cc63eb512044e240380eb4a2,2026-10-05,2026-10-05 19:03:23.000 UTC,453667432,5dnrtmjRGhBJkHcrsL3wLn1BKKCAfY2M7rDLbgJVYPaDNS9VFg9axitDk46aKpX7gQ9P7FWV4ZGiqhvriDj57To2,transfer,BSfQT2AmdxQfpsGQANrcYEUcwta5PWuTfBkHxqsZ3Gz8,J3cdRYTeQAnZUhYRcVpk9abqEuRWTrtxb5fUbgh2aADn,4C5UhQAcVqQxVizAfKMuB1nVqBKZPcekVreKbJ1i8u3Z,7r4TcfVhcYuuh3of8S8igoV7AeyNfwcnRhAaA8FfvSgP,294517997466,2945.17997466,1
d1268e8ec01ec3eb2e6ca8e0d162cb62,2026-10-05,2026-10-05 19:12:15.000 UTC,453669408,32JmsxQYXJ963jBdscaDqv6A374dp3rNMj8Cd8mH6uRd2BCVt15nPT3h1eizMPMMKZ6JY1nGqcBMYXW64R22qVZo,transfer,GpMZbSM2GgvTKHJirzeGfMFoaZ8UR2X7F4v8vHTvxFbL,GxDC9e7SP9mzhDo4re5HbpLa2RW7gB9DtmThx4i4pXSq,GJrjTyjw8vEL4FUVVnKmfvYKZamyjNgwxxprciNkQ9AE,2QiaipXgmxVQdhS2kFeZJaNS2bQiBfhNGxKzqLJ6YrSs,65608618399,656.08618399,1
820629b5cbec06faef88047df2d3b44c,2026-10-05,2026-10-05 19:12:15.000 UTC,453669408,32JmsxQYXJ963jBdscaDqv6A374dp3rNMj8Cd8mH6uRd2BCVt15nPT3h1eizMPMMKZ6JY1nGqcBMYXW64R22qVZo,transfer,GxDC9e7SP9mzhDo4re5HbpLa2RW7gB9DtmThx4i4pXSq,J3cdRYTeQAnZUhYRcVpk9abqEuRWTrtxb5fUbgh2aADn,2QiaipXgmxVQdhS2kFeZJaNS2bQiBfhNGxKzqLJ6YrSs,7r4TcfVhcYuuh3of8S8igoV7AeyNfwcnRhAaA8FfvSgP,65608618399,656.08618399,1
cf484b736425cb0470e3aa71fecbe3a0,2026-10-05,2026-10-05 19:30:05.000 UTC,453673393,2NLyi2uLHEPEn1dGewHjaPBcfk62czBzJqWEhD379i6ZfoAmkTy3wMKXVuTYJWfSTkJ9LKHL9NEEX2euLFi6QLbZ,transfer,GpMZbSM2GgvTKHJirzeGfMFoaZ8UR2X7F4v8vHTvxFbL,HL2kH8yaDDQZxA35uc6TFTBoLpes731WKoPZUM2wUWVA,GJrjTyjw8vEL4FUVVnKmfvYKZamyjNgwxxprciNkQ9AE,9AaesEYP7JuqhK71K6S8oUkse3w3HmjwGM4KgXX8JExh,249309789766,2493.09789766,1
70034d243d8a23be9843ac6e2e7e8eaf,2026-10-05,2026-10-05 19:30:05.000 UTC,453673393,2NLyi2uLHEPEn1dGewHjaPBcfk62czBzJqWEhD379i6ZfoAmkTy3wMKXVuTYJWfSTkJ9LKHL9NEEX2euLFi6QLbZ,transfer,HL2kH8yaDDQZxA35uc6TFTBoLpes731WKoPZUM2wUWVA,J3cdRYTeQAnZUhYRcVpk9abqEuRWTrtxb5fUbgh2aADn,9AaesEYP7JuqhK71K6S8oUkse3w3HmjwGM4KgXX8JExh,7r4TcfVhcYuuh3of8S8igoV7AeyNfwcnRhAaA8FfvSgP,249309789766,2493.09789766,1
b82257b8a23b7f9fe2ca1a8bce5cf90f,2026-10-05,2026-10-05 20:47:24.000 UTC,453690724,24jDnHYaiBt4RZd257NsEttCVqGawyNuCUmt2oDTwNGtBBStSEhKFJcvv2qCRRYSEqYxLV8SUN9pLpJAeoaCJFYM,transfer,6AGp6zbGNuyZpmzeswv9KCNU15Rf37UQDqDqFAeHmS8d,J3cdRYTeQAnZUhYRcVpk9abqEuRWTrtxb5fUbgh2aADn,8Xb4D7VQDEj872ZsUwjStnk1icrhj2u9rQytS9fF9AZL,7r4TcfVhcYuuh3of8S8igoV7AeyNfwcnRhAaA8FfvSgP,263663325304,2636.63325304,1
8218e054a3ed05da0324737b7eef304d,2026-10-05,2026-10-05 20:47:24.000 UTC,453690724,24jDnHYaiBt4RZd257NsEttCVqGawyNuCUmt2oDTwNGtBBStSEhKFJcvv2qCRRYSEqYxLV8SUN9pLpJAeoaCJFYM,transfer,GpMZbSM2GgvTKHJirzeGfMFoaZ8UR2X7F4v8vHTvxFbL,6AGp6zbGNuyZpmzeswv9KCNU15Rf37UQDqDqFAeHmS8d,35hKKpdPTy495wFTybw5wajHp4ZNSyQA5KZXd7cN9hB7,8Xb4D7VQDEj872ZsUwjStnk1icrhj2u9rQytS9fF9AZL,263663325304,2636.63325304,1
28752cebf3251d00681c935132f1f6df,2026-10-05,2026-10-05 20:47:24.000 UTC,453690724,ANS917H2cCQ2Uq7NwU4mWUgcf3aTz4rSv1z3XwLdBWTAAPCKzAKt3bSTDmmd7HpP3sncLGB3HTmtWYcbmaBksgt,transfer,J3cdRYTeQAnZUhYRcVpk9abqEuRWTrtxb5fUbgh2aADn,4xDsmeTWPNjgSVSS1VTfzFq3iHZhp77ffPkAmkZkdu71,7r4TcfVhcYuuh3of8S8igoV7AeyNfwcnRhAaA8FfvSgP,6nh19xY4eR2QWhKG1xbsLALzu1bXaaDi8JuRyPpgTTmx,8164021221951,81640.21221951,1
caa128a229107a379360c067d798c538,2026-10-05,2026-10-05 20:47:24.000 UTC,453690724,ANS917H2cCQ2Uq7NwU4mWUgcf3aTz4rSv1z3XwLdBWTAAPCKzAKt3bSTDmmd7HpP3sncLGB3HTmtWYcbmaBksgt,transfer,4xDsmeTWPNjgSVSS1VTfzFq3iHZhp77ffPkAmkZkdu71,5QsyByFVJcg7oN76Ma26KEDFQdHt1tsiVExK94zURzfd,6nh19xY4eR2QWhKG1xbsLALzu1bXaaDi8JuRyPpgTTmx,8joUsyKkRQzxUWHwuXjLAnnxdR8q4yy6VicKt2mJFCPC,8164021221951,81640.21221951,1
79139154a8c78fdb3b4c274107a8dd53,2026-10-05,2026-10-05 20:47:42.000 UTC,453690788,bjUrtGD3Ka32Ak2uTYtSAB8bXnFH15e2kqzPML784DcjzG7mArjGZ6ZP2mwXAaEMq26PXHfZM5LVrtfyh2Bv8xE,burn,5QsyByFVJcg7oN76Ma26KEDFQdHt1tsiVExK94zURzfd,,8joUsyKkRQzxUWHwuXjLAnnxdR8q4yy6VicKt2mJFCPC,,8957089915484,89570.89915484,1
fa83e869a084dbe3669b7725f2bd98ed,2026-10-05,2026-10-05 20:48:01.000 UTC,453690857,2aZiZydtVyMZcHThzFkB4qq5tuRseUk6EYyqvgr8TfUS28heSGBW6nQbw1iSq2TXSt7tBiSfES4hFY4wpfc9UiWM,transfer,GpMZbSM2GgvTKHJirzeGfMFoaZ8UR2X7F4v8vHTvxFbL,rLsi2DPwRLovHzLV5XYxa8B597bv8w8nX7fZHJJf8uy,35hKKpdPTy495wFTybw5wajHp4ZNSyQA5KZXd7cN9hB7,7aRvovEqbNpaqmf9UkxtUn4ohA7dZ6B9wVT1AnnSqKdR,127822103255,1278.22103255,1
8101b4ee64380dd920901dd452ee4371,2026-10-05,2026-10-05 20:48:01.000 UTC,453690857,2aZiZydtVyMZcHThzFkB4qq5tuRseUk6EYyqvgr8TfUS28heSGBW6nQbw1iSq2TXSt7tBiSfES4hFY4wpfc9UiWM,transfer,rLsi2DPwRLovHzLV5XYxa8B597bv8w8nX7fZHJJf8uy,J3cdRYTeQAnZUhYRcVpk9abqEuRWTrtxb5fUbgh2aADn,7aRvovEqbNpaqmf9UkxtUn4ohA7dZ6B9wVT1AnnSqKdR,7r4TcfVhcYuuh3of8S8igoV7AeyNfwcnRhAaA8FfvSgP,127822103255,1278.22103255,1
1d53577c6a2e70adb4e50adc6cc02b92,2026-10-05,2026-10-05 20:48:01.000 UTC,453690857,3u6vFJWRG5sqeHFoiNNWc9Yvd312Lwt8YQJuVzDrVARKbQ2mY4F7R1b5w4gB86G5id4oDxrsVvW3bAiMxNqJYznn,transfer,J3cdRYTeQAnZUhYRcVpk9abqEuRWTrtxb5fUbgh2aADn,9nnLbotNTcUhvbrsA6Mdkx45Sm82G35zo28AqUvjExn8,7r4TcfVhcYuuh3of8S8igoV7AeyNfwcnRhAaA8FfvSgP,3CMwuMtw9u3VuFyGFJWCaF43wbRkrP1iGtE5FrWKxNQw,1356627667262,13566.27667262,1
05ab168f952d98d85789b357c7c6d5d2,2026-10-05,2026-10-05 20:48:01.000 UTC,453690857,3u6vFJWRG5sqeHFoiNNWc9Yvd312Lwt8YQJuVzDrVARKbQ2mY4F7R1b5w4gB86G5id4oDxrsVvW3bAiMxNqJYznn,transfer,9nnLbotNTcUhvbrsA6Mdkx45Sm82G35zo28AqUvjExn8,5QsyByFVJcg7oN76Ma26KEDFQdHt1tsiVExK94zURzfd,3CMwuMtw9u3VuFyGFJWCaF43wbRkrP1iGtE5FrWKxNQw,8joUsyKkRQzxUWHwuXjLAnnxdR8q4yy6VicKt2mJFCPC,1356627667262,13566.27667262,1
125ddce0291ca0594ad9718c8b2059cb,2026-10-05,2026-10-05 20:48:31.000 UTC,453690969,4XKuT3xW41z1mju83aJfeBUs1A8xDxGinqParWWcg9ifyfdJLjyZkcL784wPoCytXkCq8R8cwGhnrE7d96Mwmf47,transfer,5QsyByFVJcg7oN76Ma26KEDFQdHt1tsiVExK94zURzfd,GpMZbSM2GgvTKHJirzeGfMFoaZ8UR2X7F4v8vHTvxFbL,8joUsyKkRQzxUWHwuXjLAnnxdR8q4yy6VicKt2mJFCPC,35hKKpdPTy495wFTybw5wajHp4ZNSyQA5KZXd7cN9hB7,573691820626,5736.91820626,1
08dc46102b395a06c129ed6972a91f82,2026-10-05,2026-10-05 23:21:13.000 UTC,453725077,4ieSbTTxq94uk4DeaEgXCW5xfVmszgSHT8dnW4trzKPsbsf9qk5jGv9brcjpfrUP35EpJZTtYrChRzoRM5tdfgoA,transfer,2Rpt43Wez9uVjUMA4ByUrAUmqavD38jNY9iNFWAdt5qf,GcTM4zcbnVmMgpRcsF1VnDCtZb8Xzxm8qo9YYrdYk1Lt,4SBqmpo26N4QPcfabN4waNdFZzrbQBfJBm2M6YyTaunU,DyC2UHF7TjhtpNoveWfRP16FoBk6uYDE4BE5cS5hHL6j,145667800000,1456.678,1
f8c2cbedc177358e295eb9ca1395a2c3,2026-10-05,2026-10-05 23:21:23.000 UTC,453725113,5869JP9cb4YqFtUNFbx8RLQ3A66VANR4D8BsmCNjc3yQxkyTtLRxRkCaDCz558vwxq2cAWnpku1HQi6keusmiyAs,transfer,2Rpt43Wez9uVjUMA4ByUrAUmqavD38jNY9iNFWAdt5qf,GcTM4zcbnVmMgpRcsF1VnDCtZb8Xzxm8qo9YYrdYk1Lt,4SBqmpo26N4QPcfabN4waNdFZzrbQBfJBm2M6YyTaunU,DyC2UHF7TjhtpNoveWfRP16FoBk6uYDE4BE5cS5hHL6j,151005000000,1510.05,1
6e4c2b601ca24019c080f3d3ebb44f14,2026-10-05,2026-10-05 23:21:28.000 UTC,453725133,2Lj7yc1GvgTimap1MzSSSu6WUaABxgx21qVX2sCohkuGZNvE8NBHCmm6TJnHeNCF21pvNiAQDRqWJ2TaNonVhfaQ,transfer,2Rpt43Wez9uVjUMA4ByUrAUmqavD38jNY9iNFWAdt5qf,GcTM4zcbnVmMgpRcsF1VnDCtZb8Xzxm8qo9YYrdYk1Lt,4SBqmpo26N4QPcfabN4waNdFZzrbQBfJBm2M6YyTaunU,DyC2UHF7TjhtpNoveWfRP16FoBk6uYDE4BE5cS5hHL6j,94380000000,943.8,1
d178a43d8fd284333dd8ffa2f4f65fb5,2026-10-05,2026-10-05 23:21:42.000 UTC,453725186,4M9jhHstfSiTVXqnFYVXbE2Dy7QFBMceNLEwN6bUHXQDACCxoEHg5ei1rf5R7HXQgGmXYkgpHDnUfsrpgNxdf9Rd,transfer,78Bo7xxGWBEvqbh3VMKvkFG4Z63cXKSJ2LCEXAanhN7a,J3cdRYTeQAnZUhYRcVpk9abqEuRWTrtxb5fUbgh2aADn,H4dF1Hr9YcAqNEUsfGVnxa9qL3dbgJ5fa6PaffqtR7UD,7r4TcfVhcYuuh3of8S8igoV7AeyNfwcnRhAaA8FfvSgP,109529437655,1095.29437655,1
aed6d68c1f8da838b071d4abbbe1e29e,2026-10-05,2026-10-05 23:21:42.000 UTC,453725186,4M9jhHstfSiTVXqnFYVXbE2Dy7QFBMceNLEwN6bUHXQDACCxoEHg5ei1rf5R7HXQgGmXYkgpHDnUfsrpgNxdf9Rd,transfer,GpMZbSM2GgvTKHJirzeGfMFoaZ8UR2X7F4v8vHTvxFbL,78Bo7xxGWBEvqbh3VMKvkFG4Z63cXKSJ2LCEXAanhN7a,GJrjTyjw8vEL4FUVVnKmfvYKZamyjNgwxxprciNkQ9AE,H4dF1Hr9YcAqNEUsfGVnxa9qL3dbgJ5fa6PaffqtR7UD,109529437655,1095.29437655,1
8d2690922201ed83ae5f438600e7f3cf,2026-10-05,2026-10-05 23:22:39.000 UTC,453725398,4kivAyteBfq7GeV7poAa1F8iKgkE4d4VvDsReW7NL86kLX1ypCAcHVFGCv1mGdr2JofEsA53opXc8J91SzDPYyji,transfer,GcTM4zcbnVmMgpRcsF1VnDCtZb8Xzxm8qo9YYrdYk1Lt,8jaQZAAQhDxfkC3ovAzDTQmzkRi5gUbkU14KebCncgpL,DyC2UHF7TjhtpNoveWfRP16FoBk6uYDE4BE5cS5hHL6j,AbTLMZtTERywqqemQnj3CCsRGhm5Aa2o7qZTqkr9bC88,390000000000,3900,1
71cb693a631ed4f4ec54e33bd41e4f29,2026-10-05,2026-10-05 23:24:42.000 UTC,453725853,4RDvHdNphvNFcnxh8LnYKAZjn8vfGUwyt55rN6zEGHJu7w1rm1JV4GwDe9SmbuBDfPA8oNnuAMUkhtnKPBgDP991,transfer,78Bo7xxGWBEvqbh3VMKvkFG4Z63cXKSJ2LCEXAanhN7a,J3cdRYTeQAnZUhYRcVpk9abqEuRWTrtxb5fUbgh2aADn,H4dF1Hr9YcAqNEUsfGVnxa9qL3dbgJ5fa6PaffqtR7UD,7r4TcfVhcYuuh3of8S8igoV7AeyNfwcnRhAaA8FfvSgP,66853632690,668.5363269,1
886519dba96904f90fb561e218508658,2026-10-05,2026-10-05 23:24:42.000 UTC,453725853,4RDvHdNphvNFcnxh8LnYKAZjn8vfGUwyt55rN6zEGHJu7w1rm1JV4GwDe9SmbuBDfPA8oNnuAMUkhtnKPBgDP991,transfer,GpMZbSM2GgvTKHJirzeGfMFoaZ8UR2X7F4v8vHTvxFbL,78Bo7xxGWBEvqbh3VMKvkFG4Z63cXKSJ2LCEXAanhN7a,GJrjTyjw8vEL4FUVVnKmfvYKZamyjNgwxxprciNkQ9AE,H4dF1Hr9YcAqNEUsfGVnxa9qL3dbgJ5fa6PaffqtR7UD,66853632690,668.5363269,1
91ab68c9cef0193f77928f35c0a4c101,2026-10-05,2026-10-05 23:47:32.000 UTC,453730964,4GpZCKEeMeNZYV1SuEh6M1sgiKBSCJgQ7doePqYuTEdjHK6YErf7k9Bri2nnBJC49dk4e42sJtSjdGBWVUJUCqiz,transfer,2Rpt43Wez9uVjUMA4ByUrAUmqavD38jNY9iNFWAdt5qf,9sP4hzmAmNkSPSGsABpKMAipVD46GsWm3mNLstLoiSwA,4SBqmpo26N4QPcfabN4waNdFZzrbQBfJBm2M6YyTaunU,7ATSUvEYKJNn2U5Yt16RUWNR3hpsfWKyihs1dqoqFkQW,1189340000000,11893.4,1
cf6e18e65d3cfb48306f013eda84cd02,2026-10-05,2026-10-05 23:49:48.000 UTC,453731479,546vh4iadMvwkKBjuvgnVST9vdJssSaMQC1UHk2RSRGJtnz1s4rijT3vXzCvoiXNnX95PZWvH1UK6moizUrzuwkW,transfer,GpMZbSM2GgvTKHJirzeGfMFoaZ8UR2X7F4v8vHTvxFbL,rLsi2DPwRLovHzLV5XYxa8B597bv8w8nX7fZHJJf8uy,35hKKpdPTy495wFTybw5wajHp4ZNSyQA5KZXd7cN9hB7,7aRvovEqbNpaqmf9UkxtUn4ohA7dZ6B9wVT1AnnSqKdR,1852739019462,18527.39019462,1
af026338feb7c5cf9e7ad7b49d9c22be,2026-10-05,2026-10-05 23:49:48.000 UTC,453731479,546vh4iadMvwkKBjuvgnVST9vdJssSaMQC1UHk2RSRGJtnz1s4rijT3vXzCvoiXNnX95PZWvH1UK6moizUrzuwkW,transfer,rLsi2DPwRLovHzLV5XYxa8B597bv8w8nX7fZHJJf8uy,J3cdRYTeQAnZUhYRcVpk9abqEuRWTrtxb5fUbgh2aADn,7aRvovEqbNpaqmf9UkxtUn4ohA7dZ6B9wVT1AnnSqKdR,7r4TcfVhcYuuh3of8S8igoV7AeyNfwcnRhAaA8FfvSgP,1852739019462,18527.39019462,1
288487a4f025d8db0761ae45ba1d4f18,2026-10-05,2026-10-05 23:49:48.000 UTC,453731479,65QzLSPV1P55ut4X8GNNrG5tfugdpGvqZWPUzXwwcNDnHcaL9uwrDi9LRp2d1xyrSNRHX12CfzVRoJyaWiP8cVfT,transfer,9sP4hzmAmNkSPSGsABpKMAipVD46GsWm3mNLstLoiSwA,GpMZbSM2GgvTKHJirzeGfMFoaZ8UR2X7F4v8vHTvxFbL,7ATSUvEYKJNn2U5Yt16RUWNR3hpsfWKyihs1dqoqFkQW,35hKKpdPTy495wFTybw5wajHp4ZNSyQA5KZXd7cN9hB7,1925860800000,19258.608,1
f39767a1fec52be376143bc23b662272,2026-10-06,2026-10-06 00:01:06.000 UTC,453733987,2ZAnccD9BzM6BRqmLyoSxamx34Q2oMHF4yazkAev7AiRENfqKFpDB4pM1KskiH4GHqn4b7VaUehzNF8mRNKANq5B,transfer,D5YqVMoSxnqeZAKAUUE1Dm3bmjtdxQ5DCF356ozqN9cM,J3cdRYTeQAnZUhYRcVpk9abqEuRWTrtxb5fUbgh2aADn,2KJkRj5rk5ft92WTTT5NYQThgX6SHStiqsyffyhjDWb4,7r4TcfVhcYuuh3of8S8igoV7AeyNfwcnRhAaA8FfvSgP,190627337,1.90627337,1
8bf6bde918656b958ea54f4424ca2c8e,2026-10-06,2026-10-06 00:01:06.000 UTC,453733987,2ZAnccD9BzM6BRqmLyoSxamx34Q2oMHF4yazkAev7AiRENfqKFpDB4pM1KskiH4GHqn4b7VaUehzNF8mRNKANq5B,transfer,2Q8tAc9nrQca3tE9KqhnVc9DiBsDPQyqY24rnbRVYv8E,D5YqVMoSxnqeZAKAUUE1Dm3bmjtdxQ5DCF356ozqN9cM,9UK3o1FSN5avmpNmuxkdJWT16YPRjNZ7WvYW3fCcjaw4,2KJkRj5rk5ft92WTTT5NYQThgX6SHStiqsyffyhjDWb4,190627337,1.90627337,1
9fb1761c104b8c63f4d5617d8f60ce86,2026-10-06,2026-10-06 00:54:13.000 UTC,453745854,49EtUGy9dZN77SHnh9CeoS2nJM2gxwSka4ajJEk44N7zi3ZK7hvGnefDdaP17efinu2Hefg6yg3turhWravvhi92,transfer,81RwTUf7ZvM5GpeG5q5aGemnxPQLzKAXEF6qPDzNQKDn,J3cdRYTeQAnZUhYRcVpk9abqEuRWTrtxb5fUbgh2aADn,95BGpzYf6m74RDhE6Y7pSVFPiBKuUvQhoDtf41nZUHcb,7r4TcfVhcYuuh3of8S8igoV7AeyNfwcnRhAaA8FfvSgP,119189406395,1191.89406395,1
04de7def8f2e4233f892dcaa27a127aa,2026-10-06,2026-10-06 00:54:13.000 UTC,453745854,49EtUGy9dZN77SHnh9CeoS2nJM2gxwSka4ajJEk44N7zi3ZK7hvGnefDdaP17efinu2Hefg6yg3turhWravvhi92,transfer,GpMZbSM2GgvTKHJirzeGfMFoaZ8UR2X7F4v8vHTvxFbL,81RwTUf7ZvM5GpeG5q5aGemnxPQLzKAXEF6qPDzNQKDn,GJrjTyjw8vEL4FUVVnKmfvYKZamyjNgwxxprciNkQ9AE,95BGpzYf6m74RDhE6Y7pSVFPiBKuUvQhoDtf41nZUHcb,119189406395,1191.89406395,1
af20537358af9497809f17fa5b9b9964,2026-10-06,2026-10-06 01:24:11.000 UTC,453752557,GbSC5Zn36i8VEDCSqvv9KRK6AAWzBqwqArTtrnbP8BfPUxMkmtZ4Pbmi8mEcexzBasvdoom56RJ8e41SpFE7VBG,transfer,5cLJnpSPrCpx2hqNYjq6iRtEa8ZW5FZXBn6ecRH39m9x,J3cdRYTeQAnZUhYRcVpk9abqEuRWTrtxb5fUbgh2aADn,H49reFCTCL8aSDmLC4wjGEDg2TEHd3TJq4ByJvXJA1UT,7r4TcfVhcYuuh3of8S8igoV7AeyNfwcnRhAaA8FfvSgP,2286983990320,22869.8399032,1
ac369d85a67bb61d1e50869fafb32f78,2026-10-06,2026-10-06 01:24:29.000 UTC,453752627,225GcUwQEMjiEhyTK5UbA33CHGgi8xVuA3Jd9cBkLRKnK6WUzJfrypAs3gwKjkUhwTX9PBMBRktJiDbkPNNUdELx,transfer,2Q8tAc9nrQca3tE9KqhnVc9DiBsDPQyqY24rnbRVYv8E,D5YqVMoSxnqeZAKAUUE1Dm3bmjtdxQ5DCF356ozqN9cM,9UK3o1FSN5avmpNmuxkdJWT16YPRjNZ7WvYW3fCcjaw4,2KJkRj5rk5ft92WTTT5NYQThgX6SHStiqsyffyhjDWb4,616624478,6.16624478,1
0da297819dfe479d905bb5deec1031f2,2026-10-06,2026-10-06 01:24:29.000 UTC,453752627,225GcUwQEMjiEhyTK5UbA33CHGgi8xVuA3Jd9cBkLRKnK6WUzJfrypAs3gwKjkUhwTX9PBMBRktJiDbkPNNUdELx,transfer,D5YqVMoSxnqeZAKAUUE1Dm3bmjtdxQ5DCF356ozqN9cM,J3cdRYTeQAnZUhYRcVpk9abqEuRWTrtxb5fUbgh2aADn,2KJkRj5rk5ft92WTTT5NYQThgX6SHStiqsyffyhjDWb4,7r4TcfVhcYuuh3of8S8igoV7AeyNfwcnRhAaA8FfvSgP,616624478,6.16624478,1
adc8072fa8d816f7f90ec3800a51d987,2026-10-06,2026-10-06 01:26:37.000 UTC,453753106,2gGzyMFevPQ9pZayj5yQqcEqBujLVdgsu8NzEgVqEMfjfhpDuRTtrAJ3TejMa1S82GPBfSD7LBh1m7ANBxovdz81,transfer,Er2rjAuJMra8ZcKCHtBqKm8tgjY8M67NeMpAGYhTcm2R,J3cdRYTeQAnZUhYRcVpk9abqEuRWTrtxb5fUbgh2aADn,AzTqC7bgqJujbj637W3RfpKmfFKZ93TQe2o8Lxb1U2PV,7r4TcfVhcYuuh3of8S8igoV7AeyNfwcnRhAaA8FfvSgP,1078141257730,10781.4125773,1
0727c9c6fd4ccfa861988f7d44f2a87f,2026-10-06,2026-10-06 01:55:14.000 UTC,453759516,2dGW48Z1wzeCKXeif1eBDQ3SXBofa791S5y7zW1BH8NbCUZZvEi4nrY9fcNii8wcX2aSQqtfg6Lg4o2eDSCCtobL,transfer,2Q8tAc9nrQca3tE9KqhnVc9DiBsDPQyqY24rnbRVYv8E,D5YqVMoSxnqeZAKAUUE1Dm3bmjtdxQ5DCF356ozqN9cM,9UK3o1FSN5avmpNmuxkdJWT16YPRjNZ7WvYW3fCcjaw4,2KJkRj5rk5ft92WTTT5NYQThgX6SHStiqsyffyhjDWb4,1138111827,11.38111827,1
8582ee1fe85508dab1adf278ac10a07f,2026-10-06,2026-10-06 01:55:14.000 UTC,453759516,2dGW48Z1wzeCKXeif1eBDQ3SXBofa791S5y7zW1BH8NbCUZZvEi4nrY9fcNii8wcX2aSQqtfg6Lg4o2eDSCCtobL,transfer,D5YqVMoSxnqeZAKAUUE1Dm3bmjtdxQ5DCF356ozqN9cM,J3cdRYTeQAnZUhYRcVpk9abqEuRWTrtxb5fUbgh2aADn,2KJkRj5rk5ft92WTTT5NYQThgX6SHStiqsyffyhjDWb4,7r4TcfVhcYuuh3of8S8igoV7AeyNfwcnRhAaA8FfvSgP,1138111827,11.38111827,1
66623dc00f2586a3b6635f36c17a1729,2026-10-06,2026-10-06 02:49:51.000 UTC,453771749,2AQDQDzAmXmbMoeJcxzAXXaojyLm7g6yTN13woJFRSQAVnyxXtB7mv26GK5Y8Z2MScnVfSktDxAMFpE64Hz1CywT,transfer,2Rpt43Wez9uVjUMA4ByUrAUmqavD38jNY9iNFWAdt5qf,AyvKJmkCosMMBBEcXydqATcetaZB6RZ3D7bwFLg85f2W,4SBqmpo26N4QPcfabN4waNdFZzrbQBfJBm2M6YyTaunU,4rQK464Ht7wunyF7RiyNgeWTrvrTJEYkGY397aiSddXa,220294000000,2202.94,1
82f4e6709ac48ba30d6f49854aef1b70,2026-10-06,2026-10-06 05:01:34.000 UTC,453801275,38zN8AiigwiX6R86iCPeD5kJSbwTJi2JFB4thKszjRkyp1QAxvwKfzesRe2hhs6AxWWGqwNXspCDhS9ZTvpD6Qaq,transfer,78Bo7xxGWBEvqbh3VMKvkFG4Z63cXKSJ2LCEXAanhN7a,J3cdRYTeQAnZUhYRcVpk9abqEuRWTrtxb5fUbgh2aADn,H4dF1Hr9YcAqNEUsfGVnxa9qL3dbgJ5fa6PaffqtR7UD,7r4TcfVhcYuuh3of8S8igoV7AeyNfwcnRhAaA8FfvSgP,45334886835,453.34886835,1
f21fd83c3a3caa68c8da1f75fca1c733,2026-10-06,2026-10-06 05:01:34.000 UTC,453801275,38zN8AiigwiX6R86iCPeD5kJSbwTJi2JFB4thKszjRkyp1QAxvwKfzesRe2hhs6AxWWGqwNXspCDhS9ZTvpD6Qaq,transfer,GpMZbSM2GgvTKHJirzeGfMFoaZ8UR2X7F4v8vHTvxFbL,78Bo7xxGWBEvqbh3VMKvkFG4Z63cXKSJ2LCEXAanhN7a,GJrjTyjw8vEL4FUVVnKmfvYKZamyjNgwxxprciNkQ9AE,H4dF1Hr9YcAqNEUsfGVnxa9qL3dbgJ5fa6PaffqtR7UD,45334886835,453.34886835,1
36ffeff6f7e059f545a2aba6cbfbb644,2026-10-06,2026-10-06 05:59:20.000 UTC,453814235,5AwJQeqippzvKr1C9uGL5CF7FQfGaf2DQiMnKNd8BHaytdwzuJJp9WBQ6wkfj4AnNroDqFpmuqFcA1dKvPTuq38n,transfer,52jfbtQLrsJEfK5AbRwzjmnfzALKU3Jmbd1GaTGSxjAZ,GpMZbSM2GgvTKHJirzeGfMFoaZ8UR2X7F4v8vHTvxFbL,A2jhGdpF2ucRf4JCMKvrxApzJbEQPSwJ4uJ6ede9iaoA,35hKKpdPTy495wFTybw5wajHp4ZNSyQA5KZXd7cN9hB7,21046800000,210.468,1
4da4de7f73d3c262539e27fc1fbc048d,2026-10-06,2026-10-06 06:00:36.000 UTC,453814512,TNyEgNesPSYBbnxnZQM8Jfi2H3e8XSNwBoEVqgJQyv2yTbHi29C4FBQB9zr74CSoZB4Fe6Uadm1V5XPLy38sFA9,transfer,GpMZbSM2GgvTKHJirzeGfMFoaZ8UR2X7F4v8vHTvxFbL,rLsi2DPwRLovHzLV5XYxa8B597bv8w8nX7fZHJJf8uy,GJrjTyjw8vEL4FUVVnKmfvYKZamyjNgwxxprciNkQ9AE,7aRvovEqbNpaqmf9UkxtUn4ohA7dZ6B9wVT1AnnSqKdR,153859320072,1538.59320072,1
e815ed14871af4913b7782531f622da3,2026-10-06,2026-10-06 06:00:36.000 UTC,453814512,TNyEgNesPSYBbnxnZQM8Jfi2H3e8XSNwBoEVqgJQyv2yTbHi29C4FBQB9zr74CSoZB4Fe6Uadm1V5XPLy38sFA9,transfer,rLsi2DPwRLovHzLV5XYxa8B597bv8w8nX7fZHJJf8uy,J3cdRYTeQAnZUhYRcVpk9abqEuRWTrtxb5fUbgh2aADn,7aRvovEqbNpaqmf9UkxtUn4ohA7dZ6B9wVT1AnnSqKdR,7r4TcfVhcYuuh3of8S8igoV7AeyNfwcnRhAaA8FfvSgP,153859320072,1538.59320072,1
23d0f0744674469fe8a99e4ca8b058b4,2026-10-06,2026-10-06 09:25:31.000 UTC,453860569,4wisLam2D4t7hedFiaJbD6HveGSsr8exTRvyRDMxKFUJ5SHPYffk52JLBaeZry5AR8dPFEWWJSSXBoS1EZ6tzDMX,transfer,J3cdRYTeQAnZUhYRcVpk9abqEuRWTrtxb5fUbgh2aADn,6LXutJvKUw8Q5ue2gCgKHQdAN4suWW8awzFVC6XCguFx,7r4TcfVhcYuuh3of8S8igoV7AeyNfwcnRhAaA8FfvSgP,48y6EEFeeyG47s66EeM6FQgdYVBXHthrCssWiTVJGu3N,8161802173494,81618.02173494,1
402b9fd3459ebfdc91c788ca0cdbe756,2026-10-06,2026-10-06 09:25:31.000 UTC,453860569,4wisLam2D4t7hedFiaJbD6HveGSsr8exTRvyRDMxKFUJ5SHPYffk52JLBaeZry5AR8dPFEWWJSSXBoS1EZ6tzDMX,transfer,6LXutJvKUw8Q5ue2gCgKHQdAN4suWW8awzFVC6XCguFx,5QsyByFVJcg7oN76Ma26KEDFQdHt1tsiVExK94zURzfd,48y6EEFeeyG47s66EeM6FQgdYVBXHthrCssWiTVJGu3N,8joUsyKkRQzxUWHwuXjLAnnxdR8q4yy6VicKt2mJFCPC,8161802173494,81618.02173494,1
fcb0f44e2135e289fe10acfe965140ac,2026-10-06,2026-10-06 09:25:31.000 UTC,453860570,2Tdny92Kdps6EUccszQ6JkhmfHr94PpwvVpDVR1AjRa9GXkobz3Javb1gnd41q8mkc8G3sEvRhiV8ZunxvC18tYX,transfer,rLsi2DPwRLovHzLV5XYxa8B597bv8w8nX7fZHJJf8uy,J3cdRYTeQAnZUhYRcVpk9abqEuRWTrtxb5fUbgh2aADn,7aRvovEqbNpaqmf9UkxtUn4ohA7dZ6B9wVT1AnnSqKdR,7r4TcfVhcYuuh3of8S8igoV7AeyNfwcnRhAaA8FfvSgP,157608549015,1576.08549015,1
07018d776d57ce6142e8c28af61e8acb,2026-10-06,2026-10-06 09:25:31.000 UTC,453860570,2Tdny92Kdps6EUccszQ6JkhmfHr94PpwvVpDVR1AjRa9GXkobz3Javb1gnd41q8mkc8G3sEvRhiV8ZunxvC18tYX,transfer,GpMZbSM2GgvTKHJirzeGfMFoaZ8UR2X7F4v8vHTvxFbL,rLsi2DPwRLovHzLV5XYxa8B597bv8w8nX7fZHJJf8uy,35hKKpdPTy495wFTybw5wajHp4ZNSyQA5KZXd7cN9hB7,7aRvovEqbNpaqmf9UkxtUn4ohA7dZ6B9wVT1AnnSqKdR,157608549015,1576.08549015,1
0b06c1d33d5b2659ef69a81d4a4a8dd6,2026-10-06,2026-10-06 09:25:43.000 UTC,453860615,2mtewYvWLMiSM55svo7Sq4CAdiap7GB2K9v5cNgSFrHceVbC25Sc7QaufKguaaDaQzNhRhENkCiSRZy2CffcS3XM,burn,5QsyByFVJcg7oN76Ma26KEDFQdHt1tsiVExK94zURzfd,,8joUsyKkRQzxUWHwuXjLAnnxdR8q4yy6VicKt2mJFCPC,,8944738020130,89447.3802013,1
9a008a4eb797e7e4ac7013760a158bbd,2026-10-06,2026-10-06 09:38:12.000 UTC,453863409,2pkjQh3A7vVuSyNTDBGNCedivebRwtpXWP3NVh84fqZub4B2gHcJ3Eb2WeZmxfnKB7zrsToy6NUt9K6XWwaFrBio,transfer,J3cdRYTeQAnZUhYRcVpk9abqEuRWTrtxb5fUbgh2aADn,4xDsmeTWPNjgSVSS1VTfzFq3iHZhp77ffPkAmkZkdu71,7r4TcfVhcYuuh3of8S8igoV7AeyNfwcnRhAaA8FfvSgP,6nh19xY4eR2QWhKG1xbsLALzu1bXaaDi8JuRyPpgTTmx,1366760593989,13667.60593989,1
5207320fa412d9857e5b2a793f229299,2026-10-06,2026-10-06 09:38:12.000 UTC,453863409,2pkjQh3A7vVuSyNTDBGNCedivebRwtpXWP3NVh84fqZub4B2gHcJ3Eb2WeZmxfnKB7zrsToy6NUt9K6XWwaFrBio,transfer,4xDsmeTWPNjgSVSS1VTfzFq3iHZhp77ffPkAmkZkdu71,5QsyByFVJcg7oN76Ma26KEDFQdHt1tsiVExK94zURzfd,6nh19xY4eR2QWhKG1xbsLALzu1bXaaDi8JuRyPpgTTmx,8joUsyKkRQzxUWHwuXjLAnnxdR8q4yy6VicKt2mJFCPC,1366760593989,13667.60593989,1
545c7d07f5cf182c8aea70c61c0c8b0d,2026-10-06,2026-10-06 09:38:12.000 UTC,453863410,2J6u87prrbQAoyErMPaN5ZUDnqSLan5FfYpCke1pTcXTE55u8u2fyQj7CTme3raN8Adztu5BZUHhVYVvYuQpEq34,transfer,GpMZbSM2GgvTKHJirzeGfMFoaZ8UR2X7F4v8vHTvxFbL,CrZD39mqZfxBRTJX716fcpnjHoCF2XdUrcZ4FUkPYRcr,35hKKpdPTy495wFTybw5wajHp4ZNSyQA5KZXd7cN9hB7,5GguQ843EmpY9adRo3W7rohPbStXRVVFLbkHWUj9ST39,104786102493,1047.86102493,1
e2bde1fe38275bb391a88e592d5b0bc9,2026-10-06,2026-10-06 09:38:12.000 UTC,453863410,2J6u87prrbQAoyErMPaN5ZUDnqSLan5FfYpCke1pTcXTE55u8u2fyQj7CTme3raN8Adztu5BZUHhVYVvYuQpEq34,transfer,CrZD39mqZfxBRTJX716fcpnjHoCF2XdUrcZ4FUkPYRcr,J3cdRYTeQAnZUhYRcVpk9abqEuRWTrtxb5fUbgh2aADn,5GguQ843EmpY9adRo3W7rohPbStXRVVFLbkHWUj9ST39,7r4TcfVhcYuuh3of8S8igoV7AeyNfwcnRhAaA8FfvSgP,104786102493,1047.86102493,1
9a474732f6cb66a2fa0b7ac0b9c41e7d,2026-10-06,2026-10-06 09:38:39.000 UTC,453863513,3rdb3DQhs32MsdFzZhjgU7htkeFSgfNrbj4cAFJcu8pgQyzYudExKQ5pSD7mqS5HjEWMRkGMo5hDMnrdG7sXm2gA,transfer,5QsyByFVJcg7oN76Ma26KEDFQdHt1tsiVExK94zURzfd,GpMZbSM2GgvTKHJirzeGfMFoaZ8UR2X7F4v8vHTvxFbL,8joUsyKkRQzxUWHwuXjLAnnxdR8q4yy6VicKt2mJFCPC,35hKKpdPTy495wFTybw5wajHp4ZNSyQA5KZXd7cN9hB7,573808924543,5738.08924543,1
faa622e26657ad9ba8000f0ff3ef1dd9,2026-10-06,2026-10-06 11:12:57.000 UTC,453884713,32k6jYVC76xk6qykbPtoexLwVU6Xi6AabPFiRmEvNjkrVGx2SMsYoEWanSj33fnctEWKzTUv2GqS7Q5mbAhwLXYq,transfer,HL2kH8yaDDQZxA35uc6TFTBoLpes731WKoPZUM2wUWVA,J3cdRYTeQAnZUhYRcVpk9abqEuRWTrtxb5fUbgh2aADn,9AaesEYP7JuqhK71K6S8oUkse3w3HmjwGM4KgXX8JExh,7r4TcfVhcYuuh3of8S8igoV7AeyNfwcnRhAaA8FfvSgP,697436706327,6974.36706327,1
2725572b64c74682ae77db4e904ac6a2,2026-10-06,2026-10-06 11:12:57.000 UTC,453884713,32k6jYVC76xk6qykbPtoexLwVU6Xi6AabPFiRmEvNjkrVGx2SMsYoEWanSj33fnctEWKzTUv2GqS7Q5mbAhwLXYq,transfer,GpMZbSM2GgvTKHJirzeGfMFoaZ8UR2X7F4v8vHTvxFbL,HL2kH8yaDDQZxA35uc6TFTBoLpes731WKoPZUM2wUWVA,35hKKpdPTy495wFTybw5wajHp4ZNSyQA5KZXd7cN9hB7,9AaesEYP7JuqhK71K6S8oUkse3w3HmjwGM4KgXX8JExh,697436706327,6974.36706327,1
079dbcb41750b82b28f4de757e531583,2026-10-06,2026-10-06 11:12:57.000 UTC,453884713,4DzX128yBhLsZnh8hqeXVGv96hexFEHWA34UkbKBEWHFGRPBPhfVxD2rGLjoffiuUuEPNMkKLhwmeuJQehnoxSeD,transfer,J4TTraZQEjodH6Gu3Hm2dV4robUsbrPR2zkiPTzu9DEV,GpMZbSM2GgvTKHJirzeGfMFoaZ8UR2X7F4v8vHTvxFbL,FnRgXiRbNpdevjvRKviZugjcDxUd8sNMh8YkirQn45Uf,35hKKpdPTy495wFTybw5wajHp4ZNSyQA5KZXd7cN9hB7,722618651148,7226.18651148,1
e4b95e1282a36f588688027f42c982f1,2026-10-06,2026-10-06 11:12:57.000 UTC,453884713,4DzX128yBhLsZnh8hqeXVGv96hexFEHWA34UkbKBEWHFGRPBPhfVxD2rGLjoffiuUuEPNMkKLhwmeuJQehnoxSeD,transfer,GpMZbSM2GgvTKHJirzeGfMFoaZ8UR2X7F4v8vHTvxFbL,J4TTraZQEjodH6Gu3Hm2dV4robUsbrPR2zkiPTzu9DEV,GJrjTyjw8vEL4FUVVnKmfvYKZamyjNgwxxprciNkQ9AE,FnRgXiRbNpdevjvRKviZugjcDxUd8sNMh8YkirQn45Uf,722618651148,7226.18651148,1
cd76bd12ae1c9d9906a4c71b050f2e19,2026-10-06,2026-10-06 12:22:21.000 UTC,453900337,2rSJd6YGbZRqwHGCnEuLw6yExCCKVuBJGmTRBuhVTFSrdUZXce6U9igbgctxwKmJLT5y1KBFgmDMYNK9fLKRm5vK,transfer,J3cdRYTeQAnZUhYRcVpk9abqEuRWTrtxb5fUbgh2aADn,6LXutJvKUw8Q5ue2gCgKHQdAN4suWW8awzFVC6XCguFx,7r4TcfVhcYuuh3of8S8igoV7AeyNfwcnRhAaA8FfvSgP,48y6EEFeeyG47s66EeM6FQgdYVBXHthrCssWiTVJGu3N,8115526975226,81155.26975226,1
954bb020bb00fd5874291cc34f68b0fa,2026-10-06,2026-10-06 12:22:21.000 UTC,453900337,2rSJd6YGbZRqwHGCnEuLw6yExCCKVuBJGmTRBuhVTFSrdUZXce6U9igbgctxwKmJLT5y1KBFgmDMYNK9fLKRm5vK,transfer,6LXutJvKUw8Q5ue2gCgKHQdAN4suWW8awzFVC6XCguFx,5QsyByFVJcg7oN76Ma26KEDFQdHt1tsiVExK94zURzfd,48y6EEFeeyG47s66EeM6FQgdYVBXHthrCssWiTVJGu3N,8joUsyKkRQzxUWHwuXjLAnnxdR8q4yy6VicKt2mJFCPC,8115526975226,81155.26975226,1
22a757435b8c7e0440d10f35ffb82d7c,2026-10-06,2026-10-06 12:22:21.000 UTC,453900337,4zKgFkGGnjB1qikWAmbtvW4d19GWngMNf6TpCUgzTxzyk1Dm78PVf97ikpXhGZvvu37oKq6pd5eoqedKda8iWvbn,transfer,rLsi2DPwRLovHzLV5XYxa8B597bv8w8nX7fZHJJf8uy,J3cdRYTeQAnZUhYRcVpk9abqEuRWTrtxb5fUbgh2aADn,7aRvovEqbNpaqmf9UkxtUn4ohA7dZ6B9wVT1AnnSqKdR,7r4TcfVhcYuuh3of8S8igoV7AeyNfwcnRhAaA8FfvSgP,244112278864,2441.12278864,1
8b94e8d91ed787e18c9bce9407e14604,2026-10-06,2026-10-06 12:22:21.000 UTC,453900337,4zKgFkGGnjB1qikWAmbtvW4d19GWngMNf6TpCUgzTxzyk1Dm78PVf97ikpXhGZvvu37oKq6pd5eoqedKda8iWvbn,transfer,GpMZbSM2GgvTKHJirzeGfMFoaZ8UR2X7F4v8vHTvxFbL,rLsi2DPwRLovHzLV5XYxa8B597bv8w8nX7fZHJJf8uy,35hKKpdPTy495wFTybw5wajHp4ZNSyQA5KZXd7cN9hB7,7aRvovEqbNpaqmf9UkxtUn4ohA7dZ6B9wVT1AnnSqKdR,244112278864,2441.12278864,1
215b4b594b9f69a525634b4b48e60433,2026-10-06,2026-10-06 12:22:34.000 UTC,453900385,5Y9bq5Ab2uvURpCd8o9xcXixnYBaSmwKDnd3WL5rdRC5ddVUvfFvEuk5aBdb4KKWtcytpKvywWAx4e3YNnk2xn2m,burn,5QsyByFVJcg7oN76Ma26KEDFQdHt1tsiVExK94zURzfd,,8joUsyKkRQzxUWHwuXjLAnnxdR8q4yy6VicKt2mJFCPC,,8908478644672,89084.78644672,1
4442089aab72e68eadefbe363a9f2759,2026-10-06,2026-10-06 12:22:47.000 UTC,453900436,3nQoN9qBuxJJKbzEugJTXLNHrcdK3ghmW6frqR6vy2rBMogdVFU6CZfFLrWnmDQPQCZXPpuiRTD9HnuWpZm8fbJB,transfer,GGztQqQ6pCPaJQnNpXBgELr5cs3WwDakRbh1iEMzjgSJ,5QsyByFVJcg7oN76Ma26KEDFQdHt1tsiVExK94zURzfd,GAGPmq9W6rjGFQEa7qsaPycAyuG6q3gAL8Xv7Po3GpoE,8joUsyKkRQzxUWHwuXjLAnnxdR8q4yy6VicKt2mJFCPC,1346876503105,13468.76503105,1
a4e792012d28fff09cc3f44e3d22bf3a,2026-10-06,2026-10-06 12:22:47.000 UTC,453900436,3nQoN9qBuxJJKbzEugJTXLNHrcdK3ghmW6frqR6vy2rBMogdVFU6CZfFLrWnmDQPQCZXPpuiRTD9HnuWpZm8fbJB,transfer,J3cdRYTeQAnZUhYRcVpk9abqEuRWTrtxb5fUbgh2aADn,GGztQqQ6pCPaJQnNpXBgELr5cs3WwDakRbh1iEMzjgSJ,7r4TcfVhcYuuh3of8S8igoV7AeyNfwcnRhAaA8FfvSgP,GAGPmq9W6rjGFQEa7qsaPycAyuG6q3gAL8Xv7Po3GpoE,1346876503105,13468.76503105,1
efc934e9a4b473c4acbbe8d609abd191,2026-10-06,2026-10-06 12:22:52.000 UTC,453900454,5UkpzE9L9xVXQsGStNidqyRpGmRWdV2CqEJ3t4xHdJYMDsGrJJEyXppzYhD8G1utQBhAMcmhgSpVP6ut9EsnaNtC,transfer,GpMZbSM2GgvTKHJirzeGfMFoaZ8UR2X7F4v8vHTvxFbL,ESuvjvsQtjuxC4XGsDeMhx8Wp5yjQcCFGncGhupcJbg8,35hKKpdPTy495wFTybw5wajHp4ZNSyQA5KZXd7cN9hB7,Ca7ReVakXwC2k3zznXsiiSY1PkKDW8Nk3Rh986zKmWzb,128391285635,1283.91285635,1
92c97559c4ba2dc1b887119830013e68,2026-10-06,2026-10-06 12:22:52.000 UTC,453900454,5UkpzE9L9xVXQsGStNidqyRpGmRWdV2CqEJ3t4xHdJYMDsGrJJEyXppzYhD8G1utQBhAMcmhgSpVP6ut9EsnaNtC,transfer,ESuvjvsQtjuxC4XGsDeMhx8Wp5yjQcCFGncGhupcJbg8,J3cdRYTeQAnZUhYRcVpk9abqEuRWTrtxb5fUbgh2aADn,Ca7ReVakXwC2k3zznXsiiSY1PkKDW8Nk3Rh986zKmWzb,7r4TcfVhcYuuh3of8S8igoV7AeyNfwcnRhAaA8FfvSgP,128391285635,1283.91285635,1
fd99ab46c7663a8fe5468db37c44f7c6,2026-10-06,2026-10-06 12:30:52.000 UTC,453902236,4Kv5c7n6URfcp8LYrTxprmCPw1uxfvKouAQYHaMbspoSMBAkqSdhugzu3XgSnxJ6NQZ1G2yXkNDnQbQ2UHU58GUQ,transfer,HL2kH8yaDDQZxA35uc6TFTBoLpes731WKoPZUM2wUWVA,J3cdRYTeQAnZUhYRcVpk9abqEuRWTrtxb5fUbgh2aADn,9AaesEYP7JuqhK71K6S8oUkse3w3HmjwGM4KgXX8JExh,7r4TcfVhcYuuh3of8S8igoV7AeyNfwcnRhAaA8FfvSgP,329312956329,3293.12956329,1
d2d664ab2691cc46ac67a3efbd34cbb5,2026-10-06,2026-10-06 12:30:52.000 UTC,453902236,4Kv5c7n6URfcp8LYrTxprmCPw1uxfvKouAQYHaMbspoSMBAkqSdhugzu3XgSnxJ6NQZ1G2yXkNDnQbQ2UHU58GUQ,transfer,GpMZbSM2GgvTKHJirzeGfMFoaZ8UR2X7F4v8vHTvxFbL,HL2kH8yaDDQZxA35uc6TFTBoLpes731WKoPZUM2wUWVA,GJrjTyjw8vEL4FUVVnKmfvYKZamyjNgwxxprciNkQ9AE,9AaesEYP7JuqhK71K6S8oUkse3w3HmjwGM4KgXX8JExh,329312956329,3293.12956329,1
f542231e62f26241081b364be4409f54,2026-10-06,2026-10-06 12:42:29.000 UTC,453904842,2jkcXeG3Rh22nKg7Ae6qtLHE3ZvBA5vMvoWXjFGxLYMPyL2h2cQmi9bKCPZgZ78XvvRKEpt8ZV9mnnxXKcw3Sj89,transfer,GpMZbSM2GgvTKHJirzeGfMFoaZ8UR2X7F4v8vHTvxFbL,GxDC9e7SP9mzhDo4re5HbpLa2RW7gB9DtmThx4i4pXSq,GJrjTyjw8vEL4FUVVnKmfvYKZamyjNgwxxprciNkQ9AE,2QiaipXgmxVQdhS2kFeZJaNS2bQiBfhNGxKzqLJ6YrSs,78412786829,784.12786829,1
04a45ac4a75a5347e430a43695d9a8f4,2026-10-06,2026-10-06 12:42:29.000 UTC,453904842,2jkcXeG3Rh22nKg7Ae6qtLHE3ZvBA5vMvoWXjFGxLYMPyL2h2cQmi9bKCPZgZ78XvvRKEpt8ZV9mnnxXKcw3Sj89,transfer,GxDC9e7SP9mzhDo4re5HbpLa2RW7gB9DtmThx4i4pXSq,J3cdRYTeQAnZUhYRcVpk9abqEuRWTrtxb5fUbgh2aADn,2QiaipXgmxVQdhS2kFeZJaNS2bQiBfhNGxKzqLJ6YrSs,7r4TcfVhcYuuh3of8S8igoV7AeyNfwcnRhAaA8FfvSgP,78412786829,784.12786829,1
2b1ab8ddef84dd70dc428f0998f6c7e2,2026-10-06,2026-10-06 12:44:07.000 UTC,453905205,5PCSVjhPS4QcpVcb4H9pg45Wq9X7T3cUWbYVu6YgYUycjqvKJm84ZPHAAziodRyaE3yf1disoveXY8LEygXaW5Ze,transfer,D5YqVMoSxnqeZAKAUUE1Dm3bmjtdxQ5DCF356ozqN9cM,J3cdRYTeQAnZUhYRcVpk9abqEuRWTrtxb5fUbgh2aADn,2KJkRj5rk5ft92WTTT5NYQThgX6SHStiqsyffyhjDWb4,7r4TcfVhcYuuh3of8S8igoV7AeyNfwcnRhAaA8FfvSgP,998397305,9.98397305,1
eac0763cb633b6511f794168872398bf,2026-10-06,2026-10-06 12:44:07.000 UTC,453905205,5PCSVjhPS4QcpVcb4H9pg45Wq9X7T3cUWbYVu6YgYUycjqvKJm84ZPHAAziodRyaE3yf1disoveXY8LEygXaW5Ze,transfer,2Q8tAc9nrQca3tE9KqhnVc9DiBsDPQyqY24rnbRVYv8E,D5YqVMoSxnqeZAKAUUE1Dm3bmjtdxQ5DCF356ozqN9cM,9UK3o1FSN5avmpNmuxkdJWT16YPRjNZ7WvYW3fCcjaw4,2KJkRj5rk5ft92WTTT5NYQThgX6SHStiqsyffyhjDWb4,998397305,9.98397305,1
925e658329cf0bf33d3fdf73d7b5ef5c,2026-10-06,2026-10-06 12:49:33.000 UTC,453906417,2iCA5uCpK7T2eUUz4i56UJazFErb4MrqiqMU8oPaMmQpATwm2XDjM2CezJXYtZ66Fes5GLNY6UDkWBF74zyVjepU,transfer,GpMZbSM2GgvTKHJirzeGfMFoaZ8UR2X7F4v8vHTvxFbL,78Bo7xxGWBEvqbh3VMKvkFG4Z63cXKSJ2LCEXAanhN7a,GJrjTyjw8vEL4FUVVnKmfvYKZamyjNgwxxprciNkQ9AE,H4dF1Hr9YcAqNEUsfGVnxa9qL3dbgJ5fa6PaffqtR7UD,89874443874,898.74443874,1
db641304aa74cfff4a86818c423ea307,2026-10-06,2026-10-06 12:49:33.000 UTC,453906417,2iCA5uCpK7T2eUUz4i56UJazFErb4MrqiqMU8oPaMmQpATwm2XDjM2CezJXYtZ66Fes5GLNY6UDkWBF74zyVjepU,transfer,78Bo7xxGWBEvqbh3VMKvkFG4Z63cXKSJ2LCEXAanhN7a,J3cdRYTeQAnZUhYRcVpk9abqEuRWTrtxb5fUbgh2aADn,H4dF1Hr9YcAqNEUsfGVnxa9qL3dbgJ5fa6PaffqtR7UD,7r4TcfVhcYuuh3of8S8igoV7AeyNfwcnRhAaA8FfvSgP,89874443874,898.74443874,1
7ff95d02ecf81583b387060eb9bdb244,2026-10-06,2026-10-06 13:09:01.000 UTC,453910788,HetrR42va63c1WB38xqVv95LHh8gofkVqWWpHCKYKp983yQQoTyEzNCTni41iNe8EcsgYgNGzRxjkDeqbVoDCWh,transfer,GpMZbSM2GgvTKHJirzeGfMFoaZ8UR2X7F4v8vHTvxFbL,78Bo7xxGWBEvqbh3VMKvkFG4Z63cXKSJ2LCEXAanhN7a,GJrjTyjw8vEL4FUVVnKmfvYKZamyjNgwxxprciNkQ9AE,H4dF1Hr9YcAqNEUsfGVnxa9qL3dbgJ5fa6PaffqtR7UD,79384810792,793.84810792,1
903bea6a1366407905b2749377284654,2026-10-06,2026-10-06 13:09:01.000 UTC,453910788,HetrR42va63c1WB38xqVv95LHh8gofkVqWWpHCKYKp983yQQoTyEzNCTni41iNe8EcsgYgNGzRxjkDeqbVoDCWh,transfer,78Bo7xxGWBEvqbh3VMKvkFG4Z63cXKSJ2LCEXAanhN7a,J3cdRYTeQAnZUhYRcVpk9abqEuRWTrtxb5fUbgh2aADn,H4dF1Hr9YcAqNEUsfGVnxa9qL3dbgJ5fa6PaffqtR7UD,7r4TcfVhcYuuh3of8S8igoV7AeyNfwcnRhAaA8FfvSgP,79384810792,793.84810792,1
be1e478882d59e246d5a8868458888cd,2026-10-06,2026-10-06 13:09:21.000 UTC,453910864,BN7LPPFPRBKJBRSPZWnSDiT9v52GGXVGbz429DeQYzcqGKhf13EaBidgyNJZdgnK8je3EmaYMjE3r9LUe6KXcic,transfer,2Rpt43Wez9uVjUMA4ByUrAUmqavD38jNY9iNFWAdt5qf,4EmEXNiTkGqnmanCPrck9QbQQcrugAJcj9cMj8e3QiHf,4SBqmpo26N4QPcfabN4waNdFZzrbQBfJBm2M6YyTaunU,Giz7UB5c9CnvwAN1Ux9G4G1iUovxbnAuN7HALfDzak6D,516219000000,5162.19,1
7b4a4791789b874968c2f385de8d765a,2026-10-06,2026-10-06 13:10:01.000 UTC,453911015,4zhucEJ132GSKFfkR5AM2qqQJhFnjUS8KprJXVvgqyE135Ufw79CEW7syqPJ4pkDj4be7h531Dn3gEoe8PzyJqj1,transfer,78Bo7xxGWBEvqbh3VMKvkFG4Z63cXKSJ2LCEXAanhN7a,J3cdRYTeQAnZUhYRcVpk9abqEuRWTrtxb5fUbgh2aADn,H4dF1Hr9YcAqNEUsfGVnxa9qL3dbgJ5fa6PaffqtR7UD,7r4TcfVhcYuuh3of8S8igoV7AeyNfwcnRhAaA8FfvSgP,56339686923,563.39686923,1
61ae95a4d7cdf66eed3ce50b5ebe201d,2026-10-06,2026-10-06 13:10:01.000 UTC,453911015,4zhucEJ132GSKFfkR5AM2qqQJhFnjUS8KprJXVvgqyE135Ufw79CEW7syqPJ4pkDj4be7h531Dn3gEoe8PzyJqj1,transfer,GpMZbSM2GgvTKHJirzeGfMFoaZ8UR2X7F4v8vHTvxFbL,78Bo7xxGWBEvqbh3VMKvkFG4Z63cXKSJ2LCEXAanhN7a,GJrjTyjw8vEL4FUVVnKmfvYKZamyjNgwxxprciNkQ9AE,H4dF1Hr9YcAqNEUsfGVnxa9qL3dbgJ5fa6PaffqtR7UD,56339686923,563.39686923,1
44850e3174ab9ff35944235656e2bbf4,2026-10-06,2026-10-06 13:15:51.000 UTC,453912324,3pytxuFzMDtiUfSJknHLTrwKmSRaVDydWU3QBokB8s1ukGoQ9KtSw3VRY4J8QKngsCJ3699gnP3ETTsPvVsYRhE9,transfer,GpMZbSM2GgvTKHJirzeGfMFoaZ8UR2X7F4v8vHTvxFbL,81RwTUf7ZvM5GpeG5q5aGemnxPQLzKAXEF6qPDzNQKDn,GJrjTyjw8vEL4FUVVnKmfvYKZamyjNgwxxprciNkQ9AE,95BGpzYf6m74RDhE6Y7pSVFPiBKuUvQhoDtf41nZUHcb,219723399488,2197.23399488,1
aa4e1234c3b131002de3862b7ee1d890,2026-10-06,2026-10-06 13:15:51.000 UTC,453912324,3pytxuFzMDtiUfSJknHLTrwKmSRaVDydWU3QBokB8s1ukGoQ9KtSw3VRY4J8QKngsCJ3699gnP3ETTsPvVsYRhE9,transfer,81RwTUf7ZvM5GpeG5q5aGemnxPQLzKAXEF6qPDzNQKDn,J3cdRYTeQAnZUhYRcVpk9abqEuRWTrtxb5fUbgh2aADn,95BGpzYf6m74RDhE6Y7pSVFPiBKuUvQhoDtf41nZUHcb,7r4TcfVhcYuuh3of8S8igoV7AeyNfwcnRhAaA8FfvSgP,219723399488,2197.23399488,1
110b6e579cd31404e882fb587c8549c0,2026-10-06,2026-10-06 15:23:31.000 UTC,453940840,2mFPuB6QJNwu9jdps8q6TQM9C4iKZgkPpicDhcZpeiK5DVDDd5sK1mydSGG7VNzDV5g7VQL1bc8kqkZCaGVuyRbn,transfer,J3cdRYTeQAnZUhYRcVpk9abqEuRWTrtxb5fUbgh2aADn,6LXutJvKUw8Q5ue2gCgKHQdAN4suWW8awzFVC6XCguFx,7r4TcfVhcYuuh3of8S8igoV7AeyNfwcnRhAaA8FfvSgP,48y6EEFeeyG47s66EeM6FQgdYVBXHthrCssWiTVJGu3N,7988153340472,79881.53340472,1
aeaa4aa54ad30dd3f7587c9539209fde,2026-10-06,2026-10-06 15:23:31.000 UTC,453940840,2mFPuB6QJNwu9jdps8q6TQM9C4iKZgkPpicDhcZpeiK5DVDDd5sK1mydSGG7VNzDV5g7VQL1bc8kqkZCaGVuyRbn,transfer,6LXutJvKUw8Q5ue2gCgKHQdAN4suWW8awzFVC6XCguFx,5QsyByFVJcg7oN76Ma26KEDFQdHt1tsiVExK94zURzfd,48y6EEFeeyG47s66EeM6FQgdYVBXHthrCssWiTVJGu3N,8joUsyKkRQzxUWHwuXjLAnnxdR8q4yy6VicKt2mJFCPC,7988153340472,79881.53340472,1
86d4881c87b39094470758995cc00a02,2026-10-06,2026-10-06 15:23:31.000 UTC,453940840,LA6SvN9CZPJSdPJUEGiAENjR2dRBQoQgMKGbbg58KXJXr9UTjGxqhrGL1FDTWunz1DTPVsHWx6X4AbAHNhoxMa2,transfer,GpMZbSM2GgvTKHJirzeGfMFoaZ8UR2X7F4v8vHTvxFbL,R32xAccFis3YzBzGwZ1C4QkGiehLxSao7gDmErA3kjk,35hKKpdPTy495wFTybw5wajHp4ZNSyQA5KZXd7cN9hB7,DGuSLBt7dJYaDkXoT6286dQ3MmezUtKcyEQgg9ESeP7d,227857441289,2278.57441289,1
49ccee2fcd1c26bbf9a9d00a0df3e273,2026-10-06,2026-10-06 15:23:31.000 UTC,453940840,LA6SvN9CZPJSdPJUEGiAENjR2dRBQoQgMKGbbg58KXJXr9UTjGxqhrGL1FDTWunz1DTPVsHWx6X4AbAHNhoxMa2,transfer,R32xAccFis3YzBzGwZ1C4QkGiehLxSao7gDmErA3kjk,J3cdRYTeQAnZUhYRcVpk9abqEuRWTrtxb5fUbgh2aADn,DGuSLBt7dJYaDkXoT6286dQ3MmezUtKcyEQgg9ESeP7d,7r4TcfVhcYuuh3of8S8igoV7AeyNfwcnRhAaA8FfvSgP,227857441289,2278.57441289,1
b2dd470048a51b80b9fb1cc59caef2f3,2026-10-06,2026-10-06 15:23:45.000 UTC,453940892,5wp8TzVuLudEi58KYVhAWZZppXJTe8fziA4phUx6KzDLf8xF5cyvT7WAHQwtCVbYeJim5ziMSPgkcfKYgVsymnW2,burn,5QsyByFVJcg7oN76Ma26KEDFQdHt1tsiVExK94zURzfd,,8joUsyKkRQzxUWHwuXjLAnnxdR8q4yy6VicKt2mJFCPC,,9335029843577,93350.29843577,1
927a767ba6e951315d9d52b2f9a3c39d,2026-10-06,2026-10-06 15:27:38.000 UTC,453941762,27yErPLDscyruGLgkkk8ts5Hv7MQYPgLwMA1Y6tvoifsLLcDwXwztF8ycd22p7A38MsN3QRnYpcFpFU1z9tsQYRi,transfer,GxDC9e7SP9mzhDo4re5HbpLa2RW7gB9DtmThx4i4pXSq,J3cdRYTeQAnZUhYRcVpk9abqEuRWTrtxb5fUbgh2aADn,2QiaipXgmxVQdhS2kFeZJaNS2bQiBfhNGxKzqLJ6YrSs,7r4TcfVhcYuuh3of8S8igoV7AeyNfwcnRhAaA8FfvSgP,57818970874,578.18970874,1
bc6b68e5c06f87bf85e82e4055b8082f,2026-10-06,2026-10-06 15:27:38.000 UTC,453941762,27yErPLDscyruGLgkkk8ts5Hv7MQYPgLwMA1Y6tvoifsLLcDwXwztF8ycd22p7A38MsN3QRnYpcFpFU1z9tsQYRi,transfer,GpMZbSM2GgvTKHJirzeGfMFoaZ8UR2X7F4v8vHTvxFbL,GxDC9e7SP9mzhDo4re5HbpLa2RW7gB9DtmThx4i4pXSq,GJrjTyjw8vEL4FUVVnKmfvYKZamyjNgwxxprciNkQ9AE,2QiaipXgmxVQdhS2kFeZJaNS2bQiBfhNGxKzqLJ6YrSs,57818970874,578.18970874,1
3e56ec7714377487bb016595885ca5dc,2026-10-06,2026-10-06 15:33:42.000 UTC,453943094,4rxShDWRvnZWvFNp3mordzbbdM5MhgDcs823Py8sSfobyqPc3HCWsAifQuox4sBiD97gh17SRJDeNei7tDeajg6h,transfer,J3cdRYTeQAnZUhYRcVpk9abqEuRWTrtxb5fUbgh2aADn,GGRx8fFJzFYKAR6qRVdUqo8sZ8fVYradM8YU4Aky3AyE,7r4TcfVhcYuuh3of8S8igoV7AeyNfwcnRhAaA8FfvSgP,5sBg4QCF8eKaRAeqVNmx8ZMnTtBps8ih5oaJCDQ2xRaz,32532544988,325.32544988,1
bb9c957c5e558d8c2d517376be073f60,2026-10-06,2026-10-06 15:33:42.000 UTC,453943094,4rxShDWRvnZWvFNp3mordzbbdM5MhgDcs823Py8sSfobyqPc3HCWsAifQuox4sBiD97gh17SRJDeNei7tDeajg6h,transfer,J3cdRYTeQAnZUhYRcVpk9abqEuRWTrtxb5fUbgh2aADn,GGRx8fFJzFYKAR6qRVdUqo8sZ8fVYradM8YU4Aky3AyE,7r4TcfVhcYuuh3of8S8igoV7AeyNfwcnRhAaA8FfvSgP,5sBg4QCF8eKaRAeqVNmx8ZMnTtBps8ih5oaJCDQ2xRaz,18434517761337,184345.17761337,1
b5d1199dc16efdf65c7e9efedb5c6da3,2026-10-06,2026-10-06 15:36:38.000 UTC,453943748,2cRWbqwywPnyx1nD2fnHpqU9cjU77CWfAAMsncxth5jNG2tbMWkyqr59ohhJB1XZRSDnXQ6aG32piDBjC8Dp9FPi,transfer,rLsi2DPwRLovHzLV5XYxa8B597bv8w8nX7fZHJJf8uy,J3cdRYTeQAnZUhYRcVpk9abqEuRWTrtxb5fUbgh2aADn,7aRvovEqbNpaqmf9UkxtUn4ohA7dZ6B9wVT1AnnSqKdR,7r4TcfVhcYuuh3of8S8igoV7AeyNfwcnRhAaA8FfvSgP,230612628562,2306.12628562,1
b00e53c4410e5c95373c3cba0de6c340,2026-10-06,2026-10-06 15:36:38.000 UTC,453943748,2cRWbqwywPnyx1nD2fnHpqU9cjU77CWfAAMsncxth5jNG2tbMWkyqr59ohhJB1XZRSDnXQ6aG32piDBjC8Dp9FPi,transfer,GpMZbSM2GgvTKHJirzeGfMFoaZ8UR2X7F4v8vHTvxFbL,rLsi2DPwRLovHzLV5XYxa8B597bv8w8nX7fZHJJf8uy,35hKKpdPTy495wFTybw5wajHp4ZNSyQA5KZXd7cN9hB7,7aRvovEqbNpaqmf9UkxtUn4ohA7dZ6B9wVT1AnnSqKdR,230612628562,2306.12628562,1
43a818dc0cc4cff73dc52c354c080318,2026-10-06,2026-10-06 15:36:38.000 UTC,453943748,5ddpLFoqLaBpphzGS5PBXZmKoe7QezgprQN5wrcJqdM1kdMJapaRgWGw3SAU2Em3bTrjDFSRDZ9QZBKLDYLV368B,transfer,BQ72nSv9f3PRyRKCBnHLVrerrv37CYTHm5h3s9VSGQDV,5QsyByFVJcg7oN76Ma26KEDFQdHt1tsiVExK94zURzfd,5VgcSx25aaJisJcZTtLw5SPkJesSLZQYw6ceuXzXCpGr,8joUsyKkRQzxUWHwuXjLAnnxdR8q4yy6VicKt2mJFCPC,1327400636515,13274.00636515,1
bcacf0d3c7f2a8d044d74fe2b0fb9977,2026-10-06,2026-10-06 15:36:38.000 UTC,453943748,5ddpLFoqLaBpphzGS5PBXZmKoe7QezgprQN5wrcJqdM1kdMJapaRgWGw3SAU2Em3bTrjDFSRDZ9QZBKLDYLV368B,transfer,J3cdRYTeQAnZUhYRcVpk9abqEuRWTrtxb5fUbgh2aADn,BQ72nSv9f3PRyRKCBnHLVrerrv37CYTHm5h3s9VSGQDV,7r4TcfVhcYuuh3of8S8igoV7AeyNfwcnRhAaA8FfvSgP,5VgcSx25aaJisJcZTtLw5SPkJesSLZQYw6ceuXzXCpGr,1327400636515,13274.00636515,1
08becfb68c05f58a8d4271b3eb081788,2026-10-06,2026-10-06 15:36:39.000 UTC,453943752,3EySgPPgsGH9c11HR2aKuxJfhEBhJuMozdT4YWhsL12QJg2pBq6VWXNQZyYsmiF7UjKVHBQF4vMEKoem58PshZtK,transfer,RustUSBDaDcRRbT8JRmJ8GpomiXiMdgt3iYwbA59xvB,J3cdRYTeQAnZUhYRcVpk9abqEuRWTrtxb5fUbgh2aADn,7FDjTg3uecMSa7cp4CFtZ67uBaDQS2TbJ3Dj6DYZKDgt,7r4TcfVhcYuuh3of8S8igoV7AeyNfwcnRhAaA8FfvSgP,74066616268,740.66616268,1
c20bfb6cf2a65c968abc3c6b4da650cd,2026-10-06,2026-10-06 15:36:39.000 UTC,453943752,3EySgPPgsGH9c11HR2aKuxJfhEBhJuMozdT4YWhsL12QJg2pBq6VWXNQZyYsmiF7UjKVHBQF4vMEKoem58PshZtK,transfer,GpMZbSM2GgvTKHJirzeGfMFoaZ8UR2X7F4v8vHTvxFbL,RustUSBDaDcRRbT8JRmJ8GpomiXiMdgt3iYwbA59xvB,GJrjTyjw8vEL4FUVVnKmfvYKZamyjNgwxxprciNkQ9AE,7FDjTg3uecMSa7cp4CFtZ67uBaDQS2TbJ3Dj6DYZKDgt,74066616268,740.66616268,1
fc9654fc9ee3fa03c44a24ed0df5e8d8,2026-10-06,2026-10-06 16:15:24.000 UTC,453952374,3C7gSatKPsehq4ivkZj4JsVBEe2cb9xrLSJvMpdimC7prK5z1T1HCtVFL2JMmZ462dwjzmzvbHEKPFFb6Xb2vi8G,transfer,GpMZbSM2GgvTKHJirzeGfMFoaZ8UR2X7F4v8vHTvxFbL,HL2kH8yaDDQZxA35uc6TFTBoLpes731WKoPZUM2wUWVA,GJrjTyjw8vEL4FUVVnKmfvYKZamyjNgwxxprciNkQ9AE,9AaesEYP7JuqhK71K6S8oUkse3w3HmjwGM4KgXX8JExh,289637811712,2896.37811712,1
2f3a86e36d5ba591f534da4230d10b29,2026-10-06,2026-10-06 16:15:24.000 UTC,453952374,3C7gSatKPsehq4ivkZj4JsVBEe2cb9xrLSJvMpdimC7prK5z1T1HCtVFL2JMmZ462dwjzmzvbHEKPFFb6Xb2vi8G,transfer,HL2kH8yaDDQZxA35uc6TFTBoLpes731WKoPZUM2wUWVA,J3cdRYTeQAnZUhYRcVpk9abqEuRWTrtxb5fUbgh2aADn,9AaesEYP7JuqhK71K6S8oUkse3w3HmjwGM4KgXX8JExh,7r4TcfVhcYuuh3of8S8igoV7AeyNfwcnRhAaA8FfvSgP,289637811712,2896.37811712,1
5596cf52e3b4394e07bac845b5e78840,2026-10-06,2026-10-06 16:20:10.000 UTC,453953422,64ss37iSnC1d3Fk94cWQstNhXM3SKnDWwjudSAViVisQSAVqKSPXmHePE4qDu5KWegCmKxZ6UW8q1A9nxWPbzQKp,transfer,2Q8tAc9nrQca3tE9KqhnVc9DiBsDPQyqY24rnbRVYv8E,D5YqVMoSxnqeZAKAUUE1Dm3bmjtdxQ5DCF356ozqN9cM,9UK3o1FSN5avmpNmuxkdJWT16YPRjNZ7WvYW3fCcjaw4,2KJkRj5rk5ft92WTTT5NYQThgX6SHStiqsyffyhjDWb4,981065434,9.81065434,1
5ccb8babb9dee350f8e9438bf4bc83cf,2026-10-06,2026-10-06 16:20:10.000 UTC,453953422,64ss37iSnC1d3Fk94cWQstNhXM3SKnDWwjudSAViVisQSAVqKSPXmHePE4qDu5KWegCmKxZ6UW8q1A9nxWPbzQKp,transfer,D5YqVMoSxnqeZAKAUUE1Dm3bmjtdxQ5DCF356ozqN9cM,J3cdRYTeQAnZUhYRcVpk9abqEuRWTrtxb5fUbgh2aADn,2KJkRj5rk5ft92WTTT5NYQThgX6SHStiqsyffyhjDWb4,7r4TcfVhcYuuh3of8S8igoV7AeyNfwcnRhAaA8FfvSgP,981065434,9.81065434,1
cbe4126e9fff33bd3f6980ed3843c2fa,2026-10-06,2026-10-06 16:33:01.000 UTC,453956273,hCEsTpUoQUfJMaJfsfRwFYCrdEbrEsZ5kAJsCDbVoxomZQqE1HpYaJoiXPCqwj6NNwv1Hwhy3o3H3buTwMCBRo3,transfer,ATmkAJuCP117WTRLXZ9L5SBrMJpkcQoSGDgNf7rhGMaV,J3cdRYTeQAnZUhYRcVpk9abqEuRWTrtxb5fUbgh2aADn,DRer9YXxFkXJBKsb7R6c7xgt1uRgku6WbNwMcMisbyQN,7r4TcfVhcYuuh3of8S8igoV7AeyNfwcnRhAaA8FfvSgP,322200000000,3222,1
b7a1c3737c0d9480a845dc9917e8e2ae,2026-10-06,2026-10-06 16:53:21.000 UTC,453960800,4jDv3nDimQm384MmmpQKKcsvwaeT9SCFsw8EfLton41KEytKgpPYNNALgrMxoUmBzHcJNZHanHy7xprBGKBEN9Ge,transfer,ARu4n5mFdZogZAravu7CcizaojWnS6oqka37gdLT5SZn,HHn8QjghWCTKMqEPNN9QZnHTMFy4S5QWNAPk5EHQ1nq9,3CCaDwLVKs3WBE6bFG58Q9qaHmGfRrjUvEnEcuiCbY87,2ogbiqC9RAUe5TmCWZniD9wBLYw8egLnGDZH2WmxGaq9,1614670354154,16146.70354154,1
84eadb2b7c06cc02f32a3fd5060eca2d,2026-10-06,2026-10-06 16:53:21.000 UTC,453960800,4jDv3nDimQm384MmmpQKKcsvwaeT9SCFsw8EfLton41KEytKgpPYNNALgrMxoUmBzHcJNZHanHy7xprBGKBEN9Ge,transfer,J3cdRYTeQAnZUhYRcVpk9abqEuRWTrtxb5fUbgh2aADn,ARu4n5mFdZogZAravu7CcizaojWnS6oqka37gdLT5SZn,7r4TcfVhcYuuh3of8S8igoV7AeyNfwcnRhAaA8FfvSgP,3CCaDwLVKs3WBE6bFG58Q9qaHmGfRrjUvEnEcuiCbY87,1291473260423,12914.73260423,1
09fd1af2b1ef6c7a0939a168741a5451,2026-10-06,2026-10-06 16:53:21.000 UTC,453960800,4jDv3nDimQm384MmmpQKKcsvwaeT9SCFsw8EfLton41KEytKgpPYNNALgrMxoUmBzHcJNZHanHy7xprBGKBEN9Ge,transfer,GpMZbSM2GgvTKHJirzeGfMFoaZ8UR2X7F4v8vHTvxFbL,ARu4n5mFdZogZAravu7CcizaojWnS6oqka37gdLT5SZn,35hKKpdPTy495wFTybw5wajHp4ZNSyQA5KZXd7cN9hB7,3CCaDwLVKs3WBE6bFG58Q9qaHmGfRrjUvEnEcuiCbY87,323197100928,3231.97100928,1
3b2f0894321e93418281bc303f6eb353,2026-10-06,2026-10-06 16:53:21.000 UTC,453960800,4jDv3nDimQm384MmmpQKKcsvwaeT9SCFsw8EfLton41KEytKgpPYNNALgrMxoUmBzHcJNZHanHy7xprBGKBEN9Ge,transfer,ARu4n5mFdZogZAravu7CcizaojWnS6oqka37gdLT5SZn,8psNvWTrdNTiVRNzAgsou9kETXNJm2SXZyaKuJraVRtf,3CCaDwLVKs3WBE6bFG58Q9qaHmGfRrjUvEnEcuiCbY87,CFYg9oE2LZags4qVGrvvYsEDYAL6mWe7sCYGfWdLLRsY,7197,7.197e-05,1
06c2a4a63543b2e2c3c21862e86a94e5,2026-10-06,2026-10-06 17:00:19.000 UTC,453962351,24utrHc2WxZrfPZcEguNU6qHyAnFXFzqYLhwyJPBAAaxxVVBSUCAzoEGwRmfRiijQvjragJqnpButjeitFcPbBTq,transfer,A6HZBtfyuFWaNZtNZXVE4ivn6jReEqJ3uTSyPSwr5vvy,J3cdRYTeQAnZUhYRcVpk9abqEuRWTrtxb5fUbgh2aADn,6tim1FJX3BdS4kX6m92xqUBWP8ehMyJKbcD4W3vVikWK,7r4TcfVhcYuuh3of8S8igoV7AeyNfwcnRhAaA8FfvSgP,38250000000000,382500,1
85a6122bbb96c388cbfa98f75bc18425,2026-10-06,2026-10-06 17:00:19.000 UTC,453962351,24utrHc2WxZrfPZcEguNU6qHyAnFXFzqYLhwyJPBAAaxxVVBSUCAzoEGwRmfRiijQvjragJqnpButjeitFcPbBTq,transfer,A6HZBtfyuFWaNZtNZXVE4ivn6jReEqJ3uTSyPSwr5vvy,GpMZbSM2GgvTKHJirzeGfMFoaZ8UR2X7F4v8vHTvxFbL,6tim1FJX3BdS4kX6m92xqUBWP8ehMyJKbcD4W3vVikWK,35hKKpdPTy495wFTybw5wajHp4ZNSyQA5KZXd7cN9hB7,11750000000000,117500,1
75bd2c3d18a15ec90e0d7e4990df8f8a,2026-10-06,2026-10-06 17:00:19.000 UTC,453962351,3Xw6iRtHnBczyqMYrRYy1fxkUjsCF1DJnoPFvLqXKHL86bKjdPJm9cny4tniqCB2hf3tQyLyBPoAV13sY9Vx6SZL,transfer,AkCyNQ7vxJeQRXx94VkM5xdcDz6KvhyvZSjk7Ztu85qq,GpMZbSM2GgvTKHJirzeGfMFoaZ8UR2X7F4v8vHTvxFbL,FEWb1PE2UFKsNW7JRF8cA7gXSoBgzSE6hfqYWpUQYy9N,GJrjTyjw8vEL4FUVVnKmfvYKZamyjNgwxxprciNkQ9AE,992955915602,9929.55915602,1
4e847cf937d28994969a2937fb1e8d7c,2026-10-06,2026-10-06 17:00:19.000 UTC,453962351,3Xw6iRtHnBczyqMYrRYy1fxkUjsCF1DJnoPFvLqXKHL86bKjdPJm9cny4tniqCB2hf3tQyLyBPoAV13sY9Vx6SZL,transfer,GpMZbSM2GgvTKHJirzeGfMFoaZ8UR2X7F4v8vHTvxFbL,AkCyNQ7vxJeQRXx94VkM5xdcDz6KvhyvZSjk7Ztu85qq,35hKKpdPTy495wFTybw5wajHp4ZNSyQA5KZXd7cN9hB7,FEWb1PE2UFKsNW7JRF8cA7gXSoBgzSE6hfqYWpUQYy9N,992955915602,9929.55915602,1
8b9226659729628cbefbfc2cdea86d9d,2026-10-06,2026-10-06 17:00:19.000 UTC,453962351,Qr2pQaii1rcD6w4MYziu4cjZsnmXyCFtmFZDv5gaefwf6DRu9DQ3ALcLg9ZzLnB6AzsixKBrqsc7X7QtMic987f,transfer,GpMZbSM2GgvTKHJirzeGfMFoaZ8UR2X7F4v8vHTvxFbL,7dGrdJRYtsNR8UYxZ3TnifXGjGc9eRYLq9sELwYpuuUu,35hKKpdPTy495wFTybw5wajHp4ZNSyQA5KZXd7cN9hB7,F6JrD9ppnSVDxjTwPf9QGEa9y2yngviFys7zGvBNxZ8J,2273834663217,22738.34663217,1
3a551579170bc3d9afc59283242d42dd,2026-10-06,2026-10-06 17:00:19.000 UTC,453962351,Qr2pQaii1rcD6w4MYziu4cjZsnmXyCFtmFZDv5gaefwf6DRu9DQ3ALcLg9ZzLnB6AzsixKBrqsc7X7QtMic987f,transfer,7dGrdJRYtsNR8UYxZ3TnifXGjGc9eRYLq9sELwYpuuUu,GpMZbSM2GgvTKHJirzeGfMFoaZ8UR2X7F4v8vHTvxFbL,F6JrD9ppnSVDxjTwPf9QGEa9y2yngviFys7zGvBNxZ8J,GJrjTyjw8vEL4FUVVnKmfvYKZamyjNgwxxprciNkQ9AE,2273834663217,22738.34663217,1
7b58985000e0c85879c82719356b3686,2026-10-06,2026-10-06 17:00:19.000 UTC,453962352,toiCy4pBCEgimd2TqMRPHdPwHiBKo7DEMaubFpyDTPVXtBc9xyXGhVvkjt8r7zRzQ7msMjJtYjNftXZb4evC6iT,transfer,GpMZbSM2GgvTKHJirzeGfMFoaZ8UR2X7F4v8vHTvxFbL,GxDC9e7SP9mzhDo4re5HbpLa2RW7gB9DtmThx4i4pXSq,35hKKpdPTy495wFTybw5wajHp4ZNSyQA5KZXd7cN9hB7,2QiaipXgmxVQdhS2kFeZJaNS2bQiBfhNGxKzqLJ6YrSs,626219486487,6262.19486487,1
2706e82aa1119074749c402042a4357c,2026-10-06,2026-10-06 17:00:19.000 UTC,453962352,toiCy4pBCEgimd2TqMRPHdPwHiBKo7DEMaubFpyDTPVXtBc9xyXGhVvkjt8r7zRzQ7msMjJtYjNftXZb4evC6iT,transfer,GxDC9e7SP9mzhDo4re5HbpLa2RW7gB9DtmThx4i4pXSq,GpMZbSM2GgvTKHJirzeGfMFoaZ8UR2X7F4v8vHTvxFbL,2QiaipXgmxVQdhS2kFeZJaNS2bQiBfhNGxKzqLJ6YrSs,GJrjTyjw8vEL4FUVVnKmfvYKZamyjNgwxxprciNkQ9AE,626219486487,6262.19486487,1
d472ee4f0d7183db2c96970686689a0c,2026-10-06,2026-10-06 17:00:19.000 UTC,453962354,2unqt2q5gFHFd7GWAzzui5JnNj5SM2NSSkh2bApekd9SdheP4uALqQM8Ux46HdyK3yx4XKKLbnK6R6iRjprH12M3,transfer,9ZAPm4VSRNmKmEwVErbtX674nY3BhebJxRwwQKsJTxED,2Q8tAc9nrQca3tE9KqhnVc9DiBsDPQyqY24rnbRVYv8E,4McW4F2B1YHMGtt9pcAQTbgmjueYVh8nea692JZcQt8q,9UK3o1FSN5avmpNmuxkdJWT16YPRjNZ7WvYW3fCcjaw4,2503534613,25.03534613,1
56d4a83eff7f803999a4863143c953cb,2026-10-06,2026-10-06 17:00:19.000 UTC,453962354,2unqt2q5gFHFd7GWAzzui5JnNj5SM2NSSkh2bApekd9SdheP4uALqQM8Ux46HdyK3yx4XKKLbnK6R6iRjprH12M3,transfer,GpMZbSM2GgvTKHJirzeGfMFoaZ8UR2X7F4v8vHTvxFbL,9ZAPm4VSRNmKmEwVErbtX674nY3BhebJxRwwQKsJTxED,35hKKpdPTy495wFTybw5wajHp4ZNSyQA5KZXd7cN9hB7,4McW4F2B1YHMGtt9pcAQTbgmjueYVh8nea692JZcQt8q,2503534613,25.03534613,1
cf27f5edbeb22a79bd76ab3a0700c5dc,2026-10-06,2026-10-06 17:03:16.000 UTC,453963014,3xTaakW3AyXsVL3nfQd39XZLLLbTvUWFqUL9Em8FfZDqLTUKYGiu7P8ojXkuqh2QwdyMp58WV7s658iL6LZwQstv,transfer,D5YqVMoSxnqeZAKAUUE1Dm3bmjtdxQ5DCF356ozqN9cM,2rbMgYvzAb3xDk6vXrzKkY3VwsmyDZsJTkvB3JJYsRzA,2KJkRj5rk5ft92WTTT5NYQThgX6SHStiqsyffyhjDWb4,jHqksjRwhzYwSRoCcsUEPMbDhtimjNaH58jYcpusHjP,2735060223,27.35060223,1
d90874b959a7d0d36ef747a4ec7326b3,2026-10-06,2026-10-06 17:03:16.000 UTC,453963014,3xTaakW3AyXsVL3nfQd39XZLLLbTvUWFqUL9Em8FfZDqLTUKYGiu7P8ojXkuqh2QwdyMp58WV7s658iL6LZwQstv,transfer,D5YqVMoSxnqeZAKAUUE1Dm3bmjtdxQ5DCF356ozqN9cM,AiesFKjW47NqUT1UHNZcnjL5GyC6SCmkeyUjXJLpVKYU,2KJkRj5rk5ft92WTTT5NYQThgX6SHStiqsyffyhjDWb4,9GrZVcSAc6avUKo4UrGJfzfpF4obzKvMTNEattLQ6BRW,334926695755,3349.26695755,1
eaed8a1fd3e9b38e02407be1021366bd,2026-10-06,2026-10-06 17:03:16.000 UTC,453963014,3xTaakW3AyXsVL3nfQd39XZLLLbTvUWFqUL9Em8FfZDqLTUKYGiu7P8ojXkuqh2QwdyMp58WV7s658iL6LZwQstv,transfer,GpMZbSM2GgvTKHJirzeGfMFoaZ8UR2X7F4v8vHTvxFbL,D5YqVMoSxnqeZAKAUUE1Dm3bmjtdxQ5DCF356ozqN9cM,35hKKpdPTy495wFTybw5wajHp4ZNSyQA5KZXd7cN9hB7,2KJkRj5rk5ft92WTTT5NYQThgX6SHStiqsyffyhjDWb4,337661755978,3376.61755978,1
9870f69d8dd380416a2f038d7a92d025,2026-10-06,2026-10-06 17:10:19.000 UTC,453964588,2Kj4T2hNJf1heauEXSQhMkSApBghbtkkPs8XCNq44GwEHHybVAnsPt6sg4CYcCiw7XbkRpHcxrf5wCoZitGC515s,transfer,HvFdDWS3RqymRAVx1ZdoL2RjiC38r5dtt19Z8op5jqDK,J3cdRYTeQAnZUhYRcVpk9abqEuRWTrtxb5fUbgh2aADn,G1htLa3kFHBueV7h6jzCxFWm46sDnbJ5KXU2c9RikzTQ,7r4TcfVhcYuuh3of8S8igoV7AeyNfwcnRhAaA8FfvSgP,1797094928808,17970.94928808,1
55a2affd608600a0e48254aa07182381,2026-10-06,2026-10-06 17:10:19.000 UTC,453964588,2Kj4T2hNJf1heauEXSQhMkSApBghbtkkPs8XCNq44GwEHHybVAnsPt6sg4CYcCiw7XbkRpHcxrf5wCoZitGC515s,transfer,GpMZbSM2GgvTKHJirzeGfMFoaZ8UR2X7F4v8vHTvxFbL,HvFdDWS3RqymRAVx1ZdoL2RjiC38r5dtt19Z8op5jqDK,35hKKpdPTy495wFTybw5wajHp4ZNSyQA5KZXd7cN9hB7,G1htLa3kFHBueV7h6jzCxFWm46sDnbJ5KXU2c9RikzTQ,1797094928808,17970.94928808,1
94ba24e6bac746a84cefac2ea5aa40d7,2026-10-06,2026-10-06 17:10:19.000 UTC,453964588,P9XbpcLN2QoHf7FVETBuuvfBZPsfogzzq8ukm988tU4VxGN1erzRoNmPbS5wD6V6yZy94mqDKJuEyJvuMQxGPSd,transfer,GpMZbSM2GgvTKHJirzeGfMFoaZ8UR2X7F4v8vHTvxFbL,6YoKb8scwKyHYUe7f397coe8DBoquFYC3gmUL2Pisqrh,35hKKpdPTy495wFTybw5wajHp4ZNSyQA5KZXd7cN9hB7,BWJXF4wRkLcSzsH8XHAVEuebWaLUndQdSHEnuBk2Br2H,4228382487,42.28382487,1
9c4f5f1d9cedb05ea640c03a02118047,2026-10-06,2026-10-06 17:10:19.000 UTC,453964588,P9XbpcLN2QoHf7FVETBuuvfBZPsfogzzq8ukm988tU4VxGN1erzRoNmPbS5wD6V6yZy94mqDKJuEyJvuMQxGPSd,transfer,6YoKb8scwKyHYUe7f397coe8DBoquFYC3gmUL2Pisqrh,J3cdRYTeQAnZUhYRcVpk9abqEuRWTrtxb5fUbgh2aADn,BWJXF4wRkLcSzsH8XHAVEuebWaLUndQdSHEnuBk2Br2H,7r4TcfVhcYuuh3of8S8igoV7AeyNfwcnRhAaA8FfvSgP,4228382487,42.28382487,1
cb7dce50fbe094640a5d8eaa7ead88d4,2026-10-06,2026-10-06 17:22:40.000 UTC,453967334,2aYnjAL5fzSDSYCXXrUBUYzR4iCMzQ43PaGGBAJYPWoPm9xV9mFM5NW8XaddS6qZg1euXhAftWeuYAqnikhaqPPY,transfer,A6HZBtfyuFWaNZtNZXVE4ivn6jReEqJ3uTSyPSwr5vvy,J3cdRYTeQAnZUhYRcVpk9abqEuRWTrtxb5fUbgh2aADn,6tim1FJX3BdS4kX6m92xqUBWP8ehMyJKbcD4W3vVikWK,7r4TcfVhcYuuh3of8S8igoV7AeyNfwcnRhAaA8FfvSgP,25000000000000,250000,1
0638debf21074311ece131d0935e672e,2026-10-06,2026-10-06 17:23:10.000 UTC,453967441,4gzTWhZ5wpz19hk2fLS6eSM1nwuPvHhUDgj6c2Tdj5rUip8YCy1HWsNFHTb5jbiY9u7cQ5XZuT3LZ5Lw5YEXyNes,transfer,ENY9JreWWWtq8jSKfLtXpzjBteknLPdahPCwG7ZCVbJe,GpMZbSM2GgvTKHJirzeGfMFoaZ8UR2X7F4v8vHTvxFbL,H8hLSbAWpfk2mtdFuZADzsf18vsbWTiYn78o6sgyKR8D,35hKKpdPTy495wFTybw5wajHp4ZNSyQA5KZXd7cN9hB7,635875265473,6358.75265473,1
dd275f7b2ebaf1cad360a30a9d6c3fd2,2026-10-06,2026-10-06 17:23:10.000 UTC,453967441,4gzTWhZ5wpz19hk2fLS6eSM1nwuPvHhUDgj6c2Tdj5rUip8YCy1HWsNFHTb5jbiY9u7cQ5XZuT3LZ5Lw5YEXyNes,transfer,J3cdRYTeQAnZUhYRcVpk9abqEuRWTrtxb5fUbgh2aADn,ENY9JreWWWtq8jSKfLtXpzjBteknLPdahPCwG7ZCVbJe,7r4TcfVhcYuuh3of8S8igoV7AeyNfwcnRhAaA8FfvSgP,H8hLSbAWpfk2mtdFuZADzsf18vsbWTiYn78o6sgyKR8D,635875265473,6358.75265473,1
86e2daeee404333dff990d554c3ef9e4,2026-10-06,2026-10-06 17:23:40.000 UTC,453967548,2JzgnHugK5E2GVDKk6sFmCGggu4sourYXaoZUyhYTucKz7Zqu4qae6WZj76E6e7E6iQiHCpLdrtFy961TE1msHcC,transfer,9ZAPm4VSRNmKmEwVErbtX674nY3BhebJxRwwQKsJTxED,2Q8tAc9nrQca3tE9KqhnVc9DiBsDPQyqY24rnbRVYv8E,4McW4F2B1YHMGtt9pcAQTbgmjueYVh8nea692JZcQt8q,9UK3o1FSN5avmpNmuxkdJWT16YPRjNZ7WvYW3fCcjaw4,2264689443,22.64689443,1
a9e6198dd89fe3aea46a5125666d199a,2026-10-06,2026-10-06 17:23:40.000 UTC,453967548,2JzgnHugK5E2GVDKk6sFmCGggu4sourYXaoZUyhYTucKz7Zqu4qae6WZj76E6e7E6iQiHCpLdrtFy961TE1msHcC,transfer,J3cdRYTeQAnZUhYRcVpk9abqEuRWTrtxb5fUbgh2aADn,9ZAPm4VSRNmKmEwVErbtX674nY3BhebJxRwwQKsJTxED,7r4TcfVhcYuuh3of8S8igoV7AeyNfwcnRhAaA8FfvSgP,4McW4F2B1YHMGtt9pcAQTbgmjueYVh8nea692JZcQt8q,2264689443,22.64689443,1
2ffacfd1c5b7975c499088589b190955,2026-10-06,2026-10-06 17:23:40.000 UTC,453967548,8QTSCRF8b1DzBXbbwQKPRJ67XYaoBt8oEdafNaoiYNDmz9FT95PQ6Krh6doyMT4eW9vSXfAGWznWhta4gCnfkcs,transfer,J3cdRYTeQAnZUhYRcVpk9abqEuRWTrtxb5fUbgh2aADn,HvFdDWS3RqymRAVx1ZdoL2RjiC38r5dtt19Z8op5jqDK,7r4TcfVhcYuuh3of8S8igoV7AeyNfwcnRhAaA8FfvSgP,G1htLa3kFHBueV7h6jzCxFWm46sDnbJ5KXU2c9RikzTQ,1271682296289,12716.82296289,1
5786b5fc1961763050be3552b473df13,2026-10-06,2026-10-06 17:23:40.000 UTC,453967548,8QTSCRF8b1DzBXbbwQKPRJ67XYaoBt8oEdafNaoiYNDmz9FT95PQ6Krh6doyMT4eW9vSXfAGWznWhta4gCnfkcs,transfer,HvFdDWS3RqymRAVx1ZdoL2RjiC38r5dtt19Z8op5jqDK,GpMZbSM2GgvTKHJirzeGfMFoaZ8UR2X7F4v8vHTvxFbL,G1htLa3kFHBueV7h6jzCxFWm46sDnbJ5KXU2c9RikzTQ,35hKKpdPTy495wFTybw5wajHp4ZNSyQA5KZXd7cN9hB7,1271682296289,12716.82296289,1
7b5c12747dc11ae4dfad5b2e8e0acdcf,2026-10-06,2026-10-06 17:24:10.000 UTC,453967659,2kLvKE62kPKysCk1sQbJbrhTzztz6443WPfGRyzdM6g83wjTZg2UwhGTAvSt1DaebMmXmH262Pdg6vZ988NRJVog,transfer,J3cdRYTeQAnZUhYRcVpk9abqEuRWTrtxb5fUbgh2aADn,81RwTUf7ZvM5GpeG5q5aGemnxPQLzKAXEF6qPDzNQKDn,7r4TcfVhcYuuh3of8S8igoV7AeyNfwcnRhAaA8FfvSgP,95BGpzYf6m74RDhE6Y7pSVFPiBKuUvQhoDtf41nZUHcb,131502526852,1315.02526852,1
0592592cb498521d0efa6c2c2fbadf0d,2026-10-06,2026-10-06 17:24:10.000 UTC,453967659,2kLvKE62kPKysCk1sQbJbrhTzztz6443WPfGRyzdM6g83wjTZg2UwhGTAvSt1DaebMmXmH262Pdg6vZ988NRJVog,transfer,81RwTUf7ZvM5GpeG5q5aGemnxPQLzKAXEF6qPDzNQKDn,GpMZbSM2GgvTKHJirzeGfMFoaZ8UR2X7F4v8vHTvxFbL,95BGpzYf6m74RDhE6Y7pSVFPiBKuUvQhoDtf41nZUHcb,GJrjTyjw8vEL4FUVVnKmfvYKZamyjNgwxxprciNkQ9AE,131502526852,1315.02526852,1
ac5eeca16781f225f0b3c5b96549a778,2026-10-06,2026-10-06 17:24:10.000 UTC,453967659,3xoc8MHgBKr6tkhjLVzZZXyGkYy3LUDRZBsGx3kjS5ZtcFNXC4GPC2DrY3sDj2TMUxYCb9mKvx2pTzWEcRHnzMqc,transfer,J3cdRYTeQAnZUhYRcVpk9abqEuRWTrtxb5fUbgh2aADn,CrZD39mqZfxBRTJX716fcpnjHoCF2XdUrcZ4FUkPYRcr,7r4TcfVhcYuuh3of8S8igoV7AeyNfwcnRhAaA8FfvSgP,5GguQ843EmpY9adRo3W7rohPbStXRVVFLbkHWUj9ST39,346718776630,3467.1877663,1
601a099e161dd4674b09f20c60b45aab,2026-10-06,2026-10-06 17:24:10.000 UTC,453967659,3xoc8MHgBKr6tkhjLVzZZXyGkYy3LUDRZBsGx3kjS5ZtcFNXC4GPC2DrY3sDj2TMUxYCb9mKvx2pTzWEcRHnzMqc,transfer,CrZD39mqZfxBRTJX716fcpnjHoCF2XdUrcZ4FUkPYRcr,GpMZbSM2GgvTKHJirzeGfMFoaZ8UR2X7F4v8vHTvxFbL,5GguQ843EmpY9adRo3W7rohPbStXRVVFLbkHWUj9ST39,35hKKpdPTy495wFTybw5wajHp4ZNSyQA5KZXd7cN9hB7,346718776630,3467.1877663,1
2a325ea7fe744b942c0d30b5105fad12,2026-10-06,2026-10-06 17:24:40.000 UTC,453967773,3FZhESna5PGsqUX1jC1XbS1xXGXGrUHggo8k1qc3YCEeLePYucXjhJWdziDbWhH8dk4VZcFLrFnXoLwvxVT5LsmJ,transfer,ESuvjvsQtjuxC4XGsDeMhx8Wp5yjQcCFGncGhupcJbg8,GpMZbSM2GgvTKHJirzeGfMFoaZ8UR2X7F4v8vHTvxFbL,Ca7ReVakXwC2k3zznXsiiSY1PkKDW8Nk3Rh986zKmWzb,35hKKpdPTy495wFTybw5wajHp4ZNSyQA5KZXd7cN9hB7,135670747179,1356.70747179,1
370122d0b0f74022f2ed514e970fdbc6,2026-10-06,2026-10-06 17:24:40.000 UTC,453967773,3FZhESna5PGsqUX1jC1XbS1xXGXGrUHggo8k1qc3YCEeLePYucXjhJWdziDbWhH8dk4VZcFLrFnXoLwvxVT5LsmJ,transfer,J3cdRYTeQAnZUhYRcVpk9abqEuRWTrtxb5fUbgh2aADn,ESuvjvsQtjuxC4XGsDeMhx8Wp5yjQcCFGncGhupcJbg8,7r4TcfVhcYuuh3of8S8igoV7AeyNfwcnRhAaA8FfvSgP,Ca7ReVakXwC2k3zznXsiiSY1PkKDW8Nk3Rh986zKmWzb,135670747179,1356.70747179,1
2473e699f3059ad31c73035531109100,2026-10-06,2026-10-06 17:26:08.000 UTC,453968105,2jCvSAQSzLWmKanwkCNM92mCfz917AZ8aypEsmNbPHYzgy5ub482kRs5xpGsehiCwxQvMcf3jUUuntXStKj2dLiY,transfer,A6HZBtfyuFWaNZtNZXVE4ivn6jReEqJ3uTSyPSwr5vvy,J3cdRYTeQAnZUhYRcVpk9abqEuRWTrtxb5fUbgh2aADn,6tim1FJX3BdS4kX6m92xqUBWP8ehMyJKbcD4W3vVikWK,7r4TcfVhcYuuh3of8S8igoV7AeyNfwcnRhAaA8FfvSgP,25000000000000,250000,1
edc8d2168d5d16b2e65ac6a304cc3160,2026-10-06,2026-10-06 17:26:38.000 UTC,453968217,2kYGHepLG1fLkYdRuMVh9zcPCXkjXxmhYqmghQu7C8ejZdK1yZ9PHxiyWykbrucNCuGqMb3ApnegLtv6xBKSsNid,transfer,HvFdDWS3RqymRAVx1ZdoL2RjiC38r5dtt19Z8op5jqDK,GpMZbSM2GgvTKHJirzeGfMFoaZ8UR2X7F4v8vHTvxFbL,G1htLa3kFHBueV7h6jzCxFWm46sDnbJ5KXU2c9RikzTQ,35hKKpdPTy495wFTybw5wajHp4ZNSyQA5KZXd7cN9hB7,1164000160852,11640.00160852,1
03bf15ad6b9b4854d66ea8fea72c579b,2026-10-06,2026-10-06 17:26:38.000 UTC,453968217,2kYGHepLG1fLkYdRuMVh9zcPCXkjXxmhYqmghQu7C8ejZdK1yZ9PHxiyWykbrucNCuGqMb3ApnegLtv6xBKSsNid,transfer,J3cdRYTeQAnZUhYRcVpk9abqEuRWTrtxb5fUbgh2aADn,HvFdDWS3RqymRAVx1ZdoL2RjiC38r5dtt19Z8op5jqDK,7r4TcfVhcYuuh3of8S8igoV7AeyNfwcnRhAaA8FfvSgP,G1htLa3kFHBueV7h6jzCxFWm46sDnbJ5KXU2c9RikzTQ,1164000160852,11640.00160852,1
a3dace3f837d46f4fd3c1b679b317eb2,2026-10-06,2026-10-06 17:26:38.000 UTC,453968217,5oQiyecn45ajeapWUdzsq5BYBTmgd9VMC9RKMzmcmde4iGCEcKrkYFeiKefeqAunqirVhsbKbqZaUEUkyrqUhxPX,transfer,J3cdRYTeQAnZUhYRcVpk9abqEuRWTrtxb5fUbgh2aADn,rLsi2DPwRLovHzLV5XYxa8B597bv8w8nX7fZHJJf8uy,7r4TcfVhcYuuh3of8S8igoV7AeyNfwcnRhAaA8FfvSgP,7aRvovEqbNpaqmf9UkxtUn4ohA7dZ6B9wVT1AnnSqKdR,271646567331,2716.46567331,1
9ca01ce9da808e8e37dea56baab32d1c,2026-10-06,2026-10-06 17:26:38.000 UTC,453968217,5oQiyecn45ajeapWUdzsq5BYBTmgd9VMC9RKMzmcmde4iGCEcKrkYFeiKefeqAunqirVhsbKbqZaUEUkyrqUhxPX,transfer,rLsi2DPwRLovHzLV5XYxa8B597bv8w8nX7fZHJJf8uy,GpMZbSM2GgvTKHJirzeGfMFoaZ8UR2X7F4v8vHTvxFbL,7aRvovEqbNpaqmf9UkxtUn4ohA7dZ6B9wVT1AnnSqKdR,GJrjTyjw8vEL4FUVVnKmfvYKZamyjNgwxxprciNkQ9AE,271646567331,2716.46567331,1
342f867cb03f6d5ac4619ece3c346c57,2026-10-06,2026-10-06 17:26:38.000 UTC,453968217,5wsanaG4d5phTvyDysq9psPBFrwmQ16tQY8CBFzBwSKYPKrDZZ8XNxFhW3vFMqyskXc65ys36wzXGXnnLFk2VxE8,transfer,J3cdRYTeQAnZUhYRcVpk9abqEuRWTrtxb5fUbgh2aADn,78Bo7xxGWBEvqbh3VMKvkFG4Z63cXKSJ2LCEXAanhN7a,7r4TcfVhcYuuh3of8S8igoV7AeyNfwcnRhAaA8FfvSgP,H4dF1Hr9YcAqNEUsfGVnxa9qL3dbgJ5fa6PaffqtR7UD,83953151292,839.53151292,1
923deb9e1b3cf02bb96b71a708fc9703,2026-10-06,2026-10-06 17:26:38.000 UTC,453968217,5wsanaG4d5phTvyDysq9psPBFrwmQ16tQY8CBFzBwSKYPKrDZZ8XNxFhW3vFMqyskXc65ys36wzXGXnnLFk2VxE8,transfer,78Bo7xxGWBEvqbh3VMKvkFG4Z63cXKSJ2LCEXAanhN7a,GpMZbSM2GgvTKHJirzeGfMFoaZ8UR2X7F4v8vHTvxFbL,H4dF1Hr9YcAqNEUsfGVnxa9qL3dbgJ5fa6PaffqtR7UD,GJrjTyjw8vEL4FUVVnKmfvYKZamyjNgwxxprciNkQ9AE,83953151292,839.53151292,1
81ffc4883aec7a480695e2b933058b98,2026-10-06,2026-10-06 17:27:08.000 UTC,453968329,47Sv9gnaD9GLAuWKi4wFtvPcLbDSQe5BqfmbLkhDMNYv9sk9zE2E4276d3PTXQNpQeQwjajYFYeoYA6RdbrSPJ3G,transfer,ENY9JreWWWtq8jSKfLtXpzjBteknLPdahPCwG7ZCVbJe,GpMZbSM2GgvTKHJirzeGfMFoaZ8UR2X7F4v8vHTvxFbL,H8hLSbAWpfk2mtdFuZADzsf18vsbWTiYn78o6sgyKR8D,GJrjTyjw8vEL4FUVVnKmfvYKZamyjNgwxxprciNkQ9AE,424991958956,4249.91958956,1
e468fc0461264440c31f43d91ea2b341,2026-10-06,2026-10-06 17:27:08.000 UTC,453968329,47Sv9gnaD9GLAuWKi4wFtvPcLbDSQe5BqfmbLkhDMNYv9sk9zE2E4276d3PTXQNpQeQwjajYFYeoYA6RdbrSPJ3G,transfer,J3cdRYTeQAnZUhYRcVpk9abqEuRWTrtxb5fUbgh2aADn,ENY9JreWWWtq8jSKfLtXpzjBteknLPdahPCwG7ZCVbJe,7r4TcfVhcYuuh3of8S8igoV7AeyNfwcnRhAaA8FfvSgP,H8hLSbAWpfk2mtdFuZADzsf18vsbWTiYn78o6sgyKR8D,424991958956,4249.91958956,1
981e77e94bfa7bbae86d9e8f40adb62d,2026-10-06,2026-10-06 17:27:08.000 UTC,453968329,58DjwahGYEsoJM8Zb1cMUTPxKZHa3aMBYrf9uwSsTNdA3mDXxaJ2v9jZbZcwgytcQDmeEYSJLBVfqvqJBGeG19vL,transfer,78Bo7xxGWBEvqbh3VMKvkFG4Z63cXKSJ2LCEXAanhN7a,GpMZbSM2GgvTKHJirzeGfMFoaZ8UR2X7F4v8vHTvxFbL,H4dF1Hr9YcAqNEUsfGVnxa9qL3dbgJ5fa6PaffqtR7UD,GJrjTyjw8vEL4FUVVnKmfvYKZamyjNgwxxprciNkQ9AE,340778714647,3407.78714647,1
471e7cc8f18f288e17380d7df9f23256,2026-10-06,2026-10-06 17:27:08.000 UTC,453968329,58DjwahGYEsoJM8Zb1cMUTPxKZHa3aMBYrf9uwSsTNdA3mDXxaJ2v9jZbZcwgytcQDmeEYSJLBVfqvqJBGeG19vL,transfer,J3cdRYTeQAnZUhYRcVpk9abqEuRWTrtxb5fUbgh2aADn,78Bo7xxGWBEvqbh3VMKvkFG4Z63cXKSJ2LCEXAanhN7a,7r4TcfVhcYuuh3of8S8igoV7AeyNfwcnRhAaA8FfvSgP,H4dF1Hr9YcAqNEUsfGVnxa9qL3dbgJ5fa6PaffqtR7UD,340778714647,3407.78714647,1
b399fea5cfe5adbb4f8a951835be1de4,2026-10-06,2026-10-06 17:27:08.000 UTC,453968329,5cUBFFmDyCUW2w1jhi1tde6EggmzSUoEK9LAeALHWXkGd2D63pNenLkmyD41L6Rbu2FtwT7HBR4kGSACpD79SMxR,transfer,J3cdRYTeQAnZUhYRcVpk9abqEuRWTrtxb5fUbgh2aADn,HvFdDWS3RqymRAVx1ZdoL2RjiC38r5dtt19Z8op5jqDK,7r4TcfVhcYuuh3of8S8igoV7AeyNfwcnRhAaA8FfvSgP,G1htLa3kFHBueV7h6jzCxFWm46sDnbJ5KXU2c9RikzTQ,1226022719829,12260.22719829,1
a30fd868cc6f41d8931d87ad140a5185,2026-10-06,2026-10-06 17:27:08.000 UTC,453968329,5cUBFFmDyCUW2w1jhi1tde6EggmzSUoEK9LAeALHWXkGd2D63pNenLkmyD41L6Rbu2FtwT7HBR4kGSACpD79SMxR,transfer,HvFdDWS3RqymRAVx1ZdoL2RjiC38r5dtt19Z8op5jqDK,GpMZbSM2GgvTKHJirzeGfMFoaZ8UR2X7F4v8vHTvxFbL,G1htLa3kFHBueV7h6jzCxFWm46sDnbJ5KXU2c9RikzTQ,35hKKpdPTy495wFTybw5wajHp4ZNSyQA5KZXd7cN9hB7,1226022719829,12260.22719829,1
8b4e5187578ab9b01dbb26f00815a6fc,2026-10-06,2026-10-06 17:27:38.000 UTC,453968442,3rg2mUNonMDeT2cav6Q85rnSFaJ4C1xvps3sDgqw2ULBRzbiGV5KpTL3civkCtBCARs2rZyfbvUdcCagPba5EhzW,transfer,81RwTUf7ZvM5GpeG5q5aGemnxPQLzKAXEF6qPDzNQKDn,GpMZbSM2GgvTKHJirzeGfMFoaZ8UR2X7F4v8vHTvxFbL,95BGpzYf6m74RDhE6Y7pSVFPiBKuUvQhoDtf41nZUHcb,GJrjTyjw8vEL4FUVVnKmfvYKZamyjNgwxxprciNkQ9AE,316834112510,3168.3411251,1
d7d26d81310bf7841790acb751bb48d6,2026-10-06,2026-10-06 17:27:38.000 UTC,453968442,3rg2mUNonMDeT2cav6Q85rnSFaJ4C1xvps3sDgqw2ULBRzbiGV5KpTL3civkCtBCARs2rZyfbvUdcCagPba5EhzW,transfer,J3cdRYTeQAnZUhYRcVpk9abqEuRWTrtxb5fUbgh2aADn,81RwTUf7ZvM5GpeG5q5aGemnxPQLzKAXEF6qPDzNQKDn,7r4TcfVhcYuuh3of8S8igoV7AeyNfwcnRhAaA8FfvSgP,95BGpzYf6m74RDhE6Y7pSVFPiBKuUvQhoDtf41nZUHcb,316834112510,3168.3411251,1
3e666e3126d547d194b02548ba8b52f3,2026-10-06,2026-10-06 17:27:38.000 UTC,453968442,ZYMa6MiZNx6iBBvTjA3HX1BMsHTitUSFKECy8qvvDzfoJiD1jgokr8P64Xku5y1N2oaLWnLFfhaygeCj4gTLATj,transfer,J3cdRYTeQAnZUhYRcVpk9abqEuRWTrtxb5fUbgh2aADn,81RwTUf7ZvM5GpeG5q5aGemnxPQLzKAXEF6qPDzNQKDn,7r4TcfVhcYuuh3of8S8igoV7AeyNfwcnRhAaA8FfvSgP,95BGpzYf6m74RDhE6Y7pSVFPiBKuUvQhoDtf41nZUHcb,222947199768,2229.47199768,1
99c35610c501039f875d5eb41490d5b3,2026-10-06,2026-10-06 17:27:38.000 UTC,453968442,ZYMa6MiZNx6iBBvTjA3HX1BMsHTitUSFKECy8qvvDzfoJiD1jgokr8P64Xku5y1N2oaLWnLFfhaygeCj4gTLATj,transfer,81RwTUf7ZvM5GpeG5q5aGemnxPQLzKAXEF6qPDzNQKDn,GpMZbSM2GgvTKHJirzeGfMFoaZ8UR2X7F4v8vHTvxFbL,95BGpzYf6m74RDhE6Y7pSVFPiBKuUvQhoDtf41nZUHcb,35hKKpdPTy495wFTybw5wajHp4ZNSyQA5KZXd7cN9hB7,222947199768,2229.47199768,1
552d8f5cac46b41e617f0b8fe39ce4cb,2026-10-06,2026-10-06 17:28:08.000 UTC,453968553,3sht5w7rZUmr46d22g6aF8REnFkbxF6iiJRRMeFRS1XNEPezSxvBNBTtXE1onaAeNLH2Sobuxo88Uk3Mfn3jcfPQ,transfer,81RwTUf7ZvM5GpeG5q5aGemnxPQLzKAXEF6qPDzNQKDn,GpMZbSM2GgvTKHJirzeGfMFoaZ8UR2X7F4v8vHTvxFbL,95BGpzYf6m74RDhE6Y7pSVFPiBKuUvQhoDtf41nZUHcb,GJrjTyjw8vEL4FUVVnKmfvYKZamyjNgwxxprciNkQ9AE,132938874119,1329.38874119,1
5eac15442b695e155849c81fdbc441d6,2026-10-06,2026-10-06 17:28:08.000 UTC,453968553,3sht5w7rZUmr46d22g6aF8REnFkbxF6iiJRRMeFRS1XNEPezSxvBNBTtXE1onaAeNLH2Sobuxo88Uk3Mfn3jcfPQ,transfer,J3cdRYTeQAnZUhYRcVpk9abqEuRWTrtxb5fUbgh2aADn,81RwTUf7ZvM5GpeG5q5aGemnxPQLzKAXEF6qPDzNQKDn,7r4TcfVhcYuuh3of8S8igoV7AeyNfwcnRhAaA8FfvSgP,95BGpzYf6m74RDhE6Y7pSVFPiBKuUvQhoDtf41nZUHcb,132938874119,1329.38874119,1
c63569061e8b98feedf25b34cd4b0954,2026-10-06,2026-10-06 17:28:08.000 UTC,453968553,5EUdH5uGnJZka7Fnwg8Djkb7HzCXEUZctqvANgs3UaFcoQYPspTkmuXssZghsQdocrXdfzapDDVuR57z7kjrUShi,transfer,J3cdRYTeQAnZUhYRcVpk9abqEuRWTrtxb5fUbgh2aADn,81RwTUf7ZvM5GpeG5q5aGemnxPQLzKAXEF6qPDzNQKDn,7r4TcfVhcYuuh3of8S8igoV7AeyNfwcnRhAaA8FfvSgP,95BGpzYf6m74RDhE6Y7pSVFPiBKuUvQhoDtf41nZUHcb,181853606037,1818.53606037,1
6d13715381d2744413a783cd969680bb,2026-10-06,2026-10-06 17:28:08.000 UTC,453968553,5EUdH5uGnJZka7Fnwg8Djkb7HzCXEUZctqvANgs3UaFcoQYPspTkmuXssZghsQdocrXdfzapDDVuR57z7kjrUShi,transfer,81RwTUf7ZvM5GpeG5q5aGemnxPQLzKAXEF6qPDzNQKDn,GpMZbSM2GgvTKHJirzeGfMFoaZ8UR2X7F4v8vHTvxFbL,95BGpzYf6m74RDhE6Y7pSVFPiBKuUvQhoDtf41nZUHcb,35hKKpdPTy495wFTybw5wajHp4ZNSyQA5KZXd7cN9hB7,181853606037,1818.53606037,1
c10142f0032c66a3678f3e537d25d85a,2026-10-06,2026-10-06 17:29:28.000 UTC,453968854,qrrsCnT7mdZsLhBZEE3yWgV2GU9aoJBq7pYKN8NBtUUbFttz8VwJB4UMqRPWmg1N1Ni3MHoVtxsAVMJNe15JBTM,transfer,69yhtoJR4JYPPABZcSNkzuqbaFbwHsCkja1sP1Q2aVT5,J3cdRYTeQAnZUhYRcVpk9abqEuRWTrtxb5fUbgh2aADn,4EEVNFEkQUeRQostqQiyMv25cUwart2AcidUc2FQx9ZY,7r4TcfVhcYuuh3of8S8igoV7AeyNfwcnRhAaA8FfvSgP,25000000000000,250000,1
f2e5bf99d9d2a9127650d0a6f1b6db53,2026-10-06,2026-10-06 17:29:28.000 UTC,453968854,qrrsCnT7mdZsLhBZEE3yWgV2GU9aoJBq7pYKN8NBtUUbFttz8VwJB4UMqRPWmg1N1Ni3MHoVtxsAVMJNe15JBTM,transfer,A6HZBtfyuFWaNZtNZXVE4ivn6jReEqJ3uTSyPSwr5vvy,69yhtoJR4JYPPABZcSNkzuqbaFbwHsCkja1sP1Q2aVT5,6tim1FJX3BdS4kX6m92xqUBWP8ehMyJKbcD4W3vVikWK,4EEVNFEkQUeRQostqQiyMv25cUwart2AcidUc2FQx9ZY,25000000000000,250000,1
94d739ddf48345cd3c114f08554d223f,2026-10-06,2026-10-06 17:29:58.000 UTC,453968961,2yH176VvHzbL7TgvNDkh8idzAfChQM8e76Nyiv77foy9TEgkonFFPVMz1iHpUYLKVRfGAJxyEsLN6CK43MKvdvwg,transfer,GpMZbSM2GgvTKHJirzeGfMFoaZ8UR2X7F4v8vHTvxFbL,9ZAPm4VSRNmKmEwVErbtX674nY3BhebJxRwwQKsJTxED,35hKKpdPTy495wFTybw5wajHp4ZNSyQA5KZXd7cN9hB7,4McW4F2B1YHMGtt9pcAQTbgmjueYVh8nea692JZcQt8q,1560533212,15.60533212,1
b3860c3fe0d8053ae4d540119ec6b522,2026-10-06,2026-10-06 17:29:58.000 UTC,453968961,2yH176VvHzbL7TgvNDkh8idzAfChQM8e76Nyiv77foy9TEgkonFFPVMz1iHpUYLKVRfGAJxyEsLN6CK43MKvdvwg,transfer,9ZAPm4VSRNmKmEwVErbtX674nY3BhebJxRwwQKsJTxED,2Q8tAc9nrQca3tE9KqhnVc9DiBsDPQyqY24rnbRVYv8E,4McW4F2B1YHMGtt9pcAQTbgmjueYVh8nea692JZcQt8q,9UK3o1FSN5avmpNmuxkdJWT16YPRjNZ7WvYW3fCcjaw4,1560533212,15.60533212,1
710167dab84327bf722e210774cd9eb1,2026-10-06,2026-10-06 17:29:58.000 UTC,453968961,36x1BmmcP7YMYYKJGUqy2Kndonf7CZzYYbEj5M7dRFn5mLQzjschaAJTFCegfpqVbxbxx1mk9XKC4gSNp1VDGVgk,transfer,J3cdRYTeQAnZUhYRcVpk9abqEuRWTrtxb5fUbgh2aADn,DcQNaByvstRZCERvb9UJHgHiQe8YX2FMdPptM86psQyz,7r4TcfVhcYuuh3of8S8igoV7AeyNfwcnRhAaA8FfvSgP,99WZFcnXjvVHwfCGpcvtwcoWd8NGVxxHThKWuK8LAZn7,135818576630,1358.1857663,1
10d6d7c940202bfc08e6129522c05815,2026-10-06,2026-10-06 17:29:58.000 UTC,453968961,36x1BmmcP7YMYYKJGUqy2Kndonf7CZzYYbEj5M7dRFn5mLQzjschaAJTFCegfpqVbxbxx1mk9XKC4gSNp1VDGVgk,transfer,DcQNaByvstRZCERvb9UJHgHiQe8YX2FMdPptM86psQyz,GpMZbSM2GgvTKHJirzeGfMFoaZ8UR2X7F4v8vHTvxFbL,99WZFcnXjvVHwfCGpcvtwcoWd8NGVxxHThKWuK8LAZn7,GJrjTyjw8vEL4FUVVnKmfvYKZamyjNgwxxprciNkQ9AE,135818576630,1358.1857663,1
4b9034105d38469681da8b92797256f4,2026-10-06,2026-10-06 17:29:58.000 UTC,453968961,42yQzNjn3RcWCdvvGQ5cab6FMon3S6LKD3sW1Kzx61THE4Ni4Vtb8DC4wwTueiZ9ALR3KNaGmavmducL5r7tr6R8,transfer,J3cdRYTeQAnZUhYRcVpk9abqEuRWTrtxb5fUbgh2aADn,HvFdDWS3RqymRAVx1ZdoL2RjiC38r5dtt19Z8op5jqDK,7r4TcfVhcYuuh3of8S8igoV7AeyNfwcnRhAaA8FfvSgP,G1htLa3kFHBueV7h6jzCxFWm46sDnbJ5KXU2c9RikzTQ,1065494352856,10654.94352856,1
cb9a8a986ae5436e6096640b9b291c30,2026-10-06,2026-10-06 17:29:58.000 UTC,453968961,42yQzNjn3RcWCdvvGQ5cab6FMon3S6LKD3sW1Kzx61THE4Ni4Vtb8DC4wwTueiZ9ALR3KNaGmavmducL5r7tr6R8,transfer,HvFdDWS3RqymRAVx1ZdoL2RjiC38r5dtt19Z8op5jqDK,GpMZbSM2GgvTKHJirzeGfMFoaZ8UR2X7F4v8vHTvxFbL,G1htLa3kFHBueV7h6jzCxFWm46sDnbJ5KXU2c9RikzTQ,35hKKpdPTy495wFTybw5wajHp4ZNSyQA5KZXd7cN9hB7,1065494352856,10654.94352856,1
f1ad742c619e7867e98581f9d483eed4,2026-10-06,2026-10-06 17:29:58.000 UTC,453968961,UW9uZgckz8Lw5J9V4ogP89g6uysyexcsgQ2EprYauh4xcKbzBAzUeVAgyKKNH78ghsD7MMjesgRKMQNNyRsi5Zs,transfer,81RwTUf7ZvM5GpeG5q5aGemnxPQLzKAXEF6qPDzNQKDn,GpMZbSM2GgvTKHJirzeGfMFoaZ8UR2X7F4v8vHTvxFbL,95BGpzYf6m74RDhE6Y7pSVFPiBKuUvQhoDtf41nZUHcb,GJrjTyjw8vEL4FUVVnKmfvYKZamyjNgwxxprciNkQ9AE,725657069439,7256.57069439,1
64f8af5759061fc66ae2d661682f131a,2026-10-06,2026-10-06 17:29:58.000 UTC,453968961,UW9uZgckz8Lw5J9V4ogP89g6uysyexcsgQ2EprYauh4xcKbzBAzUeVAgyKKNH78ghsD7MMjesgRKMQNNyRsi5Zs,transfer,J3cdRYTeQAnZUhYRcVpk9abqEuRWTrtxb5fUbgh2aADn,81RwTUf7ZvM5GpeG5q5aGemnxPQLzKAXEF6qPDzNQKDn,7r4TcfVhcYuuh3of8S8igoV7AeyNfwcnRhAaA8FfvSgP,95BGpzYf6m74RDhE6Y7pSVFPiBKuUvQhoDtf41nZUHcb,725657069439,7256.57069439,1
94f68929a2e3f572201fc21aa95c47b1,2026-10-06,2026-10-06 17:30:07.000 UTC,453968994,28YhHaXcPJebLb7D2Fm8wcAsVYTELJacpq8Ek7ZQUbQiYTAA1JRn3jFS7vJpVHtMLBRjGJTh51B3dWoQATL6NmVG,transfer,J3cdRYTeQAnZUhYRcVpk9abqEuRWTrtxb5fUbgh2aADn,DSN3j1ykL3obAVNv7ZX49VsFCPe4LqzxHnmtLiPwY6xg,7r4TcfVhcYuuh3of8S8igoV7AeyNfwcnRhAaA8FfvSgP,ri6K2NSz7cFcgw3pvgobUt7pmWXLY9raZxVL3uXuG4K,713953298651,7139.53298651,1
2987a0e953a43f1bd58ec02c20a170e0,2026-10-06,2026-10-06 17:30:07.000 UTC,453968994,28YhHaXcPJebLb7D2Fm8wcAsVYTELJacpq8Ek7ZQUbQiYTAA1JRn3jFS7vJpVHtMLBRjGJTh51B3dWoQATL6NmVG,transfer,DSN3j1ykL3obAVNv7ZX49VsFCPe4LqzxHnmtLiPwY6xg,Fq79gnMzgnMTPNEmwYBzLKu55TsRFfTUN2BcRkw3ZmVU,ri6K2NSz7cFcgw3pvgobUt7pmWXLY9raZxVL3uXuG4K,56XY3uADPeD853QdRDWT4H9NbxDUkup5qbeBgS8nyQpD,713953298651,7139.53298651,1
12f28fa6ce78f91b43f3d49c7076a940,2026-10-06,2026-10-06 17:30:10.000 UTC,453969006,h4c8MN6r76iMmXoaoFNisHaQYkE3AQQb8ViySqmcWqPg7f5y5bmESkqwerDXaWWAXkernFRQbb6PLWB19HYPrN2,transfer,GpMZbSM2GgvTKHJirzeGfMFoaZ8UR2X7F4v8vHTvxFbL,DgU48oPi5Q3imMTaVCQBXBYhWyV2o1oFJ5iGL9GgaesS,35hKKpdPTy495wFTybw5wajHp4ZNSyQA5KZXd7cN9hB7,14dEWE5HcSg7agRm3JzUeic2VEjA9N7BMHWjxVcysQ2U,1399012050535,13990.12050535,1
b846123c7c461542032c2ad246a8e223,2026-10-06,2026-10-06 17:30:10.000 UTC,453969006,h4c8MN6r76iMmXoaoFNisHaQYkE3AQQb8ViySqmcWqPg7f5y5bmESkqwerDXaWWAXkernFRQbb6PLWB19HYPrN2,transfer,J3cdRYTeQAnZUhYRcVpk9abqEuRWTrtxb5fUbgh2aADn,DgU48oPi5Q3imMTaVCQBXBYhWyV2o1oFJ5iGL9GgaesS,7r4TcfVhcYuuh3of8S8igoV7AeyNfwcnRhAaA8FfvSgP,14dEWE5HcSg7agRm3JzUeic2VEjA9N7BMHWjxVcysQ2U,2147102474687,21471.02474687,1
7019d05520aa976afcf40b3444751742,2026-10-06,2026-10-06 17:30:40.000 UTC,453969114,39yXuV8kk1W8MvK3cuuRAWkdW4MSQf7P3sKGgDZkDDLdFpGHNyN4d23wPgKF6jCkVr6Yf4npHMdBoxYyr99hXncN,transfer,J3cdRYTeQAnZUhYRcVpk9abqEuRWTrtxb5fUbgh2aADn,78Bo7xxGWBEvqbh3VMKvkFG4Z63cXKSJ2LCEXAanhN7a,7r4TcfVhcYuuh3of8S8igoV7AeyNfwcnRhAaA8FfvSgP,H4dF1Hr9YcAqNEUsfGVnxa9qL3dbgJ5fa6PaffqtR7UD,56501026393,565.01026393,1
cbadc58f4309148378d10596d4c9d435,2026-10-06,2026-10-06 17:30:40.000 UTC,453969114,39yXuV8kk1W8MvK3cuuRAWkdW4MSQf7P3sKGgDZkDDLdFpGHNyN4d23wPgKF6jCkVr6Yf4npHMdBoxYyr99hXncN,transfer,78Bo7xxGWBEvqbh3VMKvkFG4Z63cXKSJ2LCEXAanhN7a,GpMZbSM2GgvTKHJirzeGfMFoaZ8UR2X7F4v8vHTvxFbL,H4dF1Hr9YcAqNEUsfGVnxa9qL3dbgJ5fa6PaffqtR7UD,GJrjTyjw8vEL4FUVVnKmfvYKZamyjNgwxxprciNkQ9AE,56501026393,565.01026393,1
94e6fd0754d26bebfdf20f26e349fb39,2026-10-06,2026-10-06 17:30:40.000 UTC,453969114,59WmXHxEbmeZt1YjsTM2ew5Xw7XwEwfRThejPHGg5YHXVb5tvp3VNpuNNv8CXaguRvm6fQSmJmTSL7z8fUyTKycH,transfer,J3cdRYTeQAnZUhYRcVpk9abqEuRWTrtxb5fUbgh2aADn,6YoKb8scwKyHYUe7f397coe8DBoquFYC3gmUL2Pisqrh,7r4TcfVhcYuuh3of8S8igoV7AeyNfwcnRhAaA8FfvSgP,BWJXF4wRkLcSzsH8XHAVEuebWaLUndQdSHEnuBk2Br2H,13339885650,133.3988565,1
0d6ab19cd8defd2a135a4de32d71565a,2026-10-06,2026-10-06 17:30:40.000 UTC,453969114,59WmXHxEbmeZt1YjsTM2ew5Xw7XwEwfRThejPHGg5YHXVb5tvp3VNpuNNv8CXaguRvm6fQSmJmTSL7z8fUyTKycH,transfer,6YoKb8scwKyHYUe7f397coe8DBoquFYC3gmUL2Pisqrh,GpMZbSM2GgvTKHJirzeGfMFoaZ8UR2X7F4v8vHTvxFbL,BWJXF4wRkLcSzsH8XHAVEuebWaLUndQdSHEnuBk2Br2H,35hKKpdPTy495wFTybw5wajHp4ZNSyQA5KZXd7cN9hB7,13339885650,133.3988565,1
0ebb5e4686f8267a2c805b7904397013,2026-10-06,2026-10-06 17:30:40.000 UTC,453969114,5jSmxrRa8zyvCeMeMTpdySBH1tYV9WYCdvZDn759tkLYuwVMHjKK2173jJjMyuzig1RgvZP6L9xsCARgqNPcR1zn,transfer,HvFdDWS3RqymRAVx1ZdoL2RjiC38r5dtt19Z8op5jqDK,GpMZbSM2GgvTKHJirzeGfMFoaZ8UR2X7F4v8vHTvxFbL,G1htLa3kFHBueV7h6jzCxFWm46sDnbJ5KXU2c9RikzTQ,35hKKpdPTy495wFTybw5wajHp4ZNSyQA5KZXd7cN9hB7,1582288544933,15822.88544933,1
8fbb25081cd20bfe92eae6621d9be597,2026-10-06,2026-10-06 17:30:40.000 UTC,453969114,5jSmxrRa8zyvCeMeMTpdySBH1tYV9WYCdvZDn759tkLYuwVMHjKK2173jJjMyuzig1RgvZP6L9xsCARgqNPcR1zn,transfer,J3cdRYTeQAnZUhYRcVpk9abqEuRWTrtxb5fUbgh2aADn,HvFdDWS3RqymRAVx1ZdoL2RjiC38r5dtt19Z8op5jqDK,7r4TcfVhcYuuh3of8S8igoV7AeyNfwcnRhAaA8FfvSgP,G1htLa3kFHBueV7h6jzCxFWm46sDnbJ5KXU2c9RikzTQ,1582288544933,15822.88544933,1
ba457524f740c5d0e6a0de9da5732694,2026-10-06,2026-10-06 17:31:10.000 UTC,453969224,2PiPu2u6Em2ZbkgDHH6nsSEkEekWrhX4JTco8ea89DBkGqfvBMjxQCxmR9ZsijiHf92bZAjoKzkcgJ7BYEdHE6mG,transfer,8L2y55D11k63CAftvW7uMM2mBhtMxLoLnivG9uY2bt8j,GpMZbSM2GgvTKHJirzeGfMFoaZ8UR2X7F4v8vHTvxFbL,HMM7irT5srZyM5LaAekNzEkQLQFkniNZdBxAvVvfBDxX,35hKKpdPTy495wFTybw5wajHp4ZNSyQA5KZXd7cN9hB7,786819220746,7868.19220746,1
f2513026e7781019e738a9d87163ba76,2026-10-06,2026-10-06 17:31:10.000 UTC,453969224,2PiPu2u6Em2ZbkgDHH6nsSEkEekWrhX4JTco8ea89DBkGqfvBMjxQCxmR9ZsijiHf92bZAjoKzkcgJ7BYEdHE6mG,transfer,J3cdRYTeQAnZUhYRcVpk9abqEuRWTrtxb5fUbgh2aADn,8L2y55D11k63CAftvW7uMM2mBhtMxLoLnivG9uY2bt8j,7r4TcfVhcYuuh3of8S8igoV7AeyNfwcnRhAaA8FfvSgP,HMM7irT5srZyM5LaAekNzEkQLQFkniNZdBxAvVvfBDxX,786819220746,7868.19220746,1
56a6ef2d170a499424e51d873f60a7a1,2026-10-06,2026-10-06 17:31:10.000 UTC,453969224,3Mn4hU4QHeT6WDvVHMo945sX2i3drDNerQbD2HP9hTNqsZ7U3zXfzWqGG2VYbRiR7s4wbuS2Xwo4CUybVgfWUiWp,transfer,81RwTUf7ZvM5GpeG5q5aGemnxPQLzKAXEF6qPDzNQKDn,GpMZbSM2GgvTKHJirzeGfMFoaZ8UR2X7F4v8vHTvxFbL,95BGpzYf6m74RDhE6Y7pSVFPiBKuUvQhoDtf41nZUHcb,GJrjTyjw8vEL4FUVVnKmfvYKZamyjNgwxxprciNkQ9AE,395961733331,3959.61733331,1
ed4e11d6fa1e9ed4558868f701b3b249,2026-10-06,2026-10-06 17:31:10.000 UTC,453969224,3Mn4hU4QHeT6WDvVHMo945sX2i3drDNerQbD2HP9hTNqsZ7U3zXfzWqGG2VYbRiR7s4wbuS2Xwo4CUybVgfWUiWp,transfer,J3cdRYTeQAnZUhYRcVpk9abqEuRWTrtxb5fUbgh2aADn,81RwTUf7ZvM5GpeG5q5aGemnxPQLzKAXEF6qPDzNQKDn,7r4TcfVhcYuuh3of8S8igoV7AeyNfwcnRhAaA8FfvSgP,95BGpzYf6m74RDhE6Y7pSVFPiBKuUvQhoDtf41nZUHcb,395961733331,3959.61733331,1
afb9ff3a37173beb154a6768a9adb0ab,2026-10-06,2026-10-06 17:31:21.000 UTC,453969265,2KjFyvFG8iK586zfLvpaY26DtWbPuGZoYnrkyC15VM8ojDaytnoKqkkpSN4oGYpp57MyVFv4trMVUBVYZGQ3zVqC,transfer,HHn8QjghWCTKMqEPNN9QZnHTMFy4S5QWNAPk5EHQ1nq9,ARu4n5mFdZogZAravu7CcizaojWnS6oqka37gdLT5SZn,2ogbiqC9RAUe5TmCWZniD9wBLYw8egLnGDZH2WmxGaq9,3CCaDwLVKs3WBE6bFG58Q9qaHmGfRrjUvEnEcuiCbY87,1614670354153,16146.70354153,1
b0c7fd613a5b5363fd58dad2c9ffde55,2026-10-06,2026-10-06 17:31:21.000 UTC,453969265,2KjFyvFG8iK586zfLvpaY26DtWbPuGZoYnrkyC15VM8ojDaytnoKqkkpSN4oGYpp57MyVFv4trMVUBVYZGQ3zVqC,transfer,ARu4n5mFdZogZAravu7CcizaojWnS6oqka37gdLT5SZn,GpMZbSM2GgvTKHJirzeGfMFoaZ8UR2X7F4v8vHTvxFbL,3CCaDwLVKs3WBE6bFG58Q9qaHmGfRrjUvEnEcuiCbY87,35hKKpdPTy495wFTybw5wajHp4ZNSyQA5KZXd7cN9hB7,1216718698669,12167.18698669,1
32f049e6b78bff437cb4c6961f7659ee,2026-10-06,2026-10-06 17:31:21.000 UTC,453969265,2KjFyvFG8iK586zfLvpaY26DtWbPuGZoYnrkyC15VM8ojDaytnoKqkkpSN4oGYpp57MyVFv4trMVUBVYZGQ3zVqC,transfer,ARu4n5mFdZogZAravu7CcizaojWnS6oqka37gdLT5SZn,8psNvWTrdNTiVRNzAgsou9kETXNJm2SXZyaKuJraVRtf,3CCaDwLVKs3WBE6bFG58Q9qaHmGfRrjUvEnEcuiCbY87,CFYg9oE2LZags4qVGrvvYsEDYAL6mWe7sCYGfWdLLRsY,13724698010,137.2469801,1
69bd87024c77ac3099171f70150d3eb8,2026-10-06,2026-10-06 17:31:21.000 UTC,453969265,2KjFyvFG8iK586zfLvpaY26DtWbPuGZoYnrkyC15VM8ojDaytnoKqkkpSN4oGYpp57MyVFv4trMVUBVYZGQ3zVqC,transfer,ARu4n5mFdZogZAravu7CcizaojWnS6oqka37gdLT5SZn,GpMZbSM2GgvTKHJirzeGfMFoaZ8UR2X7F4v8vHTvxFbL,3CCaDwLVKs3WBE6bFG58Q9qaHmGfRrjUvEnEcuiCbY87,GJrjTyjw8vEL4FUVVnKmfvYKZamyjNgwxxprciNkQ9AE,384226957474,3842.26957474,1
64dfbc98d89a4e0ea304b439c0ab039c,2026-10-06,2026-10-06 17:31:22.000 UTC,453969268,2wsdLBZXuhB9FSrcLUiLw6jUC473Zb9TwSQG9M3MJdV78oCvHVBWGqZNQX3SD1ozATvVAz9yLCCSKgaBiuHhfpR9,transfer,GpMZbSM2GgvTKHJirzeGfMFoaZ8UR2X7F4v8vHTvxFbL,GLiCiNEnku3pQsmkVkRvnDLbfUN9BWbsrPDWLdPaADng,35hKKpdPTy495wFTybw5wajHp4ZNSyQA5KZXd7cN9hB7,DPyTo4Z4mCfuEeC3w7jHPbECom8tdcy6Q77xgnmSzz2i,27776387366,277.76387366,1
9d3030966487b0ae70eda3ee2fefeae5,2026-10-06,2026-10-06 17:31:22.000 UTC,453969268,2wsdLBZXuhB9FSrcLUiLw6jUC473Zb9TwSQG9M3MJdV78oCvHVBWGqZNQX3SD1ozATvVAz9yLCCSKgaBiuHhfpR9,transfer,GLiCiNEnku3pQsmkVkRvnDLbfUN9BWbsrPDWLdPaADng,GpMZbSM2GgvTKHJirzeGfMFoaZ8UR2X7F4v8vHTvxFbL,DPyTo4Z4mCfuEeC3w7jHPbECom8tdcy6Q77xgnmSzz2i,GJrjTyjw8vEL4FUVVnKmfvYKZamyjNgwxxprciNkQ9AE,27776387366,277.76387366,1
52ad49dd4dead5c0b1d51abecc59deba,2026-10-06,2026-10-06 17:31:22.000 UTC,453969268,3L2UJRQWLuCNGmaFs6PnXaz7SKA1hKcqPiMmEeMaa5qBmi4EWY45h4FMY7eWgb81vTJejv5eTsKaWmG7FYStdCZC,transfer,9ZAPm4VSRNmKmEwVErbtX674nY3BhebJxRwwQKsJTxED,2Q8tAc9nrQca3tE9KqhnVc9DiBsDPQyqY24rnbRVYv8E,4McW4F2B1YHMGtt9pcAQTbgmjueYVh8nea692JZcQt8q,9UK3o1FSN5avmpNmuxkdJWT16YPRjNZ7WvYW3fCcjaw4,1579353910,15.7935391,1
deedd3b47961b9fddd791cd5d713e893,2026-10-06,2026-10-06 17:31:22.000 UTC,453969268,3L2UJRQWLuCNGmaFs6PnXaz7SKA1hKcqPiMmEeMaa5qBmi4EWY45h4FMY7eWgb81vTJejv5eTsKaWmG7FYStdCZC,transfer,GpMZbSM2GgvTKHJirzeGfMFoaZ8UR2X7F4v8vHTvxFbL,9ZAPm4VSRNmKmEwVErbtX674nY3BhebJxRwwQKsJTxED,35hKKpdPTy495wFTybw5wajHp4ZNSyQA5KZXd7cN9hB7,4McW4F2B1YHMGtt9pcAQTbgmjueYVh8nea692JZcQt8q,1579353910,15.7935391,1
f87417502ad75cc4b979f0803c9ddbb8,2026-10-06,2026-10-06 17:32:17.000 UTC,453969477,3MRd5stWxCNuFN8ePj2nSKd8m6yf5qjSBnHEzi2ZfBYwd4FQczATcbgSraWUZtMyeJkwAniygEc2nrrJnhUnht2q,transfer,GpMZbSM2GgvTKHJirzeGfMFoaZ8UR2X7F4v8vHTvxFbL,DcQNaByvstRZCERvb9UJHgHiQe8YX2FMdPptM86psQyz,35hKKpdPTy495wFTybw5wajHp4ZNSyQA5KZXd7cN9hB7,99WZFcnXjvVHwfCGpcvtwcoWd8NGVxxHThKWuK8LAZn7,44462370252,444.62370252,1
814fed0a18676b7c382922fa7b3bcfad,2026-10-06,2026-10-06 17:32:17.000 UTC,453969477,3MRd5stWxCNuFN8ePj2nSKd8m6yf5qjSBnHEzi2ZfBYwd4FQczATcbgSraWUZtMyeJkwAniygEc2nrrJnhUnht2q,transfer,DcQNaByvstRZCERvb9UJHgHiQe8YX2FMdPptM86psQyz,GpMZbSM2GgvTKHJirzeGfMFoaZ8UR2X7F4v8vHTvxFbL,99WZFcnXjvVHwfCGpcvtwcoWd8NGVxxHThKWuK8LAZn7,GJrjTyjw8vEL4FUVVnKmfvYKZamyjNgwxxprciNkQ9AE,44462370252,444.62370252,1
e6054e8d361193b1e9b13d287e938efc,2026-10-06,2026-10-06 17:32:17.000 UTC,453969477,5n4UpVvxjD1iasuKhwVr1MsKPtkx3pPwKww1Qcu9LBjPxAVSh66UpMhYMJ2hQpUYmMbwHHF9ZeFu9vUkpe8Q9fNa,transfer,3nMNd89AxwHUa1AFvQGqohRkxFEQsTsgiEyEyqXFHyyH,GpMZbSM2GgvTKHJirzeGfMFoaZ8UR2X7F4v8vHTvxFbL,F9eR3BpXB6zJCUDRiy7q4ewPFvmxV9gvZYrSmiXmXdyg,GJrjTyjw8vEL4FUVVnKmfvYKZamyjNgwxxprciNkQ9AE,44491642058,444.91642058,1
a5012787eaa13a4e88c83faaeb44761f,2026-10-06,2026-10-06 17:32:17.000 UTC,453969477,5n4UpVvxjD1iasuKhwVr1MsKPtkx3pPwKww1Qcu9LBjPxAVSh66UpMhYMJ2hQpUYmMbwHHF9ZeFu9vUkpe8Q9fNa,transfer,GpMZbSM2GgvTKHJirzeGfMFoaZ8UR2X7F4v8vHTvxFbL,3nMNd89AxwHUa1AFvQGqohRkxFEQsTsgiEyEyqXFHyyH,35hKKpdPTy495wFTybw5wajHp4ZNSyQA5KZXd7cN9hB7,F9eR3BpXB6zJCUDRiy7q4ewPFvmxV9gvZYrSmiXmXdyg,44491642058,444.91642058,1
2585ee5ddb79d86755a85961174a163b,2026-10-06,2026-10-06 17:33:32.000 UTC,453969756,5reaEwLhJRYTiBQLjTMA1vjyBtwyGGiM99bCdAaNKRxE4p8A73TKcmeVCHGTXvjnHZ3w34goRMb6kRqedk7n18fY,transfer,3CgvbiM3op4vjrrjH2zcrQUwsqh5veNVRjFCB9N6sRoD,J3cdRYTeQAnZUhYRcVpk9abqEuRWTrtxb5fUbgh2aADn,FHvxdHZbqJURPWb9tgwH5cT4h2Ve9pMqYfXhxRntzceF,7r4TcfVhcYuuh3of8S8igoV7AeyNfwcnRhAaA8FfvSgP,25000000000000,250000,1
43360995ce8decd6524effb64e084c4d,2026-10-06,2026-10-06 17:33:32.000 UTC,453969756,5reaEwLhJRYTiBQLjTMA1vjyBtwyGGiM99bCdAaNKRxE4p8A73TKcmeVCHGTXvjnHZ3w34goRMb6kRqedk7n18fY,transfer,A6HZBtfyuFWaNZtNZXVE4ivn6jReEqJ3uTSyPSwr5vvy,3CgvbiM3op4vjrrjH2zcrQUwsqh5veNVRjFCB9N6sRoD,6tim1FJX3BdS4kX6m92xqUBWP8ehMyJKbcD4W3vVikWK,FHvxdHZbqJURPWb9tgwH5cT4h2Ve9pMqYfXhxRntzceF,25000000000000,250000,1
322cec9ba33ef06c2bd11dec9137c219,2026-10-06,2026-10-06 17:34:02.000 UTC,453969867,4HurWvQyc6UjtU4TLgwHMkjgMbyudYTVeh7gNRWnrNWoV7moRC8cJscyTsqihD5LHC1ZaQ5qS93cGFTUVnVwtn83,transfer,J3cdRYTeQAnZUhYRcVpk9abqEuRWTrtxb5fUbgh2aADn,81RwTUf7ZvM5GpeG5q5aGemnxPQLzKAXEF6qPDzNQKDn,7r4TcfVhcYuuh3of8S8igoV7AeyNfwcnRhAaA8FfvSgP,95BGpzYf6m74RDhE6Y7pSVFPiBKuUvQhoDtf41nZUHcb,287705242958,2877.05242958,1
630c1dda425c15f85c2dfacc82da4241,2026-10-06,2026-10-06 17:34:02.000 UTC,453969867,4HurWvQyc6UjtU4TLgwHMkjgMbyudYTVeh7gNRWnrNWoV7moRC8cJscyTsqihD5LHC1ZaQ5qS93cGFTUVnVwtn83,transfer,81RwTUf7ZvM5GpeG5q5aGemnxPQLzKAXEF6qPDzNQKDn,GpMZbSM2GgvTKHJirzeGfMFoaZ8UR2X7F4v8vHTvxFbL,95BGpzYf6m74RDhE6Y7pSVFPiBKuUvQhoDtf41nZUHcb,GJrjTyjw8vEL4FUVVnKmfvYKZamyjNgwxxprciNkQ9AE,287705242958,2877.05242958,1
79abd17dc2e1c43604bbc749c04440e2,2026-10-06,2026-10-06 17:34:02.000 UTC,453969868,4HBgenasZ7myceTfB2x7KPmfar4ueX3XPitwWaQJkMRHS8rdMeAznaQw7ruKbKn4Fc1ro5U3cGeyEepwmWmGm1Bw,transfer,J3cdRYTeQAnZUhYRcVpk9abqEuRWTrtxb5fUbgh2aADn,78Bo7xxGWBEvqbh3VMKvkFG4Z63cXKSJ2LCEXAanhN7a,7r4TcfVhcYuuh3of8S8igoV7AeyNfwcnRhAaA8FfvSgP,H4dF1Hr9YcAqNEUsfGVnxa9qL3dbgJ5fa6PaffqtR7UD,60740011964,607.40011964,1
1444c5313ffedff5bdc39ca3639a5c35,2026-10-06,2026-10-06 17:34:02.000 UTC,453969868,4HBgenasZ7myceTfB2x7KPmfar4ueX3XPitwWaQJkMRHS8rdMeAznaQw7ruKbKn4Fc1ro5U3cGeyEepwmWmGm1Bw,transfer,78Bo7xxGWBEvqbh3VMKvkFG4Z63cXKSJ2LCEXAanhN7a,GpMZbSM2GgvTKHJirzeGfMFoaZ8UR2X7F4v8vHTvxFbL,H4dF1Hr9YcAqNEUsfGVnxa9qL3dbgJ5fa6PaffqtR7UD,GJrjTyjw8vEL4FUVVnKmfvYKZamyjNgwxxprciNkQ9AE,60740011964,607.40011964,1
8f318873ea5f1f2b72deeb6f74ca0264,2026-10-06,2026-10-06 17:34:02.000 UTC,453969868,62VoWaBzaZVVqtcT5mnYdRWjAxvEgvWbBZLgkFnmMmxACLUqLoy7K87ehQPu2NsEbwMJdioxKgHn9vStzsNyJQRT,transfer,81RwTUf7ZvM5GpeG5q5aGemnxPQLzKAXEF6qPDzNQKDn,GpMZbSM2GgvTKHJirzeGfMFoaZ8UR2X7F4v8vHTvxFbL,95BGpzYf6m74RDhE6Y7pSVFPiBKuUvQhoDtf41nZUHcb,35hKKpdPTy495wFTybw5wajHp4ZNSyQA5KZXd7cN9hB7,196052395712,1960.52395712,1
9a0832623e9bcec9ba0e1afe9e119b58,2026-10-06,2026-10-06 17:34:02.000 UTC,453969868,62VoWaBzaZVVqtcT5mnYdRWjAxvEgvWbBZLgkFnmMmxACLUqLoy7K87ehQPu2NsEbwMJdioxKgHn9vStzsNyJQRT,transfer,J3cdRYTeQAnZUhYRcVpk9abqEuRWTrtxb5fUbgh2aADn,81RwTUf7ZvM5GpeG5q5aGemnxPQLzKAXEF6qPDzNQKDn,7r4TcfVhcYuuh3of8S8igoV7AeyNfwcnRhAaA8FfvSgP,95BGpzYf6m74RDhE6Y7pSVFPiBKuUvQhoDtf41nZUHcb,196052395712,1960.52395712,1
b98be3dd4f312e3329d52ad7f2718798,2026-10-06,2026-10-06 17:34:32.000 UTC,453969979,52oH5gTewzi1A6mj3hWNm7neh5C8hT7q8YQNZ59QXzSsswSGKKEjMmjAAWqJGHmR49K395rP481qBZWzgUCB35Qt,transfer,J3cdRYTeQAnZUhYRcVpk9abqEuRWTrtxb5fUbgh2aADn,ENY9JreWWWtq8jSKfLtXpzjBteknLPdahPCwG7ZCVbJe,7r4TcfVhcYuuh3of8S8igoV7AeyNfwcnRhAaA8FfvSgP,H8hLSbAWpfk2mtdFuZADzsf18vsbWTiYn78o6sgyKR8D,577915689402,5779.15689402,1
3937eb2383866710bd5597dad8bbc1bf,2026-10-06,2026-10-06 17:34:32.000 UTC,453969979,52oH5gTewzi1A6mj3hWNm7neh5C8hT7q8YQNZ59QXzSsswSGKKEjMmjAAWqJGHmR49K395rP481qBZWzgUCB35Qt,transfer,ENY9JreWWWtq8jSKfLtXpzjBteknLPdahPCwG7ZCVbJe,GpMZbSM2GgvTKHJirzeGfMFoaZ8UR2X7F4v8vHTvxFbL,H8hLSbAWpfk2mtdFuZADzsf18vsbWTiYn78o6sgyKR8D,GJrjTyjw8vEL4FUVVnKmfvYKZamyjNgwxxprciNkQ9AE,577915689402,5779.15689402,1
c40d96fb2aac0bc35f96cdb8fa36199f,2026-10-06,2026-10-06 17:34:32.000 UTC,453969979,eeSvCiEyxNrhcfsZDpGtokstvyWxR36ZwYRAyM3mDu1oNzeENwYV6pY1NcNnWtoZ3mZP7WNtAH7tc6FjFCEsawb,transfer,J3cdRYTeQAnZUhYRcVpk9abqEuRWTrtxb5fUbgh2aADn,HvFdDWS3RqymRAVx1ZdoL2RjiC38r5dtt19Z8op5jqDK,7r4TcfVhcYuuh3of8S8igoV7AeyNfwcnRhAaA8FfvSgP,G1htLa3kFHBueV7h6jzCxFWm46sDnbJ5KXU2c9RikzTQ,1415168529173,14151.68529173,1
d206538c8b206d4a9dd74f8dc8963df0,2026-10-06,2026-10-06 17:34:32.000 UTC,453969979,eeSvCiEyxNrhcfsZDpGtokstvyWxR36ZwYRAyM3mDu1oNzeENwYV6pY1NcNnWtoZ3mZP7WNtAH7tc6FjFCEsawb,transfer,HvFdDWS3RqymRAVx1ZdoL2RjiC38r5dtt19Z8op5jqDK,GpMZbSM2GgvTKHJirzeGfMFoaZ8UR2X7F4v8vHTvxFbL,G1htLa3kFHBueV7h6jzCxFWm46sDnbJ5KXU2c9RikzTQ,35hKKpdPTy495wFTybw5wajHp4ZNSyQA5KZXd7cN9hB7,1415168529173,14151.68529173,1
ce23302eceb132476ae69c28da34f3a3,2026-10-06,2026-10-06 17:34:32.000 UTC,453969980,2zQ1vhFw4wJH5jaXLorThxrbNEBFMsUFDooNaQMMuXnXTenyuKBoT59XovLCc2CCoV2g8JB2wbodPMLn6nkZrHC6,transfer,J3cdRYTeQAnZUhYRcVpk9abqEuRWTrtxb5fUbgh2aADn,78Bo7xxGWBEvqbh3VMKvkFG4Z63cXKSJ2LCEXAanhN7a,7r4TcfVhcYuuh3of8S8igoV7AeyNfwcnRhAaA8FfvSgP,H4dF1Hr9YcAqNEUsfGVnxa9qL3dbgJ5fa6PaffqtR7UD,68531285369,685.31285369,1
f63c18843a96a605ec40dbf860b1a0b4,2026-10-06,2026-10-06 17:34:32.000 UTC,453969980,2zQ1vhFw4wJH5jaXLorThxrbNEBFMsUFDooNaQMMuXnXTenyuKBoT59XovLCc2CCoV2g8JB2wbodPMLn6nkZrHC6,transfer,78Bo7xxGWBEvqbh3VMKvkFG4Z63cXKSJ2LCEXAanhN7a,GpMZbSM2GgvTKHJirzeGfMFoaZ8UR2X7F4v8vHTvxFbL,H4dF1Hr9YcAqNEUsfGVnxa9qL3dbgJ5fa6PaffqtR7UD,GJrjTyjw8vEL4FUVVnKmfvYKZamyjNgwxxprciNkQ9AE,68531285369,685.31285369,1
a3f62c07a5f69d7b7e21fe938ae19979,2026-10-06,2026-10-06 17:34:32.000 UTC,453969980,4jpRhYsYHfHW9RfUxgPto4YzJTxFvb1Czz1cZ4GzgTzYja7TpsmJQs6eexgxbU8XjoQxdgEzt3LUaHtHAnDhM3Na,transfer,6YoKb8scwKyHYUe7f397coe8DBoquFYC3gmUL2Pisqrh,GpMZbSM2GgvTKHJirzeGfMFoaZ8UR2X7F4v8vHTvxFbL,BWJXF4wRkLcSzsH8XHAVEuebWaLUndQdSHEnuBk2Br2H,GJrjTyjw8vEL4FUVVnKmfvYKZamyjNgwxxprciNkQ9AE,1910428394,19.10428394,1
67439aaeb650b602206b59e1bba1e705,2026-10-06,2026-10-06 17:34:32.000 UTC,453969980,4jpRhYsYHfHW9RfUxgPto4YzJTxFvb1Czz1cZ4GzgTzYja7TpsmJQs6eexgxbU8XjoQxdgEzt3LUaHtHAnDhM3Na,transfer,J3cdRYTeQAnZUhYRcVpk9abqEuRWTrtxb5fUbgh2aADn,6YoKb8scwKyHYUe7f397coe8DBoquFYC3gmUL2Pisqrh,7r4TcfVhcYuuh3of8S8igoV7AeyNfwcnRhAaA8FfvSgP,BWJXF4wRkLcSzsH8XHAVEuebWaLUndQdSHEnuBk2Br2H,1910428394,19.10428394,1
b6ac1d2f72a3377d01f0bb4b915a4806,2026-10-06,2026-10-06 17:35:02.000 UTC,453970087,2CpjXjfLiTuQ7uux6j8GdN38BD1JkrdjuhyuijEd7oNEwea83V34Eqv5rVMvYub1A3nTWPTBammjAA3SKfyhrNLP,transfer,J3cdRYTeQAnZUhYRcVpk9abqEuRWTrtxb5fUbgh2aADn,81RwTUf7ZvM5GpeG5q5aGemnxPQLzKAXEF6qPDzNQKDn,7r4TcfVhcYuuh3of8S8igoV7AeyNfwcnRhAaA8FfvSgP,95BGpzYf6m74RDhE6Y7pSVFPiBKuUvQhoDtf41nZUHcb,472565800501,4725.65800501,1
c5053542e515beef31cfbf2a106a6ae5,2026-10-06,2026-10-06 17:35:02.000 UTC,453970087,2CpjXjfLiTuQ7uux6j8GdN38BD1JkrdjuhyuijEd7oNEwea83V34Eqv5rVMvYub1A3nTWPTBammjAA3SKfyhrNLP,transfer,81RwTUf7ZvM5GpeG5q5aGemnxPQLzKAXEF6qPDzNQKDn,GpMZbSM2GgvTKHJirzeGfMFoaZ8UR2X7F4v8vHTvxFbL,95BGpzYf6m74RDhE6Y7pSVFPiBKuUvQhoDtf41nZUHcb,GJrjTyjw8vEL4FUVVnKmfvYKZamyjNgwxxprciNkQ9AE,472565800501,4725.65800501,1
ed1f933e0391c9571fb2e696ec239c3f,2026-10-06,2026-10-06 17:35:02.000 UTC,453970087,gqsYczoQsuDtcVXkM8KWmHbSeDCfDp8p8WmMGUxweokKKcxvdvk7fzcQmVcvwRD8f8YECHaZGoZyroRnTJxyhMH,transfer,HWGoJ1HaMFUiDgfD7FVxMaYJAE2A5JjF7si6CgWSvRFQ,GpMZbSM2GgvTKHJirzeGfMFoaZ8UR2X7F4v8vHTvxFbL,CVefxucki1YuVTmZnT6t2ZgweStgZQJNwDdawBGjRK59,35hKKpdPTy495wFTybw5wajHp4ZNSyQA5KZXd7cN9hB7,275494516000,2754.94516,1
56fbceed5d903decacb937013d0e99d4,2026-10-06,2026-10-06 17:35:02.000 UTC,453970087,gqsYczoQsuDtcVXkM8KWmHbSeDCfDp8p8WmMGUxweokKKcxvdvk7fzcQmVcvwRD8f8YECHaZGoZyroRnTJxyhMH,transfer,J3cdRYTeQAnZUhYRcVpk9abqEuRWTrtxb5fUbgh2aADn,HWGoJ1HaMFUiDgfD7FVxMaYJAE2A5JjF7si6CgWSvRFQ,7r4TcfVhcYuuh3of8S8igoV7AeyNfwcnRhAaA8FfvSgP,CVefxucki1YuVTmZnT6t2ZgweStgZQJNwDdawBGjRK59,275494516000,2754.94516,1
91fbd00b7a0ea0d361f0977156d2a9ba,2026-10-06,2026-10-06 17:35:32.000 UTC,453970201,4exUCWjyAwFuNrkxKjGLbzvAQeGRkGapFQQD8vTtXHmyAiuyxRwvLgpXwzD9vvB3EZiVyfTJxNUK34udFHAQCnua,transfer,7nwPXZNhBj88jcC22VNBQUYLohTsQWh5VGxWqnAAcvMf,GpMZbSM2GgvTKHJirzeGfMFoaZ8UR2X7F4v8vHTvxFbL,HVf2NN8y6CpDA78hbLGErwzuuAhtDoCtj3tsBUSGthQb,35hKKpdPTy495wFTybw5wajHp4ZNSyQA5KZXd7cN9hB7,201538060043,2015.38060043,1
6e1be2578227915665f22b3093c4826d,2026-10-06,2026-10-06 17:35:32.000 UTC,453970201,4exUCWjyAwFuNrkxKjGLbzvAQeGRkGapFQQD8vTtXHmyAiuyxRwvLgpXwzD9vvB3EZiVyfTJxNUK34udFHAQCnua,transfer,J3cdRYTeQAnZUhYRcVpk9abqEuRWTrtxb5fUbgh2aADn,7nwPXZNhBj88jcC22VNBQUYLohTsQWh5VGxWqnAAcvMf,7r4TcfVhcYuuh3of8S8igoV7AeyNfwcnRhAaA8FfvSgP,HVf2NN8y6CpDA78hbLGErwzuuAhtDoCtj3tsBUSGthQb,201538060043,2015.38060043,1
02e0574a0cffe18ccaa419c46eb6e892,2026-10-06,2026-10-06 17:35:39.000 UTC,453970228,3CbYeeqDiNBhEpJKDea1emYL7royPEzDDxdW5T2caGnod1Nw6osES2hZ4KQpExnvAUEEm3qdcVYyyKTX3sT6SYp8,transfer,7JCe3GHwkEr3feHgtLXnmuJ1yB3A7coSeyynxTBgdG8k,C2gk7SXQMccSP4FtHmQwJ7N6RiiELUPLAxbfJWsEMwKz,8ouxyMCvUrfD4Ssw91NYAYEhRihs8sxxg4PH6XwhRTHf,EqXHj8JZohzzs6ieQMN3GDc9pPtZVJmr3WpBjCS2eKdW,11244078550625,112440.78550625,1
8d22351e791079c4256d4e0a4bdb5c9e,2026-10-06,2026-10-06 17:35:39.000 UTC,453970228,3CbYeeqDiNBhEpJKDea1emYL7royPEzDDxdW5T2caGnod1Nw6osES2hZ4KQpExnvAUEEm3qdcVYyyKTX3sT6SYp8,transfer,GpMZbSM2GgvTKHJirzeGfMFoaZ8UR2X7F4v8vHTvxFbL,7JCe3GHwkEr3feHgtLXnmuJ1yB3A7coSeyynxTBgdG8k,35hKKpdPTy495wFTybw5wajHp4ZNSyQA5KZXd7cN9hB7,8ouxyMCvUrfD4Ssw91NYAYEhRihs8sxxg4PH6XwhRTHf,2782030433828,27820.30433828,1
82a266a4e6d8bce612cfea8f65328968,2026-10-06,2026-10-06 17:35:39.000 UTC,453970228,3CbYeeqDiNBhEpJKDea1emYL7royPEzDDxdW5T2caGnod1Nw6osES2hZ4KQpExnvAUEEm3qdcVYyyKTX3sT6SYp8,transfer,J3cdRYTeQAnZUhYRcVpk9abqEuRWTrtxb5fUbgh2aADn,7JCe3GHwkEr3feHgtLXnmuJ1yB3A7coSeyynxTBgdG8k,7r4TcfVhcYuuh3of8S8igoV7AeyNfwcnRhAaA8FfvSgP,8ouxyMCvUrfD4Ssw91NYAYEhRihs8sxxg4PH6XwhRTHf,8462048116797,84620.48116797,1
d0c5ecf22f36048ccdbd3884909d6e29,2026-10-06,2026-10-06 17:35:39.000 UTC,453970228,63Eo75fJJHKKEs8goPAu69UQnXh21nvftbPyTV2AhG95ZTkxzwwsJe4nrSndEz231BqXNY6ZPgi7Vzp31YGfL3Up,transfer,J3cdRYTeQAnZUhYRcVpk9abqEuRWTrtxb5fUbgh2aADn,78Bo7xxGWBEvqbh3VMKvkFG4Z63cXKSJ2LCEXAanhN7a,7r4TcfVhcYuuh3of8S8igoV7AeyNfwcnRhAaA8FfvSgP,H4dF1Hr9YcAqNEUsfGVnxa9qL3dbgJ5fa6PaffqtR7UD,107940713079,1079.40713079,1
58ba812d632a008dda6a375f2e17b789,2026-10-06,2026-10-06 17:35:39.000 UTC,453970228,63Eo75fJJHKKEs8goPAu69UQnXh21nvftbPyTV2AhG95ZTkxzwwsJe4nrSndEz231BqXNY6ZPgi7Vzp31YGfL3Up,transfer,78Bo7xxGWBEvqbh3VMKvkFG4Z63cXKSJ2LCEXAanhN7a,GpMZbSM2GgvTKHJirzeGfMFoaZ8UR2X7F4v8vHTvxFbL,H4dF1Hr9YcAqNEUsfGVnxa9qL3dbgJ5fa6PaffqtR7UD,GJrjTyjw8vEL4FUVVnKmfvYKZamyjNgwxxprciNkQ9AE,107940713079,1079.40713079,1
ee334462019353f8cfeae05578c69ac8,2026-10-06,2026-10-06 17:35:58.000 UTC,453970297,3q76YixZoU7uNrferKYcggWw8wxsG8L9TtxkrtoyEUrAAh3zvQkYEqjRUj9esKX29PA6X4uZyx6FRucHavfzdRTN,transfer,J3cdRYTeQAnZUhYRcVpk9abqEuRWTrtxb5fUbgh2aADn,89q3zEgHzuPSYkrSq1TANDqP7HJMLAnxxXtCJGEnVqB4,7r4TcfVhcYuuh3of8S8igoV7AeyNfwcnRhAaA8FfvSgP,ECY7Xa1kjioZiaVop2aYnEnPQwANQWGimJ9tK2GvN8Zq,26644750182,266.44750182,1
f2bf35f77fa8c25731fc855cacd4ccc5,2026-10-06,2026-10-06 17:36:09.000 UTC,453970337,2Bv3FoatkJNc6wrrrRQbfb3quGKPxFKe7iisjoHiER7ye7a9VyD4G9TYMTzzfp1225qQdiSPSr6ZeTeWSKUhhze8,transfer,J3cdRYTeQAnZUhYRcVpk9abqEuRWTrtxb5fUbgh2aADn,6YoKb8scwKyHYUe7f397coe8DBoquFYC3gmUL2Pisqrh,7r4TcfVhcYuuh3of8S8igoV7AeyNfwcnRhAaA8FfvSgP,BWJXF4wRkLcSzsH8XHAVEuebWaLUndQdSHEnuBk2Br2H,106646607088,1066.46607088,1
230692215316358846daa22792909fa4,2026-10-06,2026-10-06 17:36:09.000 UTC,453970337,2Bv3FoatkJNc6wrrrRQbfb3quGKPxFKe7iisjoHiER7ye7a9VyD4G9TYMTzzfp1225qQdiSPSr6ZeTeWSKUhhze8,transfer,6YoKb8scwKyHYUe7f397coe8DBoquFYC3gmUL2Pisqrh,GpMZbSM2GgvTKHJirzeGfMFoaZ8UR2X7F4v8vHTvxFbL,BWJXF4wRkLcSzsH8XHAVEuebWaLUndQdSHEnuBk2Br2H,35hKKpdPTy495wFTybw5wajHp4ZNSyQA5KZXd7cN9hB7,106646607088,1066.46607088,1
c99b086cb7475860fbfeacd116e1b7a5,2026-10-06,2026-10-06 17:36:09.000 UTC,453970337,5dJgNq9C6quCXxzLXvmgwzMXJRsCBF8TA4LjDLs7wJapRvRAQhRPhYe7XSzskG4RB5f9zfsAbNtdzBLPhTzxhEiW,transfer,J3cdRYTeQAnZUhYRcVpk9abqEuRWTrtxb5fUbgh2aADn,ENY9JreWWWtq8jSKfLtXpzjBteknLPdahPCwG7ZCVbJe,7r4TcfVhcYuuh3of8S8igoV7AeyNfwcnRhAaA8FfvSgP,H8hLSbAWpfk2mtdFuZADzsf18vsbWTiYn78o6sgyKR8D,902020499636,9020.20499636,1
e868d9e0ff8a101b0dbfe2e504b7ac17,2026-10-06,2026-10-06 17:36:09.000 UTC,453970337,5dJgNq9C6quCXxzLXvmgwzMXJRsCBF8TA4LjDLs7wJapRvRAQhRPhYe7XSzskG4RB5f9zfsAbNtdzBLPhTzxhEiW,transfer,ENY9JreWWWtq8jSKfLtXpzjBteknLPdahPCwG7ZCVbJe,GpMZbSM2GgvTKHJirzeGfMFoaZ8UR2X7F4v8vHTvxFbL,H8hLSbAWpfk2mtdFuZADzsf18vsbWTiYn78o6sgyKR8D,35hKKpdPTy495wFTybw5wajHp4ZNSyQA5KZXd7cN9hB7,902020499636,9020.20499636,1
56aa9a69573615669720c159dd0f6395,2026-10-06,2026-10-06 17:36:39.000 UTC,453970452,pvJYKRquuGoCxBzpzrGGN7Fa7Ef3s4WMa7j9iNw9x1knmg5kf3jk9YpseYpgMN7peRZTysLXNcc3Nz2Y4MtVGMJ,transfer,J3cdRYTeQAnZUhYRcVpk9abqEuRWTrtxb5fUbgh2aADn,ESuvjvsQtjuxC4XGsDeMhx8Wp5yjQcCFGncGhupcJbg8,7r4TcfVhcYuuh3of8S8igoV7AeyNfwcnRhAaA8FfvSgP,Ca7ReVakXwC2k3zznXsiiSY1PkKDW8Nk3Rh986zKmWzb,276648951065,2766.48951065,1
d143bff44072cfc7b30c9022508d1948,2026-10-06,2026-10-06 17:36:39.000 UTC,453970452,pvJYKRquuGoCxBzpzrGGN7Fa7Ef3s4WMa7j9iNw9x1knmg5kf3jk9YpseYpgMN7peRZTysLXNcc3Nz2Y4MtVGMJ,transfer,ESuvjvsQtjuxC4XGsDeMhx8Wp5yjQcCFGncGhupcJbg8,GpMZbSM2GgvTKHJirzeGfMFoaZ8UR2X7F4v8vHTvxFbL,Ca7ReVakXwC2k3zznXsiiSY1PkKDW8Nk3Rh986zKmWzb,35hKKpdPTy495wFTybw5wajHp4ZNSyQA5KZXd7cN9hB7,276648951065,2766.48951065,1
958828c487a7e7ca16a7d046d51b586d,2026-10-06,2026-10-06 17:37:09.000 UTC,453970561,3piET13Fk2NdCGfdEzwaoJycWEKW7SdehcXy9h93QC9jasko5YMaraqBTCbzH2kbYzLbEVCwWbN4rtLGPgLZuTW9,transfer,J3cdRYTeQAnZUhYRcVpk9abqEuRWTrtxb5fUbgh2aADn,CrZD39mqZfxBRTJX716fcpnjHoCF2XdUrcZ4FUkPYRcr,7r4TcfVhcYuuh3of8S8igoV7AeyNfwcnRhAaA8FfvSgP,5GguQ843EmpY9adRo3W7rohPbStXRVVFLbkHWUj9ST39,126542688710,1265.4268871,1
dd8a3c1f7dc130173b1a65f0dfb66eb2,2026-10-06,2026-10-06 17:37:09.000 UTC,453970561,3piET13Fk2NdCGfdEzwaoJycWEKW7SdehcXy9h93QC9jasko5YMaraqBTCbzH2kbYzLbEVCwWbN4rtLGPgLZuTW9,transfer,CrZD39mqZfxBRTJX716fcpnjHoCF2XdUrcZ4FUkPYRcr,GpMZbSM2GgvTKHJirzeGfMFoaZ8UR2X7F4v8vHTvxFbL,5GguQ843EmpY9adRo3W7rohPbStXRVVFLbkHWUj9ST39,35hKKpdPTy495wFTybw5wajHp4ZNSyQA5KZXd7cN9hB7,126542688710,1265.4268871,1
2d41613f888bca2a848a1f9a076008a5,2026-10-06,2026-10-06 17:38:44.000 UTC,453970919,66HqdkNVpdhaM3AGrX2cSkLEhfUhG3fgjKs81DMFtGqhUCmfdyr6WRnycqLxJQu6mMRLpgXp7SUEsmdKJYNTGF4D,transfer,J3cdRYTeQAnZUhYRcVpk9abqEuRWTrtxb5fUbgh2aADn,CRQd5wvbf6FKVmjHC7on8w4pzFPzudij2BKXRcMCu7aK,7r4TcfVhcYuuh3of8S8igoV7AeyNfwcnRhAaA8FfvSgP,Di19EXKE733y6hbKQFTg9f2eJDT56YQk81meQ86E3TEb,919773945804,9197.73945804,1
a4ce92b5827f95a0247f72317a17fe3d,2026-10-06,2026-10-06 17:46:37.000 UTC,453972671,2nQYMK3xEhjsn47WaVdyYyzPaxopCoUhJTU8Yv4onE99VjFsP4sF21Xw8w6gw8ZRzbekKq7kuuq2M2MN917zB4SD,transfer,J3cdRYTeQAnZUhYRcVpk9abqEuRWTrtxb5fUbgh2aADn,9ZAPm4VSRNmKmEwVErbtX674nY3BhebJxRwwQKsJTxED,7r4TcfVhcYuuh3of8S8igoV7AeyNfwcnRhAaA8FfvSgP,4McW4F2B1YHMGtt9pcAQTbgmjueYVh8nea692JZcQt8q,1854822753,18.54822753,1
f8bd7054f598a86300844da35c63dbcc,2026-10-06,2026-10-06 17:46:37.000 UTC,453972671,2nQYMK3xEhjsn47WaVdyYyzPaxopCoUhJTU8Yv4onE99VjFsP4sF21Xw8w6gw8ZRzbekKq7kuuq2M2MN917zB4SD,transfer,9ZAPm4VSRNmKmEwVErbtX674nY3BhebJxRwwQKsJTxED,2Q8tAc9nrQca3tE9KqhnVc9DiBsDPQyqY24rnbRVYv8E,4McW4F2B1YHMGtt9pcAQTbgmjueYVh8nea692JZcQt8q,9UK3o1FSN5avmpNmuxkdJWT16YPRjNZ7WvYW3fCcjaw4,1854822753,18.54822753,1
f8ec491d357d427defb2ef1c875a01b5,2026-10-06,2026-10-06 17:55:31.000 UTC,453974637,3uUNfGo2YaAVmcyvtfqaAzUzdiBGk3ZkmWVh5HWtXjwVmgvnw1STpSeojCqB57t8ggWoS4Kcj7ekqgZG9ULkkNqr,transfer,J3cdRYTeQAnZUhYRcVpk9abqEuRWTrtxb5fUbgh2aADn,D5YqVMoSxnqeZAKAUUE1Dm3bmjtdxQ5DCF356ozqN9cM,7r4TcfVhcYuuh3of8S8igoV7AeyNfwcnRhAaA8FfvSgP,2KJkRj5rk5ft92WTTT5NYQThgX6SHStiqsyffyhjDWb4,1672128520091,16721.28520091,1
1df5fe2302029be15511ba340e47f44c,2026-10-06,2026-10-06 17:55:31.000 UTC,453974637,3uUNfGo2YaAVmcyvtfqaAzUzdiBGk3ZkmWVh5HWtXjwVmgvnw1STpSeojCqB57t8ggWoS4Kcj7ekqgZG9ULkkNqr,transfer,D5YqVMoSxnqeZAKAUUE1Dm3bmjtdxQ5DCF356ozqN9cM,DgU48oPi5Q3imMTaVCQBXBYhWyV2o1oFJ5iGL9GgaesS,2KJkRj5rk5ft92WTTT5NYQThgX6SHStiqsyffyhjDWb4,14dEWE5HcSg7agRm3JzUeic2VEjA9N7BMHWjxVcysQ2U,1672128520091,16721.28520091,1
a89e4efad89f199f651a3bec5680850f,2026-10-07,2026-10-07 00:42:42.000 UTC,454065063,31AFLN3tEVCzodoKeBq1tbvUBHYdA9g2h8VNnodWXw5UgRqQ24qBB9ZLnVMX8YurmbVgtNMYBc1CubRuwsGqLUsE,transfer,D5YqVMoSxnqeZAKAUUE1Dm3bmjtdxQ5DCF356ozqN9cM,2Q8tAc9nrQca3tE9KqhnVc9DiBsDPQyqY24rnbRVYv8E,2KJkRj5rk5ft92WTTT5NYQThgX6SHStiqsyffyhjDWb4,9UK3o1FSN5avmpNmuxkdJWT16YPRjNZ7WvYW3fCcjaw4,809203774,8.09203774,1
4858f0ffdacc282ac496c9ea96403496,2026-10-07,2026-10-07 00:42:42.000 UTC,454065063,31AFLN3tEVCzodoKeBq1tbvUBHYdA9g2h8VNnodWXw5UgRqQ24qBB9ZLnVMX8YurmbVgtNMYBc1CubRuwsGqLUsE,transfer,J3cdRYTeQAnZUhYRcVpk9abqEuRWTrtxb5fUbgh2aADn,D5YqVMoSxnqeZAKAUUE1Dm3bmjtdxQ5DCF356ozqN9cM,7r4TcfVhcYuuh3of8S8igoV7AeyNfwcnRhAaA8FfvSgP,2KJkRj5rk5ft92WTTT5NYQThgX6SHStiqsyffyhjDWb4,809203774,8.09203774,1
98372457cc68cba6ce5fb91974592a75,2026-10-07,2026-10-07 01:07:18.000 UTC,454070563,2ycLTL38rbL2189yDtzdkWnxHYjyELdZzNPAj31zYhrwvNtRHyEyKDUtHBoCfrRCAJyvSjHrRdynEP19Pb6rXPjA,transfer,D5YqVMoSxnqeZAKAUUE1Dm3bmjtdxQ5DCF356ozqN9cM,2Q8tAc9nrQca3tE9KqhnVc9DiBsDPQyqY24rnbRVYv8E,2KJkRj5rk5ft92WTTT5NYQThgX6SHStiqsyffyhjDWb4,9UK3o1FSN5avmpNmuxkdJWT16YPRjNZ7WvYW3fCcjaw4,391967072,3.91967072,1
f5c418c74d9dfc9f10f9f7bf14856598,2026-10-07,2026-10-07 01:07:18.000 UTC,454070563,2ycLTL38rbL2189yDtzdkWnxHYjyELdZzNPAj31zYhrwvNtRHyEyKDUtHBoCfrRCAJyvSjHrRdynEP19Pb6rXPjA,transfer,J3cdRYTeQAnZUhYRcVpk9abqEuRWTrtxb5fUbgh2aADn,D5YqVMoSxnqeZAKAUUE1Dm3bmjtdxQ5DCF356ozqN9cM,7r4TcfVhcYuuh3of8S8igoV7AeyNfwcnRhAaA8FfvSgP,2KJkRj5rk5ft92WTTT5NYQThgX6SHStiqsyffyhjDWb4,391967072,3.91967072,1
69fab1f2f54aa57429ed1e5012a8324d,2026-10-07,2026-10-07 01:17:43.000 UTC,454072896,4ABVVzeMnjjfqrXfWNfBn4hpG4mWqZg49kYjXd71Wp8tJk4axgZotdw66xfbYm7iDUJg2VPAnx5GkKVg9TKDASMG,transfer,2Rpt43Wez9uVjUMA4ByUrAUmqavD38jNY9iNFWAdt5qf,xQXaLjesu3XSZKdhx8ksAa83LHdTiwVmb4XZhMgrenA,4SBqmpo26N4QPcfabN4waNdFZzrbQBfJBm2M6YyTaunU,7jfoRqfePZVYXwX5xbBHVRcg4CPN4n3Fdo12UjBadmm2,3725200000,37.252,1
2645620ba844277ed15dbf031fae1893,2026-10-07,2026-10-07 01:17:50.000 UTC,454072922,4dJUKujGZPoA5ibXHhFjWUyNRetXY9fcDHQKMPGQk5WeUqGbn3WkL3EW5Q9A5vWYu2BWuaU8fnJFsc75bpg4TnFh,transfer,2Rpt43Wez9uVjUMA4ByUrAUmqavD38jNY9iNFWAdt5qf,xQXaLjesu3XSZKdhx8ksAa83LHdTiwVmb4XZhMgrenA,4SBqmpo26N4QPcfabN4waNdFZzrbQBfJBm2M6YyTaunU,7jfoRqfePZVYXwX5xbBHVRcg4CPN4n3Fdo12UjBadmm2,66857000000,668.57,1
2453e41532c38360564c513a2470419e,2026-10-07,2026-10-07 01:17:56.000 UTC,454072944,5APvbJQHJYSFWxVpL4NhNyeZ8mnfHE5bxrYXspbCe6e9PUnTH4J2pabWEYFttoBHMY985Cm6vnjPWeDbeBU7LZrz,transfer,2Rpt43Wez9uVjUMA4ByUrAUmqavD38jNY9iNFWAdt5qf,xQXaLjesu3XSZKdhx8ksAa83LHdTiwVmb4XZhMgrenA,4SBqmpo26N4QPcfabN4waNdFZzrbQBfJBm2M6YyTaunU,7jfoRqfePZVYXwX5xbBHVRcg4CPN4n3Fdo12UjBadmm2,24249000000,242.49,1
f9d2b1367cb36246ce8bc6a041462cb3,2026-10-07,2026-10-07 01:18:07.000 UTC,454072986,5SnQJbvyXK22661tGW3TkoeJXYCSZRS85MEJgiSx8QdgVkeh8PFGD5xHXix1HCdiXkZcF5WDmYfHQZJKNtY43WNN,transfer,2Rpt43Wez9uVjUMA4ByUrAUmqavD38jNY9iNFWAdt5qf,xQXaLjesu3XSZKdhx8ksAa83LHdTiwVmb4XZhMgrenA,4SBqmpo26N4QPcfabN4waNdFZzrbQBfJBm2M6YyTaunU,7jfoRqfePZVYXwX5xbBHVRcg4CPN4n3Fdo12UjBadmm2,3212600000,32.126,1
b278e261cc8d0ed55991d6f04291dfab,2026-10-07,2026-10-07 01:21:09.000 UTC,454073660,4hvnGD7DCUrtsVnp37vA7fc78aoU9FkRsjFNAx1CjMGXJAVaXw4NSR3UdAE2CA7tzWiGETNWGsnYaeHnYs1ZZ71n,transfer,2Q8tAc9nrQca3tE9KqhnVc9DiBsDPQyqY24rnbRVYv8E,D5YqVMoSxnqeZAKAUUE1Dm3bmjtdxQ5DCF356ozqN9cM,9UK3o1FSN5avmpNmuxkdJWT16YPRjNZ7WvYW3fCcjaw4,2KJkRj5rk5ft92WTTT5NYQThgX6SHStiqsyffyhjDWb4,1877250,0.0187725,1
75427f3bd0adacd9a61a3902d712f63e,2026-10-07,2026-10-07 01:21:09.000 UTC,454073660,4hvnGD7DCUrtsVnp37vA7fc78aoU9FkRsjFNAx1CjMGXJAVaXw4NSR3UdAE2CA7tzWiGETNWGsnYaeHnYs1ZZ71n,transfer,D5YqVMoSxnqeZAKAUUE1Dm3bmjtdxQ5DCF356ozqN9cM,GpMZbSM2GgvTKHJirzeGfMFoaZ8UR2X7F4v8vHTvxFbL,2KJkRj5rk5ft92WTTT5NYQThgX6SHStiqsyffyhjDWb4,CSJegNkfoG8jJ7brkTWta4hwY3hVuuNHq7S8sJQAFpsm,1877250,0.0187725,1
44901931b8d08bcc4944802a17640ec9,2026-10-07,2026-10-07 01:21:26.000 UTC,454073724,2iZV1FQcqWJGNUZRpdVw6M4v1hzgk32d4EUc4Li1nNuQ6wgQX9erxfuYAt41Azzq2bKkrAdQct8v14tP78fnoPVU,transfer,xQXaLjesu3XSZKdhx8ksAa83LHdTiwVmb4XZhMgrenA,J3cdRYTeQAnZUhYRcVpk9abqEuRWTrtxb5fUbgh2aADn,7jfoRqfePZVYXwX5xbBHVRcg4CPN4n3Fdo12UjBadmm2,7r4TcfVhcYuuh3of8S8igoV7AeyNfwcnRhAaA8FfvSgP,377139448887,3771.39448887,1
64e63bad2ef29c4717961fcbedb0742a,2026-10-07,2026-10-07 01:22:32.000 UTC,454073977,32g8xd85MJjNHdsPYoVHca2qEiha31e2cXFEn15xguzXXrzSUEAdxxiATzNMW6t4tq3f4VVYtc5LUFNnUfZkYu1v,transfer,2Rpt43Wez9uVjUMA4ByUrAUmqavD38jNY9iNFWAdt5qf,xQXaLjesu3XSZKdhx8ksAa83LHdTiwVmb4XZhMgrenA,4SBqmpo26N4QPcfabN4waNdFZzrbQBfJBm2M6YyTaunU,7jfoRqfePZVYXwX5xbBHVRcg4CPN4n3Fdo12UjBadmm2,3396700000,33.967,1
ccc8a8152f44b564e9e11538c82bdff7,2026-10-07,2026-10-07 01:22:40.000 UTC,454074006,YkAAntzYHXGmZQzyVqatuu7usZVR24RJvz6RJotGmPSHQ52orBcwG9fMuCLkJbeXhKgP2AaaenKFRcj2tRVW3rR,transfer,2Rpt43Wez9uVjUMA4ByUrAUmqavD38jNY9iNFWAdt5qf,xQXaLjesu3XSZKdhx8ksAa83LHdTiwVmb4XZhMgrenA,4SBqmpo26N4QPcfabN4waNdFZzrbQBfJBm2M6YyTaunU,7jfoRqfePZVYXwX5xbBHVRcg4CPN4n3Fdo12UjBadmm2,83900400000,839.004,1
ed606b6fb13eb8d9df18120b7523c65a,2026-10-07,2026-10-07 01:22:53.000 UTC,454074056,58uEjecYBz38oQzEBSYYou5hxz43wn6xAfJCHcsBvyfyB1H4qTj5WKnSnTyf5h9WbPkY6trbfeTdYLMAzhKK25VT,transfer,2Rpt43Wez9uVjUMA4ByUrAUmqavD38jNY9iNFWAdt5qf,xQXaLjesu3XSZKdhx8ksAa83LHdTiwVmb4XZhMgrenA,4SBqmpo26N4QPcfabN4waNdFZzrbQBfJBm2M6YyTaunU,7jfoRqfePZVYXwX5xbBHVRcg4CPN4n3Fdo12UjBadmm2,73437500000,734.375,1
86d613330082165ac3ea02e653ff8867,2026-10-07,2026-10-07 02:17:14.000 UTC,454086148,3Td72tNXrz6VPRsnmi5xA7mzi2MBN66hhaDRmtFKcmGDNh8kfs5Qv1fBBXn7ixybqGqqqLDEms9L7AA6wiJvKCik,transfer,GpMZbSM2GgvTKHJirzeGfMFoaZ8UR2X7F4v8vHTvxFbL,ARu4n5mFdZogZAravu7CcizaojWnS6oqka37gdLT5SZn,35hKKpdPTy495wFTybw5wajHp4ZNSyQA5KZXd7cN9hB7,3CCaDwLVKs3WBE6bFG58Q9qaHmGfRrjUvEnEcuiCbY87,541171215197,5411.71215197,1
93071089c81fccbebf2505cd03ba82bf,2026-10-07,2026-10-07 02:17:14.000 UTC,454086148,3Td72tNXrz6VPRsnmi5xA7mzi2MBN66hhaDRmtFKcmGDNh8kfs5Qv1fBBXn7ixybqGqqqLDEms9L7AA6wiJvKCik,transfer,GpMZbSM2GgvTKHJirzeGfMFoaZ8UR2X7F4v8vHTvxFbL,ARu4n5mFdZogZAravu7CcizaojWnS6oqka37gdLT5SZn,GJrjTyjw8vEL4FUVVnKmfvYKZamyjNgwxxprciNkQ9AE,3CCaDwLVKs3WBE6bFG58Q9qaHmGfRrjUvEnEcuiCbY87,139183315195,1391.83315195,1
b264a86a9b428ecac827dddbbab9c06f,2026-10-07,2026-10-07 02:17:14.000 UTC,454086148,3Td72tNXrz6VPRsnmi5xA7mzi2MBN66hhaDRmtFKcmGDNh8kfs5Qv1fBBXn7ixybqGqqqLDEms9L7AA6wiJvKCik,transfer,ARu4n5mFdZogZAravu7CcizaojWnS6oqka37gdLT5SZn,DJu63fABd9K4hunKKQY3D4CqQorVVLvP6oh2J698qJi5,3CCaDwLVKs3WBE6bFG58Q9qaHmGfRrjUvEnEcuiCbY87,D1JGQt5MEsTdk4NeDKcC17ZY7gssBm2YW3Ee4Fiom2tL,4659571066099,46595.71066099,1
c71553823cbd57533f101ad7cca47803,2026-10-07,2026-10-07 02:17:14.000 UTC,454086148,3Td72tNXrz6VPRsnmi5xA7mzi2MBN66hhaDRmtFKcmGDNh8kfs5Qv1fBBXn7ixybqGqqqLDEms9L7AA6wiJvKCik,transfer,J3cdRYTeQAnZUhYRcVpk9abqEuRWTrtxb5fUbgh2aADn,ARu4n5mFdZogZAravu7CcizaojWnS6oqka37gdLT5SZn,7r4TcfVhcYuuh3of8S8igoV7AeyNfwcnRhAaA8FfvSgP,3CCaDwLVKs3WBE6bFG58Q9qaHmGfRrjUvEnEcuiCbY87,3979216535707,39792.16535707,1
a670ab717ad7817ac9f2b7dc1f7b3d72,2026-10-07,2026-10-07 02:28:21.000 UTC,454088607,Xgwk3aYieBTuNXaQcHiGKvK3DFwLeJaWejSC9wttyu7Hqc8N8MLqwV6h9ofXWwWPMJNtUMnSUZp2gPfbXx854Cj,transfer,Hx141KUjNURAw1UxCNMuZ5hWWhqMYgTQwzBLoX35kGYc,J3cdRYTeQAnZUhYRcVpk9abqEuRWTrtxb5fUbgh2aADn,FSmeJzR6W83mmkjLpvcM2MxM2G3zrsouXnZ94ufpZqY9,7r4TcfVhcYuuh3of8S8igoV7AeyNfwcnRhAaA8FfvSgP,440000000000,4400,1
57b58e22ee2b1a2741934854c223cb46,2026-10-07,2026-10-07 04:13:49.000 UTC,454112233,5YgA3jtAU7ri2STqtGfwjYeQasciEKeZR7wGdaE28WfsenhEUmLtRLVskR8Ks7gyiSfQGyV1ohuTWGv4QWUbKcjE,transfer,2Rpt43Wez9uVjUMA4ByUrAUmqavD38jNY9iNFWAdt5qf,FLxBPWv5ArQ5inSn8orAqtRTyjvxn2e6mmcPYeuJ3aF8,4SBqmpo26N4QPcfabN4waNdFZzrbQBfJBm2M6YyTaunU,4kqoSc62uttj23Cnow1jmqe6zrdtDz7aAcb8KhKM7RQX,2158900000,21.589,1
ebfd6a77061242fcf38a6ba5c33d7389,2026-10-07,2026-10-07 04:32:35.000 UTC,454116450,3DV9iEoxXxxAb6hrEBjD4Rrp33B79DmeoNnPyGin4pBXWTReBVDNZu9C6y5qDHYHKKZQ7zs1HctamSeg6oaPWSXi,transfer,J3cdRYTeQAnZUhYRcVpk9abqEuRWTrtxb5fUbgh2aADn,D5YqVMoSxnqeZAKAUUE1Dm3bmjtdxQ5DCF356ozqN9cM,7r4TcfVhcYuuh3of8S8igoV7AeyNfwcnRhAaA8FfvSgP,2KJkRj5rk5ft92WTTT5NYQThgX6SHStiqsyffyhjDWb4,760771538668,7607.71538668,1
836de5dba3ace8709ce546b5d6a45e59,2026-10-07,2026-10-07 04:32:35.000 UTC,454116450,3DV9iEoxXxxAb6hrEBjD4Rrp33B79DmeoNnPyGin4pBXWTReBVDNZu9C6y5qDHYHKKZQ7zs1HctamSeg6oaPWSXi,transfer,D5YqVMoSxnqeZAKAUUE1Dm3bmjtdxQ5DCF356ozqN9cM,AiesFKjW47NqUT1UHNZcnjL5GyC6SCmkeyUjXJLpVKYU,2KJkRj5rk5ft92WTTT5NYQThgX6SHStiqsyffyhjDWb4,9GrZVcSAc6avUKo4UrGJfzfpF4obzKvMTNEattLQ6BRW,754592423966,7545.92423966,1
608488a1b257074c6179d421428e2cc8,2026-10-07,2026-10-07 04:32:35.000 UTC,454116450,3DV9iEoxXxxAb6hrEBjD4Rrp33B79DmeoNnPyGin4pBXWTReBVDNZu9C6y5qDHYHKKZQ7zs1HctamSeg6oaPWSXi,transfer,D5YqVMoSxnqeZAKAUUE1Dm3bmjtdxQ5DCF356ozqN9cM,2rbMgYvzAb3xDk6vXrzKkY3VwsmyDZsJTkvB3JJYsRzA,2KJkRj5rk5ft92WTTT5NYQThgX6SHStiqsyffyhjDWb4,jHqksjRwhzYwSRoCcsUEPMbDhtimjNaH58jYcpusHjP,16865239,0.16865239,1
34821fcebf4fb1d9227ec0ddaaa72c21,2026-10-07,2026-10-07 04:32:35.000 UTC,454116450,3DV9iEoxXxxAb6hrEBjD4Rrp33B79DmeoNnPyGin4pBXWTReBVDNZu9C6y5qDHYHKKZQ7zs1HctamSeg6oaPWSXi,transfer,D5YqVMoSxnqeZAKAUUE1Dm3bmjtdxQ5DCF356ozqN9cM,2rbMgYvzAb3xDk6vXrzKkY3VwsmyDZsJTkvB3JJYsRzA,2KJkRj5rk5ft92WTTT5NYQThgX6SHStiqsyffyhjDWb4,jHqksjRwhzYwSRoCcsUEPMbDhtimjNaH58jYcpusHjP,6162249463,61.62249463,1
88c26ba898634cc4c718551a4ab11819,2026-10-07,2026-10-07 04:33:17.000 UTC,454116606,4MNxqXokdgptuo7PMM5qAqZUppx6oYKoVSEe8nxo5hezsRGZYS51Vz8gyZR5wjpVWNH2y8QmAMgdnZ4yFwMaSwGK,transfer,D5YqVMoSxnqeZAKAUUE1Dm3bmjtdxQ5DCF356ozqN9cM,2rbMgYvzAb3xDk6vXrzKkY3VwsmyDZsJTkvB3JJYsRzA,2KJkRj5rk5ft92WTTT5NYQThgX6SHStiqsyffyhjDWb4,jHqksjRwhzYwSRoCcsUEPMbDhtimjNaH58jYcpusHjP,3064046955,30.64046955,1
551dfd0600810b1c10c25a302937ccb5,2026-10-07,2026-10-07 04:33:17.000 UTC,454116606,4MNxqXokdgptuo7PMM5qAqZUppx6oYKoVSEe8nxo5hezsRGZYS51Vz8gyZR5wjpVWNH2y8QmAMgdnZ4yFwMaSwGK,transfer,J3cdRYTeQAnZUhYRcVpk9abqEuRWTrtxb5fUbgh2aADn,D5YqVMoSxnqeZAKAUUE1Dm3bmjtdxQ5DCF356ozqN9cM,7r4TcfVhcYuuh3of8S8igoV7AeyNfwcnRhAaA8FfvSgP,2KJkRj5rk5ft92WTTT5NYQThgX6SHStiqsyffyhjDWb4,378277401854,3782.77401854,1
fe2723b18d52c91759a16ad8a2c0e365,2026-10-07,2026-10-07 04:33:17.000 UTC,454116606,4MNxqXokdgptuo7PMM5qAqZUppx6oYKoVSEe8nxo5hezsRGZYS51Vz8gyZR5wjpVWNH2y8QmAMgdnZ4yFwMaSwGK,transfer,D5YqVMoSxnqeZAKAUUE1Dm3bmjtdxQ5DCF356ozqN9cM,AiesFKjW47NqUT1UHNZcnjL5GyC6SCmkeyUjXJLpVKYU,2KJkRj5rk5ft92WTTT5NYQThgX6SHStiqsyffyhjDWb4,9GrZVcSAc6avUKo4UrGJfzfpF4obzKvMTNEattLQ6BRW,375213354899,3752.13354899,1
7b1399e8163f0ec46dc2e277833dd032,2026-10-07,2026-10-07 05:49:04.000 UTC,454133538,TL9TJv38JHpAiu3w3E2drhhkKAiDaqwFauqVHvMXp6Af64E5XDzvYGrehxC88XC3XDtP9JXXd214JAK9VtMvFS1,transfer,2Q8tAc9nrQca3tE9KqhnVc9DiBsDPQyqY24rnbRVYv8E,7VhhRwUA1pHr2MRiaj1MkPz7SvJbUkfPv5Qa6nPHtjfN,9UK3o1FSN5avmpNmuxkdJWT16YPRjNZ7WvYW3fCcjaw4,28YGrutKisppCq1JoqcutXjchs8gp8t2y1d38TLxqgWL,36765909,0.36765909,1
8aa932a0006165808c3571ac104bb905,2026-10-07,2026-10-07 05:50:37.000 UTC,454133888,2PkCZaUJEpqG6rAjPuVYSRxa3EeYsUMdKnHGEn1hpTaaEJpBLHa5Q8ezfGnKFGH2fSuHnyWoaZJ9Zm1dyDsrB6GB,transfer,ARu4n5mFdZogZAravu7CcizaojWnS6oqka37gdLT5SZn,Bm2ceufZooMBZhAusnPveWvn5zwuicDapjDNtinzu266,3CCaDwLVKs3WBE6bFG58Q9qaHmGfRrjUvEnEcuiCbY87,9jARKyzjkUr4pYTV7sHpfEQkEFKstM4jtigLYiqJpKd1,7509654283250,75096.5428325,1
535461344cb38e40cb29169aad63fd54,2026-10-07,2026-10-07 05:50:37.000 UTC,454133888,2PkCZaUJEpqG6rAjPuVYSRxa3EeYsUMdKnHGEn1hpTaaEJpBLHa5Q8ezfGnKFGH2fSuHnyWoaZJ9Zm1dyDsrB6GB,transfer,J3cdRYTeQAnZUhYRcVpk9abqEuRWTrtxb5fUbgh2aADn,ARu4n5mFdZogZAravu7CcizaojWnS6oqka37gdLT5SZn,7r4TcfVhcYuuh3of8S8igoV7AeyNfwcnRhAaA8FfvSgP,3CCaDwLVKs3WBE6bFG58Q9qaHmGfRrjUvEnEcuiCbY87,6310341273478,63103.41273478,1
73a652a7c8cba50fb20d67e9cbd0987c,2026-10-07,2026-10-07 05:50:37.000 UTC,454133888,2PkCZaUJEpqG6rAjPuVYSRxa3EeYsUMdKnHGEn1hpTaaEJpBLHa5Q8ezfGnKFGH2fSuHnyWoaZJ9Zm1dyDsrB6GB,transfer,GpMZbSM2GgvTKHJirzeGfMFoaZ8UR2X7F4v8vHTvxFbL,ARu4n5mFdZogZAravu7CcizaojWnS6oqka37gdLT5SZn,35hKKpdPTy495wFTybw5wajHp4ZNSyQA5KZXd7cN9hB7,3CCaDwLVKs3WBE6bFG58Q9qaHmGfRrjUvEnEcuiCbY87,1199313009772,11993.13009772,1
9c327c414183a157503c585103096f98,2026-10-07,2026-10-07 05:50:38.000 UTC,454133889,3yZFsmTN7ir1K6oxvcAW46VQpGn5nkCGMd2fmiSTUsEWqhHLYCa9SnXoPmKqYM9TBWtMxku7ofZn8R7GrVhJrrT6,transfer,GpMZbSM2GgvTKHJirzeGfMFoaZ8UR2X7F4v8vHTvxFbL,GocsRvL8NX1Bwyp7uAbXCstFFTgr5Wywv17DCRNstPGQ,GJrjTyjw8vEL4FUVVnKmfvYKZamyjNgwxxprciNkQ9AE,2q8Ghrauqqx1zNQmhTNrJwkGq9ck5aFqjzwUVqVX7ptp,81918355364,819.18355364,1
c010de587b25bf16863c78205d6460b4,2026-10-07,2026-10-07 05:50:38.000 UTC,454133889,3yZFsmTN7ir1K6oxvcAW46VQpGn5nkCGMd2fmiSTUsEWqhHLYCa9SnXoPmKqYM9TBWtMxku7ofZn8R7GrVhJrrT6,transfer,GocsRvL8NX1Bwyp7uAbXCstFFTgr5Wywv17DCRNstPGQ,GpMZbSM2GgvTKHJirzeGfMFoaZ8UR2X7F4v8vHTvxFbL,2q8Ghrauqqx1zNQmhTNrJwkGq9ck5aFqjzwUVqVX7ptp,35hKKpdPTy495wFTybw5wajHp4ZNSyQA5KZXd7cN9hB7,81918355364,819.18355364,1
6820fd047973574933d0bbd1e706f0a5,2026-10-07,2026-10-07 05:51:33.000 UTC,454134095,5q1GWYyPowURKERDH6jfMQMPdNYMw3LEgyx94xj9LY3FWGxfsfcrtuZedVHXWCAX9b7Mi65fBPyA8BRwrYF2R4DR,transfer,ARu4n5mFdZogZAravu7CcizaojWnS6oqka37gdLT5SZn,GP8StUXNYSZjPikyRsvkTbvRV1GBxMErb59cpeCJnDf1,3CCaDwLVKs3WBE6bFG58Q9qaHmGfRrjUvEnEcuiCbY87,6cFwYtgFryjCsUvNWKUmBVsCMwfWWADWBoiWqPTebZ5F,5113968883,51.13968883,1
eb1a9fc54d56fbcc57e263fd6e1841c8,2026-10-07,2026-10-07 05:51:33.000 UTC,454134095,5q1GWYyPowURKERDH6jfMQMPdNYMw3LEgyx94xj9LY3FWGxfsfcrtuZedVHXWCAX9b7Mi65fBPyA8BRwrYF2R4DR,transfer,ARu4n5mFdZogZAravu7CcizaojWnS6oqka37gdLT5SZn,Bm2ceufZooMBZhAusnPveWvn5zwuicDapjDNtinzu266,3CCaDwLVKs3WBE6bFG58Q9qaHmGfRrjUvEnEcuiCbY87,9jARKyzjkUr4pYTV7sHpfEQkEFKstM4jtigLYiqJpKd1,5108854915060,51088.5491506,1
6e955675d88894b0ca316789c164b71a,2026-10-07,2026-10-07 05:51:33.000 UTC,454134095,5q1GWYyPowURKERDH6jfMQMPdNYMw3LEgyx94xj9LY3FWGxfsfcrtuZedVHXWCAX9b7Mi65fBPyA8BRwrYF2R4DR,transfer,GpMZbSM2GgvTKHJirzeGfMFoaZ8UR2X7F4v8vHTvxFbL,ARu4n5mFdZogZAravu7CcizaojWnS6oqka37gdLT5SZn,35hKKpdPTy495wFTybw5wajHp4ZNSyQA5KZXd7cN9hB7,3CCaDwLVKs3WBE6bFG58Q9qaHmGfRrjUvEnEcuiCbY87,743504980297,7435.04980297,1
28f7fbfe75a344201ebebbce61cfeea2,2026-10-07,2026-10-07 05:51:33.000 UTC,454134095,5q1GWYyPowURKERDH6jfMQMPdNYMw3LEgyx94xj9LY3FWGxfsfcrtuZedVHXWCAX9b7Mi65fBPyA8BRwrYF2R4DR,transfer,GpMZbSM2GgvTKHJirzeGfMFoaZ8UR2X7F4v8vHTvxFbL,ARu4n5mFdZogZAravu7CcizaojWnS6oqka37gdLT5SZn,GJrjTyjw8vEL4FUVVnKmfvYKZamyjNgwxxprciNkQ9AE,3CCaDwLVKs3WBE6bFG58Q9qaHmGfRrjUvEnEcuiCbY87,459826622396,4598.26622396,1
5cb285bf001af444b129d2f5f491ac79,2026-10-07,2026-10-07 05:51:33.000 UTC,454134095,5q1GWYyPowURKERDH6jfMQMPdNYMw3LEgyx94xj9LY3FWGxfsfcrtuZedVHXWCAX9b7Mi65fBPyA8BRwrYF2R4DR,transfer,J3cdRYTeQAnZUhYRcVpk9abqEuRWTrtxb5fUbgh2aADn,ARu4n5mFdZogZAravu7CcizaojWnS6oqka37gdLT5SZn,7r4TcfVhcYuuh3of8S8igoV7AeyNfwcnRhAaA8FfvSgP,3CCaDwLVKs3WBE6bFG58Q9qaHmGfRrjUvEnEcuiCbY87,3910637281250,39106.3728125,1
0ab0684944b525dd75d2e90e6e7b6487,2026-10-07,2026-10-07 05:51:45.000 UTC,454134137,v2N7xdeKWDXBvkk67R2EL3uJvRk8UBCwtRj6LKiBYARLkSvGGxgMRRDsWGN5CN7G87Pd9CeLP3gPBr5KihQFTaE,transfer,Bm2ceufZooMBZhAusnPveWvn5zwuicDapjDNtinzu266,3CgvbiM3op4vjrrjH2zcrQUwsqh5veNVRjFCB9N6sRoD,9jARKyzjkUr4pYTV7sHpfEQkEFKstM4jtigLYiqJpKd1,FHvxdHZbqJURPWb9tgwH5cT4h2Ve9pMqYfXhxRntzceF,2251362476,22.51362476,1
c67ad65a6a272f5c43ac93af19abf17e,2026-10-07,2026-10-07 05:51:45.000 UTC,454134137,v2N7xdeKWDXBvkk67R2EL3uJvRk8UBCwtRj6LKiBYARLkSvGGxgMRRDsWGN5CN7G87Pd9CeLP3gPBr5KihQFTaE,transfer,J3cdRYTeQAnZUhYRcVpk9abqEuRWTrtxb5fUbgh2aADn,Bm2ceufZooMBZhAusnPveWvn5zwuicDapjDNtinzu266,7r4TcfVhcYuuh3of8S8igoV7AeyNfwcnRhAaA8FfvSgP,9jARKyzjkUr4pYTV7sHpfEQkEFKstM4jtigLYiqJpKd1,2251362476200,22513.624762,1
9b9c0d7ebc70962f68a492427709ced6,2026-10-07,2026-10-07 05:52:35.000 UTC,454134327,4ZoBJAnn7dY5fVKDHxRdUNR4PBZCVtvXBqa1HrbRxeposcuggDruZaHrFZDdufimAx1zhwNm21w4G6oXLv7cSxb2,transfer,Bm2ceufZooMBZhAusnPveWvn5zwuicDapjDNtinzu266,HFqp6ErWHY6Uzhj8rFyjYuDya2mXUpYEk8VW75K9PSiY,9jARKyzjkUr4pYTV7sHpfEQkEFKstM4jtigLYiqJpKd1,vwSnfKeMpnMRoFDzkzhjuCKX8wDwU1HqpHWm4Vtrmvj,6179213734,61.79213734,1
adce338d70a87890fbc05a42389cf307,2026-10-07,2026-10-07 05:52:35.000 UTC,454134327,4ZoBJAnn7dY5fVKDHxRdUNR4PBZCVtvXBqa1HrbRxeposcuggDruZaHrFZDdufimAx1zhwNm21w4G6oXLv7cSxb2,transfer,J3cdRYTeQAnZUhYRcVpk9abqEuRWTrtxb5fUbgh2aADn,Bm2ceufZooMBZhAusnPveWvn5zwuicDapjDNtinzu266,7r4TcfVhcYuuh3of8S8igoV7AeyNfwcnRhAaA8FfvSgP,9jARKyzjkUr4pYTV7sHpfEQkEFKstM4jtigLYiqJpKd1,6179213734938,61792.13734938,1
a7d7f476987a11573e49ca74d86fb9ae,2026-10-07,2026-10-07 05:53:05.000 UTC,454134436,7fCNSmTpkqGmDgnWNMFDLCrmH4etGfB6RGa1cqnpafMBjU5zdRB6567EYo5gd8kdJyaeQExMMr9taUocVXc873q,transfer,81RwTUf7ZvM5GpeG5q5aGemnxPQLzKAXEF6qPDzNQKDn,J3cdRYTeQAnZUhYRcVpk9abqEuRWTrtxb5fUbgh2aADn,95BGpzYf6m74RDhE6Y7pSVFPiBKuUvQhoDtf41nZUHcb,7r4TcfVhcYuuh3of8S8igoV7AeyNfwcnRhAaA8FfvSgP,192987382023,1929.87382023,1
5f9e9e096e7553c777b803c50f991168,2026-10-07,2026-10-07 05:53:05.000 UTC,454134436,7fCNSmTpkqGmDgnWNMFDLCrmH4etGfB6RGa1cqnpafMBjU5zdRB6567EYo5gd8kdJyaeQExMMr9taUocVXc873q,transfer,GpMZbSM2GgvTKHJirzeGfMFoaZ8UR2X7F4v8vHTvxFbL,81RwTUf7ZvM5GpeG5q5aGemnxPQLzKAXEF6qPDzNQKDn,GJrjTyjw8vEL4FUVVnKmfvYKZamyjNgwxxprciNkQ9AE,95BGpzYf6m74RDhE6Y7pSVFPiBKuUvQhoDtf41nZUHcb,192987382023,1929.87382023,1
539dae740b8c9234433ea1138d598869,2026-10-07,2026-10-07 05:53:35.000 UTC,454134550,FjzXTThy9j5pZUfaia8q8iweHLpaRDx5MAvjdsntayQwCy5Jwe7rFnJ7KUebGCULczZAHToWGtshhBjCurgkp1f,transfer,GpMZbSM2GgvTKHJirzeGfMFoaZ8UR2X7F4v8vHTvxFbL,rLsi2DPwRLovHzLV5XYxa8B597bv8w8nX7fZHJJf8uy,35hKKpdPTy495wFTybw5wajHp4ZNSyQA5KZXd7cN9hB7,7aRvovEqbNpaqmf9UkxtUn4ohA7dZ6B9wVT1AnnSqKdR,241159197549,2411.59197549,1
3639b3dee6cc3ce2a91ece0e59970aa2,2026-10-07,2026-10-07 05:53:35.000 UTC,454134550,FjzXTThy9j5pZUfaia8q8iweHLpaRDx5MAvjdsntayQwCy5Jwe7rFnJ7KUebGCULczZAHToWGtshhBjCurgkp1f,transfer,rLsi2DPwRLovHzLV5XYxa8B597bv8w8nX7fZHJJf8uy,J3cdRYTeQAnZUhYRcVpk9abqEuRWTrtxb5fUbgh2aADn,7aRvovEqbNpaqmf9UkxtUn4ohA7dZ6B9wVT1AnnSqKdR,7r4TcfVhcYuuh3of8S8igoV7AeyNfwcnRhAaA8FfvSgP,241159197549,2411.59197549,1
7bb75507cdb36a155f5662d9b8b2d877,2026-10-07,2026-10-07 05:53:35.000 UTC,454134550,Wdo8pHXFsxFvRNrZMBfAiHmoTSNez9JGLhD2pJqeWfLqo7GB25gbMs9GTZhG4U8NxaMf6jC5uapYHG54MDG4JUe,transfer,81RwTUf7ZvM5GpeG5q5aGemnxPQLzKAXEF6qPDzNQKDn,J3cdRYTeQAnZUhYRcVpk9abqEuRWTrtxb5fUbgh2aADn,95BGpzYf6m74RDhE6Y7pSVFPiBKuUvQhoDtf41nZUHcb,7r4TcfVhcYuuh3of8S8igoV7AeyNfwcnRhAaA8FfvSgP,219004115538,2190.04115538,1
a708d4b3eb5276954e70ae60c8541559,2026-10-07,2026-10-07 05:53:35.000 UTC,454134550,Wdo8pHXFsxFvRNrZMBfAiHmoTSNez9JGLhD2pJqeWfLqo7GB25gbMs9GTZhG4U8NxaMf6jC5uapYHG54MDG4JUe,transfer,GpMZbSM2GgvTKHJirzeGfMFoaZ8UR2X7F4v8vHTvxFbL,81RwTUf7ZvM5GpeG5q5aGemnxPQLzKAXEF6qPDzNQKDn,GJrjTyjw8vEL4FUVVnKmfvYKZamyjNgwxxprciNkQ9AE,95BGpzYf6m74RDhE6Y7pSVFPiBKuUvQhoDtf41nZUHcb,219004115538,2190.04115538,1
47aa5270fea831d0c2194771bb203ddf,2026-10-07,2026-10-07 05:54:00.000 UTC,454134645,VTXPyoithSnJA3BXUoWoHnp8RwQAe4hjg5coHarMn87ZrwzUrjLUN3DwknDPuJtrxoarsp4B9XDR4LsNwjZwUaD,transfer,7iWnBRRhBCiNXXPhqiGzvvBkKrvFSWqqmxRyu9VyYBxE,7iWnBRRhBCiNXXPhqiGzvvBkKrvFSWqqmxRyu9VyYBxE,9aoLQTgULjgfFm4eia8RwWXAZysQFwi2f4PBgcKetWWC,9aoLQTgULjgfFm4eia8RwWXAZysQFwi2f4PBgcKetWWC,11790935284,117.90935284,1
ab7a285eb9f9784f53ec8bced6ca0c57,2026-10-07,2026-10-07 05:54:00.000 UTC,454134645,VTXPyoithSnJA3BXUoWoHnp8RwQAe4hjg5coHarMn87ZrwzUrjLUN3DwknDPuJtrxoarsp4B9XDR4LsNwjZwUaD,transfer,7iWnBRRhBCiNXXPhqiGzvvBkKrvFSWqqmxRyu9VyYBxE,Bm2ceufZooMBZhAusnPveWvn5zwuicDapjDNtinzu266,9aoLQTgULjgfFm4eia8RwWXAZysQFwi2f4PBgcKetWWC,9jARKyzjkUr4pYTV7sHpfEQkEFKstM4jtigLYiqJpKd1,11779144349189,117791.44349189,1
9370de51bb54289a62d9b0c8442fb697,2026-10-07,2026-10-07 05:54:00.000 UTC,454134645,VTXPyoithSnJA3BXUoWoHnp8RwQAe4hjg5coHarMn87ZrwzUrjLUN3DwknDPuJtrxoarsp4B9XDR4LsNwjZwUaD,transfer,J3cdRYTeQAnZUhYRcVpk9abqEuRWTrtxb5fUbgh2aADn,7iWnBRRhBCiNXXPhqiGzvvBkKrvFSWqqmxRyu9VyYBxE,7r4TcfVhcYuuh3of8S8igoV7AeyNfwcnRhAaA8FfvSgP,9aoLQTgULjgfFm4eia8RwWXAZysQFwi2f4PBgcKetWWC,11790935284473,117909.35284473,1
f27bba8a781c6f3b87cf294325f14e6b,2026-10-07,2026-10-07 05:54:30.000 UTC,454134754,2EcbZETMhQzt5uuXyxeoyqoW5jRXfkNfJ5RuhzEnutZeun3CQ7yk8kRTiaPVouCYLtyjXTk2ePGZQVnqF1KQVL2G,transfer,GpMZbSM2GgvTKHJirzeGfMFoaZ8UR2X7F4v8vHTvxFbL,FUEL3Te8gvaohxwQMapfMTeJVHh2z1BL9fvTCcHZeYEh,GJrjTyjw8vEL4FUVVnKmfvYKZamyjNgwxxprciNkQ9AE,AFwDMZetjEu35jct7kb2vpWSAcjtwut4xdvE4pmrwuHQ,231213392525,2312.13392525,1
3e8fd8ffe542c226108d29153b6c4b9e,2026-10-07,2026-10-07 05:54:30.000 UTC,454134754,2EcbZETMhQzt5uuXyxeoyqoW5jRXfkNfJ5RuhzEnutZeun3CQ7yk8kRTiaPVouCYLtyjXTk2ePGZQVnqF1KQVL2G,transfer,FUEL3Te8gvaohxwQMapfMTeJVHh2z1BL9fvTCcHZeYEh,J3cdRYTeQAnZUhYRcVpk9abqEuRWTrtxb5fUbgh2aADn,AFwDMZetjEu35jct7kb2vpWSAcjtwut4xdvE4pmrwuHQ,7r4TcfVhcYuuh3of8S8igoV7AeyNfwcnRhAaA8FfvSgP,231213392525,2312.13392525,1
8f98e783d3cedd529d4e13e640a1f04c,2026-10-07,2026-10-07 05:54:30.000 UTC,454134754,35eJ4EqB5H2jbt6in62gTkaMT4ABFqbmmAPoGFa6Zq56ZkFf5UR8qe2HVYa4Vm1euPez32JZJ9JwHMM8isJJoKop,transfer,GpMZbSM2GgvTKHJirzeGfMFoaZ8UR2X7F4v8vHTvxFbL,R32xAccFis3YzBzGwZ1C4QkGiehLxSao7gDmErA3kjk,GJrjTyjw8vEL4FUVVnKmfvYKZamyjNgwxxprciNkQ9AE,DGuSLBt7dJYaDkXoT6286dQ3MmezUtKcyEQgg9ESeP7d,165904992462,1659.04992462,1
dfe374e4864918a932e5a16de5de7306,2026-10-07,2026-10-07 05:54:30.000 UTC,454134754,35eJ4EqB5H2jbt6in62gTkaMT4ABFqbmmAPoGFa6Zq56ZkFf5UR8qe2HVYa4Vm1euPez32JZJ9JwHMM8isJJoKop,transfer,R32xAccFis3YzBzGwZ1C4QkGiehLxSao7gDmErA3kjk,J3cdRYTeQAnZUhYRcVpk9abqEuRWTrtxb5fUbgh2aADn,DGuSLBt7dJYaDkXoT6286dQ3MmezUtKcyEQgg9ESeP7d,7r4TcfVhcYuuh3of8S8igoV7AeyNfwcnRhAaA8FfvSgP,165904992462,1659.04992462,1
08afeeeef73a70ba9b30c63cd6d12ff4,2026-10-07,2026-10-07 05:54:30.000 UTC,454134754,5UGoUHryXL9oZqYvVjzWbapn8ti3dwG4SnXcFUUPFt63NKzL3DfQSHdHYheETkHhXnQ2u9RaeMp7V1HF1GaDAMpD,transfer,GpMZbSM2GgvTKHJirzeGfMFoaZ8UR2X7F4v8vHTvxFbL,ENY9JreWWWtq8jSKfLtXpzjBteknLPdahPCwG7ZCVbJe,35hKKpdPTy495wFTybw5wajHp4ZNSyQA5KZXd7cN9hB7,H8hLSbAWpfk2mtdFuZADzsf18vsbWTiYn78o6sgyKR8D,860025128899,8600.25128899,1
6c9b6e7082a7dc8fcd8d0552dc247db2,2026-10-07,2026-10-07 05:54:30.000 UTC,454134754,5UGoUHryXL9oZqYvVjzWbapn8ti3dwG4SnXcFUUPFt63NKzL3DfQSHdHYheETkHhXnQ2u9RaeMp7V1HF1GaDAMpD,transfer,ENY9JreWWWtq8jSKfLtXpzjBteknLPdahPCwG7ZCVbJe,J3cdRYTeQAnZUhYRcVpk9abqEuRWTrtxb5fUbgh2aADn,H8hLSbAWpfk2mtdFuZADzsf18vsbWTiYn78o6sgyKR8D,7r4TcfVhcYuuh3of8S8igoV7AeyNfwcnRhAaA8FfvSgP,860025128899,8600.25128899,1
2533424d23e4730f9326cf659a02ba5f,2026-10-07,2026-10-07 05:55:00.000 UTC,454134865,2ofx3bjSSpscQpmHUz977jnqERY1FUzQmPqrFwj1ETkHjFcLhhbiPZDKyrUXGEUFiwX8fMJEv6pBzG2nz3ebZ1DD,transfer,GpMZbSM2GgvTKHJirzeGfMFoaZ8UR2X7F4v8vHTvxFbL,81RwTUf7ZvM5GpeG5q5aGemnxPQLzKAXEF6qPDzNQKDn,GJrjTyjw8vEL4FUVVnKmfvYKZamyjNgwxxprciNkQ9AE,95BGpzYf6m74RDhE6Y7pSVFPiBKuUvQhoDtf41nZUHcb,438966869609,4389.66869609,1
7e81478defe8f523945773c3b720f4f0,2026-10-07,2026-10-07 05:55:00.000 UTC,454134865,2ofx3bjSSpscQpmHUz977jnqERY1FUzQmPqrFwj1ETkHjFcLhhbiPZDKyrUXGEUFiwX8fMJEv6pBzG2nz3ebZ1DD,transfer,81RwTUf7ZvM5GpeG5q5aGemnxPQLzKAXEF6qPDzNQKDn,J3cdRYTeQAnZUhYRcVpk9abqEuRWTrtxb5fUbgh2aADn,95BGpzYf6m74RDhE6Y7pSVFPiBKuUvQhoDtf41nZUHcb,7r4TcfVhcYuuh3of8S8igoV7AeyNfwcnRhAaA8FfvSgP,438966869609,4389.66869609,1
3d21b8444200c2c730b22cb2d38f8807,2026-10-07,2026-10-07 05:55:00.000 UTC,454134868,4ULpGV6Dbh5P9KuxXtJCvPdJeuC6Lqyz1vnE9npXELGXaYRSWC42YPjWTiuVDmoyro4bjqEHioNx9mLEQ2U6cxDf,transfer,GocsRvL8NX1Bwyp7uAbXCstFFTgr5Wywv17DCRNstPGQ,J3cdRYTeQAnZUhYRcVpk9abqEuRWTrtxb5fUbgh2aADn,2q8Ghrauqqx1zNQmhTNrJwkGq9ck5aFqjzwUVqVX7ptp,7r4TcfVhcYuuh3of8S8igoV7AeyNfwcnRhAaA8FfvSgP,334790560771,3347.90560771,1
f6cd65ce774c4e5ddf6f3424f534b71f,2026-10-07,2026-10-07 05:55:00.000 UTC,454134868,4ULpGV6Dbh5P9KuxXtJCvPdJeuC6Lqyz1vnE9npXELGXaYRSWC42YPjWTiuVDmoyro4bjqEHioNx9mLEQ2U6cxDf,transfer,GpMZbSM2GgvTKHJirzeGfMFoaZ8UR2X7F4v8vHTvxFbL,GocsRvL8NX1Bwyp7uAbXCstFFTgr5Wywv17DCRNstPGQ,35hKKpdPTy495wFTybw5wajHp4ZNSyQA5KZXd7cN9hB7,2q8Ghrauqqx1zNQmhTNrJwkGq9ck5aFqjzwUVqVX7ptp,334790560771,3347.90560771,1
568028a060b6d4378a9f1373204d93ac,2026-10-07,2026-10-07 05:55:30.000 UTC,454134978,2Vsi9xpZtAqCA5pQs9xKTeHHqKh5Aq65rjxDmp2Yo3WKzwewu9kDUWAgdxDdyXQwGCkYXkfb1jSHjcMCHSAfTrkS,transfer,78Bo7xxGWBEvqbh3VMKvkFG4Z63cXKSJ2LCEXAanhN7a,J3cdRYTeQAnZUhYRcVpk9abqEuRWTrtxb5fUbgh2aADn,H4dF1Hr9YcAqNEUsfGVnxa9qL3dbgJ5fa6PaffqtR7UD,7r4TcfVhcYuuh3of8S8igoV7AeyNfwcnRhAaA8FfvSgP,30509933753,305.09933753,1
3b1be80b2af2e0f25622c8a1c5f42570,2026-10-07,2026-10-07 05:55:30.000 UTC,454134978,2Vsi9xpZtAqCA5pQs9xKTeHHqKh5Aq65rjxDmp2Yo3WKzwewu9kDUWAgdxDdyXQwGCkYXkfb1jSHjcMCHSAfTrkS,transfer,GpMZbSM2GgvTKHJirzeGfMFoaZ8UR2X7F4v8vHTvxFbL,78Bo7xxGWBEvqbh3VMKvkFG4Z63cXKSJ2LCEXAanhN7a,GJrjTyjw8vEL4FUVVnKmfvYKZamyjNgwxxprciNkQ9AE,H4dF1Hr9YcAqNEUsfGVnxa9qL3dbgJ5fa6PaffqtR7UD,30509933753,305.09933753,1
74a828710063f1332f7592f69606ef9d,2026-10-07,2026-10-07 05:55:30.000 UTC,454134978,Nrh6Nu1wDuSJCPw2br8c7EmYxRyCwbFJMepwLC41gpDz66ux81PaxZab8rT2HN4qhupvgKDr4aNAVg8kP1LPCyt,transfer,GpMZbSM2GgvTKHJirzeGfMFoaZ8UR2X7F4v8vHTvxFbL,81RwTUf7ZvM5GpeG5q5aGemnxPQLzKAXEF6qPDzNQKDn,35hKKpdPTy495wFTybw5wajHp4ZNSyQA5KZXd7cN9hB7,95BGpzYf6m74RDhE6Y7pSVFPiBKuUvQhoDtf41nZUHcb,221801836318,2218.01836318,1
293aa773c8fb789b7ebbac03d330bcd4,2026-10-07,2026-10-07 05:55:30.000 UTC,454134978,Nrh6Nu1wDuSJCPw2br8c7EmYxRyCwbFJMepwLC41gpDz66ux81PaxZab8rT2HN4qhupvgKDr4aNAVg8kP1LPCyt,transfer,81RwTUf7ZvM5GpeG5q5aGemnxPQLzKAXEF6qPDzNQKDn,J3cdRYTeQAnZUhYRcVpk9abqEuRWTrtxb5fUbgh2aADn,95BGpzYf6m74RDhE6Y7pSVFPiBKuUvQhoDtf41nZUHcb,7r4TcfVhcYuuh3of8S8igoV7AeyNfwcnRhAaA8FfvSgP,221801836318,2218.01836318,1
0d97d1988a935e25845f50887139b484,2026-10-07,2026-10-07 05:57:45.000 UTC,454135495,5Cman5FcrYqsDPiPfnZUtpav9DVhowqqEAmBsciZCBHhhdwjWUk9wyZwSmwBSL1CRLeqgTLvYxJvTt68Dd4e3Z1A,transfer,GpMZbSM2GgvTKHJirzeGfMFoaZ8UR2X7F4v8vHTvxFbL,78Bo7xxGWBEvqbh3VMKvkFG4Z63cXKSJ2LCEXAanhN7a,GJrjTyjw8vEL4FUVVnKmfvYKZamyjNgwxxprciNkQ9AE,H4dF1Hr9YcAqNEUsfGVnxa9qL3dbgJ5fa6PaffqtR7UD,124034444504,1240.34444504,1
6fc02aa8dd14c43ddd42a7e53c72d4d8,2026-10-07,2026-10-07 05:57:45.000 UTC,454135495,5Cman5FcrYqsDPiPfnZUtpav9DVhowqqEAmBsciZCBHhhdwjWUk9wyZwSmwBSL1CRLeqgTLvYxJvTt68Dd4e3Z1A,transfer,78Bo7xxGWBEvqbh3VMKvkFG4Z63cXKSJ2LCEXAanhN7a,J3cdRYTeQAnZUhYRcVpk9abqEuRWTrtxb5fUbgh2aADn,H4dF1Hr9YcAqNEUsfGVnxa9qL3dbgJ5fa6PaffqtR7UD,7r4TcfVhcYuuh3of8S8igoV7AeyNfwcnRhAaA8FfvSgP,124034444504,1240.34444504,1
1d5b596e6676020d6096d6c4ea18e2f1,2026-10-07,2026-10-07 06:13:57.000 UTC,454139117,67qaCbJmwAdRdkZ3B5M4Dkyj1Adetn3EmwyUYFDBtVS67LTYFknkbYf8PPxL3UBuRLTRzsUp6egEJNeDbiuxmDe,transfer,D5YqVMoSxnqeZAKAUUE1Dm3bmjtdxQ5DCF356ozqN9cM,J3cdRYTeQAnZUhYRcVpk9abqEuRWTrtxb5fUbgh2aADn,2KJkRj5rk5ft92WTTT5NYQThgX6SHStiqsyffyhjDWb4,7r4TcfVhcYuuh3of8S8igoV7AeyNfwcnRhAaA8FfvSgP,1607577255,16.07577255,1
f35024d232133563c9448bf4f32aaa23,2026-10-07,2026-10-07 06:13:57.000 UTC,454139117,67qaCbJmwAdRdkZ3B5M4Dkyj1Adetn3EmwyUYFDBtVS67LTYFknkbYf8PPxL3UBuRLTRzsUp6egEJNeDbiuxmDe,transfer,2Q8tAc9nrQca3tE9KqhnVc9DiBsDPQyqY24rnbRVYv8E,D5YqVMoSxnqeZAKAUUE1Dm3bmjtdxQ5DCF356ozqN9cM,9UK3o1FSN5avmpNmuxkdJWT16YPRjNZ7WvYW3fCcjaw4,2KJkRj5rk5ft92WTTT5NYQThgX6SHStiqsyffyhjDWb4,1607577255,16.07577255,1
f4416a781b417ef079761f7534f263e1,2026-10-07,2026-10-07 06:40:36.000 UTC,454145101,4Tp3xosyFMJ3vvPtgiypbiTF55uh1yUEfMc7no3s7VbLLpbbvaEgqKXLNN9Nv43mCBynrm3GAWCxZqqMKtbPaSJd,transfer,78Bo7xxGWBEvqbh3VMKvkFG4Z63cXKSJ2LCEXAanhN7a,J3cdRYTeQAnZUhYRcVpk9abqEuRWTrtxb5fUbgh2aADn,H4dF1Hr9YcAqNEUsfGVnxa9qL3dbgJ5fa6PaffqtR7UD,7r4TcfVhcYuuh3of8S8igoV7AeyNfwcnRhAaA8FfvSgP,76112580687,761.12580687,1
f9ae478ae84017cd6483f582239fdb7f,2026-10-07,2026-10-07 06:40:36.000 UTC,454145101,4Tp3xosyFMJ3vvPtgiypbiTF55uh1yUEfMc7no3s7VbLLpbbvaEgqKXLNN9Nv43mCBynrm3GAWCxZqqMKtbPaSJd,transfer,GpMZbSM2GgvTKHJirzeGfMFoaZ8UR2X7F4v8vHTvxFbL,78Bo7xxGWBEvqbh3VMKvkFG4Z63cXKSJ2LCEXAanhN7a,GJrjTyjw8vEL4FUVVnKmfvYKZamyjNgwxxprciNkQ9AE,H4dF1Hr9YcAqNEUsfGVnxa9qL3dbgJ5fa6PaffqtR7UD,76112580687,761.12580687,1
64c80ad7dd4689b99585de68f175a8d5,2026-10-07,2026-10-07 06:49:28.000 UTC,454147081,53HWTWmP3Jjwj9nWzSxyLz7MoauSC2nmKLzQYNbHntVfKkgvwdwZZBxxRqTzag1bZUdDXk5tDK3s5szToM7GRGLu,transfer,78Bo7xxGWBEvqbh3VMKvkFG4Z63cXKSJ2LCEXAanhN7a,J3cdRYTeQAnZUhYRcVpk9abqEuRWTrtxb5fUbgh2aADn,H4dF1Hr9YcAqNEUsfGVnxa9qL3dbgJ5fa6PaffqtR7UD,7r4TcfVhcYuuh3of8S8igoV7AeyNfwcnRhAaA8FfvSgP,198459079688,1984.59079688,1
6f645efa896ad7b8ba7879ad3853ad8b,2026-10-07,2026-10-07 06:49:28.000 UTC,454147081,53HWTWmP3Jjwj9nWzSxyLz7MoauSC2nmKLzQYNbHntVfKkgvwdwZZBxxRqTzag1bZUdDXk5tDK3s5szToM7GRGLu,transfer,GpMZbSM2GgvTKHJirzeGfMFoaZ8UR2X7F4v8vHTvxFbL,78Bo7xxGWBEvqbh3VMKvkFG4Z63cXKSJ2LCEXAanhN7a,GJrjTyjw8vEL4FUVVnKmfvYKZamyjNgwxxprciNkQ9AE,H4dF1Hr9YcAqNEUsfGVnxa9qL3dbgJ5fa6PaffqtR7UD,198459079688,1984.59079688,1
df45cb8e70ed8b3253eb82a33ed2bfcb,2026-10-07,2026-10-07 06:59:46.000 UTC,454149386,3qfANL6JQM1C9iBdLnV9ECpAvieByuk1TyqwrCH7UoiaQoHmDuwWXGQQDNRrYsS9ejVtqQFTFSvKRxdSp8u4stme,transfer,D5YqVMoSxnqeZAKAUUE1Dm3bmjtdxQ5DCF356ozqN9cM,J3cdRYTeQAnZUhYRcVpk9abqEuRWTrtxb5fUbgh2aADn,2KJkRj5rk5ft92WTTT5NYQThgX6SHStiqsyffyhjDWb4,7r4TcfVhcYuuh3of8S8igoV7AeyNfwcnRhAaA8FfvSgP,91584783,0.91584783,1
5ee32cd1bbc5f1da45d986d7f59bcf8e,2026-10-07,2026-10-07 06:59:46.000 UTC,454149386,3qfANL6JQM1C9iBdLnV9ECpAvieByuk1TyqwrCH7UoiaQoHmDuwWXGQQDNRrYsS9ejVtqQFTFSvKRxdSp8u4stme,transfer,2Q8tAc9nrQca3tE9KqhnVc9DiBsDPQyqY24rnbRVYv8E,D5YqVMoSxnqeZAKAUUE1Dm3bmjtdxQ5DCF356ozqN9cM,9UK3o1FSN5avmpNmuxkdJWT16YPRjNZ7WvYW3fCcjaw4,2KJkRj5rk5ft92WTTT5NYQThgX6SHStiqsyffyhjDWb4,91584783,0.91584783,1
26a162b236330a1516745795526babdc,2026-10-07,2026-10-07 07:20:15.000 UTC,454153988,2ugt7ENsuLWJgsAdsMkhfnY84fB5Mb5HUecm57JpBMUE1zEYQqU5hoyLNBNt4LQucrC275SC99BnbKs3DXCgy9s2,transfer,8z1G9d2xrNFbpRagvGXJhsQ5x4s6wacQsiP3NgqRKNTN,5cDnLDyQ8W8i7RZGpNdvx73nD87cZaVX6dgXQPMn1p2s,2x2JUZFUAuWTWkTKm9ND4xfnfNVmatrgpbkp9A3ETjKY,BgxHjTRdMVu75zLcZGyU8MzuAWgm99K4732bbhTpTnCY,5865184584890,58651.8458489,1
dec3d454151e5fd89ce0a88381b9acd9,2026-10-07,2026-10-07 08:04:50.000 UTC,454163972,2G3iJna4KKDiYxP7FQzCLwi8LhtDpVRu3FTrWemyfQa8xoHRx9QJBNCoqXjuaCpqKoQQFZu2VWvUaivR5Kra6aLY,transfer,6LXutJvKUw8Q5ue2gCgKHQdAN4suWW8awzFVC6XCguFx,J3cdRYTeQAnZUhYRcVpk9abqEuRWTrtxb5fUbgh2aADn,48y6EEFeeyG47s66EeM6FQgdYVBXHthrCssWiTVJGu3N,7r4TcfVhcYuuh3of8S8igoV7AeyNfwcnRhAaA8FfvSgP,171483839529,1714.83839529,1
c3e11d88f436408110983127c475ff76,2026-10-07,2026-10-07 08:04:50.000 UTC,454163972,2G3iJna4KKDiYxP7FQzCLwi8LhtDpVRu3FTrWemyfQa8xoHRx9QJBNCoqXjuaCpqKoQQFZu2VWvUaivR5Kra6aLY,transfer,GX9rX1xBi67hGQf5DBzKUQesQ4NdjHv7hh1CmQQ5cgK5,6LXutJvKUw8Q5ue2gCgKHQdAN4suWW8awzFVC6XCguFx,8tGsjnV9b8Txd82v7Q6SHctsvjj332XzcTSU4AzT2Xp8,48y6EEFeeyG47s66EeM6FQgdYVBXHthrCssWiTVJGu3N,171483839529,1714.83839529,1
3cb35317295713cc06591c26033ceb0a,2026-10-07,2026-10-07 08:08:26.000 UTC,454164778,5EdcbXF4uCcW9MzVgnBLLYCzs5Jz4Vq6YzD57M6dbpgmZxKBqcBvSjKwQ8WYxqnTJhHLS9q3dRxne17BrEy69ahC,transfer,GpMZbSM2GgvTKHJirzeGfMFoaZ8UR2X7F4v8vHTvxFbL,D5YqVMoSxnqeZAKAUUE1Dm3bmjtdxQ5DCF356ozqN9cM,GJrjTyjw8vEL4FUVVnKmfvYKZamyjNgwxxprciNkQ9AE,2KJkRj5rk5ft92WTTT5NYQThgX6SHStiqsyffyhjDWb4,114401579221,1144.01579221,1
2ddb38a2f1845d89cf26e906d5d0e9c7,2026-10-07,2026-10-07 08:08:26.000 UTC,454164778,5EdcbXF4uCcW9MzVgnBLLYCzs5Jz4Vq6YzD57M6dbpgmZxKBqcBvSjKwQ8WYxqnTJhHLS9q3dRxne17BrEy69ahC,transfer,J3cdRYTeQAnZUhYRcVpk9abqEuRWTrtxb5fUbgh2aADn,D5YqVMoSxnqeZAKAUUE1Dm3bmjtdxQ5DCF356ozqN9cM,7r4TcfVhcYuuh3of8S8igoV7AeyNfwcnRhAaA8FfvSgP,2KJkRj5rk5ft92WTTT5NYQThgX6SHStiqsyffyhjDWb4,1877785524979,18777.85524979,1
c1385c0ec1fff582d83b4a473d1a150b,2026-10-07,2026-10-07 08:08:26.000 UTC,454164778,5EdcbXF4uCcW9MzVgnBLLYCzs5Jz4Vq6YzD57M6dbpgmZxKBqcBvSjKwQ8WYxqnTJhHLS9q3dRxne17BrEy69ahC,transfer,D5YqVMoSxnqeZAKAUUE1Dm3bmjtdxQ5DCF356ozqN9cM,DgU48oPi5Q3imMTaVCQBXBYhWyV2o1oFJ5iGL9GgaesS,2KJkRj5rk5ft92WTTT5NYQThgX6SHStiqsyffyhjDWb4,14dEWE5HcSg7agRm3JzUeic2VEjA9N7BMHWjxVcysQ2U,2532728964783,25327.28964783,1
030dd1278206ae817a586352491d3906,2026-10-07,2026-10-07 08:08:26.000 UTC,454164778,5EdcbXF4uCcW9MzVgnBLLYCzs5Jz4Vq6YzD57M6dbpgmZxKBqcBvSjKwQ8WYxqnTJhHLS9q3dRxne17BrEy69ahC,transfer,GpMZbSM2GgvTKHJirzeGfMFoaZ8UR2X7F4v8vHTvxFbL,D5YqVMoSxnqeZAKAUUE1Dm3bmjtdxQ5DCF356ozqN9cM,35hKKpdPTy495wFTybw5wajHp4ZNSyQA5KZXd7cN9hB7,2KJkRj5rk5ft92WTTT5NYQThgX6SHStiqsyffyhjDWb4,540541860583,5405.41860583,1
8cc9752d0e694cb07098c650da13841a,2026-10-07,2026-10-07 08:08:28.000 UTC,454164784,4F8dbucHXSVGripvGNhNB6iwuKSdNp7vQHwmm7seM4sEhNhK1o6t7RGnkVwZ8vk2Ec2xHW1KvNFSpnZFgrwKzMMf,transfer,DgU48oPi5Q3imMTaVCQBXBYhWyV2o1oFJ5iGL9GgaesS,6SxY1YJimBrCFgZYtimEWRhVebCJtH4XkJPFxtcoNLvW,14dEWE5HcSg7agRm3JzUeic2VEjA9N7BMHWjxVcysQ2U,5xjwDna55pDe73RDuxxU5vXVyDaS8B2eKy6Kay878Smv,40523663436,405.23663436,1
8448ecccd2069949d69c51b98c8c4bcc,2026-10-07,2026-10-07 08:10:18.000 UTC,454165195,4L6zHAEirma5fLZZYdtiEjNRSoMrUGPYLyt7ePwSaK23RSXE7WmK55YbajXk6N8o1zPXTg2gpfn4WJLJbNq8DjM6,transfer,D5YqVMoSxnqeZAKAUUE1Dm3bmjtdxQ5DCF356ozqN9cM,J3cdRYTeQAnZUhYRcVpk9abqEuRWTrtxb5fUbgh2aADn,2KJkRj5rk5ft92WTTT5NYQThgX6SHStiqsyffyhjDWb4,7r4TcfVhcYuuh3of8S8igoV7AeyNfwcnRhAaA8FfvSgP,1057836214,10.57836214,1
3e6d588d7879fc789d57d45d01c001da,2026-10-07,2026-10-07 08:10:18.000 UTC,454165195,4L6zHAEirma5fLZZYdtiEjNRSoMrUGPYLyt7ePwSaK23RSXE7WmK55YbajXk6N8o1zPXTg2gpfn4WJLJbNq8DjM6,transfer,2Q8tAc9nrQca3tE9KqhnVc9DiBsDPQyqY24rnbRVYv8E,D5YqVMoSxnqeZAKAUUE1Dm3bmjtdxQ5DCF356ozqN9cM,9UK3o1FSN5avmpNmuxkdJWT16YPRjNZ7WvYW3fCcjaw4,2KJkRj5rk5ft92WTTT5NYQThgX6SHStiqsyffyhjDWb4,1057836214,10.57836214,1
0b210d2a910261332035ad896f7ccee5,2026-10-07,2026-10-07 08:24:31.000 UTC,454168376,3c8je4RysJ6Xb2dVA2DXJQX7YM4aywXSBURLkSEXThcEYLRNJuXMHNZWBjW4zivFWSETvKeaNivkte9Pzws58GQX,transfer,GpMZbSM2GgvTKHJirzeGfMFoaZ8UR2X7F4v8vHTvxFbL,D5YqVMoSxnqeZAKAUUE1Dm3bmjtdxQ5DCF356ozqN9cM,GJrjTyjw8vEL4FUVVnKmfvYKZamyjNgwxxprciNkQ9AE,2KJkRj5rk5ft92WTTT5NYQThgX6SHStiqsyffyhjDWb4,23260134394,232.60134394,1
30b4fc620f754a15146ab1bf6490ae49,2026-10-07,2026-10-07 08:24:31.000 UTC,454168376,3c8je4RysJ6Xb2dVA2DXJQX7YM4aywXSBURLkSEXThcEYLRNJuXMHNZWBjW4zivFWSETvKeaNivkte9Pzws58GQX,transfer,D5YqVMoSxnqeZAKAUUE1Dm3bmjtdxQ5DCF356ozqN9cM,34aTWRR7kWyobM9kaG8zysbJuDB38YexSQgf7dZuEB62,2KJkRj5rk5ft92WTTT5NYQThgX6SHStiqsyffyhjDWb4,49yiwnehS8ZNfqmEWLspN9dKr6yfnHVDZrYhzoNmZpHA,580943100733,5809.43100733,1
9fb33dc37bcb48373cbe860dcc7fdf89,2026-10-07,2026-10-07 08:24:31.000 UTC,454168376,3c8je4RysJ6Xb2dVA2DXJQX7YM4aywXSBURLkSEXThcEYLRNJuXMHNZWBjW4zivFWSETvKeaNivkte9Pzws58GQX,transfer,J3cdRYTeQAnZUhYRcVpk9abqEuRWTrtxb5fUbgh2aADn,D5YqVMoSxnqeZAKAUUE1Dm3bmjtdxQ5DCF356ozqN9cM,7r4TcfVhcYuuh3of8S8igoV7AeyNfwcnRhAaA8FfvSgP,2KJkRj5rk5ft92WTTT5NYQThgX6SHStiqsyffyhjDWb4,557682966339,5576.82966339,1
b3386e3f7ca04c49aca8dfa2fdba3bca,2026-10-07,2026-10-07 08:24:31.000 UTC,454168379,4BubsEkWG4kfohT9pPGb9AVtuBurK1ei4LVnnPTrz7QUT6f44Z3rdur7y3GEo2tpMQQDZKQHmrGB8QdiZx93YjLP,transfer,34aTWRR7kWyobM9kaG8zysbJuDB38YexSQgf7dZuEB62,6SxY1YJimBrCFgZYtimEWRhVebCJtH4XkJPFxtcoNLvW,49yiwnehS8ZNfqmEWLspN9dKr6yfnHVDZrYhzoNmZpHA,5xjwDna55pDe73RDuxxU5vXVyDaS8B2eKy6Kay878Smv,9295089611,92.95089611,1
55d775c1eff7e833af8d1078f393e84c,2026-10-07,2026-10-07 09:55:27.000 UTC,454188797,24RfoWFJgrcD1G8mRvu7Wxj3YZnw3gHKokCsm5S9VkZ9ARfem9eo5N6DNwgoNj3dEAhyv2NYh6W3MCCPwD97CWDY,transfer,GpMZbSM2GgvTKHJirzeGfMFoaZ8UR2X7F4v8vHTvxFbL,78Bo7xxGWBEvqbh3VMKvkFG4Z63cXKSJ2LCEXAanhN7a,GJrjTyjw8vEL4FUVVnKmfvYKZamyjNgwxxprciNkQ9AE,H4dF1Hr9YcAqNEUsfGVnxa9qL3dbgJ5fa6PaffqtR7UD,69403400676,694.03400676,1
27444272b4dd07e54550de147decf3e8,2026-10-07,2026-10-07 09:55:27.000 UTC,454188797,24RfoWFJgrcD1G8mRvu7Wxj3YZnw3gHKokCsm5S9VkZ9ARfem9eo5N6DNwgoNj3dEAhyv2NYh6W3MCCPwD97CWDY,transfer,78Bo7xxGWBEvqbh3VMKvkFG4Z63cXKSJ2LCEXAanhN7a,J3cdRYTeQAnZUhYRcVpk9abqEuRWTrtxb5fUbgh2aADn,H4dF1Hr9YcAqNEUsfGVnxa9qL3dbgJ5fa6PaffqtR7UD,7r4TcfVhcYuuh3of8S8igoV7AeyNfwcnRhAaA8FfvSgP,69403400676,694.03400676,1
76811d94c5c68556db7141fb2d9197ab,2026-10-07,2026-10-07 09:57:03.000 UTC,454189154,2nXGph6CmmxjzoZfsvzqGBC2EcyWN8WwxAoQ6nfardRjc4YX6rHQnW4HaLHejXZBkoTBPzD9fpVqHnKVhEvkvgYg,transfer,78Bo7xxGWBEvqbh3VMKvkFG4Z63cXKSJ2LCEXAanhN7a,J3cdRYTeQAnZUhYRcVpk9abqEuRWTrtxb5fUbgh2aADn,H4dF1Hr9YcAqNEUsfGVnxa9qL3dbgJ5fa6PaffqtR7UD,7r4TcfVhcYuuh3of8S8igoV7AeyNfwcnRhAaA8FfvSgP,95314852864,953.14852864,1
0134fbadfa16eefc62f143f12b0ec6b4,2026-10-07,2026-10-07 09:57:03.000 UTC,454189154,2nXGph6CmmxjzoZfsvzqGBC2EcyWN8WwxAoQ6nfardRjc4YX6rHQnW4HaLHejXZBkoTBPzD9fpVqHnKVhEvkvgYg,transfer,GpMZbSM2GgvTKHJirzeGfMFoaZ8UR2X7F4v8vHTvxFbL,78Bo7xxGWBEvqbh3VMKvkFG4Z63cXKSJ2LCEXAanhN7a,GJrjTyjw8vEL4FUVVnKmfvYKZamyjNgwxxprciNkQ9AE,H4dF1Hr9YcAqNEUsfGVnxa9qL3dbgJ5fa6PaffqtR7UD,95314852864,953.14852864,1
8494e762b0910bc3eda9ca85bbda0701,2026-10-07,2026-10-07 10:40:19.000 UTC,454198847,4hUmVLQvdhhmpEWKRAxLujRCmjHHgvCWmUGXAGN7ayqZEoiKdCCkfm496ZYBpAyCojxfJ8eBrwoAV1JTsNvwymwY,transfer,9nnLbotNTcUhvbrsA6Mdkx45Sm82G35zo28AqUvjExn8,5QsyByFVJcg7oN76Ma26KEDFQdHt1tsiVExK94zURzfd,3CMwuMtw9u3VuFyGFJWCaF43wbRkrP1iGtE5FrWKxNQw,8joUsyKkRQzxUWHwuXjLAnnxdR8q4yy6VicKt2mJFCPC,9462257183033,94622.57183033,1
7ceb2b15845fd4c9a445f2ea855f9efa,2026-10-07,2026-10-07 10:40:19.000 UTC,454198847,4hUmVLQvdhhmpEWKRAxLujRCmjHHgvCWmUGXAGN7ayqZEoiKdCCkfm496ZYBpAyCojxfJ8eBrwoAV1JTsNvwymwY,transfer,J3cdRYTeQAnZUhYRcVpk9abqEuRWTrtxb5fUbgh2aADn,9nnLbotNTcUhvbrsA6Mdkx45Sm82G35zo28AqUvjExn8,7r4TcfVhcYuuh3of8S8igoV7AeyNfwcnRhAaA8FfvSgP,3CMwuMtw9u3VuFyGFJWCaF43wbRkrP1iGtE5FrWKxNQw,9462257183033,94622.57183033,1
545ec1c1db5c9f9caff263784862173b,2026-10-07,2026-10-07 10:40:30.000 UTC,454198891,5X3rYXMyZgfGyUqB56QyhEpGeJESnDAU68eXxgaLNyqKNzYSHUStES3PksRN6oJdy1JcnavFD453ZTRj5Vs9M3pz,burn,5QsyByFVJcg7oN76Ma26KEDFQdHt1tsiVExK94zURzfd,,8joUsyKkRQzxUWHwuXjLAnnxdR8q4yy6VicKt2mJFCPC,,10789657819548,107896.57819548,1
3d8e0357c9cc18915699882a19fe52bc,2026-10-07,2026-10-07 10:40:45.000 UTC,454198949,Kv1fyT3at7CXfZPUx5Fsz4vVsDdCbKCcq5JskJx7ifQqJQxJEnntWRMKbA7dJWzktzrKsbjBfNEYyRnhmhXE95J,transfer,J3cdRYTeQAnZUhYRcVpk9abqEuRWTrtxb5fUbgh2aADn,9nnLbotNTcUhvbrsA6Mdkx45Sm82G35zo28AqUvjExn8,7r4TcfVhcYuuh3of8S8igoV7AeyNfwcnRhAaA8FfvSgP,3CMwuMtw9u3VuFyGFJWCaF43wbRkrP1iGtE5FrWKxNQw,1535928368107,15359.28368107,1
9afa79506d8b3fd40f9e2bb561ce956b,2026-10-07,2026-10-07 10:40:45.000 UTC,454198949,Kv1fyT3at7CXfZPUx5Fsz4vVsDdCbKCcq5JskJx7ifQqJQxJEnntWRMKbA7dJWzktzrKsbjBfNEYyRnhmhXE95J,transfer,9nnLbotNTcUhvbrsA6Mdkx45Sm82G35zo28AqUvjExn8,5QsyByFVJcg7oN76Ma26KEDFQdHt1tsiVExK94zURzfd,3CMwuMtw9u3VuFyGFJWCaF43wbRkrP1iGtE5FrWKxNQw,8joUsyKkRQzxUWHwuXjLAnnxdR8q4yy6VicKt2mJFCPC,1535928368107,15359.28368107,1
3fa2f4a379e874d373ce36f19de542c4,2026-10-07,2026-10-07 10:41:14.000 UTC,454199054,4S27z6Q6UZAUHZraYZmc21o4sGqjvNsS6P9C1nDDVi1YBy42Wt4fv7GfKXkP8SUqvr3LK2GswGoYKvDFegrLduvC,transfer,GpMZbSM2GgvTKHJirzeGfMFoaZ8UR2X7F4v8vHTvxFbL,78Bo7xxGWBEvqbh3VMKvkFG4Z63cXKSJ2LCEXAanhN7a,GJrjTyjw8vEL4FUVVnKmfvYKZamyjNgwxxprciNkQ9AE,H4dF1Hr9YcAqNEUsfGVnxa9qL3dbgJ5fa6PaffqtR7UD,50482617500,504.826175,1
6d4bbc34b7717bf73cc0fa98f8e09518,2026-10-07,2026-10-07 10:41:14.000 UTC,454199054,4S27z6Q6UZAUHZraYZmc21o4sGqjvNsS6P9C1nDDVi1YBy42Wt4fv7GfKXkP8SUqvr3LK2GswGoYKvDFegrLduvC,transfer,78Bo7xxGWBEvqbh3VMKvkFG4Z63cXKSJ2LCEXAanhN7a,J3cdRYTeQAnZUhYRcVpk9abqEuRWTrtxb5fUbgh2aADn,H4dF1Hr9YcAqNEUsfGVnxa9qL3dbgJ5fa6PaffqtR7UD,7r4TcfVhcYuuh3of8S8igoV7AeyNfwcnRhAaA8FfvSgP,50482617500,504.826175,1
800218ea1cedd86dda95688705960a92,2026-10-07,2026-10-07 10:41:15.000 UTC,454199056,4MNYwqseBahZsnSwKPP4nEvU8JyB7KFEncDvgvbRcwY8kpA84BJ8rDgk6AcToTuUCk9zfTvZoRyRNaNxE25FGtQs,transfer,ENY9JreWWWtq8jSKfLtXpzjBteknLPdahPCwG7ZCVbJe,J3cdRYTeQAnZUhYRcVpk9abqEuRWTrtxb5fUbgh2aADn,H8hLSbAWpfk2mtdFuZADzsf18vsbWTiYn78o6sgyKR8D,7r4TcfVhcYuuh3of8S8igoV7AeyNfwcnRhAaA8FfvSgP,835015509710,8350.1550971,1
8a8d2886e531fac75057e4cfa7a44b32,2026-10-07,2026-10-07 10:41:15.000 UTC,454199056,4MNYwqseBahZsnSwKPP4nEvU8JyB7KFEncDvgvbRcwY8kpA84BJ8rDgk6AcToTuUCk9zfTvZoRyRNaNxE25FGtQs,transfer,GpMZbSM2GgvTKHJirzeGfMFoaZ8UR2X7F4v8vHTvxFbL,ENY9JreWWWtq8jSKfLtXpzjBteknLPdahPCwG7ZCVbJe,35hKKpdPTy495wFTybw5wajHp4ZNSyQA5KZXd7cN9hB7,H8hLSbAWpfk2mtdFuZADzsf18vsbWTiYn78o6sgyKR8D,835015509710,8350.1550971,1
59a5a9111d1a94be29a9934d72a39bd2,2026-10-07,2026-10-07 10:41:15.000 UTC,454199056,5BjLh8CpePfueSVUuTbLSWqb6xfwLSNngjkZ1AZNmnN6MxBUEztUiScyRye9qsKxJC7c8ZLJp6kkPJFeDEEFFrCr,transfer,2Q8tAc9nrQca3tE9KqhnVc9DiBsDPQyqY24rnbRVYv8E,9ZAPm4VSRNmKmEwVErbtX674nY3BhebJxRwwQKsJTxED,9UK3o1FSN5avmpNmuxkdJWT16YPRjNZ7WvYW3fCcjaw4,4McW4F2B1YHMGtt9pcAQTbgmjueYVh8nea692JZcQt8q,2319721139,23.19721139,1
dd488ecad40ff87255043fe662c80949,2026-10-07,2026-10-07 10:41:15.000 UTC,454199056,5BjLh8CpePfueSVUuTbLSWqb6xfwLSNngjkZ1AZNmnN6MxBUEztUiScyRye9qsKxJC7c8ZLJp6kkPJFeDEEFFrCr,transfer,9ZAPm4VSRNmKmEwVErbtX674nY3BhebJxRwwQKsJTxED,J3cdRYTeQAnZUhYRcVpk9abqEuRWTrtxb5fUbgh2aADn,4McW4F2B1YHMGtt9pcAQTbgmjueYVh8nea692JZcQt8q,7r4TcfVhcYuuh3of8S8igoV7AeyNfwcnRhAaA8FfvSgP,2319721139,23.19721139,1
757605a5256249ad76f9c38cedc16e94,2026-10-07,2026-10-07 10:41:15.000 UTC,454199056,5zm2PNT67TALgwCaaKRWyhdFuTCv98RvUztK1pX9mAohKeqxUPN39acyuS3UHgEk1N4PpLn662gLi4dv9WKNLCat,transfer,8L2y55D11k63CAftvW7uMM2mBhtMxLoLnivG9uY2bt8j,J3cdRYTeQAnZUhYRcVpk9abqEuRWTrtxb5fUbgh2aADn,HMM7irT5srZyM5LaAekNzEkQLQFkniNZdBxAvVvfBDxX,7r4TcfVhcYuuh3of8S8igoV7AeyNfwcnRhAaA8FfvSgP,516143205081,5161.43205081,1
2b28f09926c2190bf501b3936551aa5f,2026-10-07,2026-10-07 10:41:15.000 UTC,454199056,5zm2PNT67TALgwCaaKRWyhdFuTCv98RvUztK1pX9mAohKeqxUPN39acyuS3UHgEk1N4PpLn662gLi4dv9WKNLCat,transfer,GpMZbSM2GgvTKHJirzeGfMFoaZ8UR2X7F4v8vHTvxFbL,8L2y55D11k63CAftvW7uMM2mBhtMxLoLnivG9uY2bt8j,GJrjTyjw8vEL4FUVVnKmfvYKZamyjNgwxxprciNkQ9AE,HMM7irT5srZyM5LaAekNzEkQLQFkniNZdBxAvVvfBDxX,516143205081,5161.43205081,1
85683fbee14eb39a6755dd227921721b,2026-10-07,2026-10-07 10:41:45.000 UTC,454199171,2iDSPnYfMwbHSmSL5pHNQE42R66oGL7axeJQtQjzbgdRtyVAMWZNMmCg8eZiKo3kiCsNVCQ8Ta7viieAoATooGnn,transfer,CrZD39mqZfxBRTJX716fcpnjHoCF2XdUrcZ4FUkPYRcr,J3cdRYTeQAnZUhYRcVpk9abqEuRWTrtxb5fUbgh2aADn,5GguQ843EmpY9adRo3W7rohPbStXRVVFLbkHWUj9ST39,7r4TcfVhcYuuh3of8S8igoV7AeyNfwcnRhAaA8FfvSgP,160025622354,1600.25622354,1
7ac11a7e2203959dce55f3f9b54d7ece,2026-10-07,2026-10-07 10:41:45.000 UTC,454199171,2iDSPnYfMwbHSmSL5pHNQE42R66oGL7axeJQtQjzbgdRtyVAMWZNMmCg8eZiKo3kiCsNVCQ8Ta7viieAoATooGnn,transfer,GpMZbSM2GgvTKHJirzeGfMFoaZ8UR2X7F4v8vHTvxFbL,CrZD39mqZfxBRTJX716fcpnjHoCF2XdUrcZ4FUkPYRcr,35hKKpdPTy495wFTybw5wajHp4ZNSyQA5KZXd7cN9hB7,5GguQ843EmpY9adRo3W7rohPbStXRVVFLbkHWUj9ST39,160025622354,1600.25622354,1
b9da851148e4854f03dfc993919c2277,2026-10-07,2026-10-07 10:41:45.000 UTC,454199171,3QWBZKjwbAKba6mEwbegZK1Mut84bb5wN2XL918McQj9uz5ujHehtWk58o3gq26ZiPgdkBY9EMDJW8tnRdhYZ1ce,transfer,GpMZbSM2GgvTKHJirzeGfMFoaZ8UR2X7F4v8vHTvxFbL,81RwTUf7ZvM5GpeG5q5aGemnxPQLzKAXEF6qPDzNQKDn,GJrjTyjw8vEL4FUVVnKmfvYKZamyjNgwxxprciNkQ9AE,95BGpzYf6m74RDhE6Y7pSVFPiBKuUvQhoDtf41nZUHcb,125418978216,1254.18978216,1
00d5a1ff257ef905c0d0733cb94ec206,2026-10-07,2026-10-07 10:41:45.000 UTC,454199171,3QWBZKjwbAKba6mEwbegZK1Mut84bb5wN2XL918McQj9uz5ujHehtWk58o3gq26ZiPgdkBY9EMDJW8tnRdhYZ1ce,transfer,81RwTUf7ZvM5GpeG5q5aGemnxPQLzKAXEF6qPDzNQKDn,J3cdRYTeQAnZUhYRcVpk9abqEuRWTrtxb5fUbgh2aADn,95BGpzYf6m74RDhE6Y7pSVFPiBKuUvQhoDtf41nZUHcb,7r4TcfVhcYuuh3of8S8igoV7AeyNfwcnRhAaA8FfvSgP,125418978216,1254.18978216,1
57fec3b4d0b7fd2be7a01a9940fd4458,2026-10-07,2026-10-07 10:41:45.000 UTC,454199171,58tRwLy1TPMiJTQxD6BCqgrM5GGKLtuKu7YrCb4i8ULwsnWgPRAeQT9oUd2LcpSNVfRb8a7DZWCjWdHev6Z26364,transfer,78Bo7xxGWBEvqbh3VMKvkFG4Z63cXKSJ2LCEXAanhN7a,J3cdRYTeQAnZUhYRcVpk9abqEuRWTrtxb5fUbgh2aADn,H4dF1Hr9YcAqNEUsfGVnxa9qL3dbgJ5fa6PaffqtR7UD,7r4TcfVhcYuuh3of8S8igoV7AeyNfwcnRhAaA8FfvSgP,56482381481,564.82381481,1
c9895a41a8fbaa21acf9d163a1b21ece,2026-10-07,2026-10-07 10:41:45.000 UTC,454199171,58tRwLy1TPMiJTQxD6BCqgrM5GGKLtuKu7YrCb4i8ULwsnWgPRAeQT9oUd2LcpSNVfRb8a7DZWCjWdHev6Z26364,transfer,GpMZbSM2GgvTKHJirzeGfMFoaZ8UR2X7F4v8vHTvxFbL,78Bo7xxGWBEvqbh3VMKvkFG4Z63cXKSJ2LCEXAanhN7a,GJrjTyjw8vEL4FUVVnKmfvYKZamyjNgwxxprciNkQ9AE,H4dF1Hr9YcAqNEUsfGVnxa9qL3dbgJ5fa6PaffqtR7UD,56482381481,564.82381481,1
036c79d4f7c061fb5b4cecb824c5bf6f,2026-10-07,2026-10-07 10:43:18.000 UTC,454199521,3ZQDubb2fVwCqqXuBzPdJe7G2dQtqntkiRcL3Zi2mnsJiDrQnFgBVNbXpYsPUgLervL8tJqVni8HouWx6NEbtEvu,transfer,LionX7R69tL1EEcpRkJ9jRuwV7bi4jFoKmZZnxiVK6y,J3cdRYTeQAnZUhYRcVpk9abqEuRWTrtxb5fUbgh2aADn,FV9KA7rMMNWvxeV5ZKjsKng1awu9znDBuQTpCBXntMNK,7r4TcfVhcYuuh3of8S8igoV7AeyNfwcnRhAaA8FfvSgP,75387306829,753.87306829,1
704ff7c1e42073e942bd750f89f02a13,2026-10-07,2026-10-07 10:43:18.000 UTC,454199521,3ZQDubb2fVwCqqXuBzPdJe7G2dQtqntkiRcL3Zi2mnsJiDrQnFgBVNbXpYsPUgLervL8tJqVni8HouWx6NEbtEvu,transfer,GpMZbSM2GgvTKHJirzeGfMFoaZ8UR2X7F4v8vHTvxFbL,LionX7R69tL1EEcpRkJ9jRuwV7bi4jFoKmZZnxiVK6y,35hKKpdPTy495wFTybw5wajHp4ZNSyQA5KZXd7cN9hB7,FV9KA7rMMNWvxeV5ZKjsKng1awu9znDBuQTpCBXntMNK,75387306829,753.87306829,1
b50fbf7b75121d538b0801c7287c1f34,2026-10-07,2026-10-07 10:54:43.000 UTC,454202067,24ZTJ7PyKKaSFzs28DA4pjfEM4ShBc4zWU96Hj143q8amCWDh9hFeNg2JYSQTmwNRUSsTeuKDRX1JY7kx8p2qDmi,transfer,GpMZbSM2GgvTKHJirzeGfMFoaZ8UR2X7F4v8vHTvxFbL,D5YqVMoSxnqeZAKAUUE1Dm3bmjtdxQ5DCF356ozqN9cM,35hKKpdPTy495wFTybw5wajHp4ZNSyQA5KZXd7cN9hB7,2KJkRj5rk5ft92WTTT5NYQThgX6SHStiqsyffyhjDWb4,510395404633,5103.95404633,1
3f6e2227acdb35d2b46c0761c9dd3ad2,2026-10-07,2026-10-07 10:54:43.000 UTC,454202067,24ZTJ7PyKKaSFzs28DA4pjfEM4ShBc4zWU96Hj143q8amCWDh9hFeNg2JYSQTmwNRUSsTeuKDRX1JY7kx8p2qDmi,transfer,J3cdRYTeQAnZUhYRcVpk9abqEuRWTrtxb5fUbgh2aADn,D5YqVMoSxnqeZAKAUUE1Dm3bmjtdxQ5DCF356ozqN9cM,7r4TcfVhcYuuh3of8S8igoV7AeyNfwcnRhAaA8FfvSgP,2KJkRj5rk5ft92WTTT5NYQThgX6SHStiqsyffyhjDWb4,1647435213328,16474.35213328,1
639e81ba714067ebe70117d6a32cdc2d,2026-10-07,2026-10-07 10:54:43.000 UTC,454202067,24ZTJ7PyKKaSFzs28DA4pjfEM4ShBc4zWU96Hj143q8amCWDh9hFeNg2JYSQTmwNRUSsTeuKDRX1JY7kx8p2qDmi,transfer,D5YqVMoSxnqeZAKAUUE1Dm3bmjtdxQ5DCF356ozqN9cM,DgU48oPi5Q3imMTaVCQBXBYhWyV2o1oFJ5iGL9GgaesS,2KJkRj5rk5ft92WTTT5NYQThgX6SHStiqsyffyhjDWb4,14dEWE5HcSg7agRm3JzUeic2VEjA9N7BMHWjxVcysQ2U,2157830617961,21578.30617961,1
8bc83a157d6ec50fb4491595c99e82f8,2026-10-07,2026-10-07 10:54:44.000 UTC,454202070,3uVtUZeCPM1mA5caRXMb79q1EoASWUdPU21L9E6BncHHHSCEhXEZcxSdF59PRCKfdGsug1Svizbpdpr6ZKna6YPw,transfer,DgU48oPi5Q3imMTaVCQBXBYhWyV2o1oFJ5iGL9GgaesS,6SxY1YJimBrCFgZYtimEWRhVebCJtH4XkJPFxtcoNLvW,14dEWE5HcSg7agRm3JzUeic2VEjA9N7BMHWjxVcysQ2U,5xjwDna55pDe73RDuxxU5vXVyDaS8B2eKy6Kay878Smv,34525289887,345.25289887,1
c9ca14c2ddab1566773f0b0b540c43d1,2026-10-07,2026-10-07 11:30:02.000 UTC,454210005,gdiRZoSbLhokrye8i7w9FNtcVrhMgkriPPQALDZxG6SFqFaTvJp2tzeLqhPH9rfYotoEYdxmt8kseTp2JBfNP2H,transfer,D5YqVMoSxnqeZAKAUUE1Dm3bmjtdxQ5DCF356ozqN9cM,J3cdRYTeQAnZUhYRcVpk9abqEuRWTrtxb5fUbgh2aADn,2KJkRj5rk5ft92WTTT5NYQThgX6SHStiqsyffyhjDWb4,7r4TcfVhcYuuh3of8S8igoV7AeyNfwcnRhAaA8FfvSgP,71174008507,711.74008507,1
09acf21c2bd4c2b8764136fcb36df970,2026-10-07,2026-10-07 11:30:02.000 UTC,454210005,gdiRZoSbLhokrye8i7w9FNtcVrhMgkriPPQALDZxG6SFqFaTvJp2tzeLqhPH9rfYotoEYdxmt8kseTp2JBfNP2H,transfer,2rbMgYvzAb3xDk6vXrzKkY3VwsmyDZsJTkvB3JJYsRzA,D5YqVMoSxnqeZAKAUUE1Dm3bmjtdxQ5DCF356ozqN9cM,jHqksjRwhzYwSRoCcsUEPMbDhtimjNaH58jYcpusHjP,2KJkRj5rk5ft92WTTT5NYQThgX6SHStiqsyffyhjDWb4,71174008507,711.74008507,1
66937a871fe34e6b7f4e3dbd24dd472d,2026-10-07,2026-10-07 12:06:42.000 UTC,454218185,2h5ipz9VHntm2FisAe137Tm7SevyoEw7V99BhqrWmXGyGCayf4EoMsx1yNF95XKjLEWGXEB9z2iU7BUFE5X7dBk,transfer,GpMZbSM2GgvTKHJirzeGfMFoaZ8UR2X7F4v8vHTvxFbL,HL2kH8yaDDQZxA35uc6TFTBoLpes731WKoPZUM2wUWVA,GJrjTyjw8vEL4FUVVnKmfvYKZamyjNgwxxprciNkQ9AE,9AaesEYP7JuqhK71K6S8oUkse3w3HmjwGM4KgXX8JExh,305151160465,3051.51160465,1
8f4fe10cabbc44d2c5a938a8ae070103,2026-10-07,2026-10-07 12:06:42.000 UTC,454218185,2h5ipz9VHntm2FisAe137Tm7SevyoEw7V99BhqrWmXGyGCayf4EoMsx1yNF95XKjLEWGXEB9z2iU7BUFE5X7dBk,transfer,HL2kH8yaDDQZxA35uc6TFTBoLpes731WKoPZUM2wUWVA,J3cdRYTeQAnZUhYRcVpk9abqEuRWTrtxb5fUbgh2aADn,9AaesEYP7JuqhK71K6S8oUkse3w3HmjwGM4KgXX8JExh,7r4TcfVhcYuuh3of8S8igoV7AeyNfwcnRhAaA8FfvSgP,305151160465,3051.51160465,1
410531222c27453e2f592ffe626838ce,2026-10-07,2026-10-07 12:06:42.000 UTC,454218185,NHJWYBRdjhL68mr9RV5Fq8BvQVPmRA2E1he6pJNrYZ6iC6AdCBNa462DgvVF4VuuGMxTfbWYxUPtpy6jHNbR8EU,transfer,R32xAccFis3YzBzGwZ1C4QkGiehLxSao7gDmErA3kjk,GpMZbSM2GgvTKHJirzeGfMFoaZ8UR2X7F4v8vHTvxFbL,DGuSLBt7dJYaDkXoT6286dQ3MmezUtKcyEQgg9ESeP7d,35hKKpdPTy495wFTybw5wajHp4ZNSyQA5KZXd7cN9hB7,148277426429,1482.77426429,1
cc74cbfcb445812cb50dc0135e666941,2026-10-07,2026-10-07 12:06:42.000 UTC,454218185,NHJWYBRdjhL68mr9RV5Fq8BvQVPmRA2E1he6pJNrYZ6iC6AdCBNa462DgvVF4VuuGMxTfbWYxUPtpy6jHNbR8EU,transfer,GpMZbSM2GgvTKHJirzeGfMFoaZ8UR2X7F4v8vHTvxFbL,R32xAccFis3YzBzGwZ1C4QkGiehLxSao7gDmErA3kjk,GJrjTyjw8vEL4FUVVnKmfvYKZamyjNgwxxprciNkQ9AE,DGuSLBt7dJYaDkXoT6286dQ3MmezUtKcyEQgg9ESeP7d,148277426429,1482.77426429,1
d801a6d43a1bfb4aadbbff043e470f5e,2026-10-07,2026-10-07 12:07:02.000 UTC,454218256,ahbFVADjZP1j4yQTfEgiiAc9cKrxhtPPPXqBLQoKGhAiEQEQResxiaUZ1WLLJH2KQ8Kw69DeaERWMCuUedtuxN1,transfer,GpMZbSM2GgvTKHJirzeGfMFoaZ8UR2X7F4v8vHTvxFbL,HL2kH8yaDDQZxA35uc6TFTBoLpes731WKoPZUM2wUWVA,GJrjTyjw8vEL4FUVVnKmfvYKZamyjNgwxxprciNkQ9AE,9AaesEYP7JuqhK71K6S8oUkse3w3HmjwGM4KgXX8JExh,349543596592,3495.43596592,1
fcccaa616b90f1b63c034531c9c113e0,2026-10-07,2026-10-07 12:07:02.000 UTC,454218256,ahbFVADjZP1j4yQTfEgiiAc9cKrxhtPPPXqBLQoKGhAiEQEQResxiaUZ1WLLJH2KQ8Kw69DeaERWMCuUedtuxN1,transfer,HL2kH8yaDDQZxA35uc6TFTBoLpes731WKoPZUM2wUWVA,J3cdRYTeQAnZUhYRcVpk9abqEuRWTrtxb5fUbgh2aADn,9AaesEYP7JuqhK71K6S8oUkse3w3HmjwGM4KgXX8JExh,7r4TcfVhcYuuh3of8S8igoV7AeyNfwcnRhAaA8FfvSgP,349543596592,3495.43596592,1
c8be92db2892a5ae118d12b9607af379,2026-10-07,2026-10-07 12:08:03.000 UTC,454218483,5PJfwkdPacGjb1c6of2teMmANhW3agK5RBRnTxp8cAHUZY4n2drk5Rx26MpiSLhNbyvnUZBFBTb1BVkLtYJAQa77,transfer,78Bo7xxGWBEvqbh3VMKvkFG4Z63cXKSJ2LCEXAanhN7a,J3cdRYTeQAnZUhYRcVpk9abqEuRWTrtxb5fUbgh2aADn,H4dF1Hr9YcAqNEUsfGVnxa9qL3dbgJ5fa6PaffqtR7UD,7r4TcfVhcYuuh3of8S8igoV7AeyNfwcnRhAaA8FfvSgP,74009164477,740.09164477,1
e16515965807d60b4863c1ac0e9379fd,2026-10-07,2026-10-07 12:08:03.000 UTC,454218483,5PJfwkdPacGjb1c6of2teMmANhW3agK5RBRnTxp8cAHUZY4n2drk5Rx26MpiSLhNbyvnUZBFBTb1BVkLtYJAQa77,transfer,GpMZbSM2GgvTKHJirzeGfMFoaZ8UR2X7F4v8vHTvxFbL,78Bo7xxGWBEvqbh3VMKvkFG4Z63cXKSJ2LCEXAanhN7a,GJrjTyjw8vEL4FUVVnKmfvYKZamyjNgwxxprciNkQ9AE,H4dF1Hr9YcAqNEUsfGVnxa9qL3dbgJ5fa6PaffqtR7UD,74009164477,740.09164477,1
a62eeb312011345148cb00b6b0cd5eb3,2026-10-07,2026-10-07 13:22:34.000 UTC,454235097,2N1VEe5jRkPiZN8XRWuu4riwqZwy2F2r3cecepGHQERv1KXVCskuoydngNm46U1eWaAv4BB5k69tAbsAGMcgqruE,transfer,7HsyYYLEP5nRMcSfkkbe1zYCW5ps951q33kPfvqr3jBL,J3cdRYTeQAnZUhYRcVpk9abqEuRWTrtxb5fUbgh2aADn,6RhwRULsSmCcezcAYnEMKpr1AVLPW6aV2bGjVCiazkqv,7r4TcfVhcYuuh3of8S8igoV7AeyNfwcnRhAaA8FfvSgP,49690211377,496.90211377,1
ff7f0f728335f72237486e4475094783,2026-10-07,2026-10-07 13:22:34.000 UTC,454235097,2N1VEe5jRkPiZN8XRWuu4riwqZwy2F2r3cecepGHQERv1KXVCskuoydngNm46U1eWaAv4BB5k69tAbsAGMcgqruE,transfer,GpMZbSM2GgvTKHJirzeGfMFoaZ8UR2X7F4v8vHTvxFbL,7HsyYYLEP5nRMcSfkkbe1zYCW5ps951q33kPfvqr3jBL,GJrjTyjw8vEL4FUVVnKmfvYKZamyjNgwxxprciNkQ9AE,6RhwRULsSmCcezcAYnEMKpr1AVLPW6aV2bGjVCiazkqv,49690211377,496.90211377,1
5033e52860f85c7baaf6f68ea0c10156,2026-10-07,2026-10-07 13:22:34.000 UTC,454235097,5McHQtRkzrp5smrnL65A3d2jNS4BhvYbzzP4t7yNyRibkKeSxwpGSsgPwk4yzokQNa8yucJEnnbgeZ2bUi6xR7ve,transfer,GpMZbSM2GgvTKHJirzeGfMFoaZ8UR2X7F4v8vHTvxFbL,FUBVxWEmxHbm3H9TbLgEQQ6d8bvsdw4sgkNJysFeSLRG,GJrjTyjw8vEL4FUVVnKmfvYKZamyjNgwxxprciNkQ9AE,FuiUWR4eoEAFGKMrLHZw48876vYGLnMQ3YjEkyisy8gB,43684706892,436.84706892,1
f67dddc74498fb0ec608827da7ac849d,2026-10-07,2026-10-07 13:22:34.000 UTC,454235097,5McHQtRkzrp5smrnL65A3d2jNS4BhvYbzzP4t7yNyRibkKeSxwpGSsgPwk4yzokQNa8yucJEnnbgeZ2bUi6xR7ve,transfer,FUBVxWEmxHbm3H9TbLgEQQ6d8bvsdw4sgkNJysFeSLRG,J3cdRYTeQAnZUhYRcVpk9abqEuRWTrtxb5fUbgh2aADn,FuiUWR4eoEAFGKMrLHZw48876vYGLnMQ3YjEkyisy8gB,7r4TcfVhcYuuh3of8S8igoV7AeyNfwcnRhAaA8FfvSgP,43684706892,436.84706892,1
e4e94398f6b2771d51749d440868ba9a,2026-10-07,2026-10-07 13:22:35.000 UTC,454235098,1M8fZhFJgPRss4JsRkVbWHvqagBwmEa9udhsRfFj8eqm63q6CkfY4Ewz9y5C2AjYWNzihszCjk34rnTjZxH4nuQ,transfer,FUBVxWEmxHbm3H9TbLgEQQ6d8bvsdw4sgkNJysFeSLRG,J3cdRYTeQAnZUhYRcVpk9abqEuRWTrtxb5fUbgh2aADn,FuiUWR4eoEAFGKMrLHZw48876vYGLnMQ3YjEkyisy8gB,7r4TcfVhcYuuh3of8S8igoV7AeyNfwcnRhAaA8FfvSgP,78294514778,782.94514778,1
c613b7d7526b2ae8da42368d9e435bda,2026-10-07,2026-10-07 13:22:35.000 UTC,454235098,1M8fZhFJgPRss4JsRkVbWHvqagBwmEa9udhsRfFj8eqm63q6CkfY4Ewz9y5C2AjYWNzihszCjk34rnTjZxH4nuQ,transfer,GpMZbSM2GgvTKHJirzeGfMFoaZ8UR2X7F4v8vHTvxFbL,FUBVxWEmxHbm3H9TbLgEQQ6d8bvsdw4sgkNJysFeSLRG,GJrjTyjw8vEL4FUVVnKmfvYKZamyjNgwxxprciNkQ9AE,FuiUWR4eoEAFGKMrLHZw48876vYGLnMQ3YjEkyisy8gB,78294514778,782.94514778,1
0683771dbbe686ce549d27fa5c640bc6,2026-10-07,2026-10-07 13:26:32.000 UTC,454235976,3d497shGSvwmE5dHC7K89jPyGHQVzfRtFDq3ktZ8kdc2gUXf889Up5ucdEQsBc6fmXtD3WbeJqsqdug5tGA9qqwp,transfer,FUBVxWEmxHbm3H9TbLgEQQ6d8bvsdw4sgkNJysFeSLRG,J3cdRYTeQAnZUhYRcVpk9abqEuRWTrtxb5fUbgh2aADn,FuiUWR4eoEAFGKMrLHZw48876vYGLnMQ3YjEkyisy8gB,7r4TcfVhcYuuh3of8S8igoV7AeyNfwcnRhAaA8FfvSgP,65729914488,657.29914488,1
50eeaf022e1d4615d05a01fe24b2dd12,2026-10-07,2026-10-07 13:26:32.000 UTC,454235976,3d497shGSvwmE5dHC7K89jPyGHQVzfRtFDq3ktZ8kdc2gUXf889Up5ucdEQsBc6fmXtD3WbeJqsqdug5tGA9qqwp,transfer,GpMZbSM2GgvTKHJirzeGfMFoaZ8UR2X7F4v8vHTvxFbL,FUBVxWEmxHbm3H9TbLgEQQ6d8bvsdw4sgkNJysFeSLRG,GJrjTyjw8vEL4FUVVnKmfvYKZamyjNgwxxprciNkQ9AE,FuiUWR4eoEAFGKMrLHZw48876vYGLnMQ3YjEkyisy8gB,65729914488,657.29914488,1
1c6a17fe376a324c6f2daa0c8871773d,2026-10-07,2026-10-07 14:04:30.000 UTC,454244442,5dJSxagzTahUJeCZG12P4HHbYbqcJ5jRbsB8NZT8LoRUmTpmNhpGTNiVQJHHkint7vE3AZn5Dmas5L8zRQ7W2vcp,transfer,ALVMJ9bny8tFT7AapoVbbzrgCYzrjy8iHw6EHFaehgZZ,J3cdRYTeQAnZUhYRcVpk9abqEuRWTrtxb5fUbgh2aADn,FcVU8docp4gBBdDWRFk1DyGPDstQ4MPV1phikMoWmCGc,7r4TcfVhcYuuh3of8S8igoV7AeyNfwcnRhAaA8FfvSgP,109912300000,1099.123,1
48a3bfae5fe778ff2f78e20b627d96ef,2026-10-07,2026-10-07 14:04:30.000 UTC,454244442,5dJSxagzTahUJeCZG12P4HHbYbqcJ5jRbsB8NZT8LoRUmTpmNhpGTNiVQJHHkint7vE3AZn5Dmas5L8zRQ7W2vcp,transfer,HwNd21zta1TUEFYnA3CGoafdrS8BSqnYVCyvQdeWiG3Z,ALVMJ9bny8tFT7AapoVbbzrgCYzrjy8iHw6EHFaehgZZ,ET48DY8H2SA3d3sPBJd32acyFDKhD2Q3mmD9XQZ224WJ,FcVU8docp4gBBdDWRFk1DyGPDstQ4MPV1phikMoWmCGc,109912300000,1099.123,1
a2ebac238aa92ab69d0800363f96a5b7,2026-10-07,2026-10-07 14:06:52.000 UTC,454244976,2Y3o2S7XTxgsemte1W2rEpVEQ192q51nHyBBbBaaZLXXPcFH9rGm1CaBRbFF5QnuNb6oFjR7nUEdhWXtsFXDAHBR,transfer,2Rpt43Wez9uVjUMA4ByUrAUmqavD38jNY9iNFWAdt5qf,HwNd21zta1TUEFYnA3CGoafdrS8BSqnYVCyvQdeWiG3Z,4SBqmpo26N4QPcfabN4waNdFZzrbQBfJBm2M6YyTaunU,ET48DY8H2SA3d3sPBJd32acyFDKhD2Q3mmD9XQZ224WJ,396282700000,3962.827,1
af5cf4cc496abede3170731d289f3957,2026-10-07,2026-10-07 15:15:14.000 UTC,454260205,4pdS7GZgiM8E4ukUrQXEX56a8AqNzKgUDaKezRH9fTApGDBxLC9WuYyodZM6sCRusaJW6MXJFj2XhHmMjuG9BA6v,transfer,J3cdRYTeQAnZUhYRcVpk9abqEuRWTrtxb5fUbgh2aADn,BQ72nSv9f3PRyRKCBnHLVrerrv37CYTHm5h3s9VSGQDV,7r4TcfVhcYuuh3of8S8igoV7AeyNfwcnRhAaA8FfvSgP,5VgcSx25aaJisJcZTtLw5SPkJesSLZQYw6ceuXzXCpGr,9392786308897,93927.86308897,1
dfc4cb9c4b30fcf3aae58b585f712275,2026-10-07,2026-10-07 15:15:14.000 UTC,454260205,4pdS7GZgiM8E4ukUrQXEX56a8AqNzKgUDaKezRH9fTApGDBxLC9WuYyodZM6sCRusaJW6MXJFj2XhHmMjuG9BA6v,transfer,BQ72nSv9f3PRyRKCBnHLVrerrv37CYTHm5h3s9VSGQDV,5QsyByFVJcg7oN76Ma26KEDFQdHt1tsiVExK94zURzfd,5VgcSx25aaJisJcZTtLw5SPkJesSLZQYw6ceuXzXCpGr,8joUsyKkRQzxUWHwuXjLAnnxdR8q4yy6VicKt2mJFCPC,9392786308897,93927.86308897,1
def2c93e068242e4a252c8dfd671a57d,2026-10-07,2026-10-07 15:15:27.000 UTC,454260252,4y2pGZpkxBVCYio1mVEeEc9ebGquyQxW4hmpUJTuP9NsZ3kYYKPejejVWbjyAnUQrkqMEgeEtKq4ama3jokBetmW,burn,5QsyByFVJcg7oN76Ma26KEDFQdHt1tsiVExK94zURzfd,,8joUsyKkRQzxUWHwuXjLAnnxdR8q4yy6VicKt2mJFCPC,,10928714677004,109287.14677004,1
30db10fc9441c21d8e6360e21acd46ae,2026-10-07,2026-10-07 15:15:42.000 UTC,454260309,51mPNXQK4BYQCvt72uqdc4XTRp32Cozx32vXq4FVMdaNhNU3WMxD53VY3ZKJqztLbavFisqJd2oNNyoYmEYG216j,transfer,J3cdRYTeQAnZUhYRcVpk9abqEuRWTrtxb5fUbgh2aADn,6LXutJvKUw8Q5ue2gCgKHQdAN4suWW8awzFVC6XCguFx,7r4TcfVhcYuuh3of8S8igoV7AeyNfwcnRhAaA8FfvSgP,48y6EEFeeyG47s66EeM6FQgdYVBXHthrCssWiTVJGu3N,1522275390979,15222.75390979,1
3b7299c3e79d3dbf59bcda38d4b681aa,2026-10-07,2026-10-07 15:15:42.000 UTC,454260309,51mPNXQK4BYQCvt72uqdc4XTRp32Cozx32vXq4FVMdaNhNU3WMxD53VY3ZKJqztLbavFisqJd2oNNyoYmEYG216j,transfer,6LXutJvKUw8Q5ue2gCgKHQdAN4suWW8awzFVC6XCguFx,5QsyByFVJcg7oN76Ma26KEDFQdHt1tsiVExK94zURzfd,48y6EEFeeyG47s66EeM6FQgdYVBXHthrCssWiTVJGu3N,8joUsyKkRQzxUWHwuXjLAnnxdR8q4yy6VicKt2mJFCPC,1522275390979,15222.75390979,1
fb2c7fa842ef73872a4162f45aa5f7e8,2026-10-07,2026-10-07 15:16:10.000 UTC,454260408,5q5LrZs6gRRQyBhzR1Wu6ow18usJ2bdea8ftDUYDFhfmjT4uh9ywk4rf7mKBD5FdnaihZzmJh498fxk2QqqyYs5z,transfer,5QsyByFVJcg7oN76Ma26KEDFQdHt1tsiVExK94zURzfd,GpMZbSM2GgvTKHJirzeGfMFoaZ8UR2X7F4v8vHTvxFbL,8joUsyKkRQzxUWHwuXjLAnnxdR8q4yy6VicKt2mJFCPC,35hKKpdPTy495wFTybw5wajHp4ZNSyQA5KZXd7cN9hB7,632774322872,6327.74322872,1
851c7590f0a13570fc1183c404c2e9b7,2026-10-07,2026-10-07 15:16:12.000 UTC,454260414,3h3i4zW7VuhTCu3sWuRBCbC9271KedFEVeraSgyAk6XRPjmSZSWTD7VgkPbrCMqmYk2N4LDQQP7pgoLBNNbmYQPr,transfer,GpMZbSM2GgvTKHJirzeGfMFoaZ8UR2X7F4v8vHTvxFbL,rLsi2DPwRLovHzLV5XYxa8B597bv8w8nX7fZHJJf8uy,GJrjTyjw8vEL4FUVVnKmfvYKZamyjNgwxxprciNkQ9AE,7aRvovEqbNpaqmf9UkxtUn4ohA7dZ6B9wVT1AnnSqKdR,71389149905,713.89149905,1
f8abfcb31074a872b40c00fea67feceb,2026-10-07,2026-10-07 15:16:12.000 UTC,454260414,3h3i4zW7VuhTCu3sWuRBCbC9271KedFEVeraSgyAk6XRPjmSZSWTD7VgkPbrCMqmYk2N4LDQQP7pgoLBNNbmYQPr,transfer,rLsi2DPwRLovHzLV5XYxa8B597bv8w8nX7fZHJJf8uy,J3cdRYTeQAnZUhYRcVpk9abqEuRWTrtxb5fUbgh2aADn,7aRvovEqbNpaqmf9UkxtUn4ohA7dZ6B9wVT1AnnSqKdR,7r4TcfVhcYuuh3of8S8igoV7AeyNfwcnRhAaA8FfvSgP,71389149905,713.89149905,1
fd36471eb9f20177bb4ea08cb18168f1,2026-10-07,2026-10-07 15:16:12.000 UTC,454260414,4PuSQspGtsaNoEDJNbyULdMPL6s8dxdTE7VF5nMmN6vpqcN62DKV12xvn7gguibQfJUU2MrJaegBF66C8d9Uh2x4,transfer,ENY9JreWWWtq8jSKfLtXpzjBteknLPdahPCwG7ZCVbJe,J3cdRYTeQAnZUhYRcVpk9abqEuRWTrtxb5fUbgh2aADn,H8hLSbAWpfk2mtdFuZADzsf18vsbWTiYn78o6sgyKR8D,7r4TcfVhcYuuh3of8S8igoV7AeyNfwcnRhAaA8FfvSgP,816961716773,8169.61716773,1
0a2ce93fbc584964d7b0d3f05831f252,2026-10-07,2026-10-07 15:16:12.000 UTC,454260414,4PuSQspGtsaNoEDJNbyULdMPL6s8dxdTE7VF5nMmN6vpqcN62DKV12xvn7gguibQfJUU2MrJaegBF66C8d9Uh2x4,transfer,GpMZbSM2GgvTKHJirzeGfMFoaZ8UR2X7F4v8vHTvxFbL,ENY9JreWWWtq8jSKfLtXpzjBteknLPdahPCwG7ZCVbJe,35hKKpdPTy495wFTybw5wajHp4ZNSyQA5KZXd7cN9hB7,H8hLSbAWpfk2mtdFuZADzsf18vsbWTiYn78o6sgyKR8D,816961716773,8169.61716773,1
22d634e889c0a9d58a7ca2dacbba59b7,2026-10-07,2026-10-07 15:16:42.000 UTC,454260528,3n3HbdkHMF2JMc7cit1iQV3t49mB9KfqiBFcPYR97ohJwccgTU3py8S5QUFheoi8Pp7s7MQsVLoyaV6pcnqK6JTS,transfer,81RwTUf7ZvM5GpeG5q5aGemnxPQLzKAXEF6qPDzNQKDn,J3cdRYTeQAnZUhYRcVpk9abqEuRWTrtxb5fUbgh2aADn,95BGpzYf6m74RDhE6Y7pSVFPiBKuUvQhoDtf41nZUHcb,7r4TcfVhcYuuh3of8S8igoV7AeyNfwcnRhAaA8FfvSgP,185296204255,1852.96204255,1
feca63c519fc363651e3755d5bc16b99,2026-10-07,2026-10-07 15:16:42.000 UTC,454260528,3n3HbdkHMF2JMc7cit1iQV3t49mB9KfqiBFcPYR97ohJwccgTU3py8S5QUFheoi8Pp7s7MQsVLoyaV6pcnqK6JTS,transfer,GpMZbSM2GgvTKHJirzeGfMFoaZ8UR2X7F4v8vHTvxFbL,81RwTUf7ZvM5GpeG5q5aGemnxPQLzKAXEF6qPDzNQKDn,GJrjTyjw8vEL4FUVVnKmfvYKZamyjNgwxxprciNkQ9AE,95BGpzYf6m74RDhE6Y7pSVFPiBKuUvQhoDtf41nZUHcb,185296204255,1852.96204255,1
f60c5ed78d8386142ec66aca614456a2,2026-10-07,2026-10-07 15:16:42.000 UTC,454260528,4fkdFzri6qQ6WSwyPCGgKucLyamCGENkoG4kDDCdkhPxjmKRJcS47b73skob6ojKDyuwhxDeNghvcA3r51spEC23,transfer,CrZD39mqZfxBRTJX716fcpnjHoCF2XdUrcZ4FUkPYRcr,J3cdRYTeQAnZUhYRcVpk9abqEuRWTrtxb5fUbgh2aADn,5GguQ843EmpY9adRo3W7rohPbStXRVVFLbkHWUj9ST39,7r4TcfVhcYuuh3of8S8igoV7AeyNfwcnRhAaA8FfvSgP,165255894687,1652.55894687,1
35da18fa2febbd6c0cf02329416e40c4,2026-10-07,2026-10-07 15:16:42.000 UTC,454260528,4fkdFzri6qQ6WSwyPCGgKucLyamCGENkoG4kDDCdkhPxjmKRJcS47b73skob6ojKDyuwhxDeNghvcA3r51spEC23,transfer,GpMZbSM2GgvTKHJirzeGfMFoaZ8UR2X7F4v8vHTvxFbL,CrZD39mqZfxBRTJX716fcpnjHoCF2XdUrcZ4FUkPYRcr,35hKKpdPTy495wFTybw5wajHp4ZNSyQA5KZXd7cN9hB7,5GguQ843EmpY9adRo3W7rohPbStXRVVFLbkHWUj9ST39,165255894687,1652.55894687,1
244e075a9d0ca0e8f6696a3e1648a269,2026-10-07,2026-10-07 15:16:42.000 UTC,454260529,ApijVm2yRAdEVyr7PiKJvdstAHEvG7TN8Pdv78Jxf62RMoe3f1WDu9tk9w8vDRtmL1ZyPiWfdYzRPD3uJYnEXdn,transfer,GpMZbSM2GgvTKHJirzeGfMFoaZ8UR2X7F4v8vHTvxFbL,kass1i6gAww4sXUAZ6tMJY91Xdbb2p23FbZamf4tfWz,GJrjTyjw8vEL4FUVVnKmfvYKZamyjNgwxxprciNkQ9AE,FYKoKmATmrMSVdEWX4NMySPQ2UCGGU74ep1kkCyV9nJE,19496874152,194.96874152,1
1e72972aa286187fd9b0d9b3a734f9c1,2026-10-07,2026-10-07 15:16:42.000 UTC,454260529,ApijVm2yRAdEVyr7PiKJvdstAHEvG7TN8Pdv78Jxf62RMoe3f1WDu9tk9w8vDRtmL1ZyPiWfdYzRPD3uJYnEXdn,transfer,kass1i6gAww4sXUAZ6tMJY91Xdbb2p23FbZamf4tfWz,J3cdRYTeQAnZUhYRcVpk9abqEuRWTrtxb5fUbgh2aADn,FYKoKmATmrMSVdEWX4NMySPQ2UCGGU74ep1kkCyV9nJE,7r4TcfVhcYuuh3of8S8igoV7AeyNfwcnRhAaA8FfvSgP,19496874152,194.96874152,1
319a91a0f46442688e1f8b60d35515db,2026-10-07,2026-10-07 15:17:12.000 UTC,454260639,3mnqSSLhVi2WFvv3jYQMnQtPRQd5299ppzQEMNYo4iLx2GmvfSAV8JnipKwzbMz89f7KM41Eq4WaZxtyXiSMKXq4,transfer,kass1i6gAww4sXUAZ6tMJY91Xdbb2p23FbZamf4tfWz,J3cdRYTeQAnZUhYRcVpk9abqEuRWTrtxb5fUbgh2aADn,FYKoKmATmrMSVdEWX4NMySPQ2UCGGU74ep1kkCyV9nJE,7r4TcfVhcYuuh3of8S8igoV7AeyNfwcnRhAaA8FfvSgP,98936917286,989.36917286,1
ff80d292c69390bdd63aab8a1a762bd5,2026-10-07,2026-10-07 15:17:12.000 UTC,454260639,3mnqSSLhVi2WFvv3jYQMnQtPRQd5299ppzQEMNYo4iLx2GmvfSAV8JnipKwzbMz89f7KM41Eq4WaZxtyXiSMKXq4,transfer,GpMZbSM2GgvTKHJirzeGfMFoaZ8UR2X7F4v8vHTvxFbL,kass1i6gAww4sXUAZ6tMJY91Xdbb2p23FbZamf4tfWz,35hKKpdPTy495wFTybw5wajHp4ZNSyQA5KZXd7cN9hB7,FYKoKmATmrMSVdEWX4NMySPQ2UCGGU74ep1kkCyV9nJE,98936917286,989.36917286,1
fbce7981e485be9283234548a101ccf1,2026-10-07,2026-10-07 15:17:12.000 UTC,454260639,eaMN6xonAQ7G5zUJ6bQEE5ZvkxKhQQx2FQgQrgcHiJbpSL66gD5Uvy3zxKBjGrnCHukuqrpJ6wTvYT24KS54CYa,transfer,GpMZbSM2GgvTKHJirzeGfMFoaZ8UR2X7F4v8vHTvxFbL,DcQNaByvstRZCERvb9UJHgHiQe8YX2FMdPptM86psQyz,GJrjTyjw8vEL4FUVVnKmfvYKZamyjNgwxxprciNkQ9AE,99WZFcnXjvVHwfCGpcvtwcoWd8NGVxxHThKWuK8LAZn7,70700375929,707.00375929,1
8f40b477011156051f6a79019fad681d,2026-10-07,2026-10-07 15:17:12.000 UTC,454260639,eaMN6xonAQ7G5zUJ6bQEE5ZvkxKhQQx2FQgQrgcHiJbpSL66gD5Uvy3zxKBjGrnCHukuqrpJ6wTvYT24KS54CYa,transfer,DcQNaByvstRZCERvb9UJHgHiQe8YX2FMdPptM86psQyz,J3cdRYTeQAnZUhYRcVpk9abqEuRWTrtxb5fUbgh2aADn,99WZFcnXjvVHwfCGpcvtwcoWd8NGVxxHThKWuK8LAZn7,7r4TcfVhcYuuh3of8S8igoV7AeyNfwcnRhAaA8FfvSgP,70700375929,707.00375929,1
4f0e16b5952ee2950c11ce438afb1e90,2026-10-07,2026-10-07 15:21:59.000 UTC,454261712,4fsTpF7zcPgL6TpT7PaUiG8sAvuGvRyeVLBnQxgBXwD3BnHiqWzBeuX5jZyWiJPzMkSu9nRjyEApbpCMBsm4j4ys,transfer,btcf1R5sJNgZSwmkLNcKTsw15vGY3LZrXTqU2Ke7DfE,J3cdRYTeQAnZUhYRcVpk9abqEuRWTrtxb5fUbgh2aADn,m189MbXR6kaWp3ZsKYZ7PeCPbQbTeMuJiJHo7PZeSKS,7r4TcfVhcYuuh3of8S8igoV7AeyNfwcnRhAaA8FfvSgP,44454760083,444.54760083,1
ca1719eb47ba9b8ee8b237f3e40111a7,2026-10-07,2026-10-07 15:21:59.000 UTC,454261712,4fsTpF7zcPgL6TpT7PaUiG8sAvuGvRyeVLBnQxgBXwD3BnHiqWzBeuX5jZyWiJPzMkSu9nRjyEApbpCMBsm4j4ys,transfer,GpMZbSM2GgvTKHJirzeGfMFoaZ8UR2X7F4v8vHTvxFbL,btcf1R5sJNgZSwmkLNcKTsw15vGY3LZrXTqU2Ke7DfE,GJrjTyjw8vEL4FUVVnKmfvYKZamyjNgwxxprciNkQ9AE,m189MbXR6kaWp3ZsKYZ7PeCPbQbTeMuJiJHo7PZeSKS,44454760083,444.54760083,1
865b6649f8bebbe5e25c9f624695344c,2026-10-07,2026-10-07 15:21:59.000 UTC,454261712,drYAvV4h2UFND9GnvSMUy6FCafZcR4V6TpHaUGbw9giKFQ2TEqcEnbKdXeFCxRfgS2wDVj5w5cUT3aRmQqNx872,transfer,GpMZbSM2GgvTKHJirzeGfMFoaZ8UR2X7F4v8vHTvxFbL,R32xAccFis3YzBzGwZ1C4QkGiehLxSao7gDmErA3kjk,35hKKpdPTy495wFTybw5wajHp4ZNSyQA5KZXd7cN9hB7,DGuSLBt7dJYaDkXoT6286dQ3MmezUtKcyEQgg9ESeP7d,228940250846,2289.40250846,1
88a53a4a2241ec128e8c3b3360dbd189,2026-10-07,2026-10-07 15:21:59.000 UTC,454261712,drYAvV4h2UFND9GnvSMUy6FCafZcR4V6TpHaUGbw9giKFQ2TEqcEnbKdXeFCxRfgS2wDVj5w5cUT3aRmQqNx872,transfer,R32xAccFis3YzBzGwZ1C4QkGiehLxSao7gDmErA3kjk,J3cdRYTeQAnZUhYRcVpk9abqEuRWTrtxb5fUbgh2aADn,DGuSLBt7dJYaDkXoT6286dQ3MmezUtKcyEQgg9ESeP7d,7r4TcfVhcYuuh3of8S8igoV7AeyNfwcnRhAaA8FfvSgP,228940250846,2289.40250846,1
854ed83ffe607b8b59785cd6a3fd1a52,2026-10-07,2026-10-07 15:21:59.000 UTC,454261712,irFmC5LUmnUqCPQujShJyqs7K5B2Y7mLBM8dUAzLTT6vA8JfD94useufDkgeznWCizcpmWXqRUFRbFLrXzu51C9,transfer,J3cdRYTeQAnZUhYRcVpk9abqEuRWTrtxb5fUbgh2aADn,uvgMmnYg1jVKNBrQdr9Pb5FR3XCL6R6b6AQHZj3L77S,7r4TcfVhcYuuh3of8S8igoV7AeyNfwcnRhAaA8FfvSgP,BhYyVMc5aWHPxXgoh8vFfQwXLF8hX5Yi1gKHxVmuaCse,2011966079827,20119.66079827,1
68080c78b8234f93bd235350ccd538db,2026-10-07,2026-10-07 15:34:02.000 UTC,454264403,4XL534SW18s8FSHa3P8a6ToxhK2PvgSkYfztGYfk9mtGWpuC261BnMDrRWyKdg33yTMaqtgMmbbbKPHMwYHpApiJ,transfer,78Bo7xxGWBEvqbh3VMKvkFG4Z63cXKSJ2LCEXAanhN7a,J3cdRYTeQAnZUhYRcVpk9abqEuRWTrtxb5fUbgh2aADn,H4dF1Hr9YcAqNEUsfGVnxa9qL3dbgJ5fa6PaffqtR7UD,7r4TcfVhcYuuh3of8S8igoV7AeyNfwcnRhAaA8FfvSgP,53166132177,531.66132177,1
0b2f6d2c97134d0a86599a8e2fd4c02b,2026-10-07,2026-10-07 15:34:02.000 UTC,454264403,4XL534SW18s8FSHa3P8a6ToxhK2PvgSkYfztGYfk9mtGWpuC261BnMDrRWyKdg33yTMaqtgMmbbbKPHMwYHpApiJ,transfer,GpMZbSM2GgvTKHJirzeGfMFoaZ8UR2X7F4v8vHTvxFbL,78Bo7xxGWBEvqbh3VMKvkFG4Z63cXKSJ2LCEXAanhN7a,GJrjTyjw8vEL4FUVVnKmfvYKZamyjNgwxxprciNkQ9AE,H4dF1Hr9YcAqNEUsfGVnxa9qL3dbgJ5fa6PaffqtR7UD,53166132177,531.66132177,1
95353c9d4d84723da3fe92d67f57495f,2026-10-07,2026-10-07 16:36:09.000 UTC,454278273,5VbKfZXAE35u6SuvMTPdCE4WBFf8zhWLKuSHy8XLxs4CgZH6ywpE56jBma9rNDmq2oiX1mVUYCHvH4Ddtenx51zg,transfer,ATmkAJuCP117WTRLXZ9L5SBrMJpkcQoSGDgNf7rhGMaV,J3cdRYTeQAnZUhYRcVpk9abqEuRWTrtxb5fUbgh2aADn,DRer9YXxFkXJBKsb7R6c7xgt1uRgku6WbNwMcMisbyQN,7r4TcfVhcYuuh3of8S8igoV7AeyNfwcnRhAaA8FfvSgP,355500000000,3555,1
0b0b12497a525159abd5401cc137f740,2026-10-07,2026-10-07 16:41:50.000 UTC,454279557,4rsJZd4QLu7riF1WpbQwBRNA7DnuzZ8izRg8S9MtUjgH3X444uaGdAPih6S2BJDo7744qMqBVVaGh15cjLdxxfZn,transfer,GpMZbSM2GgvTKHJirzeGfMFoaZ8UR2X7F4v8vHTvxFbL,theo9SfM3dKgKFbq4kFVmEXwSQ1pdr61wDqEWXKJpYs,35hKKpdPTy495wFTybw5wajHp4ZNSyQA5KZXd7cN9hB7,3siQvzWpZa4QAKvRhpfAYQbWwYPVmEmSMqg2XqRBJUFh,122083628859,1220.83628859,1
87b054a0aa0a9adbc3c966566549604a,2026-10-07,2026-10-07 16:41:50.000 UTC,454279557,4rsJZd4QLu7riF1WpbQwBRNA7DnuzZ8izRg8S9MtUjgH3X444uaGdAPih6S2BJDo7744qMqBVVaGh15cjLdxxfZn,transfer,theo9SfM3dKgKFbq4kFVmEXwSQ1pdr61wDqEWXKJpYs,GpMZbSM2GgvTKHJirzeGfMFoaZ8UR2X7F4v8vHTvxFbL,3siQvzWpZa4QAKvRhpfAYQbWwYPVmEmSMqg2XqRBJUFh,GJrjTyjw8vEL4FUVVnKmfvYKZamyjNgwxxprciNkQ9AE,122083628859,1220.83628859,1
9cc6f0a33f4cbbab194c2ce1c84a4956,2026-10-07,2026-10-07 16:41:54.000 UTC,454279572,4w8pYUKNKkp6fTCHrn1nEwXW53FyqePM4aZzx8fdAfgTCiAbqzmyPZbm8jX9cWhefmkxC8hbDhLULwaEhx83NUSC,transfer,GpMZbSM2GgvTKHJirzeGfMFoaZ8UR2X7F4v8vHTvxFbL,GLiCiNEnku3pQsmkVkRvnDLbfUN9BWbsrPDWLdPaADng,35hKKpdPTy495wFTybw5wajHp4ZNSyQA5KZXd7cN9hB7,DPyTo4Z4mCfuEeC3w7jHPbECom8tdcy6Q77xgnmSzz2i,61597130013,615.97130013,1
fd239c211d0cdddd8678d3d6e53458f3,2026-10-07,2026-10-07 16:41:54.000 UTC,454279572,4w8pYUKNKkp6fTCHrn1nEwXW53FyqePM4aZzx8fdAfgTCiAbqzmyPZbm8jX9cWhefmkxC8hbDhLULwaEhx83NUSC,transfer,GLiCiNEnku3pQsmkVkRvnDLbfUN9BWbsrPDWLdPaADng,GpMZbSM2GgvTKHJirzeGfMFoaZ8UR2X7F4v8vHTvxFbL,DPyTo4Z4mCfuEeC3w7jHPbECom8tdcy6Q77xgnmSzz2i,GJrjTyjw8vEL4FUVVnKmfvYKZamyjNgwxxprciNkQ9AE,61597130013,615.97130013,1
f4817881ff825956ba7ac319c3ac20c7,2026-10-07,2026-10-07 16:42:01.000 UTC,454279595,3HLXPCauFkVJdhR4i7Amu6VbW1d3nMFCBjx8G1GQTCHRmuPqgYtiWAjyMiaGRGi813tEs4FnT9S4xJGTY59SwBvU,transfer,DcQNaByvstRZCERvb9UJHgHiQe8YX2FMdPptM86psQyz,GpMZbSM2GgvTKHJirzeGfMFoaZ8UR2X7F4v8vHTvxFbL,99WZFcnXjvVHwfCGpcvtwcoWd8NGVxxHThKWuK8LAZn7,GJrjTyjw8vEL4FUVVnKmfvYKZamyjNgwxxprciNkQ9AE,61538337000,615.38337,1
9b6af940ef8929144fa3f9a59d6d82a4,2026-10-07,2026-10-07 16:42:01.000 UTC,454279595,3HLXPCauFkVJdhR4i7Amu6VbW1d3nMFCBjx8G1GQTCHRmuPqgYtiWAjyMiaGRGi813tEs4FnT9S4xJGTY59SwBvU,transfer,GpMZbSM2GgvTKHJirzeGfMFoaZ8UR2X7F4v8vHTvxFbL,DcQNaByvstRZCERvb9UJHgHiQe8YX2FMdPptM86psQyz,35hKKpdPTy495wFTybw5wajHp4ZNSyQA5KZXd7cN9hB7,99WZFcnXjvVHwfCGpcvtwcoWd8NGVxxHThKWuK8LAZn7,61538337000,615.38337,1
3624ed4d10793c71ad814569a4528712,2026-10-07,2026-10-07 16:42:01.000 UTC,454279596,2LRamPNTT714f27xFZQfaQs9Bg5QsBXfpv8ADoFZRphsVy9H9yjovkBmsZkXUFiFjKDkVnmLqiwYwy2xf9k5niU,transfer,J3cdRYTeQAnZUhYRcVpk9abqEuRWTrtxb5fUbgh2aADn,78Bo7xxGWBEvqbh3VMKvkFG4Z63cXKSJ2LCEXAanhN7a,7r4TcfVhcYuuh3of8S8igoV7AeyNfwcnRhAaA8FfvSgP,H4dF1Hr9YcAqNEUsfGVnxa9qL3dbgJ5fa6PaffqtR7UD,79341281979,793.41281979,1
93ac584af21e6078774ad19f9e8e4cf3,2026-10-07,2026-10-07 16:42:01.000 UTC,454279596,2LRamPNTT714f27xFZQfaQs9Bg5QsBXfpv8ADoFZRphsVy9H9yjovkBmsZkXUFiFjKDkVnmLqiwYwy2xf9k5niU,transfer,78Bo7xxGWBEvqbh3VMKvkFG4Z63cXKSJ2LCEXAanhN7a,GpMZbSM2GgvTKHJirzeGfMFoaZ8UR2X7F4v8vHTvxFbL,H4dF1Hr9YcAqNEUsfGVnxa9qL3dbgJ5fa6PaffqtR7UD,GJrjTyjw8vEL4FUVVnKmfvYKZamyjNgwxxprciNkQ9AE,79341281979,793.41281979,1
4520cd0df56ebc99d0fe99ace4f37df0,2026-10-07,2026-10-07 16:42:10.000 UTC,454279630,MAHAdvCsLPM2Pxa9nQGx5ZMm3wB7RqGRpo7aA1eYubsCHFj8zHLA1xypCNMVgZZ4ArDn2scJ2Bfy4wkKTg8nQoA,transfer,J3cdRYTeQAnZUhYRcVpk9abqEuRWTrtxb5fUbgh2aADn,78Bo7xxGWBEvqbh3VMKvkFG4Z63cXKSJ2LCEXAanhN7a,7r4TcfVhcYuuh3of8S8igoV7AeyNfwcnRhAaA8FfvSgP,H4dF1Hr9YcAqNEUsfGVnxa9qL3dbgJ5fa6PaffqtR7UD,73017663694,730.17663694,1
8910d90b2c5eb04ba7ffeb42ce754726,2026-10-07,2026-10-07 16:42:10.000 UTC,454279630,MAHAdvCsLPM2Pxa9nQGx5ZMm3wB7RqGRpo7aA1eYubsCHFj8zHLA1xypCNMVgZZ4ArDn2scJ2Bfy4wkKTg8nQoA,transfer,78Bo7xxGWBEvqbh3VMKvkFG4Z63cXKSJ2LCEXAanhN7a,GpMZbSM2GgvTKHJirzeGfMFoaZ8UR2X7F4v8vHTvxFbL,H4dF1Hr9YcAqNEUsfGVnxa9qL3dbgJ5fa6PaffqtR7UD,GJrjTyjw8vEL4FUVVnKmfvYKZamyjNgwxxprciNkQ9AE,73017663694,730.17663694,1
96eed6dca87f06f96fc7092e92e2cc50,2026-10-07,2026-10-07 16:42:14.000 UTC,454279645,DUrFvLDUGa1zQfczEdEbkjTBEjxP4LYfgyNZvy3q6VkWfLYKuQNK9Tgr3DBYEffEc5TstTFZBtGEySV4y8adXB4,transfer,shakRDxyKwaBbduqZTZt8Q4etTALbDLnAANStv9TLH3,GpMZbSM2GgvTKHJirzeGfMFoaZ8UR2X7F4v8vHTvxFbL,6hstNFmQnsazPrFatvzVrgjsD8uc2rWH2J2VNxhkdXw2,GJrjTyjw8vEL4FUVVnKmfvYKZamyjNgwxxprciNkQ9AE,199562236721,1995.62236721,1
005d0996fac0831a6d5e97e432144307,2026-10-07,2026-10-07 16:42:14.000 UTC,454279645,DUrFvLDUGa1zQfczEdEbkjTBEjxP4LYfgyNZvy3q6VkWfLYKuQNK9Tgr3DBYEffEc5TstTFZBtGEySV4y8adXB4,transfer,J3cdRYTeQAnZUhYRcVpk9abqEuRWTrtxb5fUbgh2aADn,shakRDxyKwaBbduqZTZt8Q4etTALbDLnAANStv9TLH3,7r4TcfVhcYuuh3of8S8igoV7AeyNfwcnRhAaA8FfvSgP,6hstNFmQnsazPrFatvzVrgjsD8uc2rWH2J2VNxhkdXw2,199562236721,1995.62236721,1
c48babbaba32c5885deaaf29108f963b,2026-10-07,2026-10-07 16:42:32.000 UTC,454279714,5qHh5dCPZs6qtTFnX1YW7gwzZ2cwdMwk1sRW6UcWQbWkJiKxoTwPfvaiXr76YAEooKeRhrLQEFQJvTkmQnFa1gkz,transfer,J3cdRYTeQAnZUhYRcVpk9abqEuRWTrtxb5fUbgh2aADn,78Bo7xxGWBEvqbh3VMKvkFG4Z63cXKSJ2LCEXAanhN7a,7r4TcfVhcYuuh3of8S8igoV7AeyNfwcnRhAaA8FfvSgP,H4dF1Hr9YcAqNEUsfGVnxa9qL3dbgJ5fa6PaffqtR7UD,66120374561,661.20374561,1
4aae1f616636a668529b3f7b5b5946b2,2026-10-07,2026-10-07 16:42:32.000 UTC,454279714,5qHh5dCPZs6qtTFnX1YW7gwzZ2cwdMwk1sRW6UcWQbWkJiKxoTwPfvaiXr76YAEooKeRhrLQEFQJvTkmQnFa1gkz,transfer,78Bo7xxGWBEvqbh3VMKvkFG4Z63cXKSJ2LCEXAanhN7a,GpMZbSM2GgvTKHJirzeGfMFoaZ8UR2X7F4v8vHTvxFbL,H4dF1Hr9YcAqNEUsfGVnxa9qL3dbgJ5fa6PaffqtR7UD,GJrjTyjw8vEL4FUVVnKmfvYKZamyjNgwxxprciNkQ9AE,66120374561,661.20374561,1
3e5ca865fb06c9925ea04bcd02347dd5,2026-10-07,2026-10-07 16:42:35.000 UTC,454279724,4EnTXVUph1zSjk4NhAgA51B2XicXxsQnPZho1ozi81ZhBnkhLkhRNq8ew6DCw26cwziWHJ7TcHUCFwz3JPARbrHU,transfer,81RwTUf7ZvM5GpeG5q5aGemnxPQLzKAXEF6qPDzNQKDn,GpMZbSM2GgvTKHJirzeGfMFoaZ8UR2X7F4v8vHTvxFbL,95BGpzYf6m74RDhE6Y7pSVFPiBKuUvQhoDtf41nZUHcb,GJrjTyjw8vEL4FUVVnKmfvYKZamyjNgwxxprciNkQ9AE,173697055488,1736.97055488,1
984027a584e13266ec8dc87b6d7b379e,2026-10-07,2026-10-07 16:42:35.000 UTC,454279724,4EnTXVUph1zSjk4NhAgA51B2XicXxsQnPZho1ozi81ZhBnkhLkhRNq8ew6DCw26cwziWHJ7TcHUCFwz3JPARbrHU,transfer,J3cdRYTeQAnZUhYRcVpk9abqEuRWTrtxb5fUbgh2aADn,81RwTUf7ZvM5GpeG5q5aGemnxPQLzKAXEF6qPDzNQKDn,7r4TcfVhcYuuh3of8S8igoV7AeyNfwcnRhAaA8FfvSgP,95BGpzYf6m74RDhE6Y7pSVFPiBKuUvQhoDtf41nZUHcb,173697055488,1736.97055488,1
8031f72b064a0274d3a16d38eb3ccd03,2026-10-07,2026-10-07 16:42:49.000 UTC,454279778,4f7Uwq9CWdbzV8XiJXPNB6W7mTPaD8jsjPyDGquZ7dxqtaN1m9wEYSamiWxPouxLVGNeKKAMM3p6iXqwoEF2Lkgb,transfer,J3cdRYTeQAnZUhYRcVpk9abqEuRWTrtxb5fUbgh2aADn,81RwTUf7ZvM5GpeG5q5aGemnxPQLzKAXEF6qPDzNQKDn,7r4TcfVhcYuuh3of8S8igoV7AeyNfwcnRhAaA8FfvSgP,95BGpzYf6m74RDhE6Y7pSVFPiBKuUvQhoDtf41nZUHcb,142379879422,1423.79879422,1
a02231da1c81aacbb3b3615ff11c06ce,2026-10-07,2026-10-07 16:42:49.000 UTC,454279778,4f7Uwq9CWdbzV8XiJXPNB6W7mTPaD8jsjPyDGquZ7dxqtaN1m9wEYSamiWxPouxLVGNeKKAMM3p6iXqwoEF2Lkgb,transfer,81RwTUf7ZvM5GpeG5q5aGemnxPQLzKAXEF6qPDzNQKDn,GpMZbSM2GgvTKHJirzeGfMFoaZ8UR2X7F4v8vHTvxFbL,95BGpzYf6m74RDhE6Y7pSVFPiBKuUvQhoDtf41nZUHcb,GJrjTyjw8vEL4FUVVnKmfvYKZamyjNgwxxprciNkQ9AE,142379879422,1423.79879422,1
80859e3f91104748624c0870b9cd2597,2026-10-07,2026-10-07 16:42:54.000 UTC,454279797,STf6YQScnrsLcY883SJypRxYQbewL6VhKyRSddFujRiToAwb2y2eGHkdVmxHxTUMrXKQhD6TCX3vGKkhnM3zsvs,transfer,DcQNaByvstRZCERvb9UJHgHiQe8YX2FMdPptM86psQyz,GpMZbSM2GgvTKHJirzeGfMFoaZ8UR2X7F4v8vHTvxFbL,99WZFcnXjvVHwfCGpcvtwcoWd8NGVxxHThKWuK8LAZn7,GJrjTyjw8vEL4FUVVnKmfvYKZamyjNgwxxprciNkQ9AE,61479628158,614.79628158,1
ee08b91884a332fe342a629142d2c50c,2026-10-07,2026-10-07 16:42:54.000 UTC,454279797,STf6YQScnrsLcY883SJypRxYQbewL6VhKyRSddFujRiToAwb2y2eGHkdVmxHxTUMrXKQhD6TCX3vGKkhnM3zsvs,transfer,GpMZbSM2GgvTKHJirzeGfMFoaZ8UR2X7F4v8vHTvxFbL,DcQNaByvstRZCERvb9UJHgHiQe8YX2FMdPptM86psQyz,35hKKpdPTy495wFTybw5wajHp4ZNSyQA5KZXd7cN9hB7,99WZFcnXjvVHwfCGpcvtwcoWd8NGVxxHThKWuK8LAZn7,61479628158,614.79628158,1
286986713f5463acd6242ea0c9d058b7,2026-10-07,2026-10-07 16:42:55.000 UTC,454279801,49FCPCfUJfAirE6KerBvHSd1zSpfxKj9wYK8LnSJXe4BNPNkdtVvAymzRuCrZAG29aAAmbshEUjz3uBuKyPXho47,transfer,GpMZbSM2GgvTKHJirzeGfMFoaZ8UR2X7F4v8vHTvxFbL,DmQSnFzRoENh3weu6EtBBhHTpQBQSsvjpMX8iYKRygQ4,35hKKpdPTy495wFTybw5wajHp4ZNSyQA5KZXd7cN9hB7,G7KwUWNqggAepJrHZr51U1YNGCtuheFicbpnqj23Q8W3,61421003325,614.21003325,1
60f8a8a4c12d2c27fcfcd594b5dddad0,2026-10-07,2026-10-07 16:42:55.000 UTC,454279801,49FCPCfUJfAirE6KerBvHSd1zSpfxKj9wYK8LnSJXe4BNPNkdtVvAymzRuCrZAG29aAAmbshEUjz3uBuKyPXho47,transfer,DmQSnFzRoENh3weu6EtBBhHTpQBQSsvjpMX8iYKRygQ4,GpMZbSM2GgvTKHJirzeGfMFoaZ8UR2X7F4v8vHTvxFbL,G7KwUWNqggAepJrHZr51U1YNGCtuheFicbpnqj23Q8W3,GJrjTyjw8vEL4FUVVnKmfvYKZamyjNgwxxprciNkQ9AE,61421003325,614.21003325,1
0bfd846b3361e9fbfa6f05d2bb1c8753,2026-10-07,2026-10-07 16:42:56.000 UTC,454279802,4wPCgKFz5n3DamxrNudjiMXJzTAfvuQ1okMvLyvTvp8uYp12DvKTic4ryParusxa7oxhbmFeg21bFeK7t44Fi2ij,transfer,81RwTUf7ZvM5GpeG5q5aGemnxPQLzKAXEF6qPDzNQKDn,GpMZbSM2GgvTKHJirzeGfMFoaZ8UR2X7F4v8vHTvxFbL,95BGpzYf6m74RDhE6Y7pSVFPiBKuUvQhoDtf41nZUHcb,GJrjTyjw8vEL4FUVVnKmfvYKZamyjNgwxxprciNkQ9AE,143536700048,1435.36700048,1
58735e67e353d9fd70aeedfc9acd6e8a,2026-10-07,2026-10-07 16:42:56.000 UTC,454279802,4wPCgKFz5n3DamxrNudjiMXJzTAfvuQ1okMvLyvTvp8uYp12DvKTic4ryParusxa7oxhbmFeg21bFeK7t44Fi2ij,transfer,J3cdRYTeQAnZUhYRcVpk9abqEuRWTrtxb5fUbgh2aADn,81RwTUf7ZvM5GpeG5q5aGemnxPQLzKAXEF6qPDzNQKDn,7r4TcfVhcYuuh3of8S8igoV7AeyNfwcnRhAaA8FfvSgP,95BGpzYf6m74RDhE6Y7pSVFPiBKuUvQhoDtf41nZUHcb,143536700048,1435.36700048,1
51fa2277dca6d5d9a3a507cf24cc6fb8,2026-10-07,2026-10-07 16:42:58.000 UTC,454279812,5eTzYA8XGFhnt6rpZaqumrdfvytCNN9CkGwBhd3v2zddmi5ZpAQ8EVU6vGgAh2Cfn7HAmXqm5zh3Cw382ebGKxsu,transfer,29eV5LuZwwVaoufKr5ShBejYVP6N4JZ14U3M5rffXsjp,GpMZbSM2GgvTKHJirzeGfMFoaZ8UR2X7F4v8vHTvxFbL,6CypLSF6navn6qvRVpGBVKGd14QqDFK5fMPa9zAEFTBr,GJrjTyjw8vEL4FUVVnKmfvYKZamyjNgwxxprciNkQ9AE,143490465976,1434.90465976,1
cdd688c8a5e3fc99dca810b03be1b28e,2026-10-07,2026-10-07 16:42:58.000 UTC,454279812,5eTzYA8XGFhnt6rpZaqumrdfvytCNN9CkGwBhd3v2zddmi5ZpAQ8EVU6vGgAh2Cfn7HAmXqm5zh3Cw382ebGKxsu,transfer,J3cdRYTeQAnZUhYRcVpk9abqEuRWTrtxb5fUbgh2aADn,29eV5LuZwwVaoufKr5ShBejYVP6N4JZ14U3M5rffXsjp,7r4TcfVhcYuuh3of8S8igoV7AeyNfwcnRhAaA8FfvSgP,6CypLSF6navn6qvRVpGBVKGd14QqDFK5fMPa9zAEFTBr,143490465976,1434.90465976,1
d81205731bb47ecc0f4486d14c741afe,2026-10-07,2026-10-07 16:42:58.000 UTC,454279813,37cCawuhZDnxyKnsEPWqqa7EuFJJscAKD43yWZGXvarfC5NrUML1EYv1XMcTFDPsezp431AqcGaGyLHtex6FhSPB,transfer,J3cdRYTeQAnZUhYRcVpk9abqEuRWTrtxb5fUbgh2aADn,7nwPXZNhBj88jcC22VNBQUYLohTsQWh5VGxWqnAAcvMf,7r4TcfVhcYuuh3of8S8igoV7AeyNfwcnRhAaA8FfvSgP,HVf2NN8y6CpDA78hbLGErwzuuAhtDoCtj3tsBUSGthQb,173444227171,1734.44227171,1
f4001de767b1b127686e050e02128219,2026-10-07,2026-10-07 16:42:58.000 UTC,454279813,37cCawuhZDnxyKnsEPWqqa7EuFJJscAKD43yWZGXvarfC5NrUML1EYv1XMcTFDPsezp431AqcGaGyLHtex6FhSPB,transfer,7nwPXZNhBj88jcC22VNBQUYLohTsQWh5VGxWqnAAcvMf,GpMZbSM2GgvTKHJirzeGfMFoaZ8UR2X7F4v8vHTvxFbL,HVf2NN8y6CpDA78hbLGErwzuuAhtDoCtj3tsBUSGthQb,GJrjTyjw8vEL4FUVVnKmfvYKZamyjNgwxxprciNkQ9AE,173444227171,1734.44227171,1
eea6838b2db1d52e72d3bcdc21b91bc8,2026-10-07,2026-10-07 16:43:18.000 UTC,454279886,ZPaTuVM2BMJXiP66MT4Wupo7k3vXytUb34Sm5XtdW5NZik31ygE3tYgfQjKQxFjUGeibeW4t6vmQBZhh7kBg2fu,transfer,GpMZbSM2GgvTKHJirzeGfMFoaZ8UR2X7F4v8vHTvxFbL,7nwPXZNhBj88jcC22VNBQUYLohTsQWh5VGxWqnAAcvMf,35hKKpdPTy495wFTybw5wajHp4ZNSyQA5KZXd7cN9hB7,HVf2NN8y6CpDA78hbLGErwzuuAhtDoCtj3tsBUSGthQb,61362462341,613.62462341,1
6d4ad8b23542546d6e7373141e5dac43,2026-10-07,2026-10-07 16:43:18.000 UTC,454279886,ZPaTuVM2BMJXiP66MT4Wupo7k3vXytUb34Sm5XtdW5NZik31ygE3tYgfQjKQxFjUGeibeW4t6vmQBZhh7kBg2fu,transfer,7nwPXZNhBj88jcC22VNBQUYLohTsQWh5VGxWqnAAcvMf,GpMZbSM2GgvTKHJirzeGfMFoaZ8UR2X7F4v8vHTvxFbL,HVf2NN8y6CpDA78hbLGErwzuuAhtDoCtj3tsBUSGthQb,GJrjTyjw8vEL4FUVVnKmfvYKZamyjNgwxxprciNkQ9AE,61362462341,613.62462341,1
4e7530373e8c869e7122f27e204b9d13,2026-10-07,2026-10-07 16:43:18.000 UTC,454279888,fX2dRL4n7b6dCcz9PqrtcZCsvxxASqcW1DGPX6zVK94R6MnccGwj7gHFWQY8A6i9ZX3twqYCknkYw37w3T3kseA,transfer,LionX7R69tL1EEcpRkJ9jRuwV7bi4jFoKmZZnxiVK6y,2Q8tAc9nrQca3tE9KqhnVc9DiBsDPQyqY24rnbRVYv8E,FV9KA7rMMNWvxeV5ZKjsKng1awu9znDBuQTpCBXntMNK,9UK3o1FSN5avmpNmuxkdJWT16YPRjNZ7WvYW3fCcjaw4,1956808353,19.56808353,1
1af0b9b62796088e821202ec6bccb004,2026-10-07,2026-10-07 16:43:18.000 UTC,454279888,fX2dRL4n7b6dCcz9PqrtcZCsvxxASqcW1DGPX6zVK94R6MnccGwj7gHFWQY8A6i9ZX3twqYCknkYw37w3T3kseA,transfer,J3cdRYTeQAnZUhYRcVpk9abqEuRWTrtxb5fUbgh2aADn,LionX7R69tL1EEcpRkJ9jRuwV7bi4jFoKmZZnxiVK6y,7r4TcfVhcYuuh3of8S8igoV7AeyNfwcnRhAaA8FfvSgP,FV9KA7rMMNWvxeV5ZKjsKng1awu9znDBuQTpCBXntMNK,1956808353,19.56808353,1
456e1469e9656599d8227b42d2f8ac75,2026-10-07,2026-10-07 16:43:19.000 UTC,454279889,3fDPiR6kFkwCqfNtR6U7E5MDXAGWAiNXrNHZ9rmBrYuSDn5583gAcpKfUgHvsAJawCD6exu8BosTw1H3zrU2pBW1,transfer,78Bo7xxGWBEvqbh3VMKvkFG4Z63cXKSJ2LCEXAanhN7a,GpMZbSM2GgvTKHJirzeGfMFoaZ8UR2X7F4v8vHTvxFbL,H4dF1Hr9YcAqNEUsfGVnxa9qL3dbgJ5fa6PaffqtR7UD,GJrjTyjw8vEL4FUVVnKmfvYKZamyjNgwxxprciNkQ9AE,82315592499,823.15592499,1
78b29a5882766b996effd497f38f4624,2026-10-07,2026-10-07 16:43:19.000 UTC,454279889,3fDPiR6kFkwCqfNtR6U7E5MDXAGWAiNXrNHZ9rmBrYuSDn5583gAcpKfUgHvsAJawCD6exu8BosTw1H3zrU2pBW1,transfer,J3cdRYTeQAnZUhYRcVpk9abqEuRWTrtxb5fUbgh2aADn,78Bo7xxGWBEvqbh3VMKvkFG4Z63cXKSJ2LCEXAanhN7a,7r4TcfVhcYuuh3of8S8igoV7AeyNfwcnRhAaA8FfvSgP,H4dF1Hr9YcAqNEUsfGVnxa9qL3dbgJ5fa6PaffqtR7UD,82315592499,823.15592499,1
e881b103b61c0db9a50d4d4e593a6fa8,2026-10-07,2026-10-07 16:43:40.000 UTC,454279967,2RFTDWYfnKVZm34VeeqkP3PuRNLmhhAq8JTvYmYw9mRe87z85hzGssAx5FUmQskrcUQxu7cNSo7ikvUMuUZzAsZ1,transfer,GpMZbSM2GgvTKHJirzeGfMFoaZ8UR2X7F4v8vHTvxFbL,DmQSnFzRoENh3weu6EtBBhHTpQBQSsvjpMX8iYKRygQ4,35hKKpdPTy495wFTybw5wajHp4ZNSyQA5KZXd7cN9hB7,G7KwUWNqggAepJrHZr51U1YNGCtuheFicbpnqj23Q8W3,61304005046,613.04005046,1
e32e120c880625abb86c11b99f39fd69,2026-10-07,2026-10-07 16:43:40.000 UTC,454279967,2RFTDWYfnKVZm34VeeqkP3PuRNLmhhAq8JTvYmYw9mRe87z85hzGssAx5FUmQskrcUQxu7cNSo7ikvUMuUZzAsZ1,transfer,DmQSnFzRoENh3weu6EtBBhHTpQBQSsvjpMX8iYKRygQ4,GpMZbSM2GgvTKHJirzeGfMFoaZ8UR2X7F4v8vHTvxFbL,G7KwUWNqggAepJrHZr51U1YNGCtuheFicbpnqj23Q8W3,GJrjTyjw8vEL4FUVVnKmfvYKZamyjNgwxxprciNkQ9AE,61304005046,613.04005046,1
4c7fa0f5ec6e62648a0b3d0211b0b0b9,2026-10-07,2026-10-07 16:43:41.000 UTC,454279972,WSq3bJBpGfmEeZpG9s6cbi9cHCyouSK1UuKGXWjhKad1GRgCSezHs4aWXBGxU9kkAtWb9dB5jfFWWDVYbKBskUn,transfer,78Bo7xxGWBEvqbh3VMKvkFG4Z63cXKSJ2LCEXAanhN7a,GpMZbSM2GgvTKHJirzeGfMFoaZ8UR2X7F4v8vHTvxFbL,H4dF1Hr9YcAqNEUsfGVnxa9qL3dbgJ5fa6PaffqtR7UD,GJrjTyjw8vEL4FUVVnKmfvYKZamyjNgwxxprciNkQ9AE,74606209092,746.06209092,1
e19afc486f5ef57f806731d32ba2eedd,2026-10-07,2026-10-07 16:43:41.000 UTC,454279972,WSq3bJBpGfmEeZpG9s6cbi9cHCyouSK1UuKGXWjhKad1GRgCSezHs4aWXBGxU9kkAtWb9dB5jfFWWDVYbKBskUn,transfer,J3cdRYTeQAnZUhYRcVpk9abqEuRWTrtxb5fUbgh2aADn,78Bo7xxGWBEvqbh3VMKvkFG4Z63cXKSJ2LCEXAanhN7a,7r4TcfVhcYuuh3of8S8igoV7AeyNfwcnRhAaA8FfvSgP,H4dF1Hr9YcAqNEUsfGVnxa9qL3dbgJ5fa6PaffqtR7UD,74606209092,746.06209092,1
d5e75c6804fb41980a160cdbaeb32392,2026-10-07,2026-10-07 16:43:56.000 UTC,454280029,4rmLMmBNYNEuXvmKhzGUzMUPQEutcN3LpBoGwAD4mJ55Yvq9wUvtPx9rvx5DbA6k5L4Ceku4bSMPvqpJWQxMidje,transfer,29eV5LuZwwVaoufKr5ShBejYVP6N4JZ14U3M5rffXsjp,GpMZbSM2GgvTKHJirzeGfMFoaZ8UR2X7F4v8vHTvxFbL,6CypLSF6navn6qvRVpGBVKGd14QqDFK5fMPa9zAEFTBr,GJrjTyjw8vEL4FUVVnKmfvYKZamyjNgwxxprciNkQ9AE,143333857984,1433.33857984,1
151ace747d997715904883ebff8c98e3,2026-10-07,2026-10-07 16:43:56.000 UTC,454280029,4rmLMmBNYNEuXvmKhzGUzMUPQEutcN3LpBoGwAD4mJ55Yvq9wUvtPx9rvx5DbA6k5L4Ceku4bSMPvqpJWQxMidje,transfer,J3cdRYTeQAnZUhYRcVpk9abqEuRWTrtxb5fUbgh2aADn,29eV5LuZwwVaoufKr5ShBejYVP6N4JZ14U3M5rffXsjp,7r4TcfVhcYuuh3of8S8igoV7AeyNfwcnRhAaA8FfvSgP,6CypLSF6navn6qvRVpGBVKGd14QqDFK5fMPa9zAEFTBr,143333857984,1433.33857984,1
f87124862a40d1b1cac4938f666e46ba,2026-10-07,2026-10-07 17:40:13.000 UTC,454292542,5LpvQRdz2geSoiaHhSWX8vPA2kHEeS9xMzqcsnymHBCbw4VDYnVhy7MrT3PdMBquj2ekivSxdDH6o16uS57MFgDk,transfer,78Bo7xxGWBEvqbh3VMKvkFG4Z63cXKSJ2LCEXAanhN7a,J3cdRYTeQAnZUhYRcVpk9abqEuRWTrtxb5fUbgh2aADn,H4dF1Hr9YcAqNEUsfGVnxa9qL3dbgJ5fa6PaffqtR7UD,7r4TcfVhcYuuh3of8S8igoV7AeyNfwcnRhAaA8FfvSgP,68606559355,686.06559355,1
f158113027e153728560cca5fd558462,2026-10-07,2026-10-07 17:40:13.000 UTC,454292542,5LpvQRdz2geSoiaHhSWX8vPA2kHEeS9xMzqcsnymHBCbw4VDYnVhy7MrT3PdMBquj2ekivSxdDH6o16uS57MFgDk,transfer,GpMZbSM2GgvTKHJirzeGfMFoaZ8UR2X7F4v8vHTvxFbL,78Bo7xxGWBEvqbh3VMKvkFG4Z63cXKSJ2LCEXAanhN7a,GJrjTyjw8vEL4FUVVnKmfvYKZamyjNgwxxprciNkQ9AE,H4dF1Hr9YcAqNEUsfGVnxa9qL3dbgJ5fa6PaffqtR7UD,68606559355,686.06559355,1
e67495dd6ab13a7b978b129a885d14a2,2026-10-07,2026-10-07 17:41:59.000 UTC,454292933,4VPRFN86vTZd2cpADPUD672f4kqm5Aez18yHapFsuuQ1h87zpqusAVm3PDcq3EX8udVhqqcuTPW218doN5LHQjF2,transfer,GpMZbSM2GgvTKHJirzeGfMFoaZ8UR2X7F4v8vHTvxFbL,C39ohmu1fxbQubgW9JVgDBHrKzgvr7RNrySdntdzfTyW,GJrjTyjw8vEL4FUVVnKmfvYKZamyjNgwxxprciNkQ9AE,HmTcCiobZ6csNaxwbAUrYW69AwUKu4zNxhHqyo46jUnL,60140026636,601.40026636,1
a04b166aa1344db09f06cfd4bbf094bd,2026-10-07,2026-10-07 17:41:59.000 UTC,454292933,4VPRFN86vTZd2cpADPUD672f4kqm5Aez18yHapFsuuQ1h87zpqusAVm3PDcq3EX8udVhqqcuTPW218doN5LHQjF2,transfer,C39ohmu1fxbQubgW9JVgDBHrKzgvr7RNrySdntdzfTyW,J3cdRYTeQAnZUhYRcVpk9abqEuRWTrtxb5fUbgh2aADn,HmTcCiobZ6csNaxwbAUrYW69AwUKu4zNxhHqyo46jUnL,7r4TcfVhcYuuh3of8S8igoV7AeyNfwcnRhAaA8FfvSgP,60140026636,601.40026636,1
103c2944289dbda04a3809536e79e40f,2026-10-07,2026-10-07 17:43:48.000 UTC,454293336,54hdoCxJUiFC9XDe7xy4G14JfdDBjWQZ3wmCy2p1mPvpUmg1XrFuFKSVHgYagdKzomY4qES42TUvfZhCEjkMn6Pn,transfer,78Bo7xxGWBEvqbh3VMKvkFG4Z63cXKSJ2LCEXAanhN7a,J3cdRYTeQAnZUhYRcVpk9abqEuRWTrtxb5fUbgh2aADn,H4dF1Hr9YcAqNEUsfGVnxa9qL3dbgJ5fa6PaffqtR7UD,7r4TcfVhcYuuh3of8S8igoV7AeyNfwcnRhAaA8FfvSgP,77084367794,770.84367794,1
99844cc7ea118bdba8b5e8360de4d61e,2026-10-07,2026-10-07 17:43:48.000 UTC,454293336,54hdoCxJUiFC9XDe7xy4G14JfdDBjWQZ3wmCy2p1mPvpUmg1XrFuFKSVHgYagdKzomY4qES42TUvfZhCEjkMn6Pn,transfer,GpMZbSM2GgvTKHJirzeGfMFoaZ8UR2X7F4v8vHTvxFbL,78Bo7xxGWBEvqbh3VMKvkFG4Z63cXKSJ2LCEXAanhN7a,GJrjTyjw8vEL4FUVVnKmfvYKZamyjNgwxxprciNkQ9AE,H4dF1Hr9YcAqNEUsfGVnxa9qL3dbgJ5fa6PaffqtR7UD,77084367794,770.84367794,1
a33371fbe0f2fe42633707ec44df72d1,2026-10-07,2026-10-07 17:44:07.000 UTC,454293407,39FusXpKma6FC35TMqJzvHRY7c8KJz39oFYmZDgCEkQRquXb7iXwiE9zP9hRsTGM5DAkLxnfyWGeKbnzgfh6Sjbu,transfer,GpMZbSM2GgvTKHJirzeGfMFoaZ8UR2X7F4v8vHTvxFbL,78Bo7xxGWBEvqbh3VMKvkFG4Z63cXKSJ2LCEXAanhN7a,GJrjTyjw8vEL4FUVVnKmfvYKZamyjNgwxxprciNkQ9AE,H4dF1Hr9YcAqNEUsfGVnxa9qL3dbgJ5fa6PaffqtR7UD,60271429951,602.71429951,1
08e909c7eeffc2fc0e4c3ad8012bacaa,2026-10-07,2026-10-07 17:44:07.000 UTC,454293407,39FusXpKma6FC35TMqJzvHRY7c8KJz39oFYmZDgCEkQRquXb7iXwiE9zP9hRsTGM5DAkLxnfyWGeKbnzgfh6Sjbu,transfer,78Bo7xxGWBEvqbh3VMKvkFG4Z63cXKSJ2LCEXAanhN7a,J3cdRYTeQAnZUhYRcVpk9abqEuRWTrtxb5fUbgh2aADn,H4dF1Hr9YcAqNEUsfGVnxa9qL3dbgJ5fa6PaffqtR7UD,7r4TcfVhcYuuh3of8S8igoV7AeyNfwcnRhAaA8FfvSgP,60271429951,602.71429951,1
4ca35f04ad3d967336fb6efe2148897c,2026-10-07,2026-10-07 17:46:49.000 UTC,454294005,3MGmAttReg8nDTi3XJbagrjtGUet92LCT7ADUFULTxLBicJoXizskygBxWLNGLZLwmZpaPoZ6F56veYmsfXnkdKN,transfer,78Bo7xxGWBEvqbh3VMKvkFG4Z63cXKSJ2LCEXAanhN7a,J3cdRYTeQAnZUhYRcVpk9abqEuRWTrtxb5fUbgh2aADn,H4dF1Hr9YcAqNEUsfGVnxa9qL3dbgJ5fa6PaffqtR7UD,7r4TcfVhcYuuh3of8S8igoV7AeyNfwcnRhAaA8FfvSgP,87377688569,873.77688569,1
3f443439b0243e427daff263da6a28c8,2026-10-07,2026-10-07 17:46:49.000 UTC,454294005,3MGmAttReg8nDTi3XJbagrjtGUet92LCT7ADUFULTxLBicJoXizskygBxWLNGLZLwmZpaPoZ6F56veYmsfXnkdKN,transfer,GpMZbSM2GgvTKHJirzeGfMFoaZ8UR2X7F4v8vHTvxFbL,78Bo7xxGWBEvqbh3VMKvkFG4Z63cXKSJ2LCEXAanhN7a,GJrjTyjw8vEL4FUVVnKmfvYKZamyjNgwxxprciNkQ9AE,H4dF1Hr9YcAqNEUsfGVnxa9qL3dbgJ5fa6PaffqtR7UD,87377688569,873.77688569,1
89f8835d28c0dbb71e3c707cf9f797f8,2026-10-07,2026-10-07 17:49:03.000 UTC,454294491,4tYpa5zHuJ9dVBveuYnxs7MdNx3hEJaJkXJWqSixcXnbXi1PyL5ZTFwJpAocGH7hDorRopMseAKddGDaJy9qQAfJ,transfer,78Bo7xxGWBEvqbh3VMKvkFG4Z63cXKSJ2LCEXAanhN7a,J3cdRYTeQAnZUhYRcVpk9abqEuRWTrtxb5fUbgh2aADn,H4dF1Hr9YcAqNEUsfGVnxa9qL3dbgJ5fa6PaffqtR7UD,7r4TcfVhcYuuh3of8S8igoV7AeyNfwcnRhAaA8FfvSgP,80177949229,801.77949229,1
36d040da7ad33b83a7d2ebb157681dab,2026-10-07,2026-10-07 17:49:03.000 UTC,454294491,4tYpa5zHuJ9dVBveuYnxs7MdNx3hEJaJkXJWqSixcXnbXi1PyL5ZTFwJpAocGH7hDorRopMseAKddGDaJy9qQAfJ,transfer,GpMZbSM2GgvTKHJirzeGfMFoaZ8UR2X7F4v8vHTvxFbL,78Bo7xxGWBEvqbh3VMKvkFG4Z63cXKSJ2LCEXAanhN7a,GJrjTyjw8vEL4FUVVnKmfvYKZamyjNgwxxprciNkQ9AE,H4dF1Hr9YcAqNEUsfGVnxa9qL3dbgJ5fa6PaffqtR7UD,80177949229,801.77949229,1
e9ef4dc8b8fc8bd4cafeca6be2d7e43b,2026-10-07,2026-10-07 17:49:54.000 UTC,454294684,5qqmo6bZXgnrqKv6YHhjB92cjb7RsFqYYMsRdic2rAXczg87WptGB76RD7JqtXJFwiYbyXnNSZgVfusFNuhr4Emz,transfer,78Bo7xxGWBEvqbh3VMKvkFG4Z63cXKSJ2LCEXAanhN7a,J3cdRYTeQAnZUhYRcVpk9abqEuRWTrtxb5fUbgh2aADn,H4dF1Hr9YcAqNEUsfGVnxa9qL3dbgJ5fa6PaffqtR7UD,7r4TcfVhcYuuh3of8S8igoV7AeyNfwcnRhAaA8FfvSgP,92734078291,927.34078291,1
cf4646749db65e21aaab2b4ac1453c2a,2026-10-07,2026-10-07 17:49:54.000 UTC,454294684,5qqmo6bZXgnrqKv6YHhjB92cjb7RsFqYYMsRdic2rAXczg87WptGB76RD7JqtXJFwiYbyXnNSZgVfusFNuhr4Emz,transfer,GpMZbSM2GgvTKHJirzeGfMFoaZ8UR2X7F4v8vHTvxFbL,78Bo7xxGWBEvqbh3VMKvkFG4Z63cXKSJ2LCEXAanhN7a,GJrjTyjw8vEL4FUVVnKmfvYKZamyjNgwxxprciNkQ9AE,H4dF1Hr9YcAqNEUsfGVnxa9qL3dbgJ5fa6PaffqtR7UD,92734078291,927.34078291,1
9f1e0ad7cd42e2707398569a622592a3,2026-10-07,2026-10-07 18:06:08.000 UTC,454298300,AoP7zFVJjQuHcfVQJpLyN3aBQknXtZCizwjDYXMrpuZzG7ASxeTpLYFUcbxxi1uRG9d2f2kuFYsTeHGyXRLLRXn,transfer,BhgfQhVaWvekS428Y5CMbjydispJgko6SQbKywZCHFMt,J3cdRYTeQAnZUhYRcVpk9abqEuRWTrtxb5fUbgh2aADn,GWbKXi9P1nmUe7X8WmmUmemC6TUdfLfbHqS4EPoziVgg,7r4TcfVhcYuuh3of8S8igoV7AeyNfwcnRhAaA8FfvSgP,450767084,4.50767084,1
099ffa8035119bc3c9a89151f755d454,2026-10-07,2026-10-07 18:22:20.000 UTC,454301877,4RxZi9VDqxXSxtc9EbfvbmMfgVZquVFXSR5YTfXUDDQDxkUZJ34yRuxkVMD9rbY9v6Yk5R2j1s4YXAXwyKPsSwrF,transfer,ARu4n5mFdZogZAravu7CcizaojWnS6oqka37gdLT5SZn,GpMZbSM2GgvTKHJirzeGfMFoaZ8UR2X7F4v8vHTvxFbL,3CCaDwLVKs3WBE6bFG58Q9qaHmGfRrjUvEnEcuiCbY87,35hKKpdPTy495wFTybw5wajHp4ZNSyQA5KZXd7cN9hB7,100000000000,1000,1
eada6667137149b098c77cc39e6f7cb7,2026-10-07,2026-10-07 18:22:20.000 UTC,454301877,4RxZi9VDqxXSxtc9EbfvbmMfgVZquVFXSR5YTfXUDDQDxkUZJ34yRuxkVMD9rbY9v6Yk5R2j1s4YXAXwyKPsSwrF,transfer,ARu4n5mFdZogZAravu7CcizaojWnS6oqka37gdLT5SZn,J3cdRYTeQAnZUhYRcVpk9abqEuRWTrtxb5fUbgh2aADn,3CCaDwLVKs3WBE6bFG58Q9qaHmGfRrjUvEnEcuiCbY87,7r4TcfVhcYuuh3of8S8igoV7AeyNfwcnRhAaA8FfvSgP,900000000000,9000,1
1dea44612159eb10b9899ea36fe64a04,2026-10-07,2026-10-07 18:22:20.000 UTC,454301877,4RxZi9VDqxXSxtc9EbfvbmMfgVZquVFXSR5YTfXUDDQDxkUZJ34yRuxkVMD9rbY9v6Yk5R2j1s4YXAXwyKPsSwrF,transfer,756WJjr74bkTwRU5KUsTVQdvaiezrfSjN8V2jfqmzMs9,ARu4n5mFdZogZAravu7CcizaojWnS6oqka37gdLT5SZn,FSaAYGfvYjpCQjgZzP6a2NTB6vLbpWtyotYKd97U7w8V,3CCaDwLVKs3WBE6bFG58Q9qaHmGfRrjUvEnEcuiCbY87,1000000000000,10000,1
1c272dc39f0baad80b0a52b5e82bdec2,2026-10-07,2026-10-07 18:37:51.000 UTC,454305345,4eGRYW34Wsa7tFMYwS77dbktbbyioS7mRU7i7T47WJNcBPWVPWVKgKcaHcze1ZUVXvBrbhiy4qKLLPKGjpHKmTCZ,transfer,ARu4n5mFdZogZAravu7CcizaojWnS6oqka37gdLT5SZn,GpMZbSM2GgvTKHJirzeGfMFoaZ8UR2X7F4v8vHTvxFbL,3CCaDwLVKs3WBE6bFG58Q9qaHmGfRrjUvEnEcuiCbY87,35hKKpdPTy495wFTybw5wajHp4ZNSyQA5KZXd7cN9hB7,288518222424,2885.18222424,1
9c93c12dd1da7c898b416ca241b49bbc,2026-10-07,2026-10-07 18:37:51.000 UTC,454305345,4eGRYW34Wsa7tFMYwS77dbktbbyioS7mRU7i7T47WJNcBPWVPWVKgKcaHcze1ZUVXvBrbhiy4qKLLPKGjpHKmTCZ,transfer,5cLJnpSPrCpx2hqNYjq6iRtEa8ZW5FZXBn6ecRH39m9x,ARu4n5mFdZogZAravu7CcizaojWnS6oqka37gdLT5SZn,H49reFCTCL8aSDmLC4wjGEDg2TEHd3TJq4ByJvXJA1UT,3CCaDwLVKs3WBE6bFG58Q9qaHmGfRrjUvEnEcuiCbY87,1923454816156,19234.54816156,1
031d25e54cd6e14a1d804f265e49e70e,2026-10-07,2026-10-07 18:37:51.000 UTC,454305345,4eGRYW34Wsa7tFMYwS77dbktbbyioS7mRU7i7T47WJNcBPWVPWVKgKcaHcze1ZUVXvBrbhiy4qKLLPKGjpHKmTCZ,transfer,ARu4n5mFdZogZAravu7CcizaojWnS6oqka37gdLT5SZn,J3cdRYTeQAnZUhYRcVpk9abqEuRWTrtxb5fUbgh2aADn,3CCaDwLVKs3WBE6bFG58Q9qaHmGfRrjUvEnEcuiCbY87,7r4TcfVhcYuuh3of8S8igoV7AeyNfwcnRhAaA8FfvSgP,1634936593732,16349.36593732,1
a24e19eca65e95ee638edbdbdc9b923a,2026-10-07,2026-10-07 18:40:02.000 UTC,454305838,ijjpk8sDA9Qim4PDnDFSowFhEoiRJamga1JYXheVAaesexyF9hhjbAJtC8ZE46MnBuPGkSgcXiruQmLvVQdC4N3,transfer,GpMZbSM2GgvTKHJirzeGfMFoaZ8UR2X7F4v8vHTvxFbL,78Bo7xxGWBEvqbh3VMKvkFG4Z63cXKSJ2LCEXAanhN7a,GJrjTyjw8vEL4FUVVnKmfvYKZamyjNgwxxprciNkQ9AE,H4dF1Hr9YcAqNEUsfGVnxa9qL3dbgJ5fa6PaffqtR7UD,79345261332,793.45261332,1
f6dd5cd02e874956c76fe2119e3e768c,2026-10-07,2026-10-07 18:40:02.000 UTC,454305838,ijjpk8sDA9Qim4PDnDFSowFhEoiRJamga1JYXheVAaesexyF9hhjbAJtC8ZE46MnBuPGkSgcXiruQmLvVQdC4N3,transfer,78Bo7xxGWBEvqbh3VMKvkFG4Z63cXKSJ2LCEXAanhN7a,J3cdRYTeQAnZUhYRcVpk9abqEuRWTrtxb5fUbgh2aADn,H4dF1Hr9YcAqNEUsfGVnxa9qL3dbgJ5fa6PaffqtR7UD,7r4TcfVhcYuuh3of8S8igoV7AeyNfwcnRhAaA8FfvSgP,79345261332,793.45261332,1
4515999e0c79903837dab2e2b6b16ebc,2026-10-07,2026-10-07 18:40:03.000 UTC,454305843,454ZrvCaZ3BxM1EUFX18TYGPX3zRR5ziUY73CsiNgjgA3HeuETLtvCAiew4AxwtHeL71y1Grw23Cc9JheHoawpCo,transfer,C39ohmu1fxbQubgW9JVgDBHrKzgvr7RNrySdntdzfTyW,J3cdRYTeQAnZUhYRcVpk9abqEuRWTrtxb5fUbgh2aADn,HmTcCiobZ6csNaxwbAUrYW69AwUKu4zNxhHqyo46jUnL,7r4TcfVhcYuuh3of8S8igoV7AeyNfwcnRhAaA8FfvSgP,67298773978,672.98773978,1
eb35f2dc9147c68f5907e26b9a9bf79f,2026-10-07,2026-10-07 18:40:03.000 UTC,454305843,454ZrvCaZ3BxM1EUFX18TYGPX3zRR5ziUY73CsiNgjgA3HeuETLtvCAiew4AxwtHeL71y1Grw23Cc9JheHoawpCo,transfer,GpMZbSM2GgvTKHJirzeGfMFoaZ8UR2X7F4v8vHTvxFbL,C39ohmu1fxbQubgW9JVgDBHrKzgvr7RNrySdntdzfTyW,GJrjTyjw8vEL4FUVVnKmfvYKZamyjNgwxxprciNkQ9AE,HmTcCiobZ6csNaxwbAUrYW69AwUKu4zNxhHqyo46jUnL,67298773978,672.98773978,1
6fd1470cc6756dc0c1eab44025cf03dd,2026-10-07,2026-10-07 18:43:18.000 UTC,454306577,3jnpihLF9VR482upSJgnwxVGuQhqQU7ydHuNFDVtohxGXLjgmKxZk8hhbyPaCRxDfvP5KCbgcWLudPihdJDR98xL,transfer,C39ohmu1fxbQubgW9JVgDBHrKzgvr7RNrySdntdzfTyW,J3cdRYTeQAnZUhYRcVpk9abqEuRWTrtxb5fUbgh2aADn,HmTcCiobZ6csNaxwbAUrYW69AwUKu4zNxhHqyo46jUnL,7r4TcfVhcYuuh3of8S8igoV7AeyNfwcnRhAaA8FfvSgP,71147084486,711.47084486,1
faf15a8b6caf252847140c901fd891fd,2026-10-07,2026-10-07 18:43:18.000 UTC,454306577,3jnpihLF9VR482upSJgnwxVGuQhqQU7ydHuNFDVtohxGXLjgmKxZk8hhbyPaCRxDfvP5KCbgcWLudPihdJDR98xL,transfer,GpMZbSM2GgvTKHJirzeGfMFoaZ8UR2X7F4v8vHTvxFbL,C39ohmu1fxbQubgW9JVgDBHrKzgvr7RNrySdntdzfTyW,GJrjTyjw8vEL4FUVVnKmfvYKZamyjNgwxxprciNkQ9AE,HmTcCiobZ6csNaxwbAUrYW69AwUKu4zNxhHqyo46jUnL,71147084486,711.47084486,1
eca2a26b6648030c8de66ffac682cb8f,2026-10-07,2026-10-07 19:09:18.000 UTC,454312353,4EwhJgrVWDNoRYCZZf3yV2uNWWiNmiq8mHRHu7mihhZEpGUthQbccXp8FJycZ35F47Gb3SKioWvYd9WLV7N6YyZd,transfer,NALUnJA2AJUYa6xJL1HsorEeFgxxDsfUgYBCX8Pp2zD,GpMZbSM2GgvTKHJirzeGfMFoaZ8UR2X7F4v8vHTvxFbL,4sKCpuN1EjauwQaSqE8RN1EaAd8qjDZKCv5Swv7ad7un,GJrjTyjw8vEL4FUVVnKmfvYKZamyjNgwxxprciNkQ9AE,162248613177,1622.48613177,1
1ef351345e0c1f1459dade674c5033a8,2026-10-07,2026-10-07 19:09:18.000 UTC,454312353,4EwhJgrVWDNoRYCZZf3yV2uNWWiNmiq8mHRHu7mihhZEpGUthQbccXp8FJycZ35F47Gb3SKioWvYd9WLV7N6YyZd,transfer,J3cdRYTeQAnZUhYRcVpk9abqEuRWTrtxb5fUbgh2aADn,NALUnJA2AJUYa6xJL1HsorEeFgxxDsfUgYBCX8Pp2zD,7r4TcfVhcYuuh3of8S8igoV7AeyNfwcnRhAaA8FfvSgP,4sKCpuN1EjauwQaSqE8RN1EaAd8qjDZKCv5Swv7ad7un,162248613177,1622.48613177,1
f50f556c6b068adc78d7f3f0eed9fc9d,2026-10-07,2026-10-07 19:09:19.000 UTC,454312357,FAdzyhs1Ap8zvzUfauiw8x6ALWBz94AaVnGoWwFqVHzT9YNoV9oMRzES3Qr43XRXrY3mHWJFjVJAPzN8JuKXy1K,transfer,J3cdRYTeQAnZUhYRcVpk9abqEuRWTrtxb5fUbgh2aADn,NALUnJA2AJUYa6xJL1HsorEeFgxxDsfUgYBCX8Pp2zD,7r4TcfVhcYuuh3of8S8igoV7AeyNfwcnRhAaA8FfvSgP,4sKCpuN1EjauwQaSqE8RN1EaAd8qjDZKCv5Swv7ad7un,140705158461,1407.05158461,1
361293b6168e0efd020916370ae64321,2026-10-07,2026-10-07 19:09:19.000 UTC,454312357,FAdzyhs1Ap8zvzUfauiw8x6ALWBz94AaVnGoWwFqVHzT9YNoV9oMRzES3Qr43XRXrY3mHWJFjVJAPzN8JuKXy1K,transfer,NALUnJA2AJUYa6xJL1HsorEeFgxxDsfUgYBCX8Pp2zD,GpMZbSM2GgvTKHJirzeGfMFoaZ8UR2X7F4v8vHTvxFbL,4sKCpuN1EjauwQaSqE8RN1EaAd8qjDZKCv5Swv7ad7un,GJrjTyjw8vEL4FUVVnKmfvYKZamyjNgwxxprciNkQ9AE,140705158461,1407.05158461,1
a96d5865083996db883a3de91e634c23,2026-10-07,2026-10-07 19:09:20.000 UTC,454312358,5YZq3T76GzPxtRxPFQd5gQ5u4Qpz3UZkcYZGnXMSsrhhz5U7mvfwWJ3htVGpHphrNoMMB5neznN4CTi1DxKCsnUS,transfer,J3cdRYTeQAnZUhYRcVpk9abqEuRWTrtxb5fUbgh2aADn,81RwTUf7ZvM5GpeG5q5aGemnxPQLzKAXEF6qPDzNQKDn,7r4TcfVhcYuuh3of8S8igoV7AeyNfwcnRhAaA8FfvSgP,95BGpzYf6m74RDhE6Y7pSVFPiBKuUvQhoDtf41nZUHcb,183507406285,1835.07406285,1
1e7278102e20441accd0060831e47f51,2026-10-07,2026-10-07 19:09:20.000 UTC,454312358,5YZq3T76GzPxtRxPFQd5gQ5u4Qpz3UZkcYZGnXMSsrhhz5U7mvfwWJ3htVGpHphrNoMMB5neznN4CTi1DxKCsnUS,transfer,81RwTUf7ZvM5GpeG5q5aGemnxPQLzKAXEF6qPDzNQKDn,GpMZbSM2GgvTKHJirzeGfMFoaZ8UR2X7F4v8vHTvxFbL,95BGpzYf6m74RDhE6Y7pSVFPiBKuUvQhoDtf41nZUHcb,GJrjTyjw8vEL4FUVVnKmfvYKZamyjNgwxxprciNkQ9AE,183507406285,1835.07406285,1
0e99fefb85bb1e733d217c75ca1d93c6,2026-10-07,2026-10-07 19:11:19.000 UTC,454312800,3d3f9XgCyk4aWichcSGDwbPKkUXJddp9ge7uSCaapoBp8muX5tScG6cN8pBeTKRc34wVhevGeQ6KtWU7pwuCVqHU,transfer,J3cdRYTeQAnZUhYRcVpk9abqEuRWTrtxb5fUbgh2aADn,78Bo7xxGWBEvqbh3VMKvkFG4Z63cXKSJ2LCEXAanhN7a,7r4TcfVhcYuuh3of8S8igoV7AeyNfwcnRhAaA8FfvSgP,H4dF1Hr9YcAqNEUsfGVnxa9qL3dbgJ5fa6PaffqtR7UD,95719714871,957.19714871,1
1b7d25bd3fb222c2b565855531542c81,2026-10-07,2026-10-07 19:11:19.000 UTC,454312800,3d3f9XgCyk4aWichcSGDwbPKkUXJddp9ge7uSCaapoBp8muX5tScG6cN8pBeTKRc34wVhevGeQ6KtWU7pwuCVqHU,transfer,78Bo7xxGWBEvqbh3VMKvkFG4Z63cXKSJ2LCEXAanhN7a,GpMZbSM2GgvTKHJirzeGfMFoaZ8UR2X7F4v8vHTvxFbL,H4dF1Hr9YcAqNEUsfGVnxa9qL3dbgJ5fa6PaffqtR7UD,GJrjTyjw8vEL4FUVVnKmfvYKZamyjNgwxxprciNkQ9AE,95719714871,957.19714871,1
691cb214e7837389579e3f4978f0506b,2026-10-07,2026-10-07 19:11:24.000 UTC,454312821,3Wn7hmhNrGd4KceAMRFbrNRvePomELpu3S4zPNWkMy6eFz7enFbXEcsazYRHgvRsRUsTyGpGEypCBRSVPmZTKnUn,transfer,C39ohmu1fxbQubgW9JVgDBHrKzgvr7RNrySdntdzfTyW,GpMZbSM2GgvTKHJirzeGfMFoaZ8UR2X7F4v8vHTvxFbL,HmTcCiobZ6csNaxwbAUrYW69AwUKu4zNxhHqyo46jUnL,GJrjTyjw8vEL4FUVVnKmfvYKZamyjNgwxxprciNkQ9AE,70284964922,702.84964922,1
84b728e6ef6ca6dad5dac6ffd74f81e9,2026-10-07,2026-10-07 19:11:24.000 UTC,454312821,3Wn7hmhNrGd4KceAMRFbrNRvePomELpu3S4zPNWkMy6eFz7enFbXEcsazYRHgvRsRUsTyGpGEypCBRSVPmZTKnUn,transfer,J3cdRYTeQAnZUhYRcVpk9abqEuRWTrtxb5fUbgh2aADn,C39ohmu1fxbQubgW9JVgDBHrKzgvr7RNrySdntdzfTyW,7r4TcfVhcYuuh3of8S8igoV7AeyNfwcnRhAaA8FfvSgP,HmTcCiobZ6csNaxwbAUrYW69AwUKu4zNxhHqyo46jUnL,70284964922,702.84964922,1
46d831cd259723eba0b9853dcc247e1d,2026-10-07,2026-10-07 19:18:21.000 UTC,454314320,4LWYVASJs4HZX2sMDbfRDMXhCDtqgKtJ1wxoYX1B2LJ8wnpSKosUA2YD6eo7GKdou6DVy6EJoVeUBhgtnS7p2ogd,transfer,GGztQqQ6pCPaJQnNpXBgELr5cs3WwDakRbh1iEMzjgSJ,5QsyByFVJcg7oN76Ma26KEDFQdHt1tsiVExK94zURzfd,GAGPmq9W6rjGFQEa7qsaPycAyuG6q3gAL8Xv7Po3GpoE,8joUsyKkRQzxUWHwuXjLAnnxdR8q4yy6VicKt2mJFCPC,9169337376626,91693.37376626,1
ab8f542ae782de54c416c7f173f2ee3c,2026-10-07,2026-10-07 19:18:21.000 UTC,454314320,4LWYVASJs4HZX2sMDbfRDMXhCDtqgKtJ1wxoYX1B2LJ8wnpSKosUA2YD6eo7GKdou6DVy6EJoVeUBhgtnS7p2ogd,transfer,J3cdRYTeQAnZUhYRcVpk9abqEuRWTrtxb5fUbgh2aADn,GGztQqQ6pCPaJQnNpXBgELr5cs3WwDakRbh1iEMzjgSJ,7r4TcfVhcYuuh3of8S8igoV7AeyNfwcnRhAaA8FfvSgP,GAGPmq9W6rjGFQEa7qsaPycAyuG6q3gAL8Xv7Po3GpoE,9169337376626,91693.37376626,1
cbc9c73b546af6bb57e917e29d1ab142,2026-10-07,2026-10-07 19:18:32.000 UTC,454314364,5J3uTw5QFP7HyFBLe8iYwqqgYPt2H2eksUA7r77uZ45bJ3CRikYgF4KJPp1bzTsNErPQh9m7jRP319kqYrixSGhg,burn,5QsyByFVJcg7oN76Ma26KEDFQdHt1tsiVExK94zURzfd,,8joUsyKkRQzxUWHwuXjLAnnxdR8q4yy6VicKt2mJFCPC,,10058838444733,100588.38444733,1
1818a8d9db6df48a8b43ce9a4c9fd3ee,2026-10-07,2026-10-07 19:18:51.000 UTC,454314432,4mZtd9e87sLuR517FWMMbTW1hgkmh6YNSteaeLYDFnw7f6LnHHLCu3SHcpFPHx3MBhLsN7U62jvQKLyPSJ5opBEr,transfer,81RwTUf7ZvM5GpeG5q5aGemnxPQLzKAXEF6qPDzNQKDn,J3cdRYTeQAnZUhYRcVpk9abqEuRWTrtxb5fUbgh2aADn,95BGpzYf6m74RDhE6Y7pSVFPiBKuUvQhoDtf41nZUHcb,7r4TcfVhcYuuh3of8S8igoV7AeyNfwcnRhAaA8FfvSgP,597025635785,5970.25635785,1
b72bc2c25ebd2dc92c47738b3eabd825,2026-10-07,2026-10-07 19:18:51.000 UTC,454314432,4mZtd9e87sLuR517FWMMbTW1hgkmh6YNSteaeLYDFnw7f6LnHHLCu3SHcpFPHx3MBhLsN7U62jvQKLyPSJ5opBEr,transfer,GpMZbSM2GgvTKHJirzeGfMFoaZ8UR2X7F4v8vHTvxFbL,81RwTUf7ZvM5GpeG5q5aGemnxPQLzKAXEF6qPDzNQKDn,35hKKpdPTy495wFTybw5wajHp4ZNSyQA5KZXd7cN9hB7,95BGpzYf6m74RDhE6Y7pSVFPiBKuUvQhoDtf41nZUHcb,597025635785,5970.25635785,1
bd71348774aaf0441c6e1c83831165a2,2026-10-07,2026-10-07 19:19:21.000 UTC,454314542,3UywVYPuTwq5hGEWmd1FcMFNLf2pPPZiqZkrCPDK7njfgPtZMgHcCsao5Hj9MqJ9GfEQN2mu7sG7LGPDoaBMafpV,transfer,81RwTUf7ZvM5GpeG5q5aGemnxPQLzKAXEF6qPDzNQKDn,J3cdRYTeQAnZUhYRcVpk9abqEuRWTrtxb5fUbgh2aADn,95BGpzYf6m74RDhE6Y7pSVFPiBKuUvQhoDtf41nZUHcb,7r4TcfVhcYuuh3of8S8igoV7AeyNfwcnRhAaA8FfvSgP,251025149698,2510.25149698,1
034ef43fd06ed3d3f1b8262809f6b6ac,2026-10-07,2026-10-07 19:19:21.000 UTC,454314542,3UywVYPuTwq5hGEWmd1FcMFNLf2pPPZiqZkrCPDK7njfgPtZMgHcCsao5Hj9MqJ9GfEQN2mu7sG7LGPDoaBMafpV,transfer,GpMZbSM2GgvTKHJirzeGfMFoaZ8UR2X7F4v8vHTvxFbL,81RwTUf7ZvM5GpeG5q5aGemnxPQLzKAXEF6qPDzNQKDn,35hKKpdPTy495wFTybw5wajHp4ZNSyQA5KZXd7cN9hB7,95BGpzYf6m74RDhE6Y7pSVFPiBKuUvQhoDtf41nZUHcb,251025149698,2510.25149698,1
a604b45b446d62384584a1ec8ae50adf,2026-10-07,2026-10-07 19:19:32.000 UTC,454314580,3HocNNKgYDfBJyRhSkZpyEhMa3n6TET8gY3HzrSuZgdNW4GPpTuRRzNonHn4oZRqqDDfhaEVYZvmFiUbdAQRiRYK,transfer,GpMZbSM2GgvTKHJirzeGfMFoaZ8UR2X7F4v8vHTvxFbL,81RwTUf7ZvM5GpeG5q5aGemnxPQLzKAXEF6qPDzNQKDn,GJrjTyjw8vEL4FUVVnKmfvYKZamyjNgwxxprciNkQ9AE,95BGpzYf6m74RDhE6Y7pSVFPiBKuUvQhoDtf41nZUHcb,151647166863,1516.47166863,1
0b4d8fe88b3ea5762b2269704ed92880,2026-10-07,2026-10-07 19:19:32.000 UTC,454314580,3HocNNKgYDfBJyRhSkZpyEhMa3n6TET8gY3HzrSuZgdNW4GPpTuRRzNonHn4oZRqqDDfhaEVYZvmFiUbdAQRiRYK,transfer,81RwTUf7ZvM5GpeG5q5aGemnxPQLzKAXEF6qPDzNQKDn,J3cdRYTeQAnZUhYRcVpk9abqEuRWTrtxb5fUbgh2aADn,95BGpzYf6m74RDhE6Y7pSVFPiBKuUvQhoDtf41nZUHcb,7r4TcfVhcYuuh3of8S8igoV7AeyNfwcnRhAaA8FfvSgP,151647166863,1516.47166863,1
20a7d2f8534250e7434c97caeac8aed4,2026-10-07,2026-10-07 19:19:38.000 UTC,454314603,2M7rWKc8Bp3q3vRc7SDQTPHdCNHWAnA69MVunWa3q4FhEVui5MD8QNrvfQ1CTrZ68YGSNdk4m4zYoN5SvjzqDka6,transfer,3U2tSmABCEnt9ePiRf2kyqgja3Bh58gtHjHvdWrZv7QF,J3cdRYTeQAnZUhYRcVpk9abqEuRWTrtxb5fUbgh2aADn,4jc6e5ZsaEDAzR2SxSMt9DQfHVESWwRK9A9p5WvaRHxa,7r4TcfVhcYuuh3of8S8igoV7AeyNfwcnRhAaA8FfvSgP,70846502273,708.46502273,1
5a2b0125e42590cda609790341207ddb,2026-10-07,2026-10-07 19:19:38.000 UTC,454314603,2M7rWKc8Bp3q3vRc7SDQTPHdCNHWAnA69MVunWa3q4FhEVui5MD8QNrvfQ1CTrZ68YGSNdk4m4zYoN5SvjzqDka6,transfer,GpMZbSM2GgvTKHJirzeGfMFoaZ8UR2X7F4v8vHTvxFbL,3U2tSmABCEnt9ePiRf2kyqgja3Bh58gtHjHvdWrZv7QF,GJrjTyjw8vEL4FUVVnKmfvYKZamyjNgwxxprciNkQ9AE,4jc6e5ZsaEDAzR2SxSMt9DQfHVESWwRK9A9p5WvaRHxa,70846502273,708.46502273,1
f35913deb1da04b8e2c8a74df36d33e8,2026-10-07,2026-10-07 19:19:44.000 UTC,454314628,2iXgJQoJUyRrx2Bp1BpBMgyPDnoP7XXcyY5ZJnxZLVKGin8vHQc27r9gMZgUiUiimongEQzGGXEHwwdhq5gSPRQR,transfer,78Bo7xxGWBEvqbh3VMKvkFG4Z63cXKSJ2LCEXAanhN7a,J3cdRYTeQAnZUhYRcVpk9abqEuRWTrtxb5fUbgh2aADn,H4dF1Hr9YcAqNEUsfGVnxa9qL3dbgJ5fa6PaffqtR7UD,7r4TcfVhcYuuh3of8S8igoV7AeyNfwcnRhAaA8FfvSgP,77995990394,779.95990394,1
d60a30fc7bb086e274feb533d018697c,2026-10-07,2026-10-07 19:19:44.000 UTC,454314628,2iXgJQoJUyRrx2Bp1BpBMgyPDnoP7XXcyY5ZJnxZLVKGin8vHQc27r9gMZgUiUiimongEQzGGXEHwwdhq5gSPRQR,transfer,GpMZbSM2GgvTKHJirzeGfMFoaZ8UR2X7F4v8vHTvxFbL,78Bo7xxGWBEvqbh3VMKvkFG4Z63cXKSJ2LCEXAanhN7a,GJrjTyjw8vEL4FUVVnKmfvYKZamyjNgwxxprciNkQ9AE,H4dF1Hr9YcAqNEUsfGVnxa9qL3dbgJ5fa6PaffqtR7UD,77995990394,779.95990394,1
c2bacec8dd0e5562a35453a770f928cf,2026-10-07,2026-10-07 19:20:27.000 UTC,454314788,gqxyRazex9z3bic7SE8hSN2r6e4sXv97HHGvVdujSpjysNPwtzqHcanvwmeGvvDqxaqDN6Y3r8hDAvZ6xhiA6qx,transfer,GpMZbSM2GgvTKHJirzeGfMFoaZ8UR2X7F4v8vHTvxFbL,78Bo7xxGWBEvqbh3VMKvkFG4Z63cXKSJ2LCEXAanhN7a,GJrjTyjw8vEL4FUVVnKmfvYKZamyjNgwxxprciNkQ9AE,H4dF1Hr9YcAqNEUsfGVnxa9qL3dbgJ5fa6PaffqtR7UD,76495410929,764.95410929,1
3c00baa64f7f9b3d6790fa06c54e8afd,2026-10-07,2026-10-07 19:20:27.000 UTC,454314788,gqxyRazex9z3bic7SE8hSN2r6e4sXv97HHGvVdujSpjysNPwtzqHcanvwmeGvvDqxaqDN6Y3r8hDAvZ6xhiA6qx,transfer,78Bo7xxGWBEvqbh3VMKvkFG4Z63cXKSJ2LCEXAanhN7a,J3cdRYTeQAnZUhYRcVpk9abqEuRWTrtxb5fUbgh2aADn,H4dF1Hr9YcAqNEUsfGVnxa9qL3dbgJ5fa6PaffqtR7UD,7r4TcfVhcYuuh3of8S8igoV7AeyNfwcnRhAaA8FfvSgP,76495410929,764.95410929,1
0d99b39ab4bb6af2c821c8b8d82b1bc2,2026-10-07,2026-10-07 19:32:47.000 UTC,454317541,sqdRwNHJrkd8ooPdmGq3GydtZbdadhwiEx3mBdHqS5yPKm36a5YbBC445z8rAQzvPfSVNAYBqPRUPjwTXSfyxcR,transfer,GGztQqQ6pCPaJQnNpXBgELr5cs3WwDakRbh1iEMzjgSJ,5QsyByFVJcg7oN76Ma26KEDFQdHt1tsiVExK94zURzfd,GAGPmq9W6rjGFQEa7qsaPycAyuG6q3gAL8Xv7Po3GpoE,8joUsyKkRQzxUWHwuXjLAnnxdR8q4yy6VicKt2mJFCPC,1525954756440,15259.5475644,1
76080108a0cbe97616a083ea9a82a3ae,2026-10-07,2026-10-07 19:32:47.000 UTC,454317541,sqdRwNHJrkd8ooPdmGq3GydtZbdadhwiEx3mBdHqS5yPKm36a5YbBC445z8rAQzvPfSVNAYBqPRUPjwTXSfyxcR,transfer,J3cdRYTeQAnZUhYRcVpk9abqEuRWTrtxb5fUbgh2aADn,GGztQqQ6pCPaJQnNpXBgELr5cs3WwDakRbh1iEMzjgSJ,7r4TcfVhcYuuh3of8S8igoV7AeyNfwcnRhAaA8FfvSgP,GAGPmq9W6rjGFQEa7qsaPycAyuG6q3gAL8Xv7Po3GpoE,1525954756440,15259.5475644,1
0e25f087c9e7376e07cb3f7998db4966,2026-10-07,2026-10-07 19:32:48.000 UTC,454317542,4tSk3rAxuCqhHsPz151miQ5cMCfvKHh9LY5RwzoAaDCQE9Y3H2MQtsUc6oSxRma9CmFpdUcHHCZwGWWs39CrZqBF,transfer,HWGoJ1HaMFUiDgfD7FVxMaYJAE2A5JjF7si6CgWSvRFQ,J3cdRYTeQAnZUhYRcVpk9abqEuRWTrtxb5fUbgh2aADn,CVefxucki1YuVTmZnT6t2ZgweStgZQJNwDdawBGjRK59,7r4TcfVhcYuuh3of8S8igoV7AeyNfwcnRhAaA8FfvSgP,47155864462,471.55864462,1
5457f206db5312946928a63cc880956c,2026-10-07,2026-10-07 19:32:48.000 UTC,454317542,4tSk3rAxuCqhHsPz151miQ5cMCfvKHh9LY5RwzoAaDCQE9Y3H2MQtsUc6oSxRma9CmFpdUcHHCZwGWWs39CrZqBF,transfer,GpMZbSM2GgvTKHJirzeGfMFoaZ8UR2X7F4v8vHTvxFbL,HWGoJ1HaMFUiDgfD7FVxMaYJAE2A5JjF7si6CgWSvRFQ,35hKKpdPTy495wFTybw5wajHp4ZNSyQA5KZXd7cN9hB7,CVefxucki1YuVTmZnT6t2ZgweStgZQJNwDdawBGjRK59,47155864462,471.55864462,1
9e9909da4350c13392f0fdc21511d27b,2026-10-07,2026-10-07 19:32:48.000 UTC,454317542,6478vjeT9v6kzrjZvcYatumkpZ7QfmyYJQT2efkyb9RFZTDJ9NM1s9zDtvPdVyDCxL8CKf9Ybk2mHUwL9smTY3i6,transfer,56YM95f3yAmNbVxHRfho1MAx78GBL1fTjQGwaMDYVmNm,J3cdRYTeQAnZUhYRcVpk9abqEuRWTrtxb5fUbgh2aADn,3GKvrTzYUCyfKHuShFYh39KNbwPqbX3jV9mfkZu71cTX,7r4TcfVhcYuuh3of8S8igoV7AeyNfwcnRhAaA8FfvSgP,158899642203,1588.99642203,1
b34bb83aecef8a12832a7c3f9e990b54,2026-10-07,2026-10-07 19:32:48.000 UTC,454317542,6478vjeT9v6kzrjZvcYatumkpZ7QfmyYJQT2efkyb9RFZTDJ9NM1s9zDtvPdVyDCxL8CKf9Ybk2mHUwL9smTY3i6,transfer,GpMZbSM2GgvTKHJirzeGfMFoaZ8UR2X7F4v8vHTvxFbL,56YM95f3yAmNbVxHRfho1MAx78GBL1fTjQGwaMDYVmNm,35hKKpdPTy495wFTybw5wajHp4ZNSyQA5KZXd7cN9hB7,3GKvrTzYUCyfKHuShFYh39KNbwPqbX3jV9mfkZu71cTX,158899642203,1588.99642203,1
970a02653d7ce159d25c4ae8c7314ca7,2026-10-07,2026-10-07 19:45:52.000 UTC,454320433,3CQpLkSMm3EtgfnqkEKcmb9ymCvfu9cCnsjQu1cikz5RTjUHKQWvakgYmXz7fno3ScRBKEM3bbpJa8SmzzyTTLXe,transfer,5QsyByFVJcg7oN76Ma26KEDFQdHt1tsiVExK94zURzfd,GpMZbSM2GgvTKHJirzeGfMFoaZ8UR2X7F4v8vHTvxFbL,8joUsyKkRQzxUWHwuXjLAnnxdR8q4yy6VicKt2mJFCPC,35hKKpdPTy495wFTybw5wajHp4ZNSyQA5KZXd7cN9hB7,620246759897,6202.46759897,1
6454cd00c8d6d2b2a02bc02197ad71e3,2026-10-07,2026-10-07 19:54:21.000 UTC,454322315,63KAVFWoY198tK6MKwz35yw5ey5drxNKF5juZjq9L1QdnFDjbVERxrcfVvuUhNpEgLT5KqgwjdZ22RTcdXCscT79,transfer,ARu4n5mFdZogZAravu7CcizaojWnS6oqka37gdLT5SZn,9coWAGuyVR1hTKJLQjDEKFjJF2Kk3qBqU6Cm46HUwJGK,3CCaDwLVKs3WBE6bFG58Q9qaHmGfRrjUvEnEcuiCbY87,BDAPhju7Lc5ERUM34u3DsZgE7UrjLASQK8LFF93U1FYa,500910359612,5009.10359612,1
edff50b719121294f6d1de4aa6c6ee2d,2026-10-07,2026-10-07 19:54:21.000 UTC,454322315,63KAVFWoY198tK6MKwz35yw5ey5drxNKF5juZjq9L1QdnFDjbVERxrcfVvuUhNpEgLT5KqgwjdZ22RTcdXCscT79,transfer,J3cdRYTeQAnZUhYRcVpk9abqEuRWTrtxb5fUbgh2aADn,ARu4n5mFdZogZAravu7CcizaojWnS6oqka37gdLT5SZn,7r4TcfVhcYuuh3of8S8igoV7AeyNfwcnRhAaA8FfvSgP,3CCaDwLVKs3WBE6bFG58Q9qaHmGfRrjUvEnEcuiCbY87,235201685896,2352.01685896,1
28a159d286aa3396f40a7641c0ae41ec,2026-10-07,2026-10-07 19:54:21.000 UTC,454322315,63KAVFWoY198tK6MKwz35yw5ey5drxNKF5juZjq9L1QdnFDjbVERxrcfVvuUhNpEgLT5KqgwjdZ22RTcdXCscT79,transfer,GpMZbSM2GgvTKHJirzeGfMFoaZ8UR2X7F4v8vHTvxFbL,ARu4n5mFdZogZAravu7CcizaojWnS6oqka37gdLT5SZn,35hKKpdPTy495wFTybw5wajHp4ZNSyQA5KZXd7cN9hB7,3CCaDwLVKs3WBE6bFG58Q9qaHmGfRrjUvEnEcuiCbY87,265708681636,2657.08681636,1
d2affdb2a739602226de20ee6ac3899a,2026-10-07,2026-10-07 19:54:21.000 UTC,454322315,63KAVFWoY198tK6MKwz35yw5ey5drxNKF5juZjq9L1QdnFDjbVERxrcfVvuUhNpEgLT5KqgwjdZ22RTcdXCscT79,transfer,ARu4n5mFdZogZAravu7CcizaojWnS6oqka37gdLT5SZn,8psNvWTrdNTiVRNzAgsou9kETXNJm2SXZyaKuJraVRtf,3CCaDwLVKs3WBE6bFG58Q9qaHmGfRrjUvEnEcuiCbY87,CFYg9oE2LZags4qVGrvvYsEDYAL6mWe7sCYGfWdLLRsY,7920,7.92e-05,1
add6dd61bd83fdc98dfa4c74d20b5939,2026-10-07,2026-10-07 19:54:40.000 UTC,454322384,57BXjFtAZ2D9q1F9wsEBWeuy1ZPyL6t6Sdp7QfaetKSQm15TVe7i9RY5pYfFRpBodRCUPgBPjgqNEihPWxzuY255,transfer,9coWAGuyVR1hTKJLQjDEKFjJF2Kk3qBqU6Cm46HUwJGK,ARu4n5mFdZogZAravu7CcizaojWnS6oqka37gdLT5SZn,BDAPhju7Lc5ERUM34u3DsZgE7UrjLASQK8LFF93U1FYa,3CCaDwLVKs3WBE6bFG58Q9qaHmGfRrjUvEnEcuiCbY87,910359612,9.10359612,1
d6336dfd24f676b3142bec0fdb00d48f,2026-10-07,2026-10-07 19:54:40.000 UTC,454322384,57BXjFtAZ2D9q1F9wsEBWeuy1ZPyL6t6Sdp7QfaetKSQm15TVe7i9RY5pYfFRpBodRCUPgBPjgqNEihPWxzuY255,transfer,ARu4n5mFdZogZAravu7CcizaojWnS6oqka37gdLT5SZn,J3cdRYTeQAnZUhYRcVpk9abqEuRWTrtxb5fUbgh2aADn,3CCaDwLVKs3WBE6bFG58Q9qaHmGfRrjUvEnEcuiCbY87,7r4TcfVhcYuuh3of8S8igoV7AeyNfwcnRhAaA8FfvSgP,910359612,9.10359612,1
0374304c1b646b0304fcb44f13341eae,2026-10-07,2026-10-07 21:29:54.000 UTC,454343541,5FCDVnywvmqqjLpGAivr8vQW8EL15m5FeVxxJ3dG3Midp3r35weaRy4Mf1EfdiHtQdT6Lo4SE8CQmR7VZUhDcvjX,transfer,GLiYSPL4gtGxRKvMNVBAhQtoGjJyE49Ge1kD2E9g6daq,HPwoXoKftjG9wB2FC52wcuYYX1Y4J8jcRZbAzi99urSZ,HZRbgV4mUuCnreXqYpW1iQjj7xRB6q3FKxBZ6bJwNvDL,AEuoCC1otnDY6NDevvx8p3ri8AoKVQ51FZWo81gTwd5J,17500000000000,175000,1
714ae3920d132ab29728e2dd9f8d12e2,2026-10-07,2026-10-07 21:32:43.000 UTC,454344169,5yS4BUghBx9j7MuyAsEvcy9ybBL7stzzEYUcKMRfFeg535Zd4Mj6QoL2pFtzNNxiwAqKK1vd68W1aBXWjTb3wxm3,transfer,HPwoXoKftjG9wB2FC52wcuYYX1Y4J8jcRZbAzi99urSZ,5cLJnpSPrCpx2hqNYjq6iRtEa8ZW5FZXBn6ecRH39m9x,AEuoCC1otnDY6NDevvx8p3ri8AoKVQ51FZWo81gTwd5J,H49reFCTCL8aSDmLC4wjGEDg2TEHd3TJq4ByJvXJA1UT,16915351677293,169153.51677293,1
9a01e0d396d8fd22fdfcc5cd35e66e26,2026-10-07,2026-10-07 21:33:21.000 UTC,454344310,3C8Y5zCRhgjiKpiYTDd8Sv17Xme7bdXnDSpmGxfp8FLTDPGXdyBqGP9unTxxtYM4hXX6qCAFdy4Ehg9raUnqAWdC,transfer,5cLJnpSPrCpx2hqNYjq6iRtEa8ZW5FZXBn6ecRH39m9x,GpMZbSM2GgvTKHJirzeGfMFoaZ8UR2X7F4v8vHTvxFbL,H49reFCTCL8aSDmLC4wjGEDg2TEHd3TJq4ByJvXJA1UT,35hKKpdPTy495wFTybw5wajHp4ZNSyQA5KZXd7cN9hB7,580486888531,5804.86888531,1
0c4f4dfd1dd695f187bddf170c101654,2026-10-07,2026-10-07 21:33:21.000 UTC,454344310,3C8Y5zCRhgjiKpiYTDd8Sv17Xme7bdXnDSpmGxfp8FLTDPGXdyBqGP9unTxxtYM4hXX6qCAFdy4Ehg9raUnqAWdC,transfer,5cLJnpSPrCpx2hqNYjq6iRtEa8ZW5FZXBn6ecRH39m9x,J3cdRYTeQAnZUhYRcVpk9abqEuRWTrtxb5fUbgh2aADn,H49reFCTCL8aSDmLC4wjGEDg2TEHd3TJq4ByJvXJA1UT,7r4TcfVhcYuuh3of8S8igoV7AeyNfwcnRhAaA8FfvSgP,4048595155229,40485.95155229,1
9ae296d304d0409da7f00ea1fbd2c57f,2026-10-07,2026-10-07 22:07:33.000 UTC,454351914,5nDCi87BHKkAj12fMzQXtQ1kxUGvi4qhbR37aQVfecwGA8xUdksoGhS9ZLiRLgCGJyMRzCgGveypdzDV8RLwRNtE,transfer,ARu4n5mFdZogZAravu7CcizaojWnS6oqka37gdLT5SZn,GpMZbSM2GgvTKHJirzeGfMFoaZ8UR2X7F4v8vHTvxFbL,3CCaDwLVKs3WBE6bFG58Q9qaHmGfRrjUvEnEcuiCbY87,35hKKpdPTy495wFTybw5wajHp4ZNSyQA5KZXd7cN9hB7,362589395704,3625.89395704,1
609a14e2bf62ccf29e442b3d1441234a,2026-10-07,2026-10-07 22:07:33.000 UTC,454351914,5nDCi87BHKkAj12fMzQXtQ1kxUGvi4qhbR37aQVfecwGA8xUdksoGhS9ZLiRLgCGJyMRzCgGveypdzDV8RLwRNtE,transfer,ARu4n5mFdZogZAravu7CcizaojWnS6oqka37gdLT5SZn,J3cdRYTeQAnZUhYRcVpk9abqEuRWTrtxb5fUbgh2aADn,3CCaDwLVKs3WBE6bFG58Q9qaHmGfRrjUvEnEcuiCbY87,7r4TcfVhcYuuh3of8S8igoV7AeyNfwcnRhAaA8FfvSgP,2933677837966,29336.77837966,1
b0056fa5370c9da3f8e5afe8b6eb05da,2026-10-07,2026-10-07 22:07:33.000 UTC,454351914,5nDCi87BHKkAj12fMzQXtQ1kxUGvi4qhbR37aQVfecwGA8xUdksoGhS9ZLiRLgCGJyMRzCgGveypdzDV8RLwRNtE,transfer,5cLJnpSPrCpx2hqNYjq6iRtEa8ZW5FZXBn6ecRH39m9x,ARu4n5mFdZogZAravu7CcizaojWnS6oqka37gdLT5SZn,H49reFCTCL8aSDmLC4wjGEDg2TEHd3TJq4ByJvXJA1UT,3CCaDwLVKs3WBE6bFG58Q9qaHmGfRrjUvEnEcuiCbY87,3296267233670,32962.6723367,1
eab15b70ea769e89462a258efbdb88f9,2026-10-07,2026-10-07 23:17:32.000 UTC,454367533,3bzrFpnrzDQjn6vBNPq5car72mN8AaWneT5tfHaGbSQAKs7jqfANrNT4NKudEcTNDfka4KiUiMmzY8f4XWRtfyu4,transfer,72CHLgXmy2R82TWZ3oXPqZNgBjYFZc8kXFvv6C9QU11D,J3cdRYTeQAnZUhYRcVpk9abqEuRWTrtxb5fUbgh2aADn,3x3CkdxbgH5Rj6JeX2LmXZ7BEtMUejajCL2yR868rSVE,7r4TcfVhcYuuh3of8S8igoV7AeyNfwcnRhAaA8FfvSgP,123400000000,1234,1
754755866099a694ba3b08894aaf2207,2026-10-07,2026-10-07 23:36:59.000 UTC,454371877,5Gf14tM9QegE82vEDqMYBEgP6C7toweMxSyXVC8MaHKcUT2XWEfsHPcN3X9fv5MGPUx1FZzbNPwQvGbHRXHrRP88,transfer,DMXCJyHrLQFRaoFJgfNu3eZzWxbEnoKfjgEggWyaZ2LT,J3cdRYTeQAnZUhYRcVpk9abqEuRWTrtxb5fUbgh2aADn,rTm2Qj2jp6r5oa18NvAX7wQssnNZ3yqAhi2yb36cXFQ,7r4TcfVhcYuuh3of8S8igoV7AeyNfwcnRhAaA8FfvSgP,3937284756,39.37284756,1
7eaf9ff6702dad91435e605bdedb3eb1,2026-10-08,2026-10-08 00:27:56.000 UTC,454383251,32rWGaUFVQx2DXTaV4cqKSh7AVPVAKEFgUXtRH4w24pZS2ovm9sZxYAp3jVExjV2PjwyCwMRQwir1gs4ge8Dj3BC,transfer,FwVy6M7jbNvkHC6WspxEBTU1xaFrD7YxyWgFAHcgaKnh,8psNvWTrdNTiVRNzAgsou9kETXNJm2SXZyaKuJraVRtf,FedhPmf5H16t2ZLFQZCX9NfY7oFoi2XyQDMsMksYn1tH,CFYg9oE2LZags4qVGrvvYsEDYAL6mWe7sCYGfWdLLRsY,916174884,9.16174884,1
abbe49b88fa5ce7e8969ff39bef9f298,2026-10-08,2026-10-08 00:27:56.000 UTC,454383251,5Pam8hpE2KpgEwaadQszphaTWCQQgkFaG2dD5tVJGeWvVsLEWNmA1rg9B3gGehXQXfHAezovPTVjvYL5bdt5ZuRc,transfer,ARu4n5mFdZogZAravu7CcizaojWnS6oqka37gdLT5SZn,8psNvWTrdNTiVRNzAgsou9kETXNJm2SXZyaKuJraVRtf,3CCaDwLVKs3WBE6bFG58Q9qaHmGfRrjUvEnEcuiCbY87,CFYg9oE2LZags4qVGrvvYsEDYAL6mWe7sCYGfWdLLRsY,8013,8.013e-05,1
10e0487294367c497c87b12c4ff3518b,2026-10-08,2026-10-08 00:27:56.000 UTC,454383251,5Pam8hpE2KpgEwaadQszphaTWCQQgkFaG2dD5tVJGeWvVsLEWNmA1rg9B3gGehXQXfHAezovPTVjvYL5bdt5ZuRc,transfer,J3cdRYTeQAnZUhYRcVpk9abqEuRWTrtxb5fUbgh2aADn,ARu4n5mFdZogZAravu7CcizaojWnS6oqka37gdLT5SZn,7r4TcfVhcYuuh3of8S8igoV7AeyNfwcnRhAaA8FfvSgP,3CCaDwLVKs3WBE6bFG58Q9qaHmGfRrjUvEnEcuiCbY87,1515103355992,15151.03355992,1
1ffe534bb3beeb01af9a7d617711831b,2026-10-08,2026-10-08 00:27:56.000 UTC,454383251,5Pam8hpE2KpgEwaadQszphaTWCQQgkFaG2dD5tVJGeWvVsLEWNmA1rg9B3gGehXQXfHAezovPTVjvYL5bdt5ZuRc,transfer,GpMZbSM2GgvTKHJirzeGfMFoaZ8UR2X7F4v8vHTvxFbL,ARu4n5mFdZogZAravu7CcizaojWnS6oqka37gdLT5SZn,35hKKpdPTy495wFTybw5wajHp4ZNSyQA5KZXd7cN9hB7,3CCaDwLVKs3WBE6bFG58Q9qaHmGfRrjUvEnEcuiCbY87,187093493587,1870.93493587,1
08be1a9794be251880e76d86e631730c,2026-10-08,2026-10-08 00:27:56.000 UTC,454383251,5Pam8hpE2KpgEwaadQszphaTWCQQgkFaG2dD5tVJGeWvVsLEWNmA1rg9B3gGehXQXfHAezovPTVjvYL5bdt5ZuRc,transfer,ARu4n5mFdZogZAravu7CcizaojWnS6oqka37gdLT5SZn,FwVy6M7jbNvkHC6WspxEBTU1xaFrD7YxyWgFAHcgaKnh,3CCaDwLVKs3WBE6bFG58Q9qaHmGfRrjUvEnEcuiCbY87,FedhPmf5H16t2ZLFQZCX9NfY7oFoi2XyQDMsMksYn1tH,1702196841566,17021.96841566,1
0b1bc5e8f144c25cbd7de671643bfc9d,2026-10-08,2026-10-08 00:30:21.000 UTC,454383783,354bh8W8khTQ1BmAuKJMJcun9ieayRsdyAwQGJoGWkpAgVPKTx2QYxCHVTExpUiwD2qGvHTaKVi1CPo2UVF95Uyp,transfer,HU23r7UoZbqTUuh3vA7emAGztFtqwTeVips789vqxxBw,J3cdRYTeQAnZUhYRcVpk9abqEuRWTrtxb5fUbgh2aADn,4BZRoBy9JsdP9k4pLxh9N5wzA3ZDrsM3tojyRR4xLdpZ,7r4TcfVhcYuuh3of8S8igoV7AeyNfwcnRhAaA8FfvSgP,2768187031740,27681.8703174,1
ebaf045d259580a5c917a11b117d68c8,2026-10-08,2026-10-08 00:30:21.000 UTC,454383783,354bh8W8khTQ1BmAuKJMJcun9ieayRsdyAwQGJoGWkpAgVPKTx2QYxCHVTExpUiwD2qGvHTaKVi1CPo2UVF95Uyp,transfer,Fq79gnMzgnMTPNEmwYBzLKu55TsRFfTUN2BcRkw3ZmVU,HU23r7UoZbqTUuh3vA7emAGztFtqwTeVips789vqxxBw,56XY3uADPeD853QdRDWT4H9NbxDUkup5qbeBgS8nyQpD,4BZRoBy9JsdP9k4pLxh9N5wzA3ZDrsM3tojyRR4xLdpZ,2768187031740,27681.8703174,1
c29bf3ed3d27a0c7b137f326a60b4500,2026-10-08,2026-10-08 00:36:37.000 UTC,454385186,zPKivHpuJiQB5igVhX7Ks4Ta5eXsKSPcbKHrNyDfTTFyXnxJes2y64n9fh9ZgWj95xn8XrunvV17iX8GNFhXUj2,transfer,D5YqVMoSxnqeZAKAUUE1Dm3bmjtdxQ5DCF356ozqN9cM,GpMZbSM2GgvTKHJirzeGfMFoaZ8UR2X7F4v8vHTvxFbL,2KJkRj5rk5ft92WTTT5NYQThgX6SHStiqsyffyhjDWb4,35hKKpdPTy495wFTybw5wajHp4ZNSyQA5KZXd7cN9hB7,426462436463,4264.62436463,1
66ba2e54284415096fa761647d0b0313,2026-10-08,2026-10-08 00:36:37.000 UTC,454385186,zPKivHpuJiQB5igVhX7Ks4Ta5eXsKSPcbKHrNyDfTTFyXnxJes2y64n9fh9ZgWj95xn8XrunvV17iX8GNFhXUj2,transfer,AiesFKjW47NqUT1UHNZcnjL5GyC6SCmkeyUjXJLpVKYU,D5YqVMoSxnqeZAKAUUE1Dm3bmjtdxQ5DCF356ozqN9cM,9GrZVcSAc6avUKo4UrGJfzfpF4obzKvMTNEattLQ6BRW,2KJkRj5rk5ft92WTTT5NYQThgX6SHStiqsyffyhjDWb4,1038436553854,10384.36553854,1
7138da42e774ffda1aaf81c538ea493c,2026-10-08,2026-10-08 00:36:37.000 UTC,454385186,zPKivHpuJiQB5igVhX7Ks4Ta5eXsKSPcbKHrNyDfTTFyXnxJes2y64n9fh9ZgWj95xn8XrunvV17iX8GNFhXUj2,transfer,D5YqVMoSxnqeZAKAUUE1Dm3bmjtdxQ5DCF356ozqN9cM,J3cdRYTeQAnZUhYRcVpk9abqEuRWTrtxb5fUbgh2aADn,2KJkRj5rk5ft92WTTT5NYQThgX6SHStiqsyffyhjDWb4,7r4TcfVhcYuuh3of8S8igoV7AeyNfwcnRhAaA8FfvSgP,611974117391,6119.74117391,1
d9483b3ba5c028b3ecb88285a6ba3b2c,2026-10-08,2026-10-08 00:40:13.000 UTC,454385997,wET4RUE8GNYrFwBe4FHriMNjg7kXxVe5NPPx7j5PosugjWDsFjCU6Zz6VcJHJNWsde99fzEpS3NA5GTUALHZFLU,transfer,AiesFKjW47NqUT1UHNZcnjL5GyC6SCmkeyUjXJLpVKYU,ARu4n5mFdZogZAravu7CcizaojWnS6oqka37gdLT5SZn,9GrZVcSAc6avUKo4UrGJfzfpF4obzKvMTNEattLQ6BRW,3CCaDwLVKs3WBE6bFG58Q9qaHmGfRrjUvEnEcuiCbY87,1363267444314,13632.67444314,1
4da2cc130fa09dae033a8fde08104145,2026-10-08,2026-10-08 00:40:13.000 UTC,454385997,wET4RUE8GNYrFwBe4FHriMNjg7kXxVe5NPPx7j5PosugjWDsFjCU6Zz6VcJHJNWsde99fzEpS3NA5GTUALHZFLU,transfer,ARu4n5mFdZogZAravu7CcizaojWnS6oqka37gdLT5SZn,GpMZbSM2GgvTKHJirzeGfMFoaZ8UR2X7F4v8vHTvxFbL,3CCaDwLVKs3WBE6bFG58Q9qaHmGfRrjUvEnEcuiCbY87,35hKKpdPTy495wFTybw5wajHp4ZNSyQA5KZXd7cN9hB7,190857442204,1908.57442204,1
92320fd3c195a2bd1fb534704b343638,2026-10-08,2026-10-08 00:40:13.000 UTC,454385997,wET4RUE8GNYrFwBe4FHriMNjg7kXxVe5NPPx7j5PosugjWDsFjCU6Zz6VcJHJNWsde99fzEpS3NA5GTUALHZFLU,transfer,ARu4n5mFdZogZAravu7CcizaojWnS6oqka37gdLT5SZn,J3cdRYTeQAnZUhYRcVpk9abqEuRWTrtxb5fUbgh2aADn,3CCaDwLVKs3WBE6bFG58Q9qaHmGfRrjUvEnEcuiCbY87,7r4TcfVhcYuuh3of8S8igoV7AeyNfwcnRhAaA8FfvSgP,1172410002110,11724.1000211,1
c03ccd20efdfa468b0429c00c5280884,2026-10-08,2026-10-08 01:11:56.000 UTC,454393112,37WZJQDtPzMhpeMEndDFoGPKRYA8LHqccKbZJNmZ8s29rNjHuKFCwH3WZHDxZeiLLwNyRDb8DdBEi2NWDc49bGx3,transfer,5cLJnpSPrCpx2hqNYjq6iRtEa8ZW5FZXBn6ecRH39m9x,ARu4n5mFdZogZAravu7CcizaojWnS6oqka37gdLT5SZn,H49reFCTCL8aSDmLC4wjGEDg2TEHd3TJq4ByJvXJA1UT,3CCaDwLVKs3WBE6bFG58Q9qaHmGfRrjUvEnEcuiCbY87,2620895718919,26208.95718919,1
f7790822be6e4bcba8499486e0bcf3c7,2026-10-08,2026-10-08 01:11:56.000 UTC,454393112,37WZJQDtPzMhpeMEndDFoGPKRYA8LHqccKbZJNmZ8s29rNjHuKFCwH3WZHDxZeiLLwNyRDb8DdBEi2NWDc49bGx3,transfer,ARu4n5mFdZogZAravu7CcizaojWnS6oqka37gdLT5SZn,GpMZbSM2GgvTKHJirzeGfMFoaZ8UR2X7F4v8vHTvxFbL,3CCaDwLVKs3WBE6bFG58Q9qaHmGfRrjUvEnEcuiCbY87,35hKKpdPTy495wFTybw5wajHp4ZNSyQA5KZXd7cN9hB7,314507486271,3145.07486271,1
e1aa4b2891b91abba6136afcc7baaadb,2026-10-08,2026-10-08 01:11:56.000 UTC,454393112,37WZJQDtPzMhpeMEndDFoGPKRYA8LHqccKbZJNmZ8s29rNjHuKFCwH3WZHDxZeiLLwNyRDb8DdBEi2NWDc49bGx3,transfer,ARu4n5mFdZogZAravu7CcizaojWnS6oqka37gdLT5SZn,J3cdRYTeQAnZUhYRcVpk9abqEuRWTrtxb5fUbgh2aADn,3CCaDwLVKs3WBE6bFG58Q9qaHmGfRrjUvEnEcuiCbY87,7r4TcfVhcYuuh3of8S8igoV7AeyNfwcnRhAaA8FfvSgP,2306388232648,23063.88232648,1
d08c59b5886fe09501cb2b1dd0d030b6,2026-10-08,2026-10-08 02:48:52.000 UTC,454414830,2YhiNP6wMUkXhTB1CK3zUUcApLmjNJBqzHachSCULBNK5rERKKbLpsesqy35kS7qqUZMaQx6J5uiEXqr7fEnpH9s,transfer,HFqp6ErWHY6Uzhj8rFyjYuDya2mXUpYEk8VW75K9PSiY,J3cdRYTeQAnZUhYRcVpk9abqEuRWTrtxb5fUbgh2aADn,vwSnfKeMpnMRoFDzkzhjuCKX8wDwU1HqpHWm4Vtrmvj,7r4TcfVhcYuuh3of8S8igoV7AeyNfwcnRhAaA8FfvSgP,53426356479,534.26356479,1
253bb44e3f1befea0fb83ec152865ebe,2026-10-08,2026-10-08 02:48:52.000 UTC,454414830,2YhiNP6wMUkXhTB1CK3zUUcApLmjNJBqzHachSCULBNK5rERKKbLpsesqy35kS7qqUZMaQx6J5uiEXqr7fEnpH9s,transfer,52vRmVZ5VdvRpAmvSwUDmnCBJRNCAPjjogdm7kN6o7EX,HFqp6ErWHY6Uzhj8rFyjYuDya2mXUpYEk8VW75K9PSiY,BBUQd3CsCawnYaLH7sRaHcd2GUFF9XUkzUy5Vrmk2Ref,vwSnfKeMpnMRoFDzkzhjuCKX8wDwU1HqpHWm4Vtrmvj,53426356479,534.26356479,1
8af468d6c19756f2c8ab75ed8dd4bc85,2026-10-08,2026-10-08 03:49:02.000 UTC,454428302,2iWVWTuYvD2nhL5XafuFJ7bJi4J5qbz1tugR2FGfvNXEZ4qSniMx6TeNcKsRRNFMKM6Qyh3D5wJWZuqSoceu43cs,transfer,3g53jsKo1AWfudRJot29HDQz4z2vbPVYTFnNfi9AxziR,J3cdRYTeQAnZUhYRcVpk9abqEuRWTrtxb5fUbgh2aADn,Gw4dgLUXx4R4WePpdmZ7WwjRKMw6FdGWsQb9dMe6U4fW,7r4TcfVhcYuuh3of8S8igoV7AeyNfwcnRhAaA8FfvSgP,2668446446938,26684.46446938,1
43b2fc19d867d6dcb491af84bf180925,2026-10-08,2026-10-08 03:49:32.000 UTC,454428414,3v6FpKbFZF7oPeH4yAvZEEQJwTSem6QZ9ieY4WK617wAojwS6aCzp1kJ88VTKRKp4YhPhWadbRCi6VRu2iELXeAF,transfer,J3cdRYTeQAnZUhYRcVpk9abqEuRWTrtxb5fUbgh2aADn,ESuvjvsQtjuxC4XGsDeMhx8Wp5yjQcCFGncGhupcJbg8,7r4TcfVhcYuuh3of8S8igoV7AeyNfwcnRhAaA8FfvSgP,Ca7ReVakXwC2k3zznXsiiSY1PkKDW8Nk3Rh986zKmWzb,85913317814,859.13317814,1
15a8da6a1daad959156b5646d6665a2c,2026-10-08,2026-10-08 03:49:32.000 UTC,454428414,3v6FpKbFZF7oPeH4yAvZEEQJwTSem6QZ9ieY4WK617wAojwS6aCzp1kJ88VTKRKp4YhPhWadbRCi6VRu2iELXeAF,transfer,ESuvjvsQtjuxC4XGsDeMhx8Wp5yjQcCFGncGhupcJbg8,GpMZbSM2GgvTKHJirzeGfMFoaZ8UR2X7F4v8vHTvxFbL,Ca7ReVakXwC2k3zznXsiiSY1PkKDW8Nk3Rh986zKmWzb,35hKKpdPTy495wFTybw5wajHp4ZNSyQA5KZXd7cN9hB7,85913317814,859.13317814,1
5fbf88c714a585a9ea9a259f9ff1797a,2026-10-08,2026-10-08 03:51:06.000 UTC,454428770,595hobunJFgqB4T6np92mAvU8ByfYwjTHAFhcWF9ao34r1sLvg7iHiPvGHhwt8wdH2hDzNcRWMtpiPgRB8qeFkb7,transfer,3g53jsKo1AWfudRJot29HDQz4z2vbPVYTFnNfi9AxziR,ARu4n5mFdZogZAravu7CcizaojWnS6oqka37gdLT5SZn,Gw4dgLUXx4R4WePpdmZ7WwjRKMw6FdGWsQb9dMe6U4fW,3CCaDwLVKs3WBE6bFG58Q9qaHmGfRrjUvEnEcuiCbY87,3861613513111,38616.13513111,1
03276a31808a7e5bca1fb33ca3e4e136,2026-10-08,2026-10-08 03:51:06.000 UTC,454428770,595hobunJFgqB4T6np92mAvU8ByfYwjTHAFhcWF9ao34r1sLvg7iHiPvGHhwt8wdH2hDzNcRWMtpiPgRB8qeFkb7,transfer,ARu4n5mFdZogZAravu7CcizaojWnS6oqka37gdLT5SZn,J3cdRYTeQAnZUhYRcVpk9abqEuRWTrtxb5fUbgh2aADn,3CCaDwLVKs3WBE6bFG58Q9qaHmGfRrjUvEnEcuiCbY87,7r4TcfVhcYuuh3of8S8igoV7AeyNfwcnRhAaA8FfvSgP,3012058540226,30120.58540226,1
154c6da4a6a2bc142185d9b06d5e7587,2026-10-08,2026-10-08 03:51:06.000 UTC,454428770,595hobunJFgqB4T6np92mAvU8ByfYwjTHAFhcWF9ao34r1sLvg7iHiPvGHhwt8wdH2hDzNcRWMtpiPgRB8qeFkb7,transfer,ARu4n5mFdZogZAravu7CcizaojWnS6oqka37gdLT5SZn,GpMZbSM2GgvTKHJirzeGfMFoaZ8UR2X7F4v8vHTvxFbL,3CCaDwLVKs3WBE6bFG58Q9qaHmGfRrjUvEnEcuiCbY87,35hKKpdPTy495wFTybw5wajHp4ZNSyQA5KZXd7cN9hB7,849554972885,8495.54972885,1
b9096114cf8aa7637aa87437af456d75,2026-10-08,2026-10-08 06:09:20.000 UTC,454459797,4pn4EoaahCFHPnQGQhJ16198HBXozK2Ekq3sYpKBkMSoFFmMiofyvDfogbHdXNg6hSRXbaDmMyza6ufkJxjxeBT4,transfer,ARu4n5mFdZogZAravu7CcizaojWnS6oqka37gdLT5SZn,GpMZbSM2GgvTKHJirzeGfMFoaZ8UR2X7F4v8vHTvxFbL,3CCaDwLVKs3WBE6bFG58Q9qaHmGfRrjUvEnEcuiCbY87,35hKKpdPTy495wFTybw5wajHp4ZNSyQA5KZXd7cN9hB7,1328019651000,13280.19651,1
13673fdca960053b4aa9760c79b9c3a6,2026-10-08,2026-10-08 06:09:20.000 UTC,454459797,4pn4EoaahCFHPnQGQhJ16198HBXozK2Ekq3sYpKBkMSoFFmMiofyvDfogbHdXNg6hSRXbaDmMyza6ufkJxjxeBT4,transfer,ARu4n5mFdZogZAravu7CcizaojWnS6oqka37gdLT5SZn,J3cdRYTeQAnZUhYRcVpk9abqEuRWTrtxb5fUbgh2aADn,3CCaDwLVKs3WBE6bFG58Q9qaHmGfRrjUvEnEcuiCbY87,7r4TcfVhcYuuh3of8S8igoV7AeyNfwcnRhAaA8FfvSgP,6483860649000,64838.60649,1
2884148deb1b46a6dfda0baa5ece2c55,2026-10-08,2026-10-08 06:09:20.000 UTC,454459797,4pn4EoaahCFHPnQGQhJ16198HBXozK2Ekq3sYpKBkMSoFFmMiofyvDfogbHdXNg6hSRXbaDmMyza6ufkJxjxeBT4,transfer,Bm2ceufZooMBZhAusnPveWvn5zwuicDapjDNtinzu266,ARu4n5mFdZogZAravu7CcizaojWnS6oqka37gdLT5SZn,9jARKyzjkUr4pYTV7sHpfEQkEFKstM4jtigLYiqJpKd1,3CCaDwLVKs3WBE6bFG58Q9qaHmGfRrjUvEnEcuiCbY87,7819700000000,78197,1
0095b7526b28e94e4c52879a20822f89,2026-10-08,2026-10-08 06:09:20.000 UTC,454459797,4pn4EoaahCFHPnQGQhJ16198HBXozK2Ekq3sYpKBkMSoFFmMiofyvDfogbHdXNg6hSRXbaDmMyza6ufkJxjxeBT4,transfer,ARu4n5mFdZogZAravu7CcizaojWnS6oqka37gdLT5SZn,DSN3j1ykL3obAVNv7ZX49VsFCPe4LqzxHnmtLiPwY6xg,3CCaDwLVKs3WBE6bFG58Q9qaHmGfRrjUvEnEcuiCbY87,ri6K2NSz7cFcgw3pvgobUt7pmWXLY9raZxVL3uXuG4K,7819700000,78.197,1
4fd1b361a5abebea8ecf523ec2f301f0,2026-10-08,2026-10-08 06:19:20.000 UTC,454462048,5EosDZMJndKXMDovkz4H4F2AS1NAHmRQy5CsdXbMibHwozts928Xstqcf1hcK8KgWcQUNc8PcuBAqM7oNuszfSZ5,transfer,ESuvjvsQtjuxC4XGsDeMhx8Wp5yjQcCFGncGhupcJbg8,J3cdRYTeQAnZUhYRcVpk9abqEuRWTrtxb5fUbgh2aADn,Ca7ReVakXwC2k3zznXsiiSY1PkKDW8Nk3Rh986zKmWzb,7r4TcfVhcYuuh3of8S8igoV7AeyNfwcnRhAaA8FfvSgP,146396274786,1463.96274786,1
ce37ff362eb463c9cc6da6bf903a24ee,2026-10-08,2026-10-08 06:19:20.000 UTC,454462048,5EosDZMJndKXMDovkz4H4F2AS1NAHmRQy5CsdXbMibHwozts928Xstqcf1hcK8KgWcQUNc8PcuBAqM7oNuszfSZ5,transfer,GpMZbSM2GgvTKHJirzeGfMFoaZ8UR2X7F4v8vHTvxFbL,ESuvjvsQtjuxC4XGsDeMhx8Wp5yjQcCFGncGhupcJbg8,35hKKpdPTy495wFTybw5wajHp4ZNSyQA5KZXd7cN9hB7,Ca7ReVakXwC2k3zznXsiiSY1PkKDW8Nk3Rh986zKmWzb,146396274786,1463.96274786,1
94678599fe697bdac72fd0f836705bc8,2026-10-08,2026-10-08 07:06:23.000 UTC,454472615,2DL5yw6krUW6LsV7PHkmPKRPua82TLzmG8KvXcdpHLTuqT1te6H8vWM23npYEup4CnqggJvuiFPj5F4cJzRgBb3J,transfer,GpMZbSM2GgvTKHJirzeGfMFoaZ8UR2X7F4v8vHTvxFbL,GLiCiNEnku3pQsmkVkRvnDLbfUN9BWbsrPDWLdPaADng,35hKKpdPTy495wFTybw5wajHp4ZNSyQA5KZXd7cN9hB7,DPyTo4Z4mCfuEeC3w7jHPbECom8tdcy6Q77xgnmSzz2i,50655199948,506.55199948,1
7e0c5e6e83ea134c1e282d6d741f034d,2026-10-08,2026-10-08 07:06:23.000 UTC,454472615,2DL5yw6krUW6LsV7PHkmPKRPua82TLzmG8KvXcdpHLTuqT1te6H8vWM23npYEup4CnqggJvuiFPj5F4cJzRgBb3J,transfer,GLiCiNEnku3pQsmkVkRvnDLbfUN9BWbsrPDWLdPaADng,GpMZbSM2GgvTKHJirzeGfMFoaZ8UR2X7F4v8vHTvxFbL,DPyTo4Z4mCfuEeC3w7jHPbECom8tdcy6Q77xgnmSzz2i,GJrjTyjw8vEL4FUVVnKmfvYKZamyjNgwxxprciNkQ9AE,50655199948,506.55199948,1
7daeb69fc20f14e55ad124f68de5fd80,2026-10-08,2026-10-08 09:57:40.000 UTC,454511004,5wyUntGmLWmwasNMNfSkQxDFxtNSokHCMbum5Ayffm7GcDc5pjeQvYR2AYrExwGGvLiFAdocAnHFxwQfXB3VkGxz,transfer,2pRxNavq5FHVhVJeoVWVhgi8pYYq7b5y7QxfqS46cNj2,ARu4n5mFdZogZAravu7CcizaojWnS6oqka37gdLT5SZn,EfPBfLoV3U4AF5QxcTj3a2Wt399Qox1RSDvbiaNCeBkb,3CCaDwLVKs3WBE6bFG58Q9qaHmGfRrjUvEnEcuiCbY87,1500000000,15,1
8e5d965425689060d00f8ec145a5b6d6,2026-10-08,2026-10-08 09:57:40.000 UTC,454511004,5wyUntGmLWmwasNMNfSkQxDFxtNSokHCMbum5Ayffm7GcDc5pjeQvYR2AYrExwGGvLiFAdocAnHFxwQfXB3VkGxz,transfer,ARu4n5mFdZogZAravu7CcizaojWnS6oqka37gdLT5SZn,GpMZbSM2GgvTKHJirzeGfMFoaZ8UR2X7F4v8vHTvxFbL,3CCaDwLVKs3WBE6bFG58Q9qaHmGfRrjUvEnEcuiCbY87,GJrjTyjw8vEL4FUVVnKmfvYKZamyjNgwxxprciNkQ9AE,1500000000,15,1
d03dd2feaf0ac01fbe7df32daac159e0,2026-10-08,2026-10-08 11:34:19.000 UTC,454532702,4jGAaVFgdD8vHC59ybRuKFcfe8U4hXbZKYZeTw5Scmvj7pZCAjtdnKWEXHJtqU6kAPSWCn7XD842SU3sdBpXD3Tv,transfer,GpMZbSM2GgvTKHJirzeGfMFoaZ8UR2X7F4v8vHTvxFbL,GxDC9e7SP9mzhDo4re5HbpLa2RW7gB9DtmThx4i4pXSq,35hKKpdPTy495wFTybw5wajHp4ZNSyQA5KZXd7cN9hB7,2QiaipXgmxVQdhS2kFeZJaNS2bQiBfhNGxKzqLJ6YrSs,49347747972,493.47747972,1
ace332aa3b31472ad6a24a1e6607392c,2026-10-08,2026-10-08 11:34:19.000 UTC,454532702,4jGAaVFgdD8vHC59ybRuKFcfe8U4hXbZKYZeTw5Scmvj7pZCAjtdnKWEXHJtqU6kAPSWCn7XD842SU3sdBpXD3Tv,transfer,GxDC9e7SP9mzhDo4re5HbpLa2RW7gB9DtmThx4i4pXSq,GpMZbSM2GgvTKHJirzeGfMFoaZ8UR2X7F4v8vHTvxFbL,2QiaipXgmxVQdhS2kFeZJaNS2bQiBfhNGxKzqLJ6YrSs,GJrjTyjw8vEL4FUVVnKmfvYKZamyjNgwxxprciNkQ9AE,49347747972,493.47747972,1
9bb1f80ddc7589ac21019236117e2b41,2026-10-08,2026-10-08 11:34:25.000 UTC,454532725,4vTT9gi36tqXpbLPw8aZXyVubPD4wD8LkcB9bVewEz1oAK7L8kyiCn1Eetfyg7mJ5hhYgJ125MvLKfsMN2aUK9qZ,transfer,GpMZbSM2GgvTKHJirzeGfMFoaZ8UR2X7F4v8vHTvxFbL,DmQSnFzRoENh3weu6EtBBhHTpQBQSsvjpMX8iYKRygQ4,35hKKpdPTy495wFTybw5wajHp4ZNSyQA5KZXd7cN9hB7,G7KwUWNqggAepJrHZr51U1YNGCtuheFicbpnqj23Q8W3,49310886226,493.10886226,1
245685dab3b5d2f901741e9e59056e03,2026-10-08,2026-10-08 11:34:25.000 UTC,454532725,4vTT9gi36tqXpbLPw8aZXyVubPD4wD8LkcB9bVewEz1oAK7L8kyiCn1Eetfyg7mJ5hhYgJ125MvLKfsMN2aUK9qZ,transfer,DmQSnFzRoENh3weu6EtBBhHTpQBQSsvjpMX8iYKRygQ4,GpMZbSM2GgvTKHJirzeGfMFoaZ8UR2X7F4v8vHTvxFbL,G7KwUWNqggAepJrHZr51U1YNGCtuheFicbpnqj23Q8W3,GJrjTyjw8vEL4FUVVnKmfvYKZamyjNgwxxprciNkQ9AE,49310886226,493.10886226,1
1e444e25dce1bdb2ba450ef0450515c0,2026-10-08,2026-10-08 11:35:33.000 UTC,454532981,3pL5Q13LtWCVs8VxBteXoSEiYnUp3Mtq23Fc9d7QPkLgdhx2Df2Cwhk7HnueCcFbWE6LbW2bdMSePsZVZKsCpu5G,transfer,DmQSnFzRoENh3weu6EtBBhHTpQBQSsvjpMX8iYKRygQ4,GpMZbSM2GgvTKHJirzeGfMFoaZ8UR2X7F4v8vHTvxFbL,G7KwUWNqggAepJrHZr51U1YNGCtuheFicbpnqj23Q8W3,GJrjTyjw8vEL4FUVVnKmfvYKZamyjNgwxxprciNkQ9AE,49274065785,492.74065785,1
f05617f0181e739840ca0bb290637d45,2026-10-08,2026-10-08 11:35:33.000 UTC,454532981,3pL5Q13LtWCVs8VxBteXoSEiYnUp3Mtq23Fc9d7QPkLgdhx2Df2Cwhk7HnueCcFbWE6LbW2bdMSePsZVZKsCpu5G,transfer,GpMZbSM2GgvTKHJirzeGfMFoaZ8UR2X7F4v8vHTvxFbL,DmQSnFzRoENh3weu6EtBBhHTpQBQSsvjpMX8iYKRygQ4,35hKKpdPTy495wFTybw5wajHp4ZNSyQA5KZXd7cN9hB7,G7KwUWNqggAepJrHZr51U1YNGCtuheFicbpnqj23Q8W3,49274065785,492.74065785,1
8439ceaf83b453765a7db887a040377b,2026-10-08,2026-10-08 11:44:08.000 UTC,454534911,1B7isNtihnk4TsRathFNZd6NDP7e49GzR8ez8vEMiy3rqkBR7mLfgFSUj3bUmBz6TEtyAxTCFr4JakctAsyjTFc,transfer,GpMZbSM2GgvTKHJirzeGfMFoaZ8UR2X7F4v8vHTvxFbL,ARu4n5mFdZogZAravu7CcizaojWnS6oqka37gdLT5SZn,35hKKpdPTy495wFTybw5wajHp4ZNSyQA5KZXd7cN9hB7,3CCaDwLVKs3WBE6bFG58Q9qaHmGfRrjUvEnEcuiCbY87,62245339665,622.45339665,1
15771c537ebdbe52c2de188edd5b6580,2026-10-08,2026-10-08 11:44:08.000 UTC,454534911,1B7isNtihnk4TsRathFNZd6NDP7e49GzR8ez8vEMiy3rqkBR7mLfgFSUj3bUmBz6TEtyAxTCFr4JakctAsyjTFc,transfer,ARu4n5mFdZogZAravu7CcizaojWnS6oqka37gdLT5SZn,41xgYg5YC4BHamPWtqKLxd65uH36SXeE7F4ovD7t3LQp,3CCaDwLVKs3WBE6bFG58Q9qaHmGfRrjUvEnEcuiCbY87,E27kJZXkBLWYdXnz7EvMwQWePHQp9xsakPgsyejzaEF9,414931503548,4149.31503548,1
df93e21270e4e26617083999af15af34,2026-10-08,2026-10-08 11:44:08.000 UTC,454534911,1B7isNtihnk4TsRathFNZd6NDP7e49GzR8ez8vEMiy3rqkBR7mLfgFSUj3bUmBz6TEtyAxTCFr4JakctAsyjTFc,transfer,J3cdRYTeQAnZUhYRcVpk9abqEuRWTrtxb5fUbgh2aADn,ARu4n5mFdZogZAravu7CcizaojWnS6oqka37gdLT5SZn,7r4TcfVhcYuuh3of8S8igoV7AeyNfwcnRhAaA8FfvSgP,3CCaDwLVKs3WBE6bFG58Q9qaHmGfRrjUvEnEcuiCbY87,352686163883,3526.86163883,1
d9777c257b984ca1f3f16b72435fa563,2026-10-08,2026-10-08 12:14:28.000 UTC,454541690,wwS7bTZVtX95bKqBs1oviW2gLLKJoji5Qp2aHSrJaJYdqco7brzFcWqAL4w2ggVMVnEZozx89HcKVtG6Vz5f7gJ,transfer,Bm2ceufZooMBZhAusnPveWvn5zwuicDapjDNtinzu266,GP8StUXNYSZjPikyRsvkTbvRV1GBxMErb59cpeCJnDf1,9jARKyzjkUr4pYTV7sHpfEQkEFKstM4jtigLYiqJpKd1,6cFwYtgFryjCsUvNWKUmBVsCMwfWWADWBoiWqPTebZ5F,4995000000000,49950,1
ede84340546427fdac19ae3d70de8cf7,2026-10-08,2026-10-08 12:14:28.000 UTC,454541690,wwS7bTZVtX95bKqBs1oviW2gLLKJoji5Qp2aHSrJaJYdqco7brzFcWqAL4w2ggVMVnEZozx89HcKVtG6Vz5f7gJ,transfer,GP8StUXNYSZjPikyRsvkTbvRV1GBxMErb59cpeCJnDf1,J3cdRYTeQAnZUhYRcVpk9abqEuRWTrtxb5fUbgh2aADn,6cFwYtgFryjCsUvNWKUmBVsCMwfWWADWBoiWqPTebZ5F,7r4TcfVhcYuuh3of8S8igoV7AeyNfwcnRhAaA8FfvSgP,4995000000000,49950,1
8dbc85450d1dbe5ceadcb5aa269c6f47,2026-10-08,2026-10-08 12:14:28.000 UTC,454541690,wwS7bTZVtX95bKqBs1oviW2gLLKJoji5Qp2aHSrJaJYdqco7brzFcWqAL4w2ggVMVnEZozx89HcKVtG6Vz5f7gJ,transfer,Bm2ceufZooMBZhAusnPveWvn5zwuicDapjDNtinzu266,GP8StUXNYSZjPikyRsvkTbvRV1GBxMErb59cpeCJnDf1,9jARKyzjkUr4pYTV7sHpfEQkEFKstM4jtigLYiqJpKd1,6cFwYtgFryjCsUvNWKUmBVsCMwfWWADWBoiWqPTebZ5F,5000000000,50,1
12027d66ba1094b868dc4dd5a17a1546,2026-10-08,2026-10-08 12:14:28.000 UTC,454541691,2GQfjgyoCxCKNZkqADQrFomR5DfidqkGLXEY9mjf8d5ChHugEkjHabUn3eNKwiuX6XPXPWWboiQsALjMxZS418jx,transfer,J3cdRYTeQAnZUhYRcVpk9abqEuRWTrtxb5fUbgh2aADn,rLsi2DPwRLovHzLV5XYxa8B597bv8w8nX7fZHJJf8uy,7r4TcfVhcYuuh3of8S8igoV7AeyNfwcnRhAaA8FfvSgP,7aRvovEqbNpaqmf9UkxtUn4ohA7dZ6B9wVT1AnnSqKdR,93940567647,939.40567647,1
bb08f95181af43cec59ecfe829cd8b1e,2026-10-08,2026-10-08 12:14:28.000 UTC,454541691,2GQfjgyoCxCKNZkqADQrFomR5DfidqkGLXEY9mjf8d5ChHugEkjHabUn3eNKwiuX6XPXPWWboiQsALjMxZS418jx,transfer,rLsi2DPwRLovHzLV5XYxa8B597bv8w8nX7fZHJJf8uy,GpMZbSM2GgvTKHJirzeGfMFoaZ8UR2X7F4v8vHTvxFbL,7aRvovEqbNpaqmf9UkxtUn4ohA7dZ6B9wVT1AnnSqKdR,GJrjTyjw8vEL4FUVVnKmfvYKZamyjNgwxxprciNkQ9AE,93940567647,939.40567647,1
8e8806bc70fabc8c23abed3c9c357df9,2026-10-08,2026-10-08 12:14:29.000 UTC,454541692,5xn5pGaqtw7rVGVP4rgUYqSkKhCwycfmZwG3JHkdxgNaB8j1d8KEn37zNRefSNZRABZDYXd6mRjotKeSApHKpmzw,transfer,FUBVxWEmxHbm3H9TbLgEQQ6d8bvsdw4sgkNJysFeSLRG,GpMZbSM2GgvTKHJirzeGfMFoaZ8UR2X7F4v8vHTvxFbL,FuiUWR4eoEAFGKMrLHZw48876vYGLnMQ3YjEkyisy8gB,GJrjTyjw8vEL4FUVVnKmfvYKZamyjNgwxxprciNkQ9AE,74377332547,743.77332547,1
b27480cfa1fa6df7a968d1494b61c19f,2026-10-08,2026-10-08 12:14:29.000 UTC,454541692,5xn5pGaqtw7rVGVP4rgUYqSkKhCwycfmZwG3JHkdxgNaB8j1d8KEn37zNRefSNZRABZDYXd6mRjotKeSApHKpmzw,transfer,J3cdRYTeQAnZUhYRcVpk9abqEuRWTrtxb5fUbgh2aADn,FUBVxWEmxHbm3H9TbLgEQQ6d8bvsdw4sgkNJysFeSLRG,7r4TcfVhcYuuh3of8S8igoV7AeyNfwcnRhAaA8FfvSgP,FuiUWR4eoEAFGKMrLHZw48876vYGLnMQ3YjEkyisy8gB,74377332547,743.77332547,1
4cb315fe2913e378b9439e064d7e0c27,2026-10-08,2026-10-08 12:14:37.000 UTC,454541723,u3e3inHY7WU52wd8EWsf6mf7veFZ1jhExSUw664fgc3d2rKubKE7dedXarcV1p9zFSYq2ytPoZ8tNbCm8ueHDUc,transfer,HU23r7UoZbqTUuh3vA7emAGztFtqwTeVips789vqxxBw,J3cdRYTeQAnZUhYRcVpk9abqEuRWTrtxb5fUbgh2aADn,4BZRoBy9JsdP9k4pLxh9N5wzA3ZDrsM3tojyRR4xLdpZ,7r4TcfVhcYuuh3of8S8igoV7AeyNfwcnRhAaA8FfvSgP,9990049541622,99900.49541622,1
91c1c7666627f698da2770eeae788c4c,2026-10-08,2026-10-08 12:14:37.000 UTC,454541723,u3e3inHY7WU52wd8EWsf6mf7veFZ1jhExSUw664fgc3d2rKubKE7dedXarcV1p9zFSYq2ytPoZ8tNbCm8ueHDUc,transfer,Bm2ceufZooMBZhAusnPveWvn5zwuicDapjDNtinzu266,HU23r7UoZbqTUuh3vA7emAGztFtqwTeVips789vqxxBw,9jARKyzjkUr4pYTV7sHpfEQkEFKstM4jtigLYiqJpKd1,4BZRoBy9JsdP9k4pLxh9N5wzA3ZDrsM3tojyRR4xLdpZ,10000049591,100.00049591,1
80cfd00e965b28748a858acd9f1a3203,2026-10-08,2026-10-08 12:14:37.000 UTC,454541723,u3e3inHY7WU52wd8EWsf6mf7veFZ1jhExSUw664fgc3d2rKubKE7dedXarcV1p9zFSYq2ytPoZ8tNbCm8ueHDUc,transfer,Bm2ceufZooMBZhAusnPveWvn5zwuicDapjDNtinzu266,HU23r7UoZbqTUuh3vA7emAGztFtqwTeVips789vqxxBw,9jARKyzjkUr4pYTV7sHpfEQkEFKstM4jtigLYiqJpKd1,4BZRoBy9JsdP9k4pLxh9N5wzA3ZDrsM3tojyRR4xLdpZ,9990049541622,99900.49541622,1
10c1cc6c474ee8fabe74dc08bc71b02f,2026-10-08,2026-10-08 12:15:07.000 UTC,454541831,3QnDQe8HZR9EDcbu5VVfY2DbPTuf3EZyD2xVSpuSEFkcUNA5NGBrc2T7UTQ5kNN7sATBaiGcAbEkhhjxJHXWL4oc,transfer,R32xAccFis3YzBzGwZ1C4QkGiehLxSao7gDmErA3kjk,GpMZbSM2GgvTKHJirzeGfMFoaZ8UR2X7F4v8vHTvxFbL,DGuSLBt7dJYaDkXoT6286dQ3MmezUtKcyEQgg9ESeP7d,GJrjTyjw8vEL4FUVVnKmfvYKZamyjNgwxxprciNkQ9AE,133662287136,1336.62287136,1
6768f07fe053b7842ef6289249709f12,2026-10-08,2026-10-08 12:15:07.000 UTC,454541831,3QnDQe8HZR9EDcbu5VVfY2DbPTuf3EZyD2xVSpuSEFkcUNA5NGBrc2T7UTQ5kNN7sATBaiGcAbEkhhjxJHXWL4oc,transfer,J3cdRYTeQAnZUhYRcVpk9abqEuRWTrtxb5fUbgh2aADn,R32xAccFis3YzBzGwZ1C4QkGiehLxSao7gDmErA3kjk,7r4TcfVhcYuuh3of8S8igoV7AeyNfwcnRhAaA8FfvSgP,DGuSLBt7dJYaDkXoT6286dQ3MmezUtKcyEQgg9ESeP7d,133662287136,1336.62287136,1
1f0faa4cdbf1d0a0ee8b70c69fc90319,2026-10-08,2026-10-08 12:15:07.000 UTC,454541831,3TXnaKXXWzXQYJmsiZ7v8L2Aa1wnfF1Z8HtrxZNcU4CQ4qsVk8rE4fLH7ouVnhQxTZNQZBMZFJt9eyqupUJj3fpu,transfer,J3cdRYTeQAnZUhYRcVpk9abqEuRWTrtxb5fUbgh2aADn,78Bo7xxGWBEvqbh3VMKvkFG4Z63cXKSJ2LCEXAanhN7a,7r4TcfVhcYuuh3of8S8igoV7AeyNfwcnRhAaA8FfvSgP,H4dF1Hr9YcAqNEUsfGVnxa9qL3dbgJ5fa6PaffqtR7UD,141876225692,1418.76225692,1
9fd261e2ae6535151f7760eefbc98c40,2026-10-08,2026-10-08 12:15:07.000 UTC,454541831,3TXnaKXXWzXQYJmsiZ7v8L2Aa1wnfF1Z8HtrxZNcU4CQ4qsVk8rE4fLH7ouVnhQxTZNQZBMZFJt9eyqupUJj3fpu,transfer,78Bo7xxGWBEvqbh3VMKvkFG4Z63cXKSJ2LCEXAanhN7a,GpMZbSM2GgvTKHJirzeGfMFoaZ8UR2X7F4v8vHTvxFbL,H4dF1Hr9YcAqNEUsfGVnxa9qL3dbgJ5fa6PaffqtR7UD,GJrjTyjw8vEL4FUVVnKmfvYKZamyjNgwxxprciNkQ9AE,141876225692,1418.76225692,1
32a8e8488f01f52a9e75bc8fc04e6a82,2026-10-08,2026-10-08 12:15:07.000 UTC,454541831,3s4vMGa4VZGo8TVV5CT7GvuUx8jExVMohPQBEry4xuitj1nxWp3PQgrDAX8Ck7MVLzcV771LKEXPmj7fzC1Yt4Va,transfer,AaPc5Brm7MdbujLTUdTkx8ytjK9KEKXD1ZoLKTZH6jnn,GpMZbSM2GgvTKHJirzeGfMFoaZ8UR2X7F4v8vHTvxFbL,5idBWXuct63BUBHRKXhdThuKUBr57UR5URgvqAZssvfA,35hKKpdPTy495wFTybw5wajHp4ZNSyQA5KZXd7cN9hB7,74345809036,743.45809036,1
d97ec354a94bb4e905f4b09c52fd1955,2026-10-08,2026-10-08 12:15:07.000 UTC,454541831,3s4vMGa4VZGo8TVV5CT7GvuUx8jExVMohPQBEry4xuitj1nxWp3PQgrDAX8Ck7MVLzcV771LKEXPmj7fzC1Yt4Va,transfer,J3cdRYTeQAnZUhYRcVpk9abqEuRWTrtxb5fUbgh2aADn,AaPc5Brm7MdbujLTUdTkx8ytjK9KEKXD1ZoLKTZH6jnn,7r4TcfVhcYuuh3of8S8igoV7AeyNfwcnRhAaA8FfvSgP,5idBWXuct63BUBHRKXhdThuKUBr57UR5URgvqAZssvfA,74345809036,743.45809036,1
e5190010b9303414f386ae7c5138adae,2026-10-08,2026-10-08 12:15:07.000 UTC,454541831,5QGX2CJDezq5RwGVgMvm65EX65HDhR3df2egRR3svvvpLVFJxeKK5fpQL4j6YHUnUwzEDPJ6v3zneyAicRxHcC5w,transfer,J3cdRYTeQAnZUhYRcVpk9abqEuRWTrtxb5fUbgh2aADn,ENY9JreWWWtq8jSKfLtXpzjBteknLPdahPCwG7ZCVbJe,7r4TcfVhcYuuh3of8S8igoV7AeyNfwcnRhAaA8FfvSgP,H8hLSbAWpfk2mtdFuZADzsf18vsbWTiYn78o6sgyKR8D,673287421169,6732.87421169,1
9469026923f27e39b1fffd9ca51eedf4,2026-10-08,2026-10-08 12:15:07.000 UTC,454541831,5QGX2CJDezq5RwGVgMvm65EX65HDhR3df2egRR3svvvpLVFJxeKK5fpQL4j6YHUnUwzEDPJ6v3zneyAicRxHcC5w,transfer,ENY9JreWWWtq8jSKfLtXpzjBteknLPdahPCwG7ZCVbJe,GpMZbSM2GgvTKHJirzeGfMFoaZ8UR2X7F4v8vHTvxFbL,H8hLSbAWpfk2mtdFuZADzsf18vsbWTiYn78o6sgyKR8D,35hKKpdPTy495wFTybw5wajHp4ZNSyQA5KZXd7cN9hB7,673287421169,6732.87421169,1
a997d659abe5b96d4a26c413d9cfc60d,2026-10-08,2026-10-08 12:15:31.000 UTC,454541923,2tfmStbpUZkWxhgtBeSK6ba3oJpwGQkMChZi5ANff84KuUabjriapKhNwqtUYixXSck9C9uZ6Q6LD6sHyfMNUeda,transfer,J3cdRYTeQAnZUhYRcVpk9abqEuRWTrtxb5fUbgh2aADn,FUBVxWEmxHbm3H9TbLgEQQ6d8bvsdw4sgkNJysFeSLRG,7r4TcfVhcYuuh3of8S8igoV7AeyNfwcnRhAaA8FfvSgP,FuiUWR4eoEAFGKMrLHZw48876vYGLnMQ3YjEkyisy8gB,78351176225,783.51176225,1
adc6ffc013c4d02c9f3d970068c2637f,2026-10-08,2026-10-08 12:15:31.000 UTC,454541923,2tfmStbpUZkWxhgtBeSK6ba3oJpwGQkMChZi5ANff84KuUabjriapKhNwqtUYixXSck9C9uZ6Q6LD6sHyfMNUeda,transfer,FUBVxWEmxHbm3H9TbLgEQQ6d8bvsdw4sgkNJysFeSLRG,GpMZbSM2GgvTKHJirzeGfMFoaZ8UR2X7F4v8vHTvxFbL,FuiUWR4eoEAFGKMrLHZw48876vYGLnMQ3YjEkyisy8gB,GJrjTyjw8vEL4FUVVnKmfvYKZamyjNgwxxprciNkQ9AE,78351176225,783.51176225,1
5d44c792635fe565781b16d408c3585e,2026-10-08,2026-10-08 12:15:33.000 UTC,454541929,4GE8GGm62i2ixDfPPLkY2oX7siLGUsqDCYeaHyRDdwc5KWMbjSE6zm99yn7ftdTi5RS99dM1CzgRuaUhqt9t7m9g,transfer,J3cdRYTeQAnZUhYRcVpk9abqEuRWTrtxb5fUbgh2aADn,FUBVxWEmxHbm3H9TbLgEQQ6d8bvsdw4sgkNJysFeSLRG,7r4TcfVhcYuuh3of8S8igoV7AeyNfwcnRhAaA8FfvSgP,FuiUWR4eoEAFGKMrLHZw48876vYGLnMQ3YjEkyisy8gB,54717849107,547.17849107,1
d2faa5235b04a38e75b994ce628d2e65,2026-10-08,2026-10-08 12:15:33.000 UTC,454541929,4GE8GGm62i2ixDfPPLkY2oX7siLGUsqDCYeaHyRDdwc5KWMbjSE6zm99yn7ftdTi5RS99dM1CzgRuaUhqt9t7m9g,transfer,FUBVxWEmxHbm3H9TbLgEQQ6d8bvsdw4sgkNJysFeSLRG,GpMZbSM2GgvTKHJirzeGfMFoaZ8UR2X7F4v8vHTvxFbL,FuiUWR4eoEAFGKMrLHZw48876vYGLnMQ3YjEkyisy8gB,GJrjTyjw8vEL4FUVVnKmfvYKZamyjNgwxxprciNkQ9AE,54717849107,547.17849107,1
46c5949c6fce22c47c2e9ad3608082d0,2026-10-08,2026-10-08 12:15:37.000 UTC,454541943,2PsmZxp8k8J83XpEeWREgeiksEdasLqxBzQ6nin5UEmRBbBdrBeAWD7VAbLZ1Rjfve9uuK84mBiY3juTrreLvpAJ,transfer,J3cdRYTeQAnZUhYRcVpk9abqEuRWTrtxb5fUbgh2aADn,DcQNaByvstRZCERvb9UJHgHiQe8YX2FMdPptM86psQyz,7r4TcfVhcYuuh3of8S8igoV7AeyNfwcnRhAaA8FfvSgP,99WZFcnXjvVHwfCGpcvtwcoWd8NGVxxHThKWuK8LAZn7,676205062115,6762.05062115,1
d96fd1706f6e21e2c767ed7a71548eed,2026-10-08,2026-10-08 12:15:37.000 UTC,454541943,2PsmZxp8k8J83XpEeWREgeiksEdasLqxBzQ6nin5UEmRBbBdrBeAWD7VAbLZ1Rjfve9uuK84mBiY3juTrreLvpAJ,transfer,DcQNaByvstRZCERvb9UJHgHiQe8YX2FMdPptM86psQyz,GpMZbSM2GgvTKHJirzeGfMFoaZ8UR2X7F4v8vHTvxFbL,99WZFcnXjvVHwfCGpcvtwcoWd8NGVxxHThKWuK8LAZn7,35hKKpdPTy495wFTybw5wajHp4ZNSyQA5KZXd7cN9hB7,676205062115,6762.05062115,1
45f5c451d269ae8c2c9f9392705cf3dd,2026-10-08,2026-10-08 12:15:37.000 UTC,454541943,4yEH3fiD125Vv57P4vKWfechorXgRJpApXctaxCvxCxL3PRV3tYgagsJ1GZTbSydqzK8ZnSUEa3ZKKThB4LBCA4X,transfer,J3cdRYTeQAnZUhYRcVpk9abqEuRWTrtxb5fUbgh2aADn,81RwTUf7ZvM5GpeG5q5aGemnxPQLzKAXEF6qPDzNQKDn,7r4TcfVhcYuuh3of8S8igoV7AeyNfwcnRhAaA8FfvSgP,95BGpzYf6m74RDhE6Y7pSVFPiBKuUvQhoDtf41nZUHcb,296318531175,2963.18531175,1
ac5ef53b7c012c9f8ba2e5da3e18b60f,2026-10-08,2026-10-08 12:15:37.000 UTC,454541943,4yEH3fiD125Vv57P4vKWfechorXgRJpApXctaxCvxCxL3PRV3tYgagsJ1GZTbSydqzK8ZnSUEa3ZKKThB4LBCA4X,transfer,81RwTUf7ZvM5GpeG5q5aGemnxPQLzKAXEF6qPDzNQKDn,GpMZbSM2GgvTKHJirzeGfMFoaZ8UR2X7F4v8vHTvxFbL,95BGpzYf6m74RDhE6Y7pSVFPiBKuUvQhoDtf41nZUHcb,GJrjTyjw8vEL4FUVVnKmfvYKZamyjNgwxxprciNkQ9AE,296318531175,2963.18531175,1
ced63f3bc52a032d4b36036d2664e390,2026-10-08,2026-10-08 12:19:48.000 UTC,454542885,4GV4oWe5KyQ3F2nUFebovyRPR1LKfuovSkQ7qaHcaZw34qPoPD98nfq6FdPd7XrAoryi4VNZrLSn1cVTzHtjEdDx,transfer,ARu4n5mFdZogZAravu7CcizaojWnS6oqka37gdLT5SZn,7xf8J6BFgYywvmwpHZyZmPLDMmEMN31Yangx3yUSPy17,3CCaDwLVKs3WBE6bFG58Q9qaHmGfRrjUvEnEcuiCbY87,9L3Fw6Da2wBJNFkUkCp88Y2j48Znt317BNdMAgiqufNd,149987775624,1499.87775624,1
2134cb40d2e69048b0cd04a1f0719d19,2026-10-08,2026-10-08 12:19:48.000 UTC,454542885,4GV4oWe5KyQ3F2nUFebovyRPR1LKfuovSkQ7qaHcaZw34qPoPD98nfq6FdPd7XrAoryi4VNZrLSn1cVTzHtjEdDx,transfer,J3cdRYTeQAnZUhYRcVpk9abqEuRWTrtxb5fUbgh2aADn,ARu4n5mFdZogZAravu7CcizaojWnS6oqka37gdLT5SZn,7r4TcfVhcYuuh3of8S8igoV7AeyNfwcnRhAaA8FfvSgP,3CCaDwLVKs3WBE6bFG58Q9qaHmGfRrjUvEnEcuiCbY87,149987775624,1499.87775624,1
a994d9edf554e0f3dd65f5306d83446f,2026-10-08,2026-10-08 12:20:47.000 UTC,454543107,2kz88pontCkv81bdP6B17PkkVLA5o7xVU7bz2Ut6b32AvEvsjBzzY5bCpWhK4DmEb7NFAhph94ECVTWRFfqsQXjJ,transfer,J3cdRYTeQAnZUhYRcVpk9abqEuRWTrtxb5fUbgh2aADn,78Bo7xxGWBEvqbh3VMKvkFG4Z63cXKSJ2LCEXAanhN7a,7r4TcfVhcYuuh3of8S8igoV7AeyNfwcnRhAaA8FfvSgP,H4dF1Hr9YcAqNEUsfGVnxa9qL3dbgJ5fa6PaffqtR7UD,99985520359,999.85520359,1
32f48aa1e33246ea0471b8dec9673d6e,2026-10-08,2026-10-08 12:20:47.000 UTC,454543107,2kz88pontCkv81bdP6B17PkkVLA5o7xVU7bz2Ut6b32AvEvsjBzzY5bCpWhK4DmEb7NFAhph94ECVTWRFfqsQXjJ,transfer,78Bo7xxGWBEvqbh3VMKvkFG4Z63cXKSJ2LCEXAanhN7a,GpMZbSM2GgvTKHJirzeGfMFoaZ8UR2X7F4v8vHTvxFbL,H4dF1Hr9YcAqNEUsfGVnxa9qL3dbgJ5fa6PaffqtR7UD,GJrjTyjw8vEL4FUVVnKmfvYKZamyjNgwxxprciNkQ9AE,99985520359,999.85520359,1
504cc6189bf1b5d4afe20c8a58569482,2026-10-08,2026-10-08 12:26:25.000 UTC,454544377,56uCeKxp6RrX49utPcDSGX8MTBJcxSjv781AuBVv2SnWaPDxC95KeS9JnR2udQQLMoHnLjbHMvFarm1MbYPzYpiu,transfer,ARu4n5mFdZogZAravu7CcizaojWnS6oqka37gdLT5SZn,GpMZbSM2GgvTKHJirzeGfMFoaZ8UR2X7F4v8vHTvxFbL,3CCaDwLVKs3WBE6bFG58Q9qaHmGfRrjUvEnEcuiCbY87,35hKKpdPTy495wFTybw5wajHp4ZNSyQA5KZXd7cN9hB7,228212326952,2282.12326952,1
bbf61dc522813cefcc87f263a3958f8b,2026-10-08,2026-10-08 12:26:25.000 UTC,454544377,56uCeKxp6RrX49utPcDSGX8MTBJcxSjv781AuBVv2SnWaPDxC95KeS9JnR2udQQLMoHnLjbHMvFarm1MbYPzYpiu,transfer,ARu4n5mFdZogZAravu7CcizaojWnS6oqka37gdLT5SZn,GpMZbSM2GgvTKHJirzeGfMFoaZ8UR2X7F4v8vHTvxFbL,3CCaDwLVKs3WBE6bFG58Q9qaHmGfRrjUvEnEcuiCbY87,GJrjTyjw8vEL4FUVVnKmfvYKZamyjNgwxxprciNkQ9AE,186719176596,1867.19176596,1
962c6e2009a096a8aef277668f31a19c,2026-10-08,2026-10-08 12:26:25.000 UTC,454544377,56uCeKxp6RrX49utPcDSGX8MTBJcxSjv781AuBVv2SnWaPDxC95KeS9JnR2udQQLMoHnLjbHMvFarm1MbYPzYpiu,transfer,41xgYg5YC4BHamPWtqKLxd65uH36SXeE7F4ovD7t3LQp,ARu4n5mFdZogZAravu7CcizaojWnS6oqka37gdLT5SZn,E27kJZXkBLWYdXnz7EvMwQWePHQp9xsakPgsyejzaEF9,3CCaDwLVKs3WBE6bFG58Q9qaHmGfRrjUvEnEcuiCbY87,414931503548,4149.31503548,1
516fa466365efef7fcb2c79505d622f9,2026-10-08,2026-10-08 12:29:01.000 UTC,454544965,9p24qCX2ar7DJjSFxDgEd21J9EYrsAohHhpYLrVSN5nGYKV1Shhc7hVCUSt4HUqVbC5QkAsxdg1KicxLj9YN2ta,transfer,78Bo7xxGWBEvqbh3VMKvkFG4Z63cXKSJ2LCEXAanhN7a,GpMZbSM2GgvTKHJirzeGfMFoaZ8UR2X7F4v8vHTvxFbL,H4dF1Hr9YcAqNEUsfGVnxa9qL3dbgJ5fa6PaffqtR7UD,GJrjTyjw8vEL4FUVVnKmfvYKZamyjNgwxxprciNkQ9AE,52522100466,525.22100466,1
741fd6015b0bf82c42569fc74bfc0983,2026-10-08,2026-10-08 12:29:01.000 UTC,454544965,9p24qCX2ar7DJjSFxDgEd21J9EYrsAohHhpYLrVSN5nGYKV1Shhc7hVCUSt4HUqVbC5QkAsxdg1KicxLj9YN2ta,transfer,J3cdRYTeQAnZUhYRcVpk9abqEuRWTrtxb5fUbgh2aADn,78Bo7xxGWBEvqbh3VMKvkFG4Z63cXKSJ2LCEXAanhN7a,7r4TcfVhcYuuh3of8S8igoV7AeyNfwcnRhAaA8FfvSgP,H4dF1Hr9YcAqNEUsfGVnxa9qL3dbgJ5fa6PaffqtR7UD,52522100466,525.22100466,1
0354c27c3605138bdda3ef16145e22f7,2026-10-08,2026-10-08 12:32:30.000 UTC,454545738,2A8CQMU2aTSe5NpKd8js9DnzYZMQmxXkQamnwSL3WeFhnwfhZRa7QebxnWPxdE75ioPLBHWZDHvmsiUuCxRG1xTw,transfer,J3cdRYTeQAnZUhYRcVpk9abqEuRWTrtxb5fUbgh2aADn,5Zm6GraYjpaNCoAnTpWThxzynVZvPM8DdcVvyK9vecKT,7r4TcfVhcYuuh3of8S8igoV7AeyNfwcnRhAaA8FfvSgP,BrescrmjcFBDQkvK6SevtFFoDY6oukcbT8LsPri5m6uA,69602925305,696.02925305,1
89efd27b3ea93b9c91b4a435de9b015b,2026-10-08,2026-10-08 12:32:30.000 UTC,454545738,2A8CQMU2aTSe5NpKd8js9DnzYZMQmxXkQamnwSL3WeFhnwfhZRa7QebxnWPxdE75ioPLBHWZDHvmsiUuCxRG1xTw,transfer,5Zm6GraYjpaNCoAnTpWThxzynVZvPM8DdcVvyK9vecKT,GpMZbSM2GgvTKHJirzeGfMFoaZ8UR2X7F4v8vHTvxFbL,BrescrmjcFBDQkvK6SevtFFoDY6oukcbT8LsPri5m6uA,GJrjTyjw8vEL4FUVVnKmfvYKZamyjNgwxxprciNkQ9AE,69602925305,696.02925305,1
97cd3b4bb6498f2ca0277bd13977c8be,2026-10-08,2026-10-08 13:38:23.000 UTC,454560460,Y6AVBp5gjgpoj1CwdizN4jF7KDf8jGcDg3SLd9jmmhNuULczXTnET3ZvLLJhaAZHv6RUvZCdQtJJxGKmZ4Y31yu,transfer,6LXutJvKUw8Q5ue2gCgKHQdAN4suWW8awzFVC6XCguFx,5QsyByFVJcg7oN76Ma26KEDFQdHt1tsiVExK94zURzfd,48y6EEFeeyG47s66EeM6FQgdYVBXHthrCssWiTVJGu3N,8joUsyKkRQzxUWHwuXjLAnnxdR8q4yy6VicKt2mJFCPC,10111432083351,101114.32083351,1
b73514bcddbab48dd4a516926a743986,2026-10-08,2026-10-08 13:38:23.000 UTC,454560460,Y6AVBp5gjgpoj1CwdizN4jF7KDf8jGcDg3SLd9jmmhNuULczXTnET3ZvLLJhaAZHv6RUvZCdQtJJxGKmZ4Y31yu,transfer,J3cdRYTeQAnZUhYRcVpk9abqEuRWTrtxb5fUbgh2aADn,6LXutJvKUw8Q5ue2gCgKHQdAN4suWW8awzFVC6XCguFx,7r4TcfVhcYuuh3of8S8igoV7AeyNfwcnRhAaA8FfvSgP,48y6EEFeeyG47s66EeM6FQgdYVBXHthrCssWiTVJGu3N,10111432083351,101114.32083351,1
8da52e1e1c22d1b2db945e75576bb8ce,2026-10-08,2026-10-08 13:38:34.000 UTC,454560503,4GVHNvCYtsfFAi3aSRnGzi83WN47HH1EYsgpWLXgNRoew38SK2JtPPNPWEi2Hrkg4kmwGgLfvZtGZw3JnJVwdLhF,burn,5QsyByFVJcg7oN76Ma26KEDFQdHt1tsiVExK94zURzfd,,8joUsyKkRQzxUWHwuXjLAnnxdR8q4yy6VicKt2mJFCPC,,11017140079894,110171.40079894,1
1a27569db7d4f81cd0ca6c6a1c6fe24e,2026-10-08,2026-10-08 13:38:53.000 UTC,454560573,3Sdoqpi4a5UZAB7rfTr9JSpzruFPitFugGHmMhU7kSvNKi9P79p8NfCQrteUp9Q43PwBk8evYXgZndypX4oYynRH,transfer,GpMZbSM2GgvTKHJirzeGfMFoaZ8UR2X7F4v8vHTvxFbL,AZ9LhsiufPiEbL2CLvDwZZs2RD5XUhQyG62FqTperqi1,35hKKpdPTy495wFTybw5wajHp4ZNSyQA5KZXd7cN9hB7,CZJ9yg9cfdkYzvAN5x6hYfhb7cYkW8mj23L5HTiXPcA9,621964216035,6219.64216035,1
d616c82d86eb2a1d5202ed5f15cee40c,2026-10-08,2026-10-08 13:38:53.000 UTC,454560573,3Sdoqpi4a5UZAB7rfTr9JSpzruFPitFugGHmMhU7kSvNKi9P79p8NfCQrteUp9Q43PwBk8evYXgZndypX4oYynRH,transfer,AZ9LhsiufPiEbL2CLvDwZZs2RD5XUhQyG62FqTperqi1,J3cdRYTeQAnZUhYRcVpk9abqEuRWTrtxb5fUbgh2aADn,CZJ9yg9cfdkYzvAN5x6hYfhb7cYkW8mj23L5HTiXPcA9,7r4TcfVhcYuuh3of8S8igoV7AeyNfwcnRhAaA8FfvSgP,621964216035,6219.64216035,1
4958291efe9707a2ef6df8d8b5ddf43d,2026-10-08,2026-10-08 13:39:23.000 UTC,454560682,2nTdUU5PVpbWb4rDM1p12wsPpEkCHdNqyFQLdMYhdqfx9ZeLRFEHVXN4UHwPxrUeFyYUmUWE6x2iqtNJMKedYzBF,transfer,8L2y55D11k63CAftvW7uMM2mBhtMxLoLnivG9uY2bt8j,J3cdRYTeQAnZUhYRcVpk9abqEuRWTrtxb5fUbgh2aADn,HMM7irT5srZyM5LaAekNzEkQLQFkniNZdBxAvVvfBDxX,7r4TcfVhcYuuh3of8S8igoV7AeyNfwcnRhAaA8FfvSgP,255732853794,2557.32853794,1
9dac853e0886f35b3df0b37d640f81a8,2026-10-08,2026-10-08 13:39:23.000 UTC,454560682,2nTdUU5PVpbWb4rDM1p12wsPpEkCHdNqyFQLdMYhdqfx9ZeLRFEHVXN4UHwPxrUeFyYUmUWE6x2iqtNJMKedYzBF,transfer,GpMZbSM2GgvTKHJirzeGfMFoaZ8UR2X7F4v8vHTvxFbL,8L2y55D11k63CAftvW7uMM2mBhtMxLoLnivG9uY2bt8j,35hKKpdPTy495wFTybw5wajHp4ZNSyQA5KZXd7cN9hB7,HMM7irT5srZyM5LaAekNzEkQLQFkniNZdBxAvVvfBDxX,255732853794,2557.32853794,1
5d7eced3acb040f3d610ab2d27790738,2026-10-08,2026-10-08 13:39:53.000 UTC,454560795,2RnJVZgcAFYtfS3TSJPDSpmNnDGF6BpDbY9GtjT8bKuKTA26rcEz4J13YdwHG6h5TJM5ZA8ncgfTS2ZUf5xWFKrE,transfer,GpMZbSM2GgvTKHJirzeGfMFoaZ8UR2X7F4v8vHTvxFbL,ESuvjvsQtjuxC4XGsDeMhx8Wp5yjQcCFGncGhupcJbg8,35hKKpdPTy495wFTybw5wajHp4ZNSyQA5KZXd7cN9hB7,Ca7ReVakXwC2k3zznXsiiSY1PkKDW8Nk3Rh986zKmWzb,88178988501,881.78988501,1
553c5a002cd2b6722ed92d3ce0950d50,2026-10-08,2026-10-08 13:39:53.000 UTC,454560795,2RnJVZgcAFYtfS3TSJPDSpmNnDGF6BpDbY9GtjT8bKuKTA26rcEz4J13YdwHG6h5TJM5ZA8ncgfTS2ZUf5xWFKrE,transfer,ESuvjvsQtjuxC4XGsDeMhx8Wp5yjQcCFGncGhupcJbg8,J3cdRYTeQAnZUhYRcVpk9abqEuRWTrtxb5fUbgh2aADn,Ca7ReVakXwC2k3zznXsiiSY1PkKDW8Nk3Rh986zKmWzb,7r4TcfVhcYuuh3of8S8igoV7AeyNfwcnRhAaA8FfvSgP,88178988501,881.78988501,1
9bad77d651fc09e82d888a03fcae28e4,2026-10-08,2026-10-08 14:30:21.000 UTC,454572020,4JwfEHHH6cgMMzivUY6u1twXmBrk8BrcGpbyc5PCmPBiK6Kff5kT2DmnFK9T8deVbyoEuUYwx53MggRkbM3dPMhq,transfer,J3cdRYTeQAnZUhYRcVpk9abqEuRWTrtxb5fUbgh2aADn,6U91aKa8pmMxkJwBCfPTmUEfZi6dHe7DcFq2ALvB2tbB,7r4TcfVhcYuuh3of8S8igoV7AeyNfwcnRhAaA8FfvSgP,8jk4ipjSrvk52xtLa13BCPXLgfYQNc9xgraHi49WPNSu,1667303323975,16673.03323975,1
e19bcd2cc2282de967079aacd9bb24e1,2026-10-08,2026-10-08 14:30:21.000 UTC,454572020,4JwfEHHH6cgMMzivUY6u1twXmBrk8BrcGpbyc5PCmPBiK6Kff5kT2DmnFK9T8deVbyoEuUYwx53MggRkbM3dPMhq,transfer,6U91aKa8pmMxkJwBCfPTmUEfZi6dHe7DcFq2ALvB2tbB,5QsyByFVJcg7oN76Ma26KEDFQdHt1tsiVExK94zURzfd,8jk4ipjSrvk52xtLa13BCPXLgfYQNc9xgraHi49WPNSu,8joUsyKkRQzxUWHwuXjLAnnxdR8q4yy6VicKt2mJFCPC,1667303323975,16673.03323975,1
b980ba584995654ef2b83c26a848f37b,2026-10-08,2026-10-08 14:30:22.000 UTC,454572023,4VZ8o4gwxAEe7z7gUQh1Vd7BoRJzK5p51g9VbybtERP8PzhoWqzAf6SayNTQbS2B7MCiuoEFSxTgb4XqUSN5obTG,transfer,GpMZbSM2GgvTKHJirzeGfMFoaZ8UR2X7F4v8vHTvxFbL,EtX18SWKct8jp8q5MRbVoas92TRd2cJDmB8idTa9hXCZ,35hKKpdPTy495wFTybw5wajHp4ZNSyQA5KZXd7cN9hB7,9ggM7x4LBbp8s6wMYze82LWyQeViRQuTFjrBkwTGsT5i,224985331631,2249.85331631,1
3a8c6003c6a2a0dc5c718211d0b19ed3,2026-10-08,2026-10-08 14:30:22.000 UTC,454572023,4VZ8o4gwxAEe7z7gUQh1Vd7BoRJzK5p51g9VbybtERP8PzhoWqzAf6SayNTQbS2B7MCiuoEFSxTgb4XqUSN5obTG,transfer,EtX18SWKct8jp8q5MRbVoas92TRd2cJDmB8idTa9hXCZ,J3cdRYTeQAnZUhYRcVpk9abqEuRWTrtxb5fUbgh2aADn,9ggM7x4LBbp8s6wMYze82LWyQeViRQuTFjrBkwTGsT5i,7r4TcfVhcYuuh3of8S8igoV7AeyNfwcnRhAaA8FfvSgP,224985331631,2249.85331631,1
3acdade8f9235c76efc0aa9823e57e3d,2026-10-08,2026-10-08 14:30:46.000 UTC,454572113,4VkQEJV2x4opdJ1Q4HCLCAZgxRqtm5HuYuC2kcoficoNWRAFozqN9gd8Pp9XosJjWSnk3DMs73TQFK3tYuVevUMV,transfer,5QsyByFVJcg7oN76Ma26KEDFQdHt1tsiVExK94zURzfd,GpMZbSM2GgvTKHJirzeGfMFoaZ8UR2X7F4v8vHTvxFbL,8joUsyKkRQzxUWHwuXjLAnnxdR8q4yy6VicKt2mJFCPC,35hKKpdPTy495wFTybw5wajHp4ZNSyQA5KZXd7cN9hB7,658378105158,6583.78105158,1
933062b32ba097b770ea1c4b7af603de,2026-10-08,2026-10-08 14:44:30.000 UTC,454575174,3norDuwNmykLzjNz18vJr527ks2iaSbADvVhP56WMPKSnAcgm31ghPFMGdcE2WUEhvAiGmz6DmoNNWytHdUpHJL1,transfer,5cLJnpSPrCpx2hqNYjq6iRtEa8ZW5FZXBn6ecRH39m9x,J3cdRYTeQAnZUhYRcVpk9abqEuRWTrtxb5fUbgh2aADn,H49reFCTCL8aSDmLC4wjGEDg2TEHd3TJq4ByJvXJA1UT,7r4TcfVhcYuuh3of8S8igoV7AeyNfwcnRhAaA8FfvSgP,3232920890588,32329.20890588,1
07bdcccaac6bdbf402bc1060043b7cb4,2026-10-08,2026-10-08 14:58:04.000 UTC,454578220,3FSiW8LargqvojknEkwdNZNqgcVCTXut3mrbzvj7wucpPorPHbvCk32FL2Hw3LWB2JSv77a8ei4nB7hurE8NGukw,transfer,5cLJnpSPrCpx2hqNYjq6iRtEa8ZW5FZXBn6ecRH39m9x,ARu4n5mFdZogZAravu7CcizaojWnS6oqka37gdLT5SZn,H49reFCTCL8aSDmLC4wjGEDg2TEHd3TJq4ByJvXJA1UT,3CCaDwLVKs3WBE6bFG58Q9qaHmGfRrjUvEnEcuiCbY87,1634293221694,16342.93221694,1
67c557770d44251220dcbe90c26f3770,2026-10-08,2026-10-08 14:58:04.000 UTC,454578220,3FSiW8LargqvojknEkwdNZNqgcVCTXut3mrbzvj7wucpPorPHbvCk32FL2Hw3LWB2JSv77a8ei4nB7hurE8NGukw,transfer,ARu4n5mFdZogZAravu7CcizaojWnS6oqka37gdLT5SZn,J3cdRYTeQAnZUhYRcVpk9abqEuRWTrtxb5fUbgh2aADn,3CCaDwLVKs3WBE6bFG58Q9qaHmGfRrjUvEnEcuiCbY87,7r4TcfVhcYuuh3of8S8igoV7AeyNfwcnRhAaA8FfvSgP,1356463374006,13564.63374006,1
4f07e1553f9411d9ee1cd9cc85988a7d,2026-10-08,2026-10-08 14:58:04.000 UTC,454578220,3FSiW8LargqvojknEkwdNZNqgcVCTXut3mrbzvj7wucpPorPHbvCk32FL2Hw3LWB2JSv77a8ei4nB7hurE8NGukw,transfer,ARu4n5mFdZogZAravu7CcizaojWnS6oqka37gdLT5SZn,GpMZbSM2GgvTKHJirzeGfMFoaZ8UR2X7F4v8vHTvxFbL,3CCaDwLVKs3WBE6bFG58Q9qaHmGfRrjUvEnEcuiCbY87,35hKKpdPTy495wFTybw5wajHp4ZNSyQA5KZXd7cN9hB7,277829847688,2778.29847688,1
b1dc3256c72e2052b6463aefb678fb8a,2026-10-08,2026-10-08 15:09:50.000 UTC,454580824,6Vd5ijn3uvQgoXcbsuiK3dFeeWu11RPpZFea6V5RWyEeADDz7iiTGDUc3sH9bAmVtKtGWGmQLAw38HJU9sC7iDe,transfer,Bm2ceufZooMBZhAusnPveWvn5zwuicDapjDNtinzu266,3CgvbiM3op4vjrrjH2zcrQUwsqh5veNVRjFCB9N6sRoD,9jARKyzjkUr4pYTV7sHpfEQkEFKstM4jtigLYiqJpKd1,FHvxdHZbqJURPWb9tgwH5cT4h2Ve9pMqYfXhxRntzceF,10000049591,100.00049591,1
ab6590bdd0178f466dca9ed9ed278747,2026-10-08,2026-10-08 15:09:50.000 UTC,454580824,6Vd5ijn3uvQgoXcbsuiK3dFeeWu11RPpZFea6V5RWyEeADDz7iiTGDUc3sH9bAmVtKtGWGmQLAw38HJU9sC7iDe,transfer,Bm2ceufZooMBZhAusnPveWvn5zwuicDapjDNtinzu266,3CgvbiM3op4vjrrjH2zcrQUwsqh5veNVRjFCB9N6sRoD,9jARKyzjkUr4pYTV7sHpfEQkEFKstM4jtigLYiqJpKd1,FHvxdHZbqJURPWb9tgwH5cT4h2Ve9pMqYfXhxRntzceF,9990049541623,99900.49541623,1
72a801b7ece6481509a2571462524c9d,2026-10-08,2026-10-08 15:09:50.000 UTC,454580824,6Vd5ijn3uvQgoXcbsuiK3dFeeWu11RPpZFea6V5RWyEeADDz7iiTGDUc3sH9bAmVtKtGWGmQLAw38HJU9sC7iDe,transfer,3CgvbiM3op4vjrrjH2zcrQUwsqh5veNVRjFCB9N6sRoD,J3cdRYTeQAnZUhYRcVpk9abqEuRWTrtxb5fUbgh2aADn,FHvxdHZbqJURPWb9tgwH5cT4h2Ve9pMqYfXhxRntzceF,7r4TcfVhcYuuh3of8S8igoV7AeyNfwcnRhAaA8FfvSgP,9990049541623,99900.49541623,1
599aeb19b7c4598e3c9a78fdf9f234af,2026-10-08,2026-10-08 15:10:20.000 UTC,454580933,3g455Kbi3ag8ccoTcR6oqZiXF9e7anWqur6ErXbfXtaBN5jBAkRWdBtoPBYMzLvSN6qwKK4krH8TrMrL86dyWjDg,transfer,8L2y55D11k63CAftvW7uMM2mBhtMxLoLnivG9uY2bt8j,GpMZbSM2GgvTKHJirzeGfMFoaZ8UR2X7F4v8vHTvxFbL,HMM7irT5srZyM5LaAekNzEkQLQFkniNZdBxAvVvfBDxX,35hKKpdPTy495wFTybw5wajHp4ZNSyQA5KZXd7cN9hB7,707063751529,7070.63751529,1
16762cab12a9c9fff2bc99d21152b672,2026-10-08,2026-10-08 15:10:20.000 UTC,454580933,3g455Kbi3ag8ccoTcR6oqZiXF9e7anWqur6ErXbfXtaBN5jBAkRWdBtoPBYMzLvSN6qwKK4krH8TrMrL86dyWjDg,transfer,J3cdRYTeQAnZUhYRcVpk9abqEuRWTrtxb5fUbgh2aADn,8L2y55D11k63CAftvW7uMM2mBhtMxLoLnivG9uY2bt8j,7r4TcfVhcYuuh3of8S8igoV7AeyNfwcnRhAaA8FfvSgP,HMM7irT5srZyM5LaAekNzEkQLQFkniNZdBxAvVvfBDxX,707063751529,7070.63751529,1
76c24964b97a90d2138bfece9b4d9c4d,2026-10-08,2026-10-08 15:10:50.000 UTC,454581045,2pxmz2dGxqFRvFV4zNgkNSwzVDgucpNMVdut4DaQBoJfTBHgA3ikawhH3Ap9PWdx5Mja84M7uCJ37nmybqd9Gru7,transfer,81RwTUf7ZvM5GpeG5q5aGemnxPQLzKAXEF6qPDzNQKDn,GpMZbSM2GgvTKHJirzeGfMFoaZ8UR2X7F4v8vHTvxFbL,95BGpzYf6m74RDhE6Y7pSVFPiBKuUvQhoDtf41nZUHcb,35hKKpdPTy495wFTybw5wajHp4ZNSyQA5KZXd7cN9hB7,253696943369,2536.96943369,1
279000e7d636e00e242fe9aba495ffd4,2026-10-08,2026-10-08 15:10:50.000 UTC,454581045,2pxmz2dGxqFRvFV4zNgkNSwzVDgucpNMVdut4DaQBoJfTBHgA3ikawhH3Ap9PWdx5Mja84M7uCJ37nmybqd9Gru7,transfer,J3cdRYTeQAnZUhYRcVpk9abqEuRWTrtxb5fUbgh2aADn,81RwTUf7ZvM5GpeG5q5aGemnxPQLzKAXEF6qPDzNQKDn,7r4TcfVhcYuuh3of8S8igoV7AeyNfwcnRhAaA8FfvSgP,95BGpzYf6m74RDhE6Y7pSVFPiBKuUvQhoDtf41nZUHcb,253696943369,2536.96943369,1
2e2b061e6e5d03661571b1acce773108,2026-10-08,2026-10-08 15:13:45.000 UTC,454581687,auB7NChJ6VSVKiiizduT38Trygxas2sv9wXZyR3VAFJxhbt8iytuDARUPA3LyepZQvs2QrnwRj4FkZGsHPFxhAb,burn,GbbEyK4WS28sqoAzSohryLdLDhYZwjn4yznsAmpFBUNs,,3ZZGQB1F6HK2344zm5wNLwNPCH6yhPGDTnCVCXtJhmN2,,12974564,0.12974564,1
dd355bfbc798749a57b96e4da935eb9a,2026-10-08,2026-10-08 15:21:22.000 UTC,454583388,5Meggmxy1BaTuTmYnJU6Jrc64SdcbtZiEurAuJmUuJZproUPJGR2QY7McuJJVHBBQcj3peAydvj3UpEf9eWThrXM,transfer,J3cdRYTeQAnZUhYRcVpk9abqEuRWTrtxb5fUbgh2aADn,LionX7R69tL1EEcpRkJ9jRuwV7bi4jFoKmZZnxiVK6y,7r4TcfVhcYuuh3of8S8igoV7AeyNfwcnRhAaA8FfvSgP,FV9KA7rMMNWvxeV5ZKjsKng1awu9znDBuQTpCBXntMNK,84635158632,846.35158632,1
269fabc3c41521ef3b1070748c22c367,2026-10-08,2026-10-08 15:21:22.000 UTC,454583388,5Meggmxy1BaTuTmYnJU6Jrc64SdcbtZiEurAuJmUuJZproUPJGR2QY7McuJJVHBBQcj3peAydvj3UpEf9eWThrXM,transfer,LionX7R69tL1EEcpRkJ9jRuwV7bi4jFoKmZZnxiVK6y,GpMZbSM2GgvTKHJirzeGfMFoaZ8UR2X7F4v8vHTvxFbL,FV9KA7rMMNWvxeV5ZKjsKng1awu9znDBuQTpCBXntMNK,35hKKpdPTy495wFTybw5wajHp4ZNSyQA5KZXd7cN9hB7,84635158632,846.35158632,1
5001aef790f1be392b3785a63e8ae99a,2026-10-08,2026-10-08 15:38:22.000 UTC,454587175,64CYHNSozQKsVg4D4GeiYjQUB3HgtSLf6cEAfkcKgvVvRRocbPaXaT4fv51F3hDrCQfQxqivShb64wdp3GdekTzm,transfer,5cLJnpSPrCpx2hqNYjq6iRtEa8ZW5FZXBn6ecRH39m9x,ARu4n5mFdZogZAravu7CcizaojWnS6oqka37gdLT5SZn,H49reFCTCL8aSDmLC4wjGEDg2TEHd3TJq4ByJvXJA1UT,3CCaDwLVKs3WBE6bFG58Q9qaHmGfRrjUvEnEcuiCbY87,1415658547272,14156.58547272,1
03c71a8d31a02630a51d627fda535b1d,2026-10-08,2026-10-08 15:38:22.000 UTC,454587175,64CYHNSozQKsVg4D4GeiYjQUB3HgtSLf6cEAfkcKgvVvRRocbPaXaT4fv51F3hDrCQfQxqivShb64wdp3GdekTzm,transfer,ARu4n5mFdZogZAravu7CcizaojWnS6oqka37gdLT5SZn,J3cdRYTeQAnZUhYRcVpk9abqEuRWTrtxb5fUbgh2aADn,3CCaDwLVKs3WBE6bFG58Q9qaHmGfRrjUvEnEcuiCbY87,7r4TcfVhcYuuh3of8S8igoV7AeyNfwcnRhAaA8FfvSgP,1047587324981,10475.87324981,1
75f64311e89b8feeb41f8b97639cdda6,2026-10-08,2026-10-08 15:38:22.000 UTC,454587175,64CYHNSozQKsVg4D4GeiYjQUB3HgtSLf6cEAfkcKgvVvRRocbPaXaT4fv51F3hDrCQfQxqivShb64wdp3GdekTzm,transfer,ARu4n5mFdZogZAravu7CcizaojWnS6oqka37gdLT5SZn,GpMZbSM2GgvTKHJirzeGfMFoaZ8UR2X7F4v8vHTvxFbL,3CCaDwLVKs3WBE6bFG58Q9qaHmGfRrjUvEnEcuiCbY87,35hKKpdPTy495wFTybw5wajHp4ZNSyQA5KZXd7cN9hB7,368071222291,3680.71222291,1
b7f9f193394191342394bba7ea56f32c,2026-10-08,2026-10-08 15:46:36.000 UTC,454588997,4djsvvV8YMnSaXxVkJY5xsQm3gyHgyxrQWFztn4EifC6P2ErcftpnU2dxvMtbVdS9rgbc1W5vvkcRCVQJwsuBKx1,transfer,J3cdRYTeQAnZUhYRcVpk9abqEuRWTrtxb5fUbgh2aADn,D5YqVMoSxnqeZAKAUUE1Dm3bmjtdxQ5DCF356ozqN9cM,7r4TcfVhcYuuh3of8S8igoV7AeyNfwcnRhAaA8FfvSgP,2KJkRj5rk5ft92WTTT5NYQThgX6SHStiqsyffyhjDWb4,788114522182,7881.14522182,1
20abecd70acd8d4f4263a3fe0231e561,2026-10-08,2026-10-08 15:46:36.000 UTC,454588997,4djsvvV8YMnSaXxVkJY5xsQm3gyHgyxrQWFztn4EifC6P2ErcftpnU2dxvMtbVdS9rgbc1W5vvkcRCVQJwsuBKx1,transfer,D5YqVMoSxnqeZAKAUUE1Dm3bmjtdxQ5DCF356ozqN9cM,2rbMgYvzAb3xDk6vXrzKkY3VwsmyDZsJTkvB3JJYsRzA,2KJkRj5rk5ft92WTTT5NYQThgX6SHStiqsyffyhjDWb4,jHqksjRwhzYwSRoCcsUEPMbDhtimjNaH58jYcpusHjP,6383727629,63.83727629,1
86f46ed09bfa949592a1d63128ef0d9d,2026-10-08,2026-10-08 15:46:36.000 UTC,454588997,4djsvvV8YMnSaXxVkJY5xsQm3gyHgyxrQWFztn4EifC6P2ErcftpnU2dxvMtbVdS9rgbc1W5vvkcRCVQJwsuBKx1,transfer,D5YqVMoSxnqeZAKAUUE1Dm3bmjtdxQ5DCF356ozqN9cM,AiesFKjW47NqUT1UHNZcnjL5GyC6SCmkeyUjXJLpVKYU,2KJkRj5rk5ft92WTTT5NYQThgX6SHStiqsyffyhjDWb4,9GrZVcSAc6avUKo4UrGJfzfpF4obzKvMTNEattLQ6BRW,781730794553,7817.30794553,1
4855e84a2c49fff19218a93b4b545923,2026-10-08,2026-10-08 15:56:10.000 UTC,454591125,3SEFMURhMPYUJK7vA355oYkRf3rAGkFzf8GCsWCQL5AS9P6fXw6bAJ3HkNqybLE6Kb5VPSembTN5mLLtsG2bA62x,transfer,J3cdRYTeQAnZUhYRcVpk9abqEuRWTrtxb5fUbgh2aADn,4xDsmeTWPNjgSVSS1VTfzFq3iHZhp77ffPkAmkZkdu71,7r4TcfVhcYuuh3of8S8igoV7AeyNfwcnRhAaA8FfvSgP,6nh19xY4eR2QWhKG1xbsLALzu1bXaaDi8JuRyPpgTTmx,10459510845815,104595.10845815,1
16a88002d8855197c8eb7d2a55442d5c,2026-10-08,2026-10-08 15:56:10.000 UTC,454591125,3SEFMURhMPYUJK7vA355oYkRf3rAGkFzf8GCsWCQL5AS9P6fXw6bAJ3HkNqybLE6Kb5VPSembTN5mLLtsG2bA62x,transfer,4xDsmeTWPNjgSVSS1VTfzFq3iHZhp77ffPkAmkZkdu71,5QsyByFVJcg7oN76Ma26KEDFQdHt1tsiVExK94zURzfd,6nh19xY4eR2QWhKG1xbsLALzu1bXaaDi8JuRyPpgTTmx,8joUsyKkRQzxUWHwuXjLAnnxdR8q4yy6VicKt2mJFCPC,10459510845815,104595.10845815,1
156506185578334954b91faabd06a56d,2026-10-08,2026-10-08 15:56:14.000 UTC,454591141,5nG1Z7inCTwJgNoKHy3bCMs8qay1MzSTce4zY2d2WmNfbhBhi4Wa6W6PVH7kVRQUGMzHLnCQaWJz86UXY5VWzRF,transfer,HVcTRDjM6B3tMJr7Kr8eRUXJxXAH2Ni3FRXQZDVqB4dk,ARu4n5mFdZogZAravu7CcizaojWnS6oqka37gdLT5SZn,BFHd7NVwQDB152eJSj7sKiMe1zCEZ8JjjyXGRbsDhT6m,3CCaDwLVKs3WBE6bFG58Q9qaHmGfRrjUvEnEcuiCbY87,100000000000,1000,1
b1707cbae19478db70e40316047a0e53,2026-10-08,2026-10-08 15:56:14.000 UTC,454591141,5nG1Z7inCTwJgNoKHy3bCMs8qay1MzSTce4zY2d2WmNfbhBhi4Wa6W6PVH7kVRQUGMzHLnCQaWJz86UXY5VWzRF,transfer,ARu4n5mFdZogZAravu7CcizaojWnS6oqka37gdLT5SZn,J3cdRYTeQAnZUhYRcVpk9abqEuRWTrtxb5fUbgh2aADn,3CCaDwLVKs3WBE6bFG58Q9qaHmGfRrjUvEnEcuiCbY87,7r4TcfVhcYuuh3of8S8igoV7AeyNfwcnRhAaA8FfvSgP,100000000000,1000,1
a0b92d0ef4b2801bc5f89f04657fdf87,2026-10-08,2026-10-08 15:56:40.000 UTC,454591238,21Mp24M7Zkqt7oPCxVmyopgpYB4xJxp82d2qeBajfXUXiJL3rPWPC3g5T4XfEvWF8wUEegpBDfgvd8HLzZJsDkX9,transfer,GpMZbSM2GgvTKHJirzeGfMFoaZ8UR2X7F4v8vHTvxFbL,81RwTUf7ZvM5GpeG5q5aGemnxPQLzKAXEF6qPDzNQKDn,35hKKpdPTy495wFTybw5wajHp4ZNSyQA5KZXd7cN9hB7,95BGpzYf6m74RDhE6Y7pSVFPiBKuUvQhoDtf41nZUHcb,647885404884,6478.85404884,1
e531d8ffa4ca9500768a7da1f5810709,2026-10-08,2026-10-08 15:56:40.000 UTC,454591238,21Mp24M7Zkqt7oPCxVmyopgpYB4xJxp82d2qeBajfXUXiJL3rPWPC3g5T4XfEvWF8wUEegpBDfgvd8HLzZJsDkX9,transfer,81RwTUf7ZvM5GpeG5q5aGemnxPQLzKAXEF6qPDzNQKDn,J3cdRYTeQAnZUhYRcVpk9abqEuRWTrtxb5fUbgh2aADn,95BGpzYf6m74RDhE6Y7pSVFPiBKuUvQhoDtf41nZUHcb,7r4TcfVhcYuuh3of8S8igoV7AeyNfwcnRhAaA8FfvSgP,647885404884,6478.85404884,1
786c1fa48f00c962f454c6af753382b7,2026-10-08,2026-10-08 15:56:51.000 UTC,454591283,54YQqAAq1byVEBdXWgYzdqNCVGV3y1cXDQYWnCvvo7PGuyETZMvBUE2PZqidptxm5NHwme5Sj9iCkYeVRBMySbNH,transfer,4xDsmeTWPNjgSVSS1VTfzFq3iHZhp77ffPkAmkZkdu71,J3cdRYTeQAnZUhYRcVpk9abqEuRWTrtxb5fUbgh2aADn,6nh19xY4eR2QWhKG1xbsLALzu1bXaaDi8JuRyPpgTTmx,7r4TcfVhcYuuh3of8S8igoV7AeyNfwcnRhAaA8FfvSgP,10000000000,100,1
2f363ecb701ba3dcb9ac1ea1c0d923da,2026-10-08,2026-10-08 15:56:51.000 UTC,454591283,54YQqAAq1byVEBdXWgYzdqNCVGV3y1cXDQYWnCvvo7PGuyETZMvBUE2PZqidptxm5NHwme5Sj9iCkYeVRBMySbNH,transfer,HVcTRDjM6B3tMJr7Kr8eRUXJxXAH2Ni3FRXQZDVqB4dk,4xDsmeTWPNjgSVSS1VTfzFq3iHZhp77ffPkAmkZkdu71,BFHd7NVwQDB152eJSj7sKiMe1zCEZ8JjjyXGRbsDhT6m,6nh19xY4eR2QWhKG1xbsLALzu1bXaaDi8JuRyPpgTTmx,10000000000,100,1
0093aef5f9e17f519104512e4104f3d8,2026-10-08,2026-10-08 15:57:10.000 UTC,454591348,5t71t93iCp6xKy3nyijTWdG45kux1HwFjqcVHQ7iA9mUiczhgXxs54x6ZDdVTnNmzboAFox3628UmQysEQdKMq2J,transfer,8L2y55D11k63CAftvW7uMM2mBhtMxLoLnivG9uY2bt8j,J3cdRYTeQAnZUhYRcVpk9abqEuRWTrtxb5fUbgh2aADn,HMM7irT5srZyM5LaAekNzEkQLQFkniNZdBxAvVvfBDxX,7r4TcfVhcYuuh3of8S8igoV7AeyNfwcnRhAaA8FfvSgP,278639119344,2786.39119344,1
02df5a35dbbbfe4bea38189b8936985e,2026-10-08,2026-10-08 15:57:10.000 UTC,454591348,5t71t93iCp6xKy3nyijTWdG45kux1HwFjqcVHQ7iA9mUiczhgXxs54x6ZDdVTnNmzboAFox3628UmQysEQdKMq2J,transfer,GpMZbSM2GgvTKHJirzeGfMFoaZ8UR2X7F4v8vHTvxFbL,8L2y55D11k63CAftvW7uMM2mBhtMxLoLnivG9uY2bt8j,35hKKpdPTy495wFTybw5wajHp4ZNSyQA5KZXd7cN9hB7,HMM7irT5srZyM5LaAekNzEkQLQFkniNZdBxAvVvfBDxX,278639119344,2786.39119344,1
769c44b4b2daa5ea4dceb60d541b0469,2026-10-08,2026-10-08 15:57:42.000 UTC,454591465,3vFGuRjuXgtZ6tDPG8DCxZbxSw5EE3RRaB8hYc5AgZ8DoKDwKzAxPaWMetkBAEr3twR9ipuQc1kX7kP7jVk6h3nP,transfer,GpMZbSM2GgvTKHJirzeGfMFoaZ8UR2X7F4v8vHTvxFbL,ESuvjvsQtjuxC4XGsDeMhx8Wp5yjQcCFGncGhupcJbg8,35hKKpdPTy495wFTybw5wajHp4ZNSyQA5KZXd7cN9hB7,Ca7ReVakXwC2k3zznXsiiSY1PkKDW8Nk3Rh986zKmWzb,101526315853,1015.26315853,1
a2b497d6c1368694381d2b9072a02c8b,2026-10-08,2026-10-08 15:57:42.000 UTC,454591465,3vFGuRjuXgtZ6tDPG8DCxZbxSw5EE3RRaB8hYc5AgZ8DoKDwKzAxPaWMetkBAEr3twR9ipuQc1kX7kP7jVk6h3nP,transfer,ESuvjvsQtjuxC4XGsDeMhx8Wp5yjQcCFGncGhupcJbg8,J3cdRYTeQAnZUhYRcVpk9abqEuRWTrtxb5fUbgh2aADn,Ca7ReVakXwC2k3zznXsiiSY1PkKDW8Nk3Rh986zKmWzb,7r4TcfVhcYuuh3of8S8igoV7AeyNfwcnRhAaA8FfvSgP,101526315853,1015.26315853,1
cadeedcba2276c5da5d0db297fd01ad8,2026-10-08,2026-10-08 16:20:20.000 UTC,454596468,2qntQNKJi6JEm2KUYzcCpZrauoTYvRmBUne1QmiGLXJqAW8GySstwpmBbMTZ3ez4XAsYfBDtogDyN6YReG9mmGmM,transfer,GENju48fYtqGCGLhEXRW2jqPbQzbjJmVb6eGALgyQxTP,9nnLbotNTcUhvbrsA6Mdkx45Sm82G35zo28AqUvjExn8,HiumRzrhYsUeJiTWJhpnd3VoFgpt3nzDsz1AEviPn6Pr,3CMwuMtw9u3VuFyGFJWCaF43wbRkrP1iGtE5FrWKxNQw,38478764661,384.78764661,1
82c19182d860970ffa9f8c5f2ead3bdd,2026-10-08,2026-10-08 16:20:20.000 UTC,454596468,2qntQNKJi6JEm2KUYzcCpZrauoTYvRmBUne1QmiGLXJqAW8GySstwpmBbMTZ3ez4XAsYfBDtogDyN6YReG9mmGmM,transfer,9nnLbotNTcUhvbrsA6Mdkx45Sm82G35zo28AqUvjExn8,J3cdRYTeQAnZUhYRcVpk9abqEuRWTrtxb5fUbgh2aADn,3CMwuMtw9u3VuFyGFJWCaF43wbRkrP1iGtE5FrWKxNQw,7r4TcfVhcYuuh3of8S8igoV7AeyNfwcnRhAaA8FfvSgP,38478764661,384.78764661,1
412e4537cfac11bad3ee7bebccb0ba94,2026-10-08,2026-10-08 16:22:08.000 UTC,454596866,26xGWoC4NGDJrhJHBsiDLeMzZEfRa2DCFP7878ELo8nCYtn8sua7A2jMBjdZvDN2zgvjt5FHjm427iEMnrw8uEEn,transfer,5UBZkghW4rLsnQFhgMy3K5mRSpaT1W1oKTF4XNruJcwq,J3cdRYTeQAnZUhYRcVpk9abqEuRWTrtxb5fUbgh2aADn,BzBaBcF2QEGewMCgVwrvRUmUtg6b7yXj1BKF68oYYsVk,7r4TcfVhcYuuh3of8S8igoV7AeyNfwcnRhAaA8FfvSgP,2508769682450,25087.6968245,1
5df2742aa278ec307edc4aed8e3f10c6,2026-10-08,2026-10-08 16:22:17.000 UTC,454596897,3FfuiBTpxoLDHh4yH5wqCS4qVrf87h2sfXAzkGRBAWH6FzthXfnHYVpRzk8hnps6En5sqiNKvGxjLoycGa5czs3r,transfer,5UBZkghW4rLsnQFhgMy3K5mRSpaT1W1oKTF4XNruJcwq,J3cdRYTeQAnZUhYRcVpk9abqEuRWTrtxb5fUbgh2aADn,BzBaBcF2QEGewMCgVwrvRUmUtg6b7yXj1BKF68oYYsVk,7r4TcfVhcYuuh3of8S8igoV7AeyNfwcnRhAaA8FfvSgP,2474730188002,24747.30188002,1
ab51687132fa03096029210ce8a5b755,2026-10-08,2026-10-08 16:22:28.000 UTC,454596939,Z92kUPoB6wkjEnVsf62uTTeaqhsY7T19aD41xCwGJruUCcGE3NzL9MJoF7UNxRUyxhKuA9tNRBh9RXutpxPtmDh,transfer,5UBZkghW4rLsnQFhgMy3K5mRSpaT1W1oKTF4XNruJcwq,J3cdRYTeQAnZUhYRcVpk9abqEuRWTrtxb5fUbgh2aADn,BzBaBcF2QEGewMCgVwrvRUmUtg6b7yXj1BKF68oYYsVk,7r4TcfVhcYuuh3of8S8igoV7AeyNfwcnRhAaA8FfvSgP,2525330849716,25253.30849716,1
217dbe7e5397528acf4fefda5b67a66a,2026-10-08,2026-10-08 16:22:37.000 UTC,454596972,5P3KYxr3GmiS679H9zT1mYce24iG1LVa5HmHr9zCFDgZY8PbmSqJE13MbX7zukr14fQQAn8EiED7wNuZAEyxj8wM,transfer,GP8StUXNYSZjPikyRsvkTbvRV1GBxMErb59cpeCJnDf1,J3cdRYTeQAnZUhYRcVpk9abqEuRWTrtxb5fUbgh2aADn,6cFwYtgFryjCsUvNWKUmBVsCMwfWWADWBoiWqPTebZ5F,7r4TcfVhcYuuh3of8S8igoV7AeyNfwcnRhAaA8FfvSgP,2446941208429,24469.41208429,1
05eb5e590a4a6e302b9aec9dc95d2897,2026-10-08,2026-10-08 16:22:37.000 UTC,454596972,5P3KYxr3GmiS679H9zT1mYce24iG1LVa5HmHr9zCFDgZY8PbmSqJE13MbX7zukr14fQQAn8EiED7wNuZAEyxj8wM,transfer,5UBZkghW4rLsnQFhgMy3K5mRSpaT1W1oKTF4XNruJcwq,GP8StUXNYSZjPikyRsvkTbvRV1GBxMErb59cpeCJnDf1,BzBaBcF2QEGewMCgVwrvRUmUtg6b7yXj1BKF68oYYsVk,6cFwYtgFryjCsUvNWKUmBVsCMwfWWADWBoiWqPTebZ5F,2446941208429,24469.41208429,1
aa69d718f5a26b0bac79e15a9d8fc2d5,2026-10-08,2026-10-08 16:22:48.000 UTC,454597016,wbLAp7n5pssKbmQQUNHLwGqaPA57reFmd47RcxXgBtrSs1VadCZXVPZ3LM1D8aPAs8USTW7k6LntdCNGHjLhf7j,transfer,5UBZkghW4rLsnQFhgMy3K5mRSpaT1W1oKTF4XNruJcwq,J3cdRYTeQAnZUhYRcVpk9abqEuRWTrtxb5fUbgh2aADn,BzBaBcF2QEGewMCgVwrvRUmUtg6b7yXj1BKF68oYYsVk,7r4TcfVhcYuuh3of8S8igoV7AeyNfwcnRhAaA8FfvSgP,2534968990426,25349.68990426,1
813ba12b581f48095c6e27ccf4ed917b,2026-10-08,2026-10-08 16:22:59.000 UTC,454597055,5qacSJ9pvdZcTxapqbS3b5drVFWcuHA8RLg47U8f8AQqKxEBkiVWQSMtkvqvUKk2JZeRgRCmXeDWHTSpdrUJBXvA,transfer,5UBZkghW4rLsnQFhgMy3K5mRSpaT1W1oKTF4XNruJcwq,J3cdRYTeQAnZUhYRcVpk9abqEuRWTrtxb5fUbgh2aADn,BzBaBcF2QEGewMCgVwrvRUmUtg6b7yXj1BKF68oYYsVk,7r4TcfVhcYuuh3of8S8igoV7AeyNfwcnRhAaA8FfvSgP,2526798445877,25267.98445877,1
c267298abf7cd1e9b95c74270a6d8749,2026-10-08,2026-10-08 16:23:29.000 UTC,454597162,3CkaPfmBCiy7yt9grerWzrmHWeDNoA2F1jCstK9YyytAoe1bbabB71BPrTa4assCdJYLfEH5dmdpVgtT3vN86Ckd,transfer,81RwTUf7ZvM5GpeG5q5aGemnxPQLzKAXEF6qPDzNQKDn,GpMZbSM2GgvTKHJirzeGfMFoaZ8UR2X7F4v8vHTvxFbL,95BGpzYf6m74RDhE6Y7pSVFPiBKuUvQhoDtf41nZUHcb,35hKKpdPTy495wFTybw5wajHp4ZNSyQA5KZXd7cN9hB7,577006082660,5770.0608266,1
d1f0223845ef9f0d69288785a33a60f5,2026-10-08,2026-10-08 16:23:29.000 UTC,454597162,3CkaPfmBCiy7yt9grerWzrmHWeDNoA2F1jCstK9YyytAoe1bbabB71BPrTa4assCdJYLfEH5dmdpVgtT3vN86Ckd,transfer,J3cdRYTeQAnZUhYRcVpk9abqEuRWTrtxb5fUbgh2aADn,81RwTUf7ZvM5GpeG5q5aGemnxPQLzKAXEF6qPDzNQKDn,7r4TcfVhcYuuh3of8S8igoV7AeyNfwcnRhAaA8FfvSgP,95BGpzYf6m74RDhE6Y7pSVFPiBKuUvQhoDtf41nZUHcb,577006082660,5770.0608266,1
c1ef1ad409699ff1e60415d7a7d10b19,2026-10-08,2026-10-08 16:23:59.000 UTC,454597272,3SA8u3ADiqz9BZbZ9oki7icgkbH6kGcGhAumBxuV7syqjtMUmHBHr53hyZCRivjuZCVgfjfomLsFCjqqDjntMNhM,transfer,J3cdRYTeQAnZUhYRcVpk9abqEuRWTrtxb5fUbgh2aADn,8L2y55D11k63CAftvW7uMM2mBhtMxLoLnivG9uY2bt8j,7r4TcfVhcYuuh3of8S8igoV7AeyNfwcnRhAaA8FfvSgP,HMM7irT5srZyM5LaAekNzEkQLQFkniNZdBxAvVvfBDxX,479043471671,4790.43471671,1
79710fae97c4805cdbfb33d2d682eaec,2026-10-08,2026-10-08 16:23:59.000 UTC,454597272,3SA8u3ADiqz9BZbZ9oki7icgkbH6kGcGhAumBxuV7syqjtMUmHBHr53hyZCRivjuZCVgfjfomLsFCjqqDjntMNhM,transfer,8L2y55D11k63CAftvW7uMM2mBhtMxLoLnivG9uY2bt8j,GpMZbSM2GgvTKHJirzeGfMFoaZ8UR2X7F4v8vHTvxFbL,HMM7irT5srZyM5LaAekNzEkQLQFkniNZdBxAvVvfBDxX,35hKKpdPTy495wFTybw5wajHp4ZNSyQA5KZXd7cN9hB7,479043471671,4790.43471671,1
84d6830915208feb131f74a872de0d5e,2026-10-08,2026-10-08 16:24:29.000 UTC,454597381,74Tc7WkvVcnShaJeufDbAiWGJcm4Rg2tQ3qvVKLyd61xU3JeZNFcU2pTqizMBEzYvPA9y2hLfcQxQ7x86tPce2d,transfer,J3cdRYTeQAnZUhYRcVpk9abqEuRWTrtxb5fUbgh2aADn,81RwTUf7ZvM5GpeG5q5aGemnxPQLzKAXEF6qPDzNQKDn,7r4TcfVhcYuuh3of8S8igoV7AeyNfwcnRhAaA8FfvSgP,95BGpzYf6m74RDhE6Y7pSVFPiBKuUvQhoDtf41nZUHcb,192043000324,1920.43000324,1
f0c2e4537531c376303f015d758fd64d,2026-10-08,2026-10-08 16:24:29.000 UTC,454597381,74Tc7WkvVcnShaJeufDbAiWGJcm4Rg2tQ3qvVKLyd61xU3JeZNFcU2pTqizMBEzYvPA9y2hLfcQxQ7x86tPce2d,transfer,81RwTUf7ZvM5GpeG5q5aGemnxPQLzKAXEF6qPDzNQKDn,GpMZbSM2GgvTKHJirzeGfMFoaZ8UR2X7F4v8vHTvxFbL,95BGpzYf6m74RDhE6Y7pSVFPiBKuUvQhoDtf41nZUHcb,35hKKpdPTy495wFTybw5wajHp4ZNSyQA5KZXd7cN9hB7,192043000324,1920.43000324,1
d64e895e383e2d2059177ce94c42aef9,2026-10-08,2026-10-08 16:27:00.000 UTC,454597944,3iowDmxtPQSWSwFEaK9wjD1NFgXUU1AFMddKrX8EWbgHZsSDv8Jw9ZwoamDyKZDHJCsrcu4rSg2PmpFoX5V4gYJA,transfer,J3cdRYTeQAnZUhYRcVpk9abqEuRWTrtxb5fUbgh2aADn,FUBVxWEmxHbm3H9TbLgEQQ6d8bvsdw4sgkNJysFeSLRG,7r4TcfVhcYuuh3of8S8igoV7AeyNfwcnRhAaA8FfvSgP,FuiUWR4eoEAFGKMrLHZw48876vYGLnMQ3YjEkyisy8gB,53777014045,537.77014045,1
373ee4f6b338df2eea6be914ca608bea,2026-10-08,2026-10-08 16:27:00.000 UTC,454597944,3iowDmxtPQSWSwFEaK9wjD1NFgXUU1AFMddKrX8EWbgHZsSDv8Jw9ZwoamDyKZDHJCsrcu4rSg2PmpFoX5V4gYJA,transfer,FUBVxWEmxHbm3H9TbLgEQQ6d8bvsdw4sgkNJysFeSLRG,GpMZbSM2GgvTKHJirzeGfMFoaZ8UR2X7F4v8vHTvxFbL,FuiUWR4eoEAFGKMrLHZw48876vYGLnMQ3YjEkyisy8gB,GJrjTyjw8vEL4FUVVnKmfvYKZamyjNgwxxprciNkQ9AE,53777014045,537.77014045,1
2295a21f3908bbdfaee27e46ed7b1ff0,2026-10-08,2026-10-08 16:30:47.000 UTC,454598785,2pts2Vxv3e2ojDTJAzviezGRpZyxcbDnaw5qJbejgZTBTdG4R13hVj14kkJUTmdFBWoCXe1TeACo9Y7EDM2KN4xa,transfer,J3cdRYTeQAnZUhYRcVpk9abqEuRWTrtxb5fUbgh2aADn,FUBVxWEmxHbm3H9TbLgEQQ6d8bvsdw4sgkNJysFeSLRG,7r4TcfVhcYuuh3of8S8igoV7AeyNfwcnRhAaA8FfvSgP,FuiUWR4eoEAFGKMrLHZw48876vYGLnMQ3YjEkyisy8gB,77546354983,775.46354983,1
15fc55631a18865e31a03d24f826ea82,2026-10-08,2026-10-08 16:30:47.000 UTC,454598785,2pts2Vxv3e2ojDTJAzviezGRpZyxcbDnaw5qJbejgZTBTdG4R13hVj14kkJUTmdFBWoCXe1TeACo9Y7EDM2KN4xa,transfer,FUBVxWEmxHbm3H9TbLgEQQ6d8bvsdw4sgkNJysFeSLRG,GpMZbSM2GgvTKHJirzeGfMFoaZ8UR2X7F4v8vHTvxFbL,FuiUWR4eoEAFGKMrLHZw48876vYGLnMQ3YjEkyisy8gB,GJrjTyjw8vEL4FUVVnKmfvYKZamyjNgwxxprciNkQ9AE,77546354983,775.46354983,1
39ba26614d81039a800c68a9e7939641,2026-10-08,2026-10-08 16:32:22.000 UTC,454599143,41MhRZLjaqmeJhJ5KkGcKBXzVAntgtTVUafSjSm3LH1KkBTJ5u1gaCoXc2z5FGVuGJACHcsPvxhfmYv9H6GPqomW,transfer,78Bo7xxGWBEvqbh3VMKvkFG4Z63cXKSJ2LCEXAanhN7a,GpMZbSM2GgvTKHJirzeGfMFoaZ8UR2X7F4v8vHTvxFbL,H4dF1Hr9YcAqNEUsfGVnxa9qL3dbgJ5fa6PaffqtR7UD,GJrjTyjw8vEL4FUVVnKmfvYKZamyjNgwxxprciNkQ9AE,101962770441,1019.62770441,1
5f7197061d77ac7875ea45f2732791e8,2026-10-08,2026-10-08 16:32:22.000 UTC,454599143,41MhRZLjaqmeJhJ5KkGcKBXzVAntgtTVUafSjSm3LH1KkBTJ5u1gaCoXc2z5FGVuGJACHcsPvxhfmYv9H6GPqomW,transfer,J3cdRYTeQAnZUhYRcVpk9abqEuRWTrtxb5fUbgh2aADn,78Bo7xxGWBEvqbh3VMKvkFG4Z63cXKSJ2LCEXAanhN7a,7r4TcfVhcYuuh3of8S8igoV7AeyNfwcnRhAaA8FfvSgP,H4dF1Hr9YcAqNEUsfGVnxa9qL3dbgJ5fa6PaffqtR7UD,101962770441,1019.62770441,1
bf2ce02cdab81c34721e1c3867d68866,2026-10-08,2026-10-08 16:32:29.000 UTC,454599167,51s8vaBRPwBPoxaSfMPvfnNdwzsfgarWkGRJJMcjNzZksZ5jKBd6zLfA4GPNxqz5wNowQVHhrZFHwdZT6mtb1b8i,transfer,J3cdRYTeQAnZUhYRcVpk9abqEuRWTrtxb5fUbgh2aADn,FUBVxWEmxHbm3H9TbLgEQQ6d8bvsdw4sgkNJysFeSLRG,7r4TcfVhcYuuh3of8S8igoV7AeyNfwcnRhAaA8FfvSgP,FuiUWR4eoEAFGKMrLHZw48876vYGLnMQ3YjEkyisy8gB,66873446802,668.73446802,1
a6dcef1eff50f18b3127cdfe16bd17a1,2026-10-08,2026-10-08 16:32:29.000 UTC,454599167,51s8vaBRPwBPoxaSfMPvfnNdwzsfgarWkGRJJMcjNzZksZ5jKBd6zLfA4GPNxqz5wNowQVHhrZFHwdZT6mtb1b8i,transfer,FUBVxWEmxHbm3H9TbLgEQQ6d8bvsdw4sgkNJysFeSLRG,GpMZbSM2GgvTKHJirzeGfMFoaZ8UR2X7F4v8vHTvxFbL,FuiUWR4eoEAFGKMrLHZw48876vYGLnMQ3YjEkyisy8gB,GJrjTyjw8vEL4FUVVnKmfvYKZamyjNgwxxprciNkQ9AE,66873446802,668.73446802,1
aa1ebff1e120ea463e561c3d78f5697a,2026-10-08,2026-10-08 16:34:55.000 UTC,454599704,3wbWdMrcqZHheqV3n9r1qRRmRSJ2icj3tUssBiBhYugnQWLAh2dvFtLqJXiHmNntYVTA8siLqbLgZQcePR2AADHR,transfer,J3cdRYTeQAnZUhYRcVpk9abqEuRWTrtxb5fUbgh2aADn,6U91aKa8pmMxkJwBCfPTmUEfZi6dHe7DcFq2ALvB2tbB,7r4TcfVhcYuuh3of8S8igoV7AeyNfwcnRhAaA8FfvSgP,8jk4ipjSrvk52xtLa13BCPXLgfYQNc9xgraHi49WPNSu,1787769529184,17877.69529184,1
970fa92fb8a145574996f7c1dbb0839c,2026-10-08,2026-10-08 16:34:55.000 UTC,454599704,3wbWdMrcqZHheqV3n9r1qRRmRSJ2icj3tUssBiBhYugnQWLAh2dvFtLqJXiHmNntYVTA8siLqbLgZQcePR2AADHR,transfer,6U91aKa8pmMxkJwBCfPTmUEfZi6dHe7DcFq2ALvB2tbB,5QsyByFVJcg7oN76Ma26KEDFQdHt1tsiVExK94zURzfd,8jk4ipjSrvk52xtLa13BCPXLgfYQNc9xgraHi49WPNSu,8joUsyKkRQzxUWHwuXjLAnnxdR8q4yy6VicKt2mJFCPC,1787769529184,17877.69529184,1
7cb0a5d647ffcf5a042a7ca616590bbd,2026-10-08,2026-10-08 16:35:25.000 UTC,454599813,a1Z8t8AcyMHRFt7NRbruqX2cMxj7btt6Le5EmN4b9NpGQbGT8AUJ9hvnvk9NSXcjpRSJ6HDuhW1DXX9YAKiYEDN,transfer,5QsyByFVJcg7oN76Ma26KEDFQdHt1tsiVExK94zURzfd,GpMZbSM2GgvTKHJirzeGfMFoaZ8UR2X7F4v8vHTvxFbL,8joUsyKkRQzxUWHwuXjLAnnxdR8q4yy6VicKt2mJFCPC,35hKKpdPTy495wFTybw5wajHp4ZNSyQA5KZXd7cN9hB7,692001660202,6920.01660202,1
45fc82855f1f0d8b86fd959d497f8bb0,2026-10-08,2026-10-08 16:43:46.000 UTC,454601681,4przNCF9zcH7pCYkQEUVUDMWZ2gvcNiA4hUb3RkzmuMZX9u5CHUKzuyLgNixrUZL62bFo7NA3tJHBEeiETWa6M6e,transfer,CapuXNQoDviLvU1PxFiizLgPNQCxrsag1uMeyk6zLVps,7xf8J6BFgYywvmwpHZyZmPLDMmEMN31Yangx3yUSPy17,H76YwwgbJnWUonJBggZvHDJHs5uMoWxBUuQ7FFZkP87n,9L3Fw6Da2wBJNFkUkCp88Y2j48Znt317BNdMAgiqufNd,78986382095,789.86382095,1
b540c3b5dc0c4f3990d24e2789d4b57f,2026-10-08,2026-10-08 16:43:46.000 UTC,454601681,4przNCF9zcH7pCYkQEUVUDMWZ2gvcNiA4hUb3RkzmuMZX9u5CHUKzuyLgNixrUZL62bFo7NA3tJHBEeiETWa6M6e,transfer,J3cdRYTeQAnZUhYRcVpk9abqEuRWTrtxb5fUbgh2aADn,CapuXNQoDviLvU1PxFiizLgPNQCxrsag1uMeyk6zLVps,7r4TcfVhcYuuh3of8S8igoV7AeyNfwcnRhAaA8FfvSgP,H76YwwgbJnWUonJBggZvHDJHs5uMoWxBUuQ7FFZkP87n,78986382095,789.86382095,1
10eb14bcfe0d2dfc97e457fc55684073,2026-10-08,2026-10-08 16:47:58.000 UTC,454602622,2mc4T7vpdAMuGCv98zsWj8UYpj9fdqZ8ZsevRJ3cimjiyBrr7ep5SejbELWdxhK9LD4CBmaUJLDckPXWoEb4B7qB,transfer,J3cdRYTeQAnZUhYRcVpk9abqEuRWTrtxb5fUbgh2aADn,7xf8J6BFgYywvmwpHZyZmPLDMmEMN31Yangx3yUSPy17,7r4TcfVhcYuuh3of8S8igoV7AeyNfwcnRhAaA8FfvSgP,9L3Fw6Da2wBJNFkUkCp88Y2j48Znt317BNdMAgiqufNd,158351522724,1583.51522724,1
7d8e900c63a95c6740deda89b0200bdb,2026-10-08,2026-10-08 17:24:22.000 UTC,454610712,3HkLBWZPBzdFnNzwi5zWZNZdwFDz8rXs6k4qFoQE7jc16npYwRMd8VJEM9W7K1AFMDurDvptXptGnEMWATKdaK4q,transfer,J3cdRYTeQAnZUhYRcVpk9abqEuRWTrtxb5fUbgh2aADn,LionX7R69tL1EEcpRkJ9jRuwV7bi4jFoKmZZnxiVK6y,7r4TcfVhcYuuh3of8S8igoV7AeyNfwcnRhAaA8FfvSgP,FV9KA7rMMNWvxeV5ZKjsKng1awu9znDBuQTpCBXntMNK,2004854487,20.04854487,1
400d4e9b1d09e100fc9f6c4da8f09638,2026-10-08,2026-10-08 17:24:22.000 UTC,454610712,3HkLBWZPBzdFnNzwi5zWZNZdwFDz8rXs6k4qFoQE7jc16npYwRMd8VJEM9W7K1AFMDurDvptXptGnEMWATKdaK4q,transfer,LionX7R69tL1EEcpRkJ9jRuwV7bi4jFoKmZZnxiVK6y,2Q8tAc9nrQca3tE9KqhnVc9DiBsDPQyqY24rnbRVYv8E,FV9KA7rMMNWvxeV5ZKjsKng1awu9znDBuQTpCBXntMNK,9UK3o1FSN5avmpNmuxkdJWT16YPRjNZ7WvYW3fCcjaw4,2004854487,20.04854487,1
3c84756ac06c80f62ca3af9c89175c09,2026-10-08,2026-10-08 17:24:51.000 UTC,454610819,EvgxVkhAHUyi88pdGjfmCH662a1SGNtZrttAmg31qYKMT4U6nWDip73oUeHpnuEbFcm35gfUnXcBkLEWpqL47da,transfer,J3cdRYTeQAnZUhYRcVpk9abqEuRWTrtxb5fUbgh2aADn,78Bo7xxGWBEvqbh3VMKvkFG4Z63cXKSJ2LCEXAanhN7a,7r4TcfVhcYuuh3of8S8igoV7AeyNfwcnRhAaA8FfvSgP,H4dF1Hr9YcAqNEUsfGVnxa9qL3dbgJ5fa6PaffqtR7UD,81013353277,810.13353277,1
93a9d00c6f7d66de3784bd35db1ab6f8,2026-10-08,2026-10-08 17:24:51.000 UTC,454610819,EvgxVkhAHUyi88pdGjfmCH662a1SGNtZrttAmg31qYKMT4U6nWDip73oUeHpnuEbFcm35gfUnXcBkLEWpqL47da,transfer,78Bo7xxGWBEvqbh3VMKvkFG4Z63cXKSJ2LCEXAanhN7a,GpMZbSM2GgvTKHJirzeGfMFoaZ8UR2X7F4v8vHTvxFbL,H4dF1Hr9YcAqNEUsfGVnxa9qL3dbgJ5fa6PaffqtR7UD,GJrjTyjw8vEL4FUVVnKmfvYKZamyjNgwxxprciNkQ9AE,81013353277,810.13353277,1
5bf52ffc0a0f7be7616e8e16ac69957e,2026-10-08,2026-10-08 17:44:47.000 UTC,454615232,4ww9XtMLFTv526eHgGttJfrhudCgBdZSdsg3LcyTP3bxa7HerxvqWGaWaviasXQaViaWh23okrwbecaDyGwD2KhD,transfer,78Bo7xxGWBEvqbh3VMKvkFG4Z63cXKSJ2LCEXAanhN7a,GpMZbSM2GgvTKHJirzeGfMFoaZ8UR2X7F4v8vHTvxFbL,H4dF1Hr9YcAqNEUsfGVnxa9qL3dbgJ5fa6PaffqtR7UD,GJrjTyjw8vEL4FUVVnKmfvYKZamyjNgwxxprciNkQ9AE,84861522767,848.61522767,1
ca3d2810dc1ce03cc53430d263ce8d63,2026-10-08,2026-10-08 17:44:47.000 UTC,454615232,4ww9XtMLFTv526eHgGttJfrhudCgBdZSdsg3LcyTP3bxa7HerxvqWGaWaviasXQaViaWh23okrwbecaDyGwD2KhD,transfer,J3cdRYTeQAnZUhYRcVpk9abqEuRWTrtxb5fUbgh2aADn,78Bo7xxGWBEvqbh3VMKvkFG4Z63cXKSJ2LCEXAanhN7a,7r4TcfVhcYuuh3of8S8igoV7AeyNfwcnRhAaA8FfvSgP,H4dF1Hr9YcAqNEUsfGVnxa9qL3dbgJ5fa6PaffqtR7UD,84861522767,848.61522767,1
12bcd2603afe04390a7ffda8e83f5be6,2026-10-08,2026-10-08 17:46:52.000 UTC,454615701,5WnX28K2PRksZ6zpYEjnYSo8uwhXWZ6g2s8LdAkPHRx7p9uJarvYPef9XGWo3t3Jy2MfmNQ2erFXJo65c835erRh,transfer,J3cdRYTeQAnZUhYRcVpk9abqEuRWTrtxb5fUbgh2aADn,78Bo7xxGWBEvqbh3VMKvkFG4Z63cXKSJ2LCEXAanhN7a,7r4TcfVhcYuuh3of8S8igoV7AeyNfwcnRhAaA8FfvSgP,H4dF1Hr9YcAqNEUsfGVnxa9qL3dbgJ5fa6PaffqtR7UD,64049041106,640.49041106,1
3dd6e2f9599d0b5f9a90eba0b12dcf2f,2026-10-08,2026-10-08 17:46:52.000 UTC,454615701,5WnX28K2PRksZ6zpYEjnYSo8uwhXWZ6g2s8LdAkPHRx7p9uJarvYPef9XGWo3t3Jy2MfmNQ2erFXJo65c835erRh,transfer,78Bo7xxGWBEvqbh3VMKvkFG4Z63cXKSJ2LCEXAanhN7a,GpMZbSM2GgvTKHJirzeGfMFoaZ8UR2X7F4v8vHTvxFbL,H4dF1Hr9YcAqNEUsfGVnxa9qL3dbgJ5fa6PaffqtR7UD,GJrjTyjw8vEL4FUVVnKmfvYKZamyjNgwxxprciNkQ9AE,64049041106,640.49041106,1
72e9f055b824a83249bbf571481f9f52,2026-10-08,2026-10-08 17:49:14.000 UTC,454616224,3BJu7H5BrmTgBS5C9dGBx6nenLbjZAyqcqQpzQTxQABguGJ5AX8zhQxrqTmYNVxAaTYUesEgLa94A5RyzWpw1bpR,transfer,81RwTUf7ZvM5GpeG5q5aGemnxPQLzKAXEF6qPDzNQKDn,GpMZbSM2GgvTKHJirzeGfMFoaZ8UR2X7F4v8vHTvxFbL,95BGpzYf6m74RDhE6Y7pSVFPiBKuUvQhoDtf41nZUHcb,GJrjTyjw8vEL4FUVVnKmfvYKZamyjNgwxxprciNkQ9AE,127325234614,1273.25234614,1
4ce1bd9a6b10c106c452f047b4e0e1b5,2026-10-08,2026-10-08 17:49:14.000 UTC,454616224,3BJu7H5BrmTgBS5C9dGBx6nenLbjZAyqcqQpzQTxQABguGJ5AX8zhQxrqTmYNVxAaTYUesEgLa94A5RyzWpw1bpR,transfer,J3cdRYTeQAnZUhYRcVpk9abqEuRWTrtxb5fUbgh2aADn,81RwTUf7ZvM5GpeG5q5aGemnxPQLzKAXEF6qPDzNQKDn,7r4TcfVhcYuuh3of8S8igoV7AeyNfwcnRhAaA8FfvSgP,95BGpzYf6m74RDhE6Y7pSVFPiBKuUvQhoDtf41nZUHcb,127325234614,1273.25234614,1
841c9a0f9676c5c3c7645e1e09521a05,2026-10-08,2026-10-08 17:57:58.000 UTC,454618167,3cAVN9fMJePHfiDU99uvCo41pWRccvU8uYu2upYoM5bv1uwTk9sNPriQybPcFaRBvhirXthhdWT8FpHiQ2hMxo9p,transfer,J3cdRYTeQAnZUhYRcVpk9abqEuRWTrtxb5fUbgh2aADn,78Bo7xxGWBEvqbh3VMKvkFG4Z63cXKSJ2LCEXAanhN7a,7r4TcfVhcYuuh3of8S8igoV7AeyNfwcnRhAaA8FfvSgP,H4dF1Hr9YcAqNEUsfGVnxa9qL3dbgJ5fa6PaffqtR7UD,57424142277,574.24142277,1
bb7a4dedd52e20e21ad6d1a4de17de74,2026-10-08,2026-10-08 17:57:58.000 UTC,454618167,3cAVN9fMJePHfiDU99uvCo41pWRccvU8uYu2upYoM5bv1uwTk9sNPriQybPcFaRBvhirXthhdWT8FpHiQ2hMxo9p,transfer,78Bo7xxGWBEvqbh3VMKvkFG4Z63cXKSJ2LCEXAanhN7a,GpMZbSM2GgvTKHJirzeGfMFoaZ8UR2X7F4v8vHTvxFbL,H4dF1Hr9YcAqNEUsfGVnxa9qL3dbgJ5fa6PaffqtR7UD,GJrjTyjw8vEL4FUVVnKmfvYKZamyjNgwxxprciNkQ9AE,57424142277,574.24142277,1
834b717396280b61ae89cd48be808f6e,2026-10-08,2026-10-08 18:20:56.000 UTC,454623272,ZCsXWpiANymtVqkUwSmLZLPWqfHiVpCVnjm3RSawnDEMVAdi1eChhH1jsapuaWCcCPZjX67aQqMXNjwjRcxQgtR,transfer,J3cdRYTeQAnZUhYRcVpk9abqEuRWTrtxb5fUbgh2aADn,78Bo7xxGWBEvqbh3VMKvkFG4Z63cXKSJ2LCEXAanhN7a,7r4TcfVhcYuuh3of8S8igoV7AeyNfwcnRhAaA8FfvSgP,H4dF1Hr9YcAqNEUsfGVnxa9qL3dbgJ5fa6PaffqtR7UD,67497997606,674.97997606,1
2f7b6b3af2c88aa6abb328b54743ddba,2026-10-08,2026-10-08 18:20:56.000 UTC,454623272,ZCsXWpiANymtVqkUwSmLZLPWqfHiVpCVnjm3RSawnDEMVAdi1eChhH1jsapuaWCcCPZjX67aQqMXNjwjRcxQgtR,transfer,78Bo7xxGWBEvqbh3VMKvkFG4Z63cXKSJ2LCEXAanhN7a,GpMZbSM2GgvTKHJirzeGfMFoaZ8UR2X7F4v8vHTvxFbL,H4dF1Hr9YcAqNEUsfGVnxa9qL3dbgJ5fa6PaffqtR7UD,GJrjTyjw8vEL4FUVVnKmfvYKZamyjNgwxxprciNkQ9AE,67497997606,674.97997606,1
9b53fa327f46a1d3b25177338346491f,2026-10-08,2026-10-08 18:21:20.000 UTC,454623362,39LiFqHnpcjNKx7qE2U9Ut9Pf3Zih3vzhoij3qVky9Ho2AJ48xGZC2xn4v9eTmMUUG98XcKHaRLwvidh1FdSmocy,transfer,78Bo7xxGWBEvqbh3VMKvkFG4Z63cXKSJ2LCEXAanhN7a,GpMZbSM2GgvTKHJirzeGfMFoaZ8UR2X7F4v8vHTvxFbL,H4dF1Hr9YcAqNEUsfGVnxa9qL3dbgJ5fa6PaffqtR7UD,GJrjTyjw8vEL4FUVVnKmfvYKZamyjNgwxxprciNkQ9AE,93430359602,934.30359602,1
26c49e0d4e47d791d72e67dae97ac4a4,2026-10-08,2026-10-08 18:21:20.000 UTC,454623362,39LiFqHnpcjNKx7qE2U9Ut9Pf3Zih3vzhoij3qVky9Ho2AJ48xGZC2xn4v9eTmMUUG98XcKHaRLwvidh1FdSmocy,transfer,J3cdRYTeQAnZUhYRcVpk9abqEuRWTrtxb5fUbgh2aADn,78Bo7xxGWBEvqbh3VMKvkFG4Z63cXKSJ2LCEXAanhN7a,7r4TcfVhcYuuh3of8S8igoV7AeyNfwcnRhAaA8FfvSgP,H4dF1Hr9YcAqNEUsfGVnxa9qL3dbgJ5fa6PaffqtR7UD,93430359602,934.30359602,1
c7217367de4c60d220b80ddec9db0e5e,2026-10-08,2026-10-08 18:21:38.000 UTC,454623432,3j8ZsgXtGp2uNp6NBi3BE9eDSABfLJEmuhxbThePivKSj3EJFCsePZeWcgYuQgqCELJ28NVsbsTBuQUXmfUQZDGV,transfer,78Bo7xxGWBEvqbh3VMKvkFG4Z63cXKSJ2LCEXAanhN7a,GpMZbSM2GgvTKHJirzeGfMFoaZ8UR2X7F4v8vHTvxFbL,H4dF1Hr9YcAqNEUsfGVnxa9qL3dbgJ5fa6PaffqtR7UD,GJrjTyjw8vEL4FUVVnKmfvYKZamyjNgwxxprciNkQ9AE,114700610545,1147.00610545,1
ba85af2beeda1c38bcf756160faaf105,2026-10-08,2026-10-08 18:21:38.000 UTC,454623432,3j8ZsgXtGp2uNp6NBi3BE9eDSABfLJEmuhxbThePivKSj3EJFCsePZeWcgYuQgqCELJ28NVsbsTBuQUXmfUQZDGV,transfer,J3cdRYTeQAnZUhYRcVpk9abqEuRWTrtxb5fUbgh2aADn,78Bo7xxGWBEvqbh3VMKvkFG4Z63cXKSJ2LCEXAanhN7a,7r4TcfVhcYuuh3of8S8igoV7AeyNfwcnRhAaA8FfvSgP,H4dF1Hr9YcAqNEUsfGVnxa9qL3dbgJ5fa6PaffqtR7UD,114700610545,1147.00610545,1
71dc84bc5c40e3ebe0613da1887883ab,2026-10-08,2026-10-08 18:22:43.000 UTC,454623675,433iy9QvbccCRqpoHiMjTi34bzzBbJckpaLcxQnXMPzgSjDLseqb73RJSK1muCV9hvXuWFsk3QiGhUpGwD9fjVEr,transfer,J3cdRYTeQAnZUhYRcVpk9abqEuRWTrtxb5fUbgh2aADn,78Bo7xxGWBEvqbh3VMKvkFG4Z63cXKSJ2LCEXAanhN7a,7r4TcfVhcYuuh3of8S8igoV7AeyNfwcnRhAaA8FfvSgP,H4dF1Hr9YcAqNEUsfGVnxa9qL3dbgJ5fa6PaffqtR7UD,89999800262,899.99800262,1
240355f2c1ba407b72a3b25ffeb4cb15,2026-10-08,2026-10-08 18:22:43.000 UTC,454623675,433iy9QvbccCRqpoHiMjTi34bzzBbJckpaLcxQnXMPzgSjDLseqb73RJSK1muCV9hvXuWFsk3QiGhUpGwD9fjVEr,transfer,78Bo7xxGWBEvqbh3VMKvkFG4Z63cXKSJ2LCEXAanhN7a,GpMZbSM2GgvTKHJirzeGfMFoaZ8UR2X7F4v8vHTvxFbL,H4dF1Hr9YcAqNEUsfGVnxa9qL3dbgJ5fa6PaffqtR7UD,GJrjTyjw8vEL4FUVVnKmfvYKZamyjNgwxxprciNkQ9AE,89999800262,899.99800262,1
4a855f06dd13c3df9645f1df32af2e25,2026-10-08,2026-10-08 18:23:33.000 UTC,454623858,2xAS3kCefrEzPjWrUhLM7842zzfB6qi6kBGH69Z5tmz2C2woZf48h7obk6wkLHMaBU1z4X7ME6ejrkvVg3F7fTnX,transfer,J3cdRYTeQAnZUhYRcVpk9abqEuRWTrtxb5fUbgh2aADn,78Bo7xxGWBEvqbh3VMKvkFG4Z63cXKSJ2LCEXAanhN7a,7r4TcfVhcYuuh3of8S8igoV7AeyNfwcnRhAaA8FfvSgP,H4dF1Hr9YcAqNEUsfGVnxa9qL3dbgJ5fa6PaffqtR7UD,67869985353,678.69985353,1
6b5359146328c018b3e5a74028a91b26,2026-10-08,2026-10-08 18:23:33.000 UTC,454623858,2xAS3kCefrEzPjWrUhLM7842zzfB6qi6kBGH69Z5tmz2C2woZf48h7obk6wkLHMaBU1z4X7ME6ejrkvVg3F7fTnX,transfer,78Bo7xxGWBEvqbh3VMKvkFG4Z63cXKSJ2LCEXAanhN7a,GpMZbSM2GgvTKHJirzeGfMFoaZ8UR2X7F4v8vHTvxFbL,H4dF1Hr9YcAqNEUsfGVnxa9qL3dbgJ5fa6PaffqtR7UD,GJrjTyjw8vEL4FUVVnKmfvYKZamyjNgwxxprciNkQ9AE,67869985353,678.69985353,1
21edccfb550d825be81e8b4bac60850f,2026-10-08,2026-10-08 18:37:16.000 UTC,454626876,51ucp1nhxtXzKb3ZitCpQ85E87xH76GwjbH2o5Bmkg4dqE9BCUHuZN3cq5AWAaxfcxWiTrp7kXfpNwDdnMqnKQWY,transfer,78Bo7xxGWBEvqbh3VMKvkFG4Z63cXKSJ2LCEXAanhN7a,GpMZbSM2GgvTKHJirzeGfMFoaZ8UR2X7F4v8vHTvxFbL,H4dF1Hr9YcAqNEUsfGVnxa9qL3dbgJ5fa6PaffqtR7UD,GJrjTyjw8vEL4FUVVnKmfvYKZamyjNgwxxprciNkQ9AE,74262500385,742.62500385,1
ba74c252e93029cdf0285fd88b3ef8ca,2026-10-08,2026-10-08 18:37:16.000 UTC,454626876,51ucp1nhxtXzKb3ZitCpQ85E87xH76GwjbH2o5Bmkg4dqE9BCUHuZN3cq5AWAaxfcxWiTrp7kXfpNwDdnMqnKQWY,transfer,J3cdRYTeQAnZUhYRcVpk9abqEuRWTrtxb5fUbgh2aADn,78Bo7xxGWBEvqbh3VMKvkFG4Z63cXKSJ2LCEXAanhN7a,7r4TcfVhcYuuh3of8S8igoV7AeyNfwcnRhAaA8FfvSgP,H4dF1Hr9YcAqNEUsfGVnxa9qL3dbgJ5fa6PaffqtR7UD,74262500385,742.62500385,1
55a18433bf49d1edb97a8bf404a054c5,2026-10-08,2026-10-08 19:16:02.000 UTC,454635385,2HvTF9P41RpBA3szLWU7g7wLbaiC4H8QcGxXLcc5CzdBZCXGh5c1V3Hafa1TS6f75gWq41HrSoSv4UN7CwB1fEmG,transfer,D5YqVMoSxnqeZAKAUUE1Dm3bmjtdxQ5DCF356ozqN9cM,2Q8tAc9nrQca3tE9KqhnVc9DiBsDPQyqY24rnbRVYv8E,2KJkRj5rk5ft92WTTT5NYQThgX6SHStiqsyffyhjDWb4,9UK3o1FSN5avmpNmuxkdJWT16YPRjNZ7WvYW3fCcjaw4,1507794236,15.07794236,1
fb4a6b91a85a35e5afe2b28201aaf304,2026-10-08,2026-10-08 19:16:02.000 UTC,454635385,2HvTF9P41RpBA3szLWU7g7wLbaiC4H8QcGxXLcc5CzdBZCXGh5c1V3Hafa1TS6f75gWq41HrSoSv4UN7CwB1fEmG,transfer,GpMZbSM2GgvTKHJirzeGfMFoaZ8UR2X7F4v8vHTvxFbL,D5YqVMoSxnqeZAKAUUE1Dm3bmjtdxQ5DCF356ozqN9cM,35hKKpdPTy495wFTybw5wajHp4ZNSyQA5KZXd7cN9hB7,2KJkRj5rk5ft92WTTT5NYQThgX6SHStiqsyffyhjDWb4,1507794236,15.07794236,1
88268a3b7fda79ea5f9087958bc840a2,2026-10-08,2026-10-08 19:41:00.000 UTC,454640950,5CWUe8pk9Zwou4rZDTTE2HqBqDRPNuugmKANDaiPSNRepy41RLCAWR7mp8RZJ1EMacCFgNTCqSWKtzN1D3pcw1j9,transfer,9nnLbotNTcUhvbrsA6Mdkx45Sm82G35zo28AqUvjExn8,5QsyByFVJcg7oN76Ma26KEDFQdHt1tsiVExK94zURzfd,3CMwuMtw9u3VuFyGFJWCaF43wbRkrP1iGtE5FrWKxNQw,8joUsyKkRQzxUWHwuXjLAnnxdR8q4yy6VicKt2mJFCPC,10429831136887,104298.31136887,1
740338902baec62569f29bbb2cd2ccd4,2026-10-08,2026-10-08 19:41:00.000 UTC,454640950,5CWUe8pk9Zwou4rZDTTE2HqBqDRPNuugmKANDaiPSNRepy41RLCAWR7mp8RZJ1EMacCFgNTCqSWKtzN1D3pcw1j9,transfer,J3cdRYTeQAnZUhYRcVpk9abqEuRWTrtxb5fUbgh2aADn,9nnLbotNTcUhvbrsA6Mdkx45Sm82G35zo28AqUvjExn8,7r4TcfVhcYuuh3of8S8igoV7AeyNfwcnRhAaA8FfvSgP,3CMwuMtw9u3VuFyGFJWCaF43wbRkrP1iGtE5FrWKxNQw,10429831136887,104298.31136887,1
4448a3e22cadec9b071368ef71c59126,2026-10-08,2026-10-08 19:41:12.000 UTC,454640993,QVnH9uUsybX426dbWNYxY17mfWoTiqbTYhYyiHG7MMXSANop1pMtd6Qaa3KL71t8WHsYZzjuHiTdLfhgawUaQo6,burn,5QsyByFVJcg7oN76Ma26KEDFQdHt1tsiVExK94zURzfd,,8joUsyKkRQzxUWHwuXjLAnnxdR8q4yy6VicKt2mJFCPC,,22994035070501,229940.35070501,1
05c7452050539f040bb8d6480bacc94a,2026-10-08,2026-10-08 19:41:30.000 UTC,454641061,5nvfo8kFuak2q6pQuLgpR2atLh17j3GQV8ppzDaPx9WqmaBm4uzcaFKBLP4piiubHE3Qei1nmivs8kjQVzLhbjKU,transfer,GpMZbSM2GgvTKHJirzeGfMFoaZ8UR2X7F4v8vHTvxFbL,81RwTUf7ZvM5GpeG5q5aGemnxPQLzKAXEF6qPDzNQKDn,35hKKpdPTy495wFTybw5wajHp4ZNSyQA5KZXd7cN9hB7,95BGpzYf6m74RDhE6Y7pSVFPiBKuUvQhoDtf41nZUHcb,757160831071,7571.60831071,1
962a69f93e8f997a09ac3854cb019e40,2026-10-08,2026-10-08 19:41:30.000 UTC,454641061,5nvfo8kFuak2q6pQuLgpR2atLh17j3GQV8ppzDaPx9WqmaBm4uzcaFKBLP4piiubHE3Qei1nmivs8kjQVzLhbjKU,transfer,81RwTUf7ZvM5GpeG5q5aGemnxPQLzKAXEF6qPDzNQKDn,J3cdRYTeQAnZUhYRcVpk9abqEuRWTrtxb5fUbgh2aADn,95BGpzYf6m74RDhE6Y7pSVFPiBKuUvQhoDtf41nZUHcb,7r4TcfVhcYuuh3of8S8igoV7AeyNfwcnRhAaA8FfvSgP,757160831071,7571.60831071,1
a2946b804d26aaca83398fe052244593,2026-10-08,2026-10-08 19:42:00.000 UTC,454641175,4T6atPXutpQ86CqJCduE2jjxTg2wY22rrKWyUHLMoeRREQuu8JSQgU2btH6JcxC99qZ2Bqk2nPSXHSrQMYVk7wRZ,transfer,8L2y55D11k63CAftvW7uMM2mBhtMxLoLnivG9uY2bt8j,J3cdRYTeQAnZUhYRcVpk9abqEuRWTrtxb5fUbgh2aADn,HMM7irT5srZyM5LaAekNzEkQLQFkniNZdBxAvVvfBDxX,7r4TcfVhcYuuh3of8S8igoV7AeyNfwcnRhAaA8FfvSgP,289026931767,2890.26931767,1
af77de94aed755027d9fb5b4ce23f778,2026-10-08,2026-10-08 19:42:00.000 UTC,454641175,4T6atPXutpQ86CqJCduE2jjxTg2wY22rrKWyUHLMoeRREQuu8JSQgU2btH6JcxC99qZ2Bqk2nPSXHSrQMYVk7wRZ,transfer,GpMZbSM2GgvTKHJirzeGfMFoaZ8UR2X7F4v8vHTvxFbL,8L2y55D11k63CAftvW7uMM2mBhtMxLoLnivG9uY2bt8j,35hKKpdPTy495wFTybw5wajHp4ZNSyQA5KZXd7cN9hB7,HMM7irT5srZyM5LaAekNzEkQLQFkniNZdBxAvVvfBDxX,289026931767,2890.26931767,1
49cd1f40ec8fa6f60e295001f29c2bbc,2026-10-08,2026-10-08 19:52:00.000 UTC,454643456,2peXUdpprQLodDkDfEQcnsCwJ98kQnfU9yiBH8rFRb3yK2Xiknhyg7DH8CUJnbDd5dFbiHxmTA7c5WYJPc9UF9FY,transfer,GpMZbSM2GgvTKHJirzeGfMFoaZ8UR2X7F4v8vHTvxFbL,ESuvjvsQtjuxC4XGsDeMhx8Wp5yjQcCFGncGhupcJbg8,35hKKpdPTy495wFTybw5wajHp4ZNSyQA5KZXd7cN9hB7,Ca7ReVakXwC2k3zznXsiiSY1PkKDW8Nk3Rh986zKmWzb,96477780814,964.77780814,1
f2002e4906df4d7966e1dc92db0a78c6,2026-10-08,2026-10-08 19:52:00.000 UTC,454643456,2peXUdpprQLodDkDfEQcnsCwJ98kQnfU9yiBH8rFRb3yK2Xiknhyg7DH8CUJnbDd5dFbiHxmTA7c5WYJPc9UF9FY,transfer,ESuvjvsQtjuxC4XGsDeMhx8Wp5yjQcCFGncGhupcJbg8,J3cdRYTeQAnZUhYRcVpk9abqEuRWTrtxb5fUbgh2aADn,Ca7ReVakXwC2k3zznXsiiSY1PkKDW8Nk3Rh986zKmWzb,7r4TcfVhcYuuh3of8S8igoV7AeyNfwcnRhAaA8FfvSgP,96477780814,964.77780814,1
332716ed1554a74d451fced4028c8cdc,2026-10-08,2026-10-08 19:54:14.000 UTC,454643961,2GQX4ACbcfM6JBn2X7r6npau7DGW9XzSotcrWmZw1Y7qmVXYFNsx9GuxmPrKx8qxPdnnhbX6Gftvv6W5GQhymQ6G,transfer,CapuXNQoDviLvU1PxFiizLgPNQCxrsag1uMeyk6zLVps,5QsyByFVJcg7oN76Ma26KEDFQdHt1tsiVExK94zURzfd,H76YwwgbJnWUonJBggZvHDJHs5uMoWxBUuQ7FFZkP87n,8joUsyKkRQzxUWHwuXjLAnnxdR8q4yy6VicKt2mJFCPC,1732027042575,17320.27042575,1
ba0e34c966869737874e28b502af27e5,2026-10-08,2026-10-08 19:54:14.000 UTC,454643961,2GQX4ACbcfM6JBn2X7r6npau7DGW9XzSotcrWmZw1Y7qmVXYFNsx9GuxmPrKx8qxPdnnhbX6Gftvv6W5GQhymQ6G,transfer,J3cdRYTeQAnZUhYRcVpk9abqEuRWTrtxb5fUbgh2aADn,CapuXNQoDviLvU1PxFiizLgPNQCxrsag1uMeyk6zLVps,7r4TcfVhcYuuh3of8S8igoV7AeyNfwcnRhAaA8FfvSgP,H76YwwgbJnWUonJBggZvHDJHs5uMoWxBUuQ7FFZkP87n,1732027042575,17320.27042575,1
962fdd25bbf0193691f0dbda09ec44b0,2026-10-08,2026-10-08 19:54:15.000 UTC,454643962,2JyyikWT3WZs4yZKYJkhxwQBLJLZH6Jye4XvFSsgTRJoX42oH6LsvvpYxh2LzEdLyJoagVoRvMcipZbq2UCQ4A4H,transfer,GpMZbSM2GgvTKHJirzeGfMFoaZ8UR2X7F4v8vHTvxFbL,rLsi2DPwRLovHzLV5XYxa8B597bv8w8nX7fZHJJf8uy,35hKKpdPTy495wFTybw5wajHp4ZNSyQA5KZXd7cN9hB7,7aRvovEqbNpaqmf9UkxtUn4ohA7dZ6B9wVT1AnnSqKdR,197841199886,1978.41199886,1
f31b67662ba4c1d216469654c01eb066,2026-10-08,2026-10-08 19:54:15.000 UTC,454643962,2JyyikWT3WZs4yZKYJkhxwQBLJLZH6Jye4XvFSsgTRJoX42oH6LsvvpYxh2LzEdLyJoagVoRvMcipZbq2UCQ4A4H,transfer,rLsi2DPwRLovHzLV5XYxa8B597bv8w8nX7fZHJJf8uy,J3cdRYTeQAnZUhYRcVpk9abqEuRWTrtxb5fUbgh2aADn,7aRvovEqbNpaqmf9UkxtUn4ohA7dZ6B9wVT1AnnSqKdR,7r4TcfVhcYuuh3of8S8igoV7AeyNfwcnRhAaA8FfvSgP,197841199886,1978.41199886,1
da90fb3270420b3092715fa76b6541b9,2026-10-08,2026-10-08 21:22:55.000 UTC,454663671,XmPAW7cw348stdhUxLQJaf6qcvUTjBdZgb6VVxUxGUhBp24wMYEuZYC7zNadmFZSooWdBv49ys813P4e7vfh6Gv,transfer,5SGkBJ2jMzc4X1BcfdZkuKAyiQaECzHDrfxTBXGEKpic,6hXwayGHDbKMmicoJtwGb6wA9isLQ5Mp6bUThz1JAPJB,CeNJ4tWMLKN3HYkgKZuAtQZtM96LUvYV7ScDtRJvWUkm,EY3JPJMiVDKBVDVkpsFR5oKbR4s8ZVSkqVSpdz5CZy9P,489890000,4.8989,1
cda1ded2339369eda85c8840f70bbeb4,2026-10-08,2026-10-08 21:26:44.000 UTC,454664523,5sQ1bMsaroBYjRsa3G2t9q1LtuZTJD9662szYCJ4MGuWfsDQYYgTGjgUaiEPyzuLVuWBqsex76owFcAVJ9Qpfav,transfer,5SGkBJ2jMzc4X1BcfdZkuKAyiQaECzHDrfxTBXGEKpic,4kkBXgjtV7vbk1iSFfpv5f7dVapimRBpRueJBycV3kga,CeNJ4tWMLKN3HYkgKZuAtQZtM96LUvYV7ScDtRJvWUkm,BbTjee7LuUE4AfmVHSXrCmUSZjoDpKDj19C8BGbR7Cf5,29781972500,297.819725,1
fe9f6ca5de71ed4f313b1d3aa85e52a5,2026-10-08,2026-10-08 21:28:20.000 UTC,454664880,5s2EqXH6AzRyEQXtcdab4VNLA95hew8h54PyebYLnd5darkkPz9VNm659FY8zjvBUf1juJ5UTfjWG7FNFFencMdc,transfer,5SGkBJ2jMzc4X1BcfdZkuKAyiQaECzHDrfxTBXGEKpic,E4v5YdKDMAGHvk1vZaLdme58qqSvj4EnhehhNyc83rep,CeNJ4tWMLKN3HYkgKZuAtQZtM96LUvYV7ScDtRJvWUkm,8EH72yqe5t6Habqcyof4cyD1JY1mHuV4jftdedqvvu9r,1539781566000,15397.81566,1
eb262e5cd1d0ecf378a723ab11a4e038,2026-10-08,2026-10-08 21:29:35.000 UTC,454665152,5ENeR1NDtcfxFwXdehECHg4vjbFVVTWoJsptR8qSJ7HFzA1KiA6ZH9P1NvkZ35rXPbcsseMgzhufkU43MFzWmkF7,transfer,5SGkBJ2jMzc4X1BcfdZkuKAyiQaECzHDrfxTBXGEKpic,6JdUWVmsw6F1MGWP1xc8h61HsLmRZbfEyvS19qb5fYCy,CeNJ4tWMLKN3HYkgKZuAtQZtM96LUvYV7ScDtRJvWUkm,3X7pLhg6GuucPHnUNGSAfFGCpyWXicKBTdkzeNL8Zuxj,244945000,2.44945,1
82240f36367ded268fda5c17bf06a54a,2026-10-08,2026-10-08 22:01:58.000 UTC,454672402,4wWkF7oLBwN1FQWh4E4xgafPyuYVdzzQgCCn3KErRcp9XVvhr9c9B4bCV6ypDKqjyEZSid86cFCK9SS4h3b7oMbp,transfer,GpMZbSM2GgvTKHJirzeGfMFoaZ8UR2X7F4v8vHTvxFbL,ARu4n5mFdZogZAravu7CcizaojWnS6oqka37gdLT5SZn,35hKKpdPTy495wFTybw5wajHp4ZNSyQA5KZXd7cN9hB7,3CCaDwLVKs3WBE6bFG58Q9qaHmGfRrjUvEnEcuiCbY87,226995168886,2269.95168886,1
4100fce0169c9b0f060cd145bec83ff0,2026-10-08,2026-10-08 22:01:58.000 UTC,454672402,4wWkF7oLBwN1FQWh4E4xgafPyuYVdzzQgCCn3KErRcp9XVvhr9c9B4bCV6ypDKqjyEZSid86cFCK9SS4h3b7oMbp,transfer,ARu4n5mFdZogZAravu7CcizaojWnS6oqka37gdLT5SZn,7xf8J6BFgYywvmwpHZyZmPLDMmEMN31Yangx3yUSPy17,3CCaDwLVKs3WBE6bFG58Q9qaHmGfRrjUvEnEcuiCbY87,9L3Fw6Da2wBJNFkUkCp88Y2j48Znt317BNdMAgiqufNd,226995168886,2269.95168886,1
9d142229029bb56b5df1be4b12cf989b,2026-10-08,2026-10-08 22:59:56.000 UTC,454685351,33T3Bf1kvAc7koMDAHsf2iXsouHqnFZLSbkHePka8BR911WWStiSRhAd4Ut3HKD2ty4pZsRKVjYJd3ogC5caPEZT,transfer,AxQoWvHTPjKRwTThtqURAiBSzF2oDCgU9nnDHptSQbcU,DSN3j1ykL3obAVNv7ZX49VsFCPe4LqzxHnmtLiPwY6xg,BUxYDKAiV2PCZMKYZ964s6THqxNYzvBjBtowCq8b8rRe,ri6K2NSz7cFcgw3pvgobUt7pmWXLY9raZxVL3uXuG4K,990000000000,9900,1
262cebc1ace9abb65e77239121974864,2026-10-08,2026-10-08 22:59:56.000 UTC,454685351,33T3Bf1kvAc7koMDAHsf2iXsouHqnFZLSbkHePka8BR911WWStiSRhAd4Ut3HKD2ty4pZsRKVjYJd3ogC5caPEZT,transfer,DSN3j1ykL3obAVNv7ZX49VsFCPe4LqzxHnmtLiPwY6xg,J3cdRYTeQAnZUhYRcVpk9abqEuRWTrtxb5fUbgh2aADn,ri6K2NSz7cFcgw3pvgobUt7pmWXLY9raZxVL3uXuG4K,7r4TcfVhcYuuh3of8S8igoV7AeyNfwcnRhAaA8FfvSgP,990000000000,9900,1
b9057df5a71df6297a6142c46023d6f2,2026-10-09,2026-10-09 01:02:02.000 UTC,454712595,zDQw4VLMT6mA6aEUXHWU9JpQ65EpPysNkaNGF46zSJPpYP9Q89dBkhTKhq2YBaWb6FjnJ14rjXnZj1rjJDhdzrF,transfer,J3cdRYTeQAnZUhYRcVpk9abqEuRWTrtxb5fUbgh2aADn,78Bo7xxGWBEvqbh3VMKvkFG4Z63cXKSJ2LCEXAanhN7a,7r4TcfVhcYuuh3of8S8igoV7AeyNfwcnRhAaA8FfvSgP,H4dF1Hr9YcAqNEUsfGVnxa9qL3dbgJ5fa6PaffqtR7UD,104776777798,1047.76777798,1
81fa35166527c999688ff3e30d51a50e,2026-10-09,2026-10-09 01:02:02.000 UTC,454712595,zDQw4VLMT6mA6aEUXHWU9JpQ65EpPysNkaNGF46zSJPpYP9Q89dBkhTKhq2YBaWb6FjnJ14rjXnZj1rjJDhdzrF,transfer,78Bo7xxGWBEvqbh3VMKvkFG4Z63cXKSJ2LCEXAanhN7a,GpMZbSM2GgvTKHJirzeGfMFoaZ8UR2X7F4v8vHTvxFbL,H4dF1Hr9YcAqNEUsfGVnxa9qL3dbgJ5fa6PaffqtR7UD,GJrjTyjw8vEL4FUVVnKmfvYKZamyjNgwxxprciNkQ9AE,104776777798,1047.76777798,1
7be3d64da1da72f9e4de1ece4be01f48,2026-10-09,2026-10-09 01:04:09.000 UTC,454713068,LcPfHPGZQgbV9KiXb4djbWFeVZ79tVrys8n7G8kR72kdhASLfPWMphDbKT4tfRfcSUwYDfhDm9yVMi2ZayBR9QH,transfer,sARBwKiFfvhocToxcGUUbNXbW1vJXojCwYHbzFAv8UX,GpMZbSM2GgvTKHJirzeGfMFoaZ8UR2X7F4v8vHTvxFbL,3Sc6fsnh6VU667scfFhFqNGckp8HXdnvSRscN7MPLPMJ,GJrjTyjw8vEL4FUVVnKmfvYKZamyjNgwxxprciNkQ9AE,131088458528,1310.88458528,1
99eac625fae960bfec393cf5b1f7553d,2026-10-09,2026-10-09 01:04:09.000 UTC,454713068,LcPfHPGZQgbV9KiXb4djbWFeVZ79tVrys8n7G8kR72kdhASLfPWMphDbKT4tfRfcSUwYDfhDm9yVMi2ZayBR9QH,transfer,J3cdRYTeQAnZUhYRcVpk9abqEuRWTrtxb5fUbgh2aADn,sARBwKiFfvhocToxcGUUbNXbW1vJXojCwYHbzFAv8UX,7r4TcfVhcYuuh3of8S8igoV7AeyNfwcnRhAaA8FfvSgP,3Sc6fsnh6VU667scfFhFqNGckp8HXdnvSRscN7MPLPMJ,131088458528,1310.88458528,1
83961e8f9da04c77e5ff419f9e0d3888,2026-10-09,2026-10-09 01:09:31.000 UTC,454714273,3cqusWr6rkFMZMnzDPiaHu5sgi9mW1ZtbeRJsULEKy7NhYoHmsWtVh7eHmtmToXktwz3qM53BfN5gpyd58DABAG2,transfer,J3cdRYTeQAnZUhYRcVpk9abqEuRWTrtxb5fUbgh2aADn,78Bo7xxGWBEvqbh3VMKvkFG4Z63cXKSJ2LCEXAanhN7a,7r4TcfVhcYuuh3of8S8igoV7AeyNfwcnRhAaA8FfvSgP,H4dF1Hr9YcAqNEUsfGVnxa9qL3dbgJ5fa6PaffqtR7UD,116172774147,1161.72774147,1
66040f44795c7646d0f63f21fa399ddc,2026-10-09,2026-10-09 01:09:31.000 UTC,454714273,3cqusWr6rkFMZMnzDPiaHu5sgi9mW1ZtbeRJsULEKy7NhYoHmsWtVh7eHmtmToXktwz3qM53BfN5gpyd58DABAG2,transfer,78Bo7xxGWBEvqbh3VMKvkFG4Z63cXKSJ2LCEXAanhN7a,GpMZbSM2GgvTKHJirzeGfMFoaZ8UR2X7F4v8vHTvxFbL,H4dF1Hr9YcAqNEUsfGVnxa9qL3dbgJ5fa6PaffqtR7UD,GJrjTyjw8vEL4FUVVnKmfvYKZamyjNgwxxprciNkQ9AE,116172774147,1161.72774147,1
2987e864bbe91dc95c8767425d3eefa7,2026-10-09,2026-10-09 01:42:01.000 UTC,454721554,2ieJU1YibcZcD92ouqwRL3S6gSYR5R47caWm4GYkypUCdsZKvz5BJxtT9XqZ6hZMEKxRjqnpbX4RmXmgtxZnaeRq,transfer,HPwoXoKftjG9wB2FC52wcuYYX1Y4J8jcRZbAzi99urSZ,J3cdRYTeQAnZUhYRcVpk9abqEuRWTrtxb5fUbgh2aADn,AEuoCC1otnDY6NDevvx8p3ri8AoKVQ51FZWo81gTwd5J,7r4TcfVhcYuuh3of8S8igoV7AeyNfwcnRhAaA8FfvSgP,600909937218,6009.09937218,1
e2f76e4d5b736eff4ae7098223764a83,2026-10-09,2026-10-09 03:29:08.000 UTC,454745515,42nUyg7T78zbFTAFdsgwqwhAGko2j2KVEqXchAuSTt4YpPeVEysLSNCuUvBXrvpaCz7XUfEnS2dR8kpfxpXow1HS,transfer,78Bo7xxGWBEvqbh3VMKvkFG4Z63cXKSJ2LCEXAanhN7a,GpMZbSM2GgvTKHJirzeGfMFoaZ8UR2X7F4v8vHTvxFbL,H4dF1Hr9YcAqNEUsfGVnxa9qL3dbgJ5fa6PaffqtR7UD,GJrjTyjw8vEL4FUVVnKmfvYKZamyjNgwxxprciNkQ9AE,58231746296,582.31746296,1
eb2d3573a30544a055362e3eb707b720,2026-10-09,2026-10-09 03:29:08.000 UTC,454745515,42nUyg7T78zbFTAFdsgwqwhAGko2j2KVEqXchAuSTt4YpPeVEysLSNCuUvBXrvpaCz7XUfEnS2dR8kpfxpXow1HS,transfer,J3cdRYTeQAnZUhYRcVpk9abqEuRWTrtxb5fUbgh2aADn,78Bo7xxGWBEvqbh3VMKvkFG4Z63cXKSJ2LCEXAanhN7a,7r4TcfVhcYuuh3of8S8igoV7AeyNfwcnRhAaA8FfvSgP,H4dF1Hr9YcAqNEUsfGVnxa9qL3dbgJ5fa6PaffqtR7UD,58231746296,582.31746296,1
c127ae8bd7b911f73d3ea9cc74166091,2026-10-09,2026-10-09 03:42:06.000 UTC,454748451,2We6fKdyygFmhvy4GQymBYxpkWMDovmgzxxh8oyhvqBQZS3mYi2tBKG8ZSbyFM3SDEbf6jJ4asqMKvNqXVQRS35M,transfer,J3cdRYTeQAnZUhYRcVpk9abqEuRWTrtxb5fUbgh2aADn,78Bo7xxGWBEvqbh3VMKvkFG4Z63cXKSJ2LCEXAanhN7a,7r4TcfVhcYuuh3of8S8igoV7AeyNfwcnRhAaA8FfvSgP,H4dF1Hr9YcAqNEUsfGVnxa9qL3dbgJ5fa6PaffqtR7UD,95215001920,952.1500192,1
4e59edba48ca6f7f0461491e043a9793,2026-10-09,2026-10-09 03:42:06.000 UTC,454748451,2We6fKdyygFmhvy4GQymBYxpkWMDovmgzxxh8oyhvqBQZS3mYi2tBKG8ZSbyFM3SDEbf6jJ4asqMKvNqXVQRS35M,transfer,78Bo7xxGWBEvqbh3VMKvkFG4Z63cXKSJ2LCEXAanhN7a,GpMZbSM2GgvTKHJirzeGfMFoaZ8UR2X7F4v8vHTvxFbL,H4dF1Hr9YcAqNEUsfGVnxa9qL3dbgJ5fa6PaffqtR7UD,GJrjTyjw8vEL4FUVVnKmfvYKZamyjNgwxxprciNkQ9AE,95215001920,952.1500192,1
